path,size_bytes,asset_id,created,modified,download_url
sub-NYU-12/sub-NYU-12_ses-b182b754-3c3e-4942-8144-6ee790926b58_ecephys+image/sub-NYU-12_ses-b182b754-3c3e-4942-8144-6ee790926b58_VideoRightCamera.mp4,1668745947,9217026b-1002-44f3-a1ab-f3d4de98ff44,2025-12-07T20:35:42.203507Z,2026-03-09T13:24:11.036713Z,https://api.dandiarchive.org/api/assets/9217026b-1002-44f3-a1ab-f3d4de98ff44/download/
sub-NYU-11/sub-NYU-11_ses-6713a4a7-faed-4df2-acab-ee4e63326f8d_ecephys+image/sub-NYU-11_ses-6713a4a7-faed-4df2-acab-ee4e63326f8d_VideoRightCamera.mp4,2842691249,05abec11-9943-4d86-8f6f-301fd856ff93,2025-12-07T20:36:29.726493Z,2026-03-09T13:24:11.058611Z,https://api.dandiarchive.org/api/assets/05abec11-9943-4d86-8f6f-301fd856ff93/download/
sub-NYU-11/sub-NYU-11_ses-6713a4a7-faed-4df2-acab-ee4e63326f8d_ecephys+image/sub-NYU-11_ses-6713a4a7-faed-4df2-acab-ee4e63326f8d_VideoLeftCamera.mp4,7913950497,1d8229d5-e165-4157-9cd3-40c753a504c6,2025-12-07T20:37:57.724746Z,2026-03-09T13:24:11.077940Z,https://api.dandiarchive.org/api/assets/1d8229d5-e165-4157-9cd3-40c753a504c6/download/
sub-NYU-12/sub-NYU-12_ses-4364a246-f8d7-4ce7-ba23-a098104b96e4_ecephys+image/sub-NYU-12_ses-4364a246-f8d7-4ce7-ba23-a098104b96e4_VideoRightCamera.mp4,1729332149,e95f1fa2-a9cd-4cc9-912d-e490f6e5dfd1,2025-12-07T20:44:34.862370Z,2026-03-09T13:24:11.088496Z,https://api.dandiarchive.org/api/assets/e95f1fa2-a9cd-4cc9-912d-e490f6e5dfd1/download/
sub-NYU-12/sub-NYU-12_ses-4364a246-f8d7-4ce7-ba23-a098104b96e4_ecephys+image/sub-NYU-12_ses-4364a246-f8d7-4ce7-ba23-a098104b96e4_VideoLeftCamera.mp4,3316125891,f50f3e62-8539-4fd5-8e9f-3acba1960593,2025-12-07T20:44:59.409177Z,2026-03-09T13:24:11.099142Z,https://api.dandiarchive.org/api/assets/f50f3e62-8539-4fd5-8e9f-3acba1960593/download/
sub-NYU-11/sub-NYU-11_ses-56956777-dca5-468c-87cb-78150432cc57_ecephys+image/sub-NYU-11_ses-56956777-dca5-468c-87cb-78150432cc57_VideoRightCamera.mp4,2183780971,767b3f53-5e0a-4469-9bf3-80b9a751b5a3,2025-12-07T21:30:56.830392Z,2026-03-09T13:24:11.109598Z,https://api.dandiarchive.org/api/assets/767b3f53-5e0a-4469-9bf3-80b9a751b5a3/download/
sub-NYU-11/sub-NYU-11_ses-56956777-dca5-468c-87cb-78150432cc57_ecephys+image/sub-NYU-11_ses-56956777-dca5-468c-87cb-78150432cc57_VideoLeftCamera.mp4,5686153372,8a98cf92-035e-49c8-af57-05e6c71c96e9,2025-12-07T21:31:43.774407Z,2026-03-09T13:24:11.122077Z,https://api.dandiarchive.org/api/assets/8a98cf92-035e-49c8-af57-05e6c71c96e9/download/
sub-NYU-39/sub-NYU-39_ses-6ed57216-498d-48a6-b48b-a243a34710ea_ecephys+image/sub-NYU-39_ses-6ed57216-498d-48a6-b48b-a243a34710ea_VideoBodyCamera.mp4,700604839,a0a4eebd-d143-43c1-b795-a33be8769fbd,2025-12-09T10:10:32.313364Z,2026-03-09T13:24:11.132789Z,https://api.dandiarchive.org/api/assets/a0a4eebd-d143-43c1-b795-a33be8769fbd/download/
sub-NYU-39/sub-NYU-39_ses-6ed57216-498d-48a6-b48b-a243a34710ea_ecephys+image/sub-NYU-39_ses-6ed57216-498d-48a6-b48b-a243a34710ea_VideoRightCamera.mp4,4382309228,edd4f6f4-4d1c-47b0-a13f-4be77d0857b8,2025-12-09T10:11:48.259576Z,2026-03-09T13:24:11.142056Z,https://api.dandiarchive.org/api/assets/edd4f6f4-4d1c-47b0-a13f-4be77d0857b8/download/
sub-NYU-39/sub-NYU-39_ses-6ed57216-498d-48a6-b48b-a243a34710ea_ecephys+image/sub-NYU-39_ses-6ed57216-498d-48a6-b48b-a243a34710ea_VideoLeftCamera.mp4,4458632233,57b2d31f-abc7-473a-a9f3-e6e68401e949,2025-12-09T10:11:49.491606Z,2026-03-09T13:24:11.154286Z,https://api.dandiarchive.org/api/assets/57b2d31f-abc7-473a-a9f3-e6e68401e949/download/
sub-NYU-39/sub-NYU-39_ses-35ed605c-1a1a-47b1-86ff-2b56144f55af_ecephys+image/sub-NYU-39_ses-35ed605c-1a1a-47b1-86ff-2b56144f55af_VideoBodyCamera.mp4,685970367,f741287c-549f-42d2-8cfa-6357d97a60d9,2025-12-09T10:12:22.358125Z,2026-03-09T13:24:11.166975Z,https://api.dandiarchive.org/api/assets/f741287c-549f-42d2-8cfa-6357d97a60d9/download/
sub-NYU-39/sub-NYU-39_ses-35ed605c-1a1a-47b1-86ff-2b56144f55af_ecephys+image/sub-NYU-39_ses-35ed605c-1a1a-47b1-86ff-2b56144f55af_VideoRightCamera.mp4,4151609165,5e7a6003-8fa7-4029-ba67-7d9667730c66,2025-12-09T10:13:36.175841Z,2026-03-09T13:24:11.177688Z,https://api.dandiarchive.org/api/assets/5e7a6003-8fa7-4029-ba67-7d9667730c66/download/
sub-NYU-39/sub-NYU-39_ses-35ed605c-1a1a-47b1-86ff-2b56144f55af_ecephys+image/sub-NYU-39_ses-35ed605c-1a1a-47b1-86ff-2b56144f55af_VideoLeftCamera.mp4,4675690685,66bd0842-61da-48d1-9bf5-60f67508fafb,2025-12-09T10:13:43.389212Z,2026-03-09T13:24:11.188447Z,https://api.dandiarchive.org/api/assets/66bd0842-61da-48d1-9bf5-60f67508fafb/download/
sub-NYU-46/sub-NYU-46_ses-64e3fb86-928c-4079-865c-b364205b502e_ecephys+image/sub-NYU-46_ses-64e3fb86-928c-4079-865c-b364205b502e_VideoBodyCamera.mp4,657214595,a1f4333c-8542-4516-8e6c-da266ccb4cd7,2026-01-03T22:07:11.608545Z,2026-03-09T13:24:11.199537Z,https://api.dandiarchive.org/api/assets/a1f4333c-8542-4516-8e6c-da266ccb4cd7/download/
sub-NYU-46/sub-NYU-46_ses-64e3fb86-928c-4079-865c-b364205b502e_ecephys+image/sub-NYU-46_ses-64e3fb86-928c-4079-865c-b364205b502e_VideoRightCamera.mp4,3984417077,50a36570-839e-43fc-a383-b81700a52b57,2026-01-03T22:08:25.244646Z,2026-03-09T13:24:11.211097Z,https://api.dandiarchive.org/api/assets/50a36570-839e-43fc-a383-b81700a52b57/download/
sub-NYU-46/sub-NYU-46_ses-64e3fb86-928c-4079-865c-b364205b502e_ecephys+image/sub-NYU-46_ses-64e3fb86-928c-4079-865c-b364205b502e_VideoLeftCamera.mp4,4713439666,6a7a16b9-7f78-49c1-9df3-0d3e518d0c04,2026-01-03T22:08:37.473320Z,2026-03-09T13:24:11.220536Z,https://api.dandiarchive.org/api/assets/6a7a16b9-7f78-49c1-9df3-0d3e518d0c04/download/
sub-NYU-46/sub-NYU-46_ses-64e3fb86-928c-4079-865c-b364205b502e_desc-raw_ecephys.nwb,51259964420,99911f99-85d0-4f2d-bf3e-0cd15bee5bf7,2026-01-17T08:18:13.168744Z,2026-03-09T13:24:11.230365Z,https://api.dandiarchive.org/api/assets/99911f99-85d0-4f2d-bf3e-0cd15bee5bf7/download/
sub-NYU-39/sub-NYU-39_ses-6ed57216-498d-48a6-b48b-a243a34710ea_desc-raw_ecephys.nwb,92160402830,d3e8a94d-7f64-4ccb-9f46-ee9148cee05f,2026-01-17T09:31:00.266511Z,2026-03-09T13:24:11.241189Z,https://api.dandiarchive.org/api/assets/d3e8a94d-7f64-4ccb-9f46-ee9148cee05f/download/
sub-NYU-39/sub-NYU-39_ses-35ed605c-1a1a-47b1-86ff-2b56144f55af_desc-raw_ecephys.nwb,92847872767,6d44a45a-5803-4d5f-a766-da550e429f8c,2026-01-17T09:32:37.669043Z,2026-03-09T13:24:11.250887Z,https://api.dandiarchive.org/api/assets/6d44a45a-5803-4d5f-a766-da550e429f8c/download/
sub-NYU-21/sub-NYU-21_ses-8c33abef-3d3e-4d42-9f27-445e9def08f9_ecephys+image/sub-NYU-21_ses-8c33abef-3d3e-4d42-9f27-445e9def08f9_VideoBodyCamera.mp4,1647838256,f83709cb-d336-4a27-931e-bc5d56c3b807,2026-01-17T10:49:38.803465Z,2026-03-09T13:24:11.260345Z,https://api.dandiarchive.org/api/assets/f83709cb-d336-4a27-931e-bc5d56c3b807/download/
sub-NYU-21/sub-NYU-21_ses-8c33abef-3d3e-4d42-9f27-445e9def08f9_ecephys+image/sub-NYU-21_ses-8c33abef-3d3e-4d42-9f27-445e9def08f9_VideoRightCamera.mp4,5426699900,9ad58938-fe70-4dff-82c4-e750311d16bf,2026-01-17T10:50:57.961470Z,2026-03-09T13:24:11.270515Z,https://api.dandiarchive.org/api/assets/9ad58938-fe70-4dff-82c4-e750311d16bf/download/
sub-NYU-21/sub-NYU-21_ses-8c33abef-3d3e-4d42-9f27-445e9def08f9_ecephys+image/sub-NYU-21_ses-8c33abef-3d3e-4d42-9f27-445e9def08f9_VideoLeftCamera.mp4,7271675810,e6172f6a-d7b0-4393-bd59-c8df58607347,2026-01-17T10:51:24.242387Z,2026-03-09T13:24:11.282141Z,https://api.dandiarchive.org/api/assets/e6172f6a-d7b0-4393-bd59-c8df58607347/download/
sub-NYU-21/sub-NYU-21_ses-8c33abef-3d3e-4d42-9f27-445e9def08f9_desc-raw_ecephys.nwb,153502885770,f7809f03-21f2-44e9-8a44-9438d90de114,2026-01-21T02:00:04.159954Z,2026-03-09T13:24:11.291600Z,https://api.dandiarchive.org/api/assets/f7809f03-21f2-44e9-8a44-9438d90de114/download/
sub-ZFM-01936/sub-ZFM-01936_ses-4aa1d525-5c7d-4c50-a147-ec53a9014812_ecephys+image/sub-ZFM-01936_ses-4aa1d525-5c7d-4c50-a147-ec53a9014812_VideoBodyCamera.mp4,1032779584,a789c5fd-13c0-4275-a36c-774a87ead5c7,2026-02-02T19:10:36.809851Z,2026-03-09T13:24:11.303086Z,https://api.dandiarchive.org/api/assets/a789c5fd-13c0-4275-a36c-774a87ead5c7/download/
sub-ZFM-01936/sub-ZFM-01936_ses-4aa1d525-5c7d-4c50-a147-ec53a9014812_ecephys+image/sub-ZFM-01936_ses-4aa1d525-5c7d-4c50-a147-ec53a9014812_VideoRightCamera.mp4,3313823709,6021c02f-c2a3-4012-8f93-3e059f68c1ed,2026-02-02T19:11:25.364199Z,2026-03-09T13:24:11.313545Z,https://api.dandiarchive.org/api/assets/6021c02f-c2a3-4012-8f93-3e059f68c1ed/download/
sub-ZFM-01936/sub-ZFM-01936_ses-4aa1d525-5c7d-4c50-a147-ec53a9014812_ecephys+image/sub-ZFM-01936_ses-4aa1d525-5c7d-4c50-a147-ec53a9014812_VideoLeftCamera.mp4,6074774012,89a0c190-ca81-4f36-99ec-60dc7c1e6b30,2026-02-02T19:12:08.104959Z,2026-03-09T13:24:11.331085Z,https://api.dandiarchive.org/api/assets/89a0c190-ca81-4f36-99ec-60dc7c1e6b30/download/
sub-ZFM-01936/sub-ZFM-01936_ses-4aa1d525-5c7d-4c50-a147-ec53a9014812_desc-raw_ecephys.nwb,55531764547,161074e8-2d6e-4327-bbfb-3ac66274c52f,2026-02-02T19:25:35.234727Z,2026-03-09T13:24:11.343184Z,https://api.dandiarchive.org/api/assets/161074e8-2d6e-4327-bbfb-3ac66274c52f/download/
sub-NYU-37/sub-NYU-37_ses-21d21fc3-4201-4edc-802a-c67b61952548_ecephys+image/sub-NYU-37_ses-21d21fc3-4201-4edc-802a-c67b61952548_VideoBodyCamera.mp4,875962474,7021820e-e120-4357-bd8b-a37ab1057225,2026-02-02T22:34:08.374397Z,2026-03-09T13:24:11.355137Z,https://api.dandiarchive.org/api/assets/7021820e-e120-4357-bd8b-a37ab1057225/download/
sub-NYU-37/sub-NYU-37_ses-21d21fc3-4201-4edc-802a-c67b61952548_ecephys+image/sub-NYU-37_ses-21d21fc3-4201-4edc-802a-c67b61952548_VideoRightCamera.mp4,2356799905,fb59a98e-023d-44a9-963a-715499d1f28b,2026-02-02T22:34:39.891937Z,2026-03-09T13:24:11.368781Z,https://api.dandiarchive.org/api/assets/fb59a98e-023d-44a9-963a-715499d1f28b/download/
sub-NYU-37/sub-NYU-37_ses-21d21fc3-4201-4edc-802a-c67b61952548_ecephys+image/sub-NYU-37_ses-21d21fc3-4201-4edc-802a-c67b61952548_VideoLeftCamera.mp4,5774166607,2d9785bc-0423-43ec-8eb4-667578d5aaf4,2026-02-02T22:35:31.840843Z,2026-03-09T13:24:11.378102Z,https://api.dandiarchive.org/api/assets/2d9785bc-0423-43ec-8eb4-667578d5aaf4/download/
sub-NYU-46/sub-NYU-46_ses-d32876dd-8303-4720-8e7e-20678dc2fd71_ecephys+image/sub-NYU-46_ses-d32876dd-8303-4720-8e7e-20678dc2fd71_VideoBodyCamera.mp4,714294959,ea031d0b-03dd-4ba3-a6b3-27aecf092824,2026-02-02T22:38:54.706628Z,2026-03-09T13:24:11.387851Z,https://api.dandiarchive.org/api/assets/ea031d0b-03dd-4ba3-a6b3-27aecf092824/download/
sub-NYU-46/sub-NYU-46_ses-d32876dd-8303-4720-8e7e-20678dc2fd71_ecephys+image/sub-NYU-46_ses-d32876dd-8303-4720-8e7e-20678dc2fd71_VideoLeftCamera.mp4,5315748941,b94716f2-9855-4903-a7cd-7a6bb31b5b39,2026-02-02T22:40:37.372446Z,2026-03-09T13:24:11.400569Z,https://api.dandiarchive.org/api/assets/b94716f2-9855-4903-a7cd-7a6bb31b5b39/download/
sub-NYU-46/sub-NYU-46_ses-d32876dd-8303-4720-8e7e-20678dc2fd71_ecephys+image/sub-NYU-46_ses-d32876dd-8303-4720-8e7e-20678dc2fd71_VideoRightCamera.mp4,5709675257,c1b3f1f6-297f-4d60-88b4-4b9d24eaacf5,2026-02-02T22:40:43.900331Z,2026-03-09T13:24:11.412605Z,https://api.dandiarchive.org/api/assets/c1b3f1f6-297f-4d60-88b4-4b9d24eaacf5/download/
sub-NYU-46/sub-NYU-46_ses-6434f2f5-6bce-42b8-8563-d93d493613a2_ecephys+image/sub-NYU-46_ses-6434f2f5-6bce-42b8-8563-d93d493613a2_VideoBodyCamera.mp4,783905505,30489823-1c53-46fa-9d0e-fa07828dedb1,2026-02-02T22:41:39.937024Z,2026-03-09T13:24:11.425520Z,https://api.dandiarchive.org/api/assets/30489823-1c53-46fa-9d0e-fa07828dedb1/download/
sub-CSHL049/sub-CSHL049_ses-c99d53e6-c317-4c53-99ba-070b26673ac4_ecephys+image/sub-CSHL049_ses-c99d53e6-c317-4c53-99ba-070b26673ac4_VideoRightCamera.mp4,4306227107,b15b7258-7a01-451b-a6ed-3c5c82db00c6,2026-02-02T22:43:15.765115Z,2026-03-09T13:24:11.438197Z,https://api.dandiarchive.org/api/assets/b15b7258-7a01-451b-a6ed-3c5c82db00c6/download/
sub-NYU-46/sub-NYU-46_ses-6434f2f5-6bce-42b8-8563-d93d493613a2_ecephys+image/sub-NYU-46_ses-6434f2f5-6bce-42b8-8563-d93d493613a2_VideoLeftCamera.mp4,5324605394,cf9e1ffe-e865-4a19-a67c-a926d463d999,2026-02-02T22:43:23.530944Z,2026-03-09T13:24:11.448800Z,https://api.dandiarchive.org/api/assets/cf9e1ffe-e865-4a19-a67c-a926d463d999/download/
sub-NYU-46/sub-NYU-46_ses-6434f2f5-6bce-42b8-8563-d93d493613a2_ecephys+image/sub-NYU-46_ses-6434f2f5-6bce-42b8-8563-d93d493613a2_VideoRightCamera.mp4,5382871281,05edcffa-0504-48f1-b066-ad53f5ad0f47,2026-02-02T22:43:23.778304Z,2026-03-09T13:24:11.458871Z,https://api.dandiarchive.org/api/assets/05edcffa-0504-48f1-b066-ad53f5ad0f47/download/
sub-CSHL049/sub-CSHL049_ses-c99d53e6-c317-4c53-99ba-070b26673ac4_ecephys+image/sub-CSHL049_ses-c99d53e6-c317-4c53-99ba-070b26673ac4_VideoLeftCamera.mp4,6280268972,7e30373d-df16-435c-b690-c5e9f1c91664,2026-02-02T22:43:46.024749Z,2026-03-09T13:24:11.471854Z,https://api.dandiarchive.org/api/assets/7e30373d-df16-435c-b690-c5e9f1c91664/download/
sub-NYU-37/sub-NYU-37_ses-21d21fc3-4201-4edc-802a-c67b61952548_desc-raw_ecephys.nwb,53058957073,eac8b375-111b-48d3-8ce2-4735c09812c0,2026-02-02T22:48:20.732182Z,2026-03-09T13:24:11.490177Z,https://api.dandiarchive.org/api/assets/eac8b375-111b-48d3-8ce2-4735c09812c0/download/
sub-NYU-46/sub-NYU-46_ses-d32876dd-8303-4720-8e7e-20678dc2fd71_desc-raw_ecephys.nwb,56583628031,36dc6784-59c3-4c91-83a0-bef2f79b4059,2026-02-02T22:54:25.873085Z,2026-03-09T13:24:11.504007Z,https://api.dandiarchive.org/api/assets/36dc6784-59c3-4c91-83a0-bef2f79b4059/download/
sub-NYU-30/sub-NYU-30_ses-5569f363-0934-464e-9a5b-77c8e67791a1_ecephys+image/sub-NYU-30_ses-5569f363-0934-464e-9a5b-77c8e67791a1_VideoBodyCamera.mp4,1473826677,913e4dc3-a180-43a0-b80a-bf4a9100809e,2026-02-02T22:54:45.806605Z,2026-03-09T13:24:11.525888Z,https://api.dandiarchive.org/api/assets/913e4dc3-a180-43a0-b80a-bf4a9100809e/download/
sub-NYU-30/sub-NYU-30_ses-77e6dc6a-66ed-433c-b1a2-778c914f523c_ecephys+image/sub-NYU-30_ses-77e6dc6a-66ed-433c-b1a2-778c914f523c_VideoBodyCamera.mp4,1560638459,023fa99b-947e-4766-a9d6-40d244d5f41b,2026-02-02T22:56:08.280862Z,2026-03-09T13:24:11.538225Z,https://api.dandiarchive.org/api/assets/023fa99b-947e-4766-a9d6-40d244d5f41b/download/
sub-NYU-30/sub-NYU-30_ses-5569f363-0934-464e-9a5b-77c8e67791a1_ecephys+image/sub-NYU-30_ses-5569f363-0934-464e-9a5b-77c8e67791a1_VideoRightCamera.mp4,5326025576,baae7b9d-9c54-4992-a644-e0a8300f0aee,2026-02-02T22:56:10.472630Z,2026-03-09T13:24:11.553222Z,https://api.dandiarchive.org/api/assets/baae7b9d-9c54-4992-a644-e0a8300f0aee/download/
sub-NYU-30/sub-NYU-30_ses-5569f363-0934-464e-9a5b-77c8e67791a1_ecephys+image/sub-NYU-30_ses-5569f363-0934-464e-9a5b-77c8e67791a1_VideoLeftCamera.mp4,7869080919,be040274-d6a3-4c58-9f1b-8fca471de12e,2026-02-02T22:56:49.987013Z,2026-03-09T13:24:11.574237Z,https://api.dandiarchive.org/api/assets/be040274-d6a3-4c58-9f1b-8fca471de12e/download/
sub-CSHL049/sub-CSHL049_ses-c99d53e6-c317-4c53-99ba-070b26673ac4_desc-raw_ecephys.nwb,54964232768,b7421c6f-7bdb-401a-bd66-6a4d6209e806,2026-02-02T22:57:00.031088Z,2026-03-09T13:24:11.594058Z,https://api.dandiarchive.org/api/assets/b7421c6f-7bdb-401a-bd66-6a4d6209e806/download/
sub-NYU-46/sub-NYU-46_ses-6434f2f5-6bce-42b8-8563-d93d493613a2_desc-raw_ecephys.nwb,57353037181,db3f9977-c951-418b-9061-5be76cc12aa3,2026-02-02T22:57:19.007800Z,2026-03-09T13:24:11.610503Z,https://api.dandiarchive.org/api/assets/db3f9977-c951-418b-9061-5be76cc12aa3/download/
sub-NYU-30/sub-NYU-30_ses-77e6dc6a-66ed-433c-b1a2-778c914f523c_ecephys+image/sub-NYU-30_ses-77e6dc6a-66ed-433c-b1a2-778c914f523c_VideoRightCamera.mp4,5402826580,03f49c46-8346-4d7f-bcd0-10b17bc17434,2026-02-02T22:57:33.843240Z,2026-03-09T13:24:11.626192Z,https://api.dandiarchive.org/api/assets/03f49c46-8346-4d7f-bcd0-10b17bc17434/download/
sub-NYU-30/sub-NYU-30_ses-77e6dc6a-66ed-433c-b1a2-778c914f523c_ecephys+image/sub-NYU-30_ses-77e6dc6a-66ed-433c-b1a2-778c914f523c_VideoLeftCamera.mp4,7707948151,299409e6-19a0-4114-acb9-41720654eb24,2026-02-02T22:58:09.066419Z,2026-03-09T13:24:11.636627Z,https://api.dandiarchive.org/api/assets/299409e6-19a0-4114-acb9-41720654eb24/download/
sub-NYU-30/sub-NYU-30_ses-5569f363-0934-464e-9a5b-77c8e67791a1_desc-raw_ecephys.nwb,66894110251,23aeab0e-7dd7-455e-b85a-b3edb9c9010a,2026-02-02T23:12:53.292473Z,2026-03-09T13:24:11.645678Z,https://api.dandiarchive.org/api/assets/23aeab0e-7dd7-455e-b85a-b3edb9c9010a/download/
sub-CSHL045/sub-CSHL045_ses-46794e05-3f6a-4d35-afb3-9165091a5a74_ecephys+image/sub-CSHL045_ses-46794e05-3f6a-4d35-afb3-9165091a5a74_VideoRightCamera.mp4,4494865283,e8d5d62d-fb20-44e8-b8b4-a210f3953580,2026-02-02T23:13:47.605787Z,2026-03-09T13:24:11.656054Z,https://api.dandiarchive.org/api/assets/e8d5d62d-fb20-44e8-b8b4-a210f3953580/download/
sub-NYU-30/sub-NYU-30_ses-77e6dc6a-66ed-433c-b1a2-778c914f523c_desc-raw_ecephys.nwb,66653761701,8af377c9-6756-439e-92c7-e2d47f5e8998,2026-02-02T23:14:08.878197Z,2026-03-09T13:24:11.668908Z,https://api.dandiarchive.org/api/assets/8af377c9-6756-439e-92c7-e2d47f5e8998/download/
sub-CSHL045/sub-CSHL045_ses-46794e05-3f6a-4d35-afb3-9165091a5a74_ecephys+image/sub-CSHL045_ses-46794e05-3f6a-4d35-afb3-9165091a5a74_VideoLeftCamera.mp4,7768385076,e2d4561a-e0ec-4b89-aad0-acc246e9aa46,2026-02-02T23:14:38.758461Z,2026-03-09T13:24:11.679623Z,https://api.dandiarchive.org/api/assets/e2d4561a-e0ec-4b89-aad0-acc246e9aa46/download/
sub-NYU-37/sub-NYU-37_ses-83d85891-bd75-4557-91b4-1cbb5f8bfc9d_ecephys+image/sub-NYU-37_ses-83d85891-bd75-4557-91b4-1cbb5f8bfc9d_VideoBodyCamera.mp4,669610635,12552c3a-41b5-4fed-abe4-69c5bda521f4,2026-02-02T23:15:19.086982Z,2026-03-09T13:24:11.690000Z,https://api.dandiarchive.org/api/assets/12552c3a-41b5-4fed-abe4-69c5bda521f4/download/
sub-NYU-37/sub-NYU-37_ses-83d85891-bd75-4557-91b4-1cbb5f8bfc9d_ecephys+image/sub-NYU-37_ses-83d85891-bd75-4557-91b4-1cbb5f8bfc9d_VideoRightCamera.mp4,1690289363,57a82763-71b9-48bc-8a74-7008a235dc59,2026-02-02T23:15:40.182910Z,2026-03-09T13:24:11.699362Z,https://api.dandiarchive.org/api/assets/57a82763-71b9-48bc-8a74-7008a235dc59/download/
sub-NYU-37/sub-NYU-37_ses-83d85891-bd75-4557-91b4-1cbb5f8bfc9d_ecephys+image/sub-NYU-37_ses-83d85891-bd75-4557-91b4-1cbb5f8bfc9d_VideoLeftCamera.mp4,4170836577,5c84b270-3f2a-4cda-a961-db041808598e,2026-02-02T23:16:16.871691Z,2026-03-09T13:24:11.710909Z,https://api.dandiarchive.org/api/assets/5c84b270-3f2a-4cda-a961-db041808598e/download/
sub-NYU-37/sub-NYU-37_ses-f88d4dd4-ccd7-400e-9035-fa00be3bcfa8_ecephys+image/sub-NYU-37_ses-f88d4dd4-ccd7-400e-9035-fa00be3bcfa8_VideoBodyCamera.mp4,729891274,f2ddec82-3bb5-499c-92a3-906c4ef20f5a,2026-02-02T23:17:25.442805Z,2026-03-09T13:24:11.722868Z,https://api.dandiarchive.org/api/assets/f2ddec82-3bb5-499c-92a3-906c4ef20f5a/download/
sub-NYU-37/sub-NYU-37_ses-f88d4dd4-ccd7-400e-9035-fa00be3bcfa8_ecephys+image/sub-NYU-37_ses-f88d4dd4-ccd7-400e-9035-fa00be3bcfa8_VideoRightCamera.mp4,1788602421,d28b5602-32f9-4c95-8dad-af17059dce20,2026-02-02T23:17:45.939667Z,2026-03-09T13:24:11.733418Z,https://api.dandiarchive.org/api/assets/d28b5602-32f9-4c95-8dad-af17059dce20/download/
sub-NYU-37/sub-NYU-37_ses-7af49c00-63dd-4fed-b2e0-1b3bd945b20b_ecephys+image/sub-NYU-37_ses-7af49c00-63dd-4fed-b2e0-1b3bd945b20b_VideoBodyCamera.mp4,375687948,35abfc39-b04a-409d-9431-d6b147b98963,2026-02-02T23:18:20.765149Z,2026-03-09T13:24:11.743692Z,https://api.dandiarchive.org/api/assets/35abfc39-b04a-409d-9431-d6b147b98963/download/
sub-NYU-37/sub-NYU-37_ses-f88d4dd4-ccd7-400e-9035-fa00be3bcfa8_ecephys+image/sub-NYU-37_ses-f88d4dd4-ccd7-400e-9035-fa00be3bcfa8_VideoLeftCamera.mp4,4888625606,ef4302a0-d8a6-4bf6-a250-b8fd4d7c9493,2026-02-02T23:18:26.803097Z,2026-03-09T13:24:11.755821Z,https://api.dandiarchive.org/api/assets/ef4302a0-d8a6-4bf6-a250-b8fd4d7c9493/download/
sub-NYU-37/sub-NYU-37_ses-7af49c00-63dd-4fed-b2e0-1b3bd945b20b_ecephys+image/sub-NYU-37_ses-7af49c00-63dd-4fed-b2e0-1b3bd945b20b_VideoRightCamera.mp4,948321773,4554f86e-689d-4c8d-80e2-bd010640927e,2026-02-02T23:18:32.492896Z,2026-03-09T13:24:11.766217Z,https://api.dandiarchive.org/api/assets/4554f86e-689d-4c8d-80e2-bd010640927e/download/
sub-NYU-37/sub-NYU-37_ses-7af49c00-63dd-4fed-b2e0-1b3bd945b20b_ecephys+image/sub-NYU-37_ses-7af49c00-63dd-4fed-b2e0-1b3bd945b20b_VideoLeftCamera.mp4,2390925575,9cc7a172-12d7-428a-82ed-45aee113d357,2026-02-02T23:18:47.881368Z,2026-03-09T13:24:11.774443Z,https://api.dandiarchive.org/api/assets/9cc7a172-12d7-428a-82ed-45aee113d357/download/
sub-CSHL045/sub-CSHL045_ses-dfd8e7df-dc51-4589-b6ca-7baccfeb94b4_ecephys+image/sub-CSHL045_ses-dfd8e7df-dc51-4589-b6ca-7baccfeb94b4_VideoRightCamera.mp4,4059240423,9e543433-667d-41d1-bf7d-99e73ed7632d,2026-02-02T23:22:14.229323Z,2026-03-09T13:24:11.783481Z,https://api.dandiarchive.org/api/assets/9e543433-667d-41d1-bf7d-99e73ed7632d/download/
sub-CSHL045/sub-CSHL045_ses-dfd8e7df-dc51-4589-b6ca-7baccfeb94b4_ecephys+image/sub-CSHL045_ses-dfd8e7df-dc51-4589-b6ca-7baccfeb94b4_VideoLeftCamera.mp4,8053513558,2b3250f2-69c6-4901-9c5a-b51bbc9481cb,2026-02-02T23:23:15.025669Z,2026-03-09T13:24:11.794042Z,https://api.dandiarchive.org/api/assets/2b3250f2-69c6-4901-9c5a-b51bbc9481cb/download/
sub-CSHL045/sub-CSHL045_ses-46794e05-3f6a-4d35-afb3-9165091a5a74_desc-raw_ecephys.nwb,72453607962,ca785ab4-7f74-4973-82d1-5df69923a300,2026-02-02T23:32:10.776510Z,2026-03-09T13:24:11.804369Z,https://api.dandiarchive.org/api/assets/ca785ab4-7f74-4973-82d1-5df69923a300/download/
sub-NYU-40/sub-NYU-40_ses-f359281f-6941-4bfd-90d4-940be22ed3c3_ecephys+image/sub-NYU-40_ses-f359281f-6941-4bfd-90d4-940be22ed3c3_VideoBodyCamera.mp4,632481809,8f2c5718-4151-4c6f-8775-c88ef4324253,2026-02-02T23:34:06.723863Z,2026-03-09T13:24:11.815647Z,https://api.dandiarchive.org/api/assets/8f2c5718-4151-4c6f-8775-c88ef4324253/download/
sub-NYU-40/sub-NYU-40_ses-f359281f-6941-4bfd-90d4-940be22ed3c3_ecephys+image/sub-NYU-40_ses-f359281f-6941-4bfd-90d4-940be22ed3c3_VideoLeftCamera.mp4,4305088967,5fd96892-f659-44cb-a0c3-184f864cf89c,2026-02-02T23:35:23.598286Z,2026-03-09T13:24:11.826922Z,https://api.dandiarchive.org/api/assets/5fd96892-f659-44cb-a0c3-184f864cf89c/download/
sub-NYU-40/sub-NYU-40_ses-f359281f-6941-4bfd-90d4-940be22ed3c3_ecephys+image/sub-NYU-40_ses-f359281f-6941-4bfd-90d4-940be22ed3c3_VideoRightCamera.mp4,4710762012,d8634465-7fb8-4651-ad64-fd35df6b9345,2026-02-02T23:35:29.268037Z,2026-03-09T13:24:11.838433Z,https://api.dandiarchive.org/api/assets/d8634465-7fb8-4651-ad64-fd35df6b9345/download/
sub-NYU-39/sub-NYU-39_ses-fa1f26a1-eb49-4b24-917e-19f02a18ac61_ecephys+image/sub-NYU-39_ses-fa1f26a1-eb49-4b24-917e-19f02a18ac61_VideoBodyCamera.mp4,680019347,d5c4d6a4-207a-4519-92e7-1378bdee4e22,2026-02-02T23:36:10.809332Z,2026-03-09T13:24:11.848312Z,https://api.dandiarchive.org/api/assets/d5c4d6a4-207a-4519-92e7-1378bdee4e22/download/
sub-NYU-37/sub-NYU-37_ses-83d85891-bd75-4557-91b4-1cbb5f8bfc9d_desc-raw_ecephys.nwb,81808338183,cd8ee484-0739-40c3-bf89-8be9b6d05e18,2026-02-02T23:36:35.190467Z,2026-03-09T13:24:11.859056Z,https://api.dandiarchive.org/api/assets/cd8ee484-0739-40c3-bf89-8be9b6d05e18/download/
sub-NYU-39/sub-NYU-39_ses-fa1f26a1-eb49-4b24-917e-19f02a18ac61_ecephys+image/sub-NYU-39_ses-fa1f26a1-eb49-4b24-917e-19f02a18ac61_VideoRightCamera.mp4,4177702272,4a3ee45d-706b-498c-8797-6aca02145745,2026-02-02T23:37:26.521920Z,2026-03-09T13:24:11.868768Z,https://api.dandiarchive.org/api/assets/4a3ee45d-706b-498c-8797-6aca02145745/download/
sub-NYU-39/sub-NYU-39_ses-fa1f26a1-eb49-4b24-917e-19f02a18ac61_ecephys+image/sub-NYU-39_ses-fa1f26a1-eb49-4b24-917e-19f02a18ac61_VideoLeftCamera.mp4,4908606564,d3c05fee-7c10-4c70-b950-16c4b87a07fb,2026-02-02T23:37:37.346678Z,2026-03-09T13:24:11.878815Z,https://api.dandiarchive.org/api/assets/d3c05fee-7c10-4c70-b950-16c4b87a07fb/download/
sub-NYU-37/sub-NYU-37_ses-f88d4dd4-ccd7-400e-9035-fa00be3bcfa8_desc-raw_ecephys.nwb,82519720884,0b32a5b7-1ab6-4974-9f57-f7dd8548f46a,2026-02-02T23:38:47.756231Z,2026-03-09T13:24:11.888504Z,https://api.dandiarchive.org/api/assets/0b32a5b7-1ab6-4974-9f57-f7dd8548f46a/download/
sub-NYU-37/sub-NYU-37_ses-7af49c00-63dd-4fed-b2e0-1b3bd945b20b_desc-raw_ecephys.nwb,83271295789,2dfd3080-a447-426f-8847-31f8a3c39839,2026-02-02T23:39:45.530653Z,2026-03-09T13:24:11.899849Z,https://api.dandiarchive.org/api/assets/2dfd3080-a447-426f-8847-31f8a3c39839/download/
sub-CSHL045/sub-CSHL045_ses-dfd8e7df-dc51-4589-b6ca-7baccfeb94b4_desc-raw_ecephys.nwb,76147268087,4b42296b-7390-4ecd-a0f5-c9b08093c156,2026-02-02T23:41:42.162686Z,2026-03-09T13:24:11.908941Z,https://api.dandiarchive.org/api/assets/4b42296b-7390-4ecd-a0f5-c9b08093c156/download/
sub-NYU-39/sub-NYU-39_ses-91a3353a-2da1-420d-8c7c-fad2fedfdd18_ecephys+image/sub-NYU-39_ses-91a3353a-2da1-420d-8c7c-fad2fedfdd18_VideoBodyCamera.mp4,727732004,3b3c28d9-00a2-44ba-b0cc-99d2c335c75a,2026-02-02T23:44:00.855746Z,2026-03-09T13:24:11.917810Z,https://api.dandiarchive.org/api/assets/3b3c28d9-00a2-44ba-b0cc-99d2c335c75a/download/
sub-NYU-40/sub-NYU-40_ses-8ca740c5-e7fe-430a-aa10-e74e9c3cbbe8_ecephys+image/sub-NYU-40_ses-8ca740c5-e7fe-430a-aa10-e74e9c3cbbe8_VideoBodyCamera.mp4,769323297,8d724ddf-3609-452c-9ccd-b49089f720df,2026-02-02T23:44:24.181535Z,2026-03-09T13:24:11.927559Z,https://api.dandiarchive.org/api/assets/8d724ddf-3609-452c-9ccd-b49089f720df/download/
sub-NYU-39/sub-NYU-39_ses-91a3353a-2da1-420d-8c7c-fad2fedfdd18_ecephys+image/sub-NYU-39_ses-91a3353a-2da1-420d-8c7c-fad2fedfdd18_VideoRightCamera.mp4,4721721211,625bb0ba-7e52-40fb-8f7e-a7f182597efa,2026-02-02T23:45:28.612327Z,2026-03-09T13:24:11.936238Z,https://api.dandiarchive.org/api/assets/625bb0ba-7e52-40fb-8f7e-a7f182597efa/download/
sub-NYU-39/sub-NYU-39_ses-91a3353a-2da1-420d-8c7c-fad2fedfdd18_ecephys+image/sub-NYU-39_ses-91a3353a-2da1-420d-8c7c-fad2fedfdd18_VideoLeftCamera.mp4,5350200559,d3b52503-ce0a-4818-8ea1-699cd571ee43,2026-02-02T23:45:38.025414Z,2026-03-09T13:24:11.945618Z,https://api.dandiarchive.org/api/assets/d3b52503-ce0a-4818-8ea1-699cd571ee43/download/
sub-NYU-40/sub-NYU-40_ses-8ca740c5-e7fe-430a-aa10-e74e9c3cbbe8_ecephys+image/sub-NYU-40_ses-8ca740c5-e7fe-430a-aa10-e74e9c3cbbe8_VideoLeftCamera.mp4,5035695029,b0f13bcd-c256-4508-83e7-91e3fcc028c8,2026-02-02T23:45:56.720404Z,2026-03-09T13:24:11.955685Z,https://api.dandiarchive.org/api/assets/b0f13bcd-c256-4508-83e7-91e3fcc028c8/download/
sub-NYU-40/sub-NYU-40_ses-8ca740c5-e7fe-430a-aa10-e74e9c3cbbe8_ecephys+image/sub-NYU-40_ses-8ca740c5-e7fe-430a-aa10-e74e9c3cbbe8_VideoRightCamera.mp4,5457734876,5d021642-5d46-4685-95e0-cf8726fcf893,2026-02-02T23:46:03.601737Z,2026-03-09T13:24:11.965824Z,https://api.dandiarchive.org/api/assets/5d021642-5d46-4685-95e0-cf8726fcf893/download/
sub-NYU-40/sub-NYU-40_ses-5157810e-0fff-4bcf-b19d-32d4e39c7dfc_ecephys+image/sub-NYU-40_ses-5157810e-0fff-4bcf-b19d-32d4e39c7dfc_VideoBodyCamera.mp4,732829576,9489f93c-4795-400d-af3f-af05eb4c09e6,2026-02-02T23:46:56.424088Z,2026-03-09T13:24:11.975733Z,https://api.dandiarchive.org/api/assets/9489f93c-4795-400d-af3f-af05eb4c09e6/download/
sub-NYU-40/sub-NYU-40_ses-5157810e-0fff-4bcf-b19d-32d4e39c7dfc_ecephys+image/sub-NYU-40_ses-5157810e-0fff-4bcf-b19d-32d4e39c7dfc_VideoLeftCamera.mp4,4532574369,c701294b-2cc0-43a8-9556-b04c472a37b3,2026-02-02T23:48:15.332815Z,2026-03-09T13:24:11.988385Z,https://api.dandiarchive.org/api/assets/c701294b-2cc0-43a8-9556-b04c472a37b3/download/
sub-NYU-40/sub-NYU-40_ses-5157810e-0fff-4bcf-b19d-32d4e39c7dfc_ecephys+image/sub-NYU-40_ses-5157810e-0fff-4bcf-b19d-32d4e39c7dfc_VideoRightCamera.mp4,4912216974,9c7bb88d-5565-43ee-859f-6074ffb25e64,2026-02-02T23:48:20.708043Z,2026-03-09T13:24:12.000729Z,https://api.dandiarchive.org/api/assets/9c7bb88d-5565-43ee-859f-6074ffb25e64/download/
sub-NYU-45/sub-NYU-45_ses-51e53aff-1d5d-4182-a684-aba783d50ae5_ecephys+image/sub-NYU-45_ses-51e53aff-1d5d-4182-a684-aba783d50ae5_VideoBodyCamera.mp4,678526747,10a3a811-97c1-416e-861e-82f27d0e86a5,2026-02-02T23:49:52.856894Z,2026-03-09T13:24:12.009998Z,https://api.dandiarchive.org/api/assets/10a3a811-97c1-416e-861e-82f27d0e86a5/download/
sub-CSHL045/sub-CSHL045_ses-034e726f-b35f-41e0-8d6c-a22cc32391fb_ecephys+image/sub-CSHL045_ses-034e726f-b35f-41e0-8d6c-a22cc32391fb_VideoRightCamera.mp4,2816118592,837891d2-fdc2-4a64-88bd-7325f1904d64,2026-02-02T23:50:33.275335Z,2026-03-09T13:24:12.021581Z,https://api.dandiarchive.org/api/assets/837891d2-fdc2-4a64-88bd-7325f1904d64/download/
sub-NYU-45/sub-NYU-45_ses-51e53aff-1d5d-4182-a684-aba783d50ae5_ecephys+image/sub-NYU-45_ses-51e53aff-1d5d-4182-a684-aba783d50ae5_VideoRightCamera.mp4,3596297826,18013a79-adbf-4a35-978d-e01e650a1d65,2026-02-02T23:50:52.976458Z,2026-03-09T13:24:12.033083Z,https://api.dandiarchive.org/api/assets/18013a79-adbf-4a35-978d-e01e650a1d65/download/
sub-CSHL045/sub-CSHL045_ses-034e726f-b35f-41e0-8d6c-a22cc32391fb_ecephys+image/sub-CSHL045_ses-034e726f-b35f-41e0-8d6c-a22cc32391fb_VideoLeftCamera.mp4,5421967028,a7b4aef3-19dd-49be-9fb6-3f3ad5fd7c43,2026-02-02T23:51:12.878268Z,2026-03-09T13:24:12.044877Z,https://api.dandiarchive.org/api/assets/a7b4aef3-19dd-49be-9fb6-3f3ad5fd7c43/download/
sub-NYU-45/sub-NYU-45_ses-51e53aff-1d5d-4182-a684-aba783d50ae5_ecephys+image/sub-NYU-45_ses-51e53aff-1d5d-4182-a684-aba783d50ae5_VideoLeftCamera.mp4,5766881361,0148b221-329a-4a12-b209-1f448b8b8a43,2026-02-02T23:51:25.809956Z,2026-03-09T13:24:12.055145Z,https://api.dandiarchive.org/api/assets/0148b221-329a-4a12-b209-1f448b8b8a43/download/
sub-NYU-45/sub-NYU-45_ses-537677fe-1e24-4755-948c-fa4a4e8ecce5_ecephys+image/sub-NYU-45_ses-537677fe-1e24-4755-948c-fa4a4e8ecce5_VideoBodyCamera.mp4,628682342,70dffec7-10b2-4978-8815-d899e1019ef1,2026-02-02T23:53:35.189270Z,2026-03-09T13:24:12.065018Z,https://api.dandiarchive.org/api/assets/70dffec7-10b2-4978-8815-d899e1019ef1/download/
sub-NYU-45/sub-NYU-45_ses-537677fe-1e24-4755-948c-fa4a4e8ecce5_ecephys+image/sub-NYU-45_ses-537677fe-1e24-4755-948c-fa4a4e8ecce5_VideoRightCamera.mp4,3599953968,91a61553-29f5-409f-af84-e23732cc2a31,2026-02-02T23:54:34.926231Z,2026-03-09T13:24:12.074449Z,https://api.dandiarchive.org/api/assets/91a61553-29f5-409f-af84-e23732cc2a31/download/
sub-NYU-45/sub-NYU-45_ses-537677fe-1e24-4755-948c-fa4a4e8ecce5_ecephys+image/sub-NYU-45_ses-537677fe-1e24-4755-948c-fa4a4e8ecce5_VideoLeftCamera.mp4,5597695246,0838d974-f357-4741-94aa-b1350fe2ac79,2026-02-02T23:55:05.292472Z,2026-03-09T13:24:12.086744Z,https://api.dandiarchive.org/api/assets/0838d974-f357-4741-94aa-b1350fe2ac79/download/
sub-NYU-48/sub-NYU-48_ses-a405053a-eb13-4aa4-850c-5a337e5dc7fd_ecephys+image/sub-NYU-48_ses-a405053a-eb13-4aa4-850c-5a337e5dc7fd_VideoBodyCamera.mp4,629698528,173329f1-f861-449f-9c6b-ced20f5314fe,2026-02-02T23:56:57.004493Z,2026-03-09T13:24:12.097048Z,https://api.dandiarchive.org/api/assets/173329f1-f861-449f-9c6b-ced20f5314fe/download/
sub-NYU-40/sub-NYU-40_ses-71855308-7e54-41d7-a7a4-b042e78e3b4f_ecephys+image/sub-NYU-40_ses-71855308-7e54-41d7-a7a4-b042e78e3b4f_VideoBodyCamera.mp4,715356416,ae3b6411-e121-42c9-bfcd-0c4b0a47bede,2026-02-02T23:57:35.006421Z,2026-03-09T13:24:12.109733Z,https://api.dandiarchive.org/api/assets/ae3b6411-e121-42c9-bfcd-0c4b0a47bede/download/
sub-NYU-39/sub-NYU-39_ses-ee212778-3903-4f5b-ac4b-a72f22debf03_ecephys+image/sub-NYU-39_ses-ee212778-3903-4f5b-ac4b-a72f22debf03_VideoBodyCamera.mp4,778364102,7cdc5204-c4b9-4f61-951a-a24a8f8369ff,2026-02-02T23:57:36.922040Z,2026-03-09T13:24:12.121669Z,https://api.dandiarchive.org/api/assets/7cdc5204-c4b9-4f61-951a-a24a8f8369ff/download/
sub-NYU-48/sub-NYU-48_ses-a405053a-eb13-4aa4-850c-5a337e5dc7fd_ecephys+image/sub-NYU-48_ses-a405053a-eb13-4aa4-850c-5a337e5dc7fd_VideoRightCamera.mp4,3405180450,495bc737-94c9-480f-9cec-69c282a2ef8e,2026-02-02T23:57:54.074935Z,2026-03-09T13:24:12.131828Z,https://api.dandiarchive.org/api/assets/495bc737-94c9-480f-9cec-69c282a2ef8e/download/
sub-NYU-48/sub-NYU-48_ses-a405053a-eb13-4aa4-850c-5a337e5dc7fd_ecephys+image/sub-NYU-48_ses-a405053a-eb13-4aa4-850c-5a337e5dc7fd_VideoLeftCamera.mp4,4207269449,977cc09b-855d-4d1a-a2e5-afa808ddf6d8,2026-02-02T23:58:06.039180Z,2026-03-09T13:24:12.140505Z,https://api.dandiarchive.org/api/assets/977cc09b-855d-4d1a-a2e5-afa808ddf6d8/download/
sub-NYU-40/sub-NYU-40_ses-f359281f-6941-4bfd-90d4-940be22ed3c3_desc-raw_ecephys.nwb,92253527888,8aaafe20-9877-4c61-9710-5cf0b9d9b370,2026-02-02T23:58:24.320263Z,2026-03-09T13:24:12.149908Z,https://api.dandiarchive.org/api/assets/8aaafe20-9877-4c61-9710-5cf0b9d9b370/download/
sub-NYU-40/sub-NYU-40_ses-71855308-7e54-41d7-a7a4-b042e78e3b4f_ecephys+image/sub-NYU-40_ses-71855308-7e54-41d7-a7a4-b042e78e3b4f_VideoLeftCamera.mp4,4883178380,2ebfa33f-86fa-4ae5-8f64-9354f19e6b94,2026-02-02T23:59:01.220721Z,2026-03-09T13:24:12.168521Z,https://api.dandiarchive.org/api/assets/2ebfa33f-86fa-4ae5-8f64-9354f19e6b94/download/
sub-NYU-40/sub-NYU-40_ses-71855308-7e54-41d7-a7a4-b042e78e3b4f_ecephys+image/sub-NYU-40_ses-71855308-7e54-41d7-a7a4-b042e78e3b4f_VideoRightCamera.mp4,5047750355,38759919-4ba0-470f-ac44-cfb2e24f2b0c,2026-02-02T23:59:04.293409Z,2026-03-09T13:24:12.178644Z,https://api.dandiarchive.org/api/assets/38759919-4ba0-470f-ac44-cfb2e24f2b0c/download/
sub-NYU-39/sub-NYU-39_ses-ee212778-3903-4f5b-ac4b-a72f22debf03_ecephys+image/sub-NYU-39_ses-ee212778-3903-4f5b-ac4b-a72f22debf03_VideoRightCamera.mp4,5414802402,a40d2eda-cb2b-4e12-92bb-6619f0223e1a,2026-02-02T23:59:14.700494Z,2026-03-09T13:24:12.190594Z,https://api.dandiarchive.org/api/assets/a40d2eda-cb2b-4e12-92bb-6619f0223e1a/download/
sub-NYU-39/sub-NYU-39_ses-ee212778-3903-4f5b-ac4b-a72f22debf03_ecephys+image/sub-NYU-39_ses-ee212778-3903-4f5b-ac4b-a72f22debf03_VideoLeftCamera.mp4,5670757149,1609ba66-bb67-4aed-9543-4e5485e597df,2026-02-02T23:59:17.944504Z,2026-03-09T13:24:12.202198Z,https://api.dandiarchive.org/api/assets/1609ba66-bb67-4aed-9543-4e5485e597df/download/
sub-CSHL045/sub-CSHL045_ses-7939711b-8b4d-4251-b698-b97c1eaa846e_ecephys+image/sub-CSHL045_ses-7939711b-8b4d-4251-b698-b97c1eaa846e_VideoRightCamera.mp4,5790485329,486fea17-21ff-422a-ae12-398db0cd5fc8,2026-02-02T23:59:36.214385Z,2026-03-09T13:24:12.211621Z,https://api.dandiarchive.org/api/assets/486fea17-21ff-422a-ae12-398db0cd5fc8/download/
sub-NYU-47/sub-NYU-47_ses-288bfbf3-3700-4abe-b6e4-130b5c541e61_ecephys+image/sub-NYU-47_ses-288bfbf3-3700-4abe-b6e4-130b5c541e61_VideoBodyCamera.mp4,688381548,33aaf92e-60be-4ff8-bceb-635984952541,2026-02-03T00:00:26.213359Z,2026-03-09T13:24:12.222170Z,https://api.dandiarchive.org/api/assets/33aaf92e-60be-4ff8-bceb-635984952541/download/
sub-CSHL045/sub-CSHL045_ses-7939711b-8b4d-4251-b698-b97c1eaa846e_ecephys+image/sub-CSHL045_ses-7939711b-8b4d-4251-b698-b97c1eaa846e_VideoLeftCamera.mp4,9598224871,10044a25-1b56-429f-b627-2bc7aedc70a6,2026-02-03T00:00:34.227807Z,2026-03-09T13:24:12.231928Z,https://api.dandiarchive.org/api/assets/10044a25-1b56-429f-b627-2bc7aedc70a6/download/
sub-NYU-39/sub-NYU-39_ses-fa1f26a1-eb49-4b24-917e-19f02a18ac61_desc-raw_ecephys.nwb,95451395618,a6b4104b-506c-4347-82c6-a7f48f34e194,2026-02-03T00:01:19.909774Z,2026-03-09T13:24:12.245195Z,https://api.dandiarchive.org/api/assets/a6b4104b-506c-4347-82c6-a7f48f34e194/download/
sub-NYU-48/sub-NYU-48_ses-93ad879a-aa42-4150-83e1-38773c9785e4_ecephys+image/sub-NYU-48_ses-93ad879a-aa42-4150-83e1-38773c9785e4_VideoBodyCamera.mp4,645504418,44f221d5-c11b-45ec-a230-ebfa3bac3ac2,2026-02-03T00:01:50.213833Z,2026-03-09T13:24:12.254871Z,https://api.dandiarchive.org/api/assets/44f221d5-c11b-45ec-a230-ebfa3bac3ac2/download/
sub-NYU-47/sub-NYU-47_ses-288bfbf3-3700-4abe-b6e4-130b5c541e61_ecephys+image/sub-NYU-47_ses-288bfbf3-3700-4abe-b6e4-130b5c541e61_VideoLeftCamera.mp4,4971605644,f2194d7a-b4cf-4f9f-bd37-d59fc6665197,2026-02-03T00:01:57.289596Z,2026-03-09T13:24:12.267522Z,https://api.dandiarchive.org/api/assets/f2194d7a-b4cf-4f9f-bd37-d59fc6665197/download/
sub-NYU-47/sub-NYU-47_ses-288bfbf3-3700-4abe-b6e4-130b5c541e61_ecephys+image/sub-NYU-47_ses-288bfbf3-3700-4abe-b6e4-130b5c541e61_VideoRightCamera.mp4,5263272191,97efb112-1ec6-4b10-9756-2770aced4516,2026-02-03T00:02:02.075586Z,2026-03-09T13:24:12.277386Z,https://api.dandiarchive.org/api/assets/97efb112-1ec6-4b10-9756-2770aced4516/download/
sub-NYU-48/sub-NYU-48_ses-93ad879a-aa42-4150-83e1-38773c9785e4_ecephys+image/sub-NYU-48_ses-93ad879a-aa42-4150-83e1-38773c9785e4_VideoRightCamera.mp4,3527250741,d895076c-16bb-432f-a3ef-05c7cca2e2c6,2026-02-03T00:02:47.223072Z,2026-03-09T13:24:12.287056Z,https://api.dandiarchive.org/api/assets/d895076c-16bb-432f-a3ef-05c7cca2e2c6/download/
sub-NYU-48/sub-NYU-48_ses-93ad879a-aa42-4150-83e1-38773c9785e4_ecephys+image/sub-NYU-48_ses-93ad879a-aa42-4150-83e1-38773c9785e4_VideoLeftCamera.mp4,5097952202,87699cf9-88d4-4152-8c33-ba8b1d0a7093,2026-02-03T00:03:11.302423Z,2026-03-09T13:24:12.297538Z,https://api.dandiarchive.org/api/assets/87699cf9-88d4-4152-8c33-ba8b1d0a7093/download/
sub-NYU-37/sub-NYU-37_ses-aec5d3cc-4bb2-4349-80a9-0395b76f04e2_ecephys+image/sub-NYU-37_ses-aec5d3cc-4bb2-4349-80a9-0395b76f04e2_VideoBodyCamera.mp4,877447790,cbd9a460-831b-49ad-8760-48d0f1512caa,2026-02-03T00:08:32.051366Z,2026-03-09T13:24:12.309857Z,https://api.dandiarchive.org/api/assets/cbd9a460-831b-49ad-8760-48d0f1512caa/download/
sub-NYU-37/sub-NYU-37_ses-aec5d3cc-4bb2-4349-80a9-0395b76f04e2_ecephys+image/sub-NYU-37_ses-aec5d3cc-4bb2-4349-80a9-0395b76f04e2_VideoRightCamera.mp4,2197510655,5b440644-9406-4daf-842b-1a942d65bc8a,2026-02-03T00:08:57.517461Z,2026-03-09T13:24:12.319363Z,https://api.dandiarchive.org/api/assets/5b440644-9406-4daf-842b-1a942d65bc8a/download/
sub-NYU-37/sub-NYU-37_ses-aec5d3cc-4bb2-4349-80a9-0395b76f04e2_ecephys+image/sub-NYU-37_ses-aec5d3cc-4bb2-4349-80a9-0395b76f04e2_VideoLeftCamera.mp4,5419933507,2cbe5c22-d5f1-460c-8711-af12ee24cc0a,2026-02-03T00:09:37.512505Z,2026-03-09T13:24:12.327364Z,https://api.dandiarchive.org/api/assets/2cbe5c22-d5f1-460c-8711-af12ee24cc0a/download/
sub-NYU-39/sub-NYU-39_ses-91a3353a-2da1-420d-8c7c-fad2fedfdd18_desc-raw_ecephys.nwb,102054360035,f508e72d-cbc1-45bb-9aff-87b054824ba4,2026-02-03T00:11:02.989927Z,2026-03-09T13:24:12.338525Z,https://api.dandiarchive.org/api/assets/f508e72d-cbc1-45bb-9aff-87b054824ba4/download/
sub-NYU-40/sub-NYU-40_ses-8ca740c5-e7fe-430a-aa10-e74e9c3cbbe8_desc-raw_ecephys.nwb,103615196947,15fd751d-ee76-4b66-b53e-648689fd08ef,2026-02-03T00:11:46.931622Z,2026-03-09T13:24:12.347345Z,https://api.dandiarchive.org/api/assets/15fd751d-ee76-4b66-b53e-648689fd08ef/download/
sub-NYU-40/sub-NYU-40_ses-5157810e-0fff-4bcf-b19d-32d4e39c7dfc_desc-raw_ecephys.nwb,97975297355,6d5b0b2d-3223-4ecb-b524-f21798ed5a67,2026-02-03T00:12:35.655001Z,2026-03-09T13:24:12.360552Z,https://api.dandiarchive.org/api/assets/6d5b0b2d-3223-4ecb-b524-f21798ed5a67/download/
sub-NYU-21/sub-NYU-21_ses-ebe2efe3-e8a1-451a-8947-76ef42427cc9_ecephys+image/sub-NYU-21_ses-ebe2efe3-e8a1-451a-8947-76ef42427cc9_VideoBodyCamera.mp4,1454001032,d7b6fa92-f84a-42d7-b8d8-62b98e18c2a9,2026-02-03T00:12:57.119875Z,2026-03-09T13:24:12.371057Z,https://api.dandiarchive.org/api/assets/d7b6fa92-f84a-42d7-b8d8-62b98e18c2a9/download/
sub-NYU-21/sub-NYU-21_ses-ebe2efe3-e8a1-451a-8947-76ef42427cc9_ecephys+image/sub-NYU-21_ses-ebe2efe3-e8a1-451a-8947-76ef42427cc9_VideoRightCamera.mp4,4992129781,89813686-a864-442f-8c8f-70be38bd3478,2026-02-03T00:14:11.659394Z,2026-03-09T13:24:12.381319Z,https://api.dandiarchive.org/api/assets/89813686-a864-442f-8c8f-70be38bd3478/download/
sub-NYU-21/sub-NYU-21_ses-ebe2efe3-e8a1-451a-8947-76ef42427cc9_ecephys+image/sub-NYU-21_ses-ebe2efe3-e8a1-451a-8947-76ef42427cc9_VideoLeftCamera.mp4,6244078398,4804c92f-f442-4c9c-bb76-1c70707a8fd9,2026-02-03T00:14:30.042647Z,2026-03-09T13:24:12.391464Z,https://api.dandiarchive.org/api/assets/4804c92f-f442-4c9c-bb76-1c70707a8fd9/download/
sub-NYU-45/sub-NYU-45_ses-5bcafa14-71cb-42fa-8265-ce5cda1b89e0_ecephys+image/sub-NYU-45_ses-5bcafa14-71cb-42fa-8265-ce5cda1b89e0_VideoBodyCamera.mp4,722145081,a42d1109-5482-40a7-95a2-7d7d0a66f04b,2026-02-03T00:15:00.676650Z,2026-03-09T13:24:12.401436Z,https://api.dandiarchive.org/api/assets/a42d1109-5482-40a7-95a2-7d7d0a66f04b/download/
sub-CSHL047/sub-CSHL047_ses-b52182e7-39f6-4914-9717-136db589706e_ecephys+image/sub-CSHL047_ses-b52182e7-39f6-4914-9717-136db589706e_VideoRightCamera.mp4,4546268304,478c71aa-7104-4c6f-afe3-8a4c76cb3c79,2026-02-03T00:15:39.069842Z,2026-03-09T13:24:12.410014Z,https://api.dandiarchive.org/api/assets/478c71aa-7104-4c6f-afe3-8a4c76cb3c79/download/
sub-NYU-45/sub-NYU-45_ses-51e53aff-1d5d-4182-a684-aba783d50ae5_desc-raw_ecephys.nwb,99826116741,a4061a5f-81ff-4c40-b5ac-7518ba2d37d9,2026-02-03T00:16:08.464796Z,2026-03-09T13:24:12.420466Z,https://api.dandiarchive.org/api/assets/a4061a5f-81ff-4c40-b5ac-7518ba2d37d9/download/
sub-NYU-45/sub-NYU-45_ses-5bcafa14-71cb-42fa-8265-ce5cda1b89e0_ecephys+image/sub-NYU-45_ses-5bcafa14-71cb-42fa-8265-ce5cda1b89e0_VideoRightCamera.mp4,4421552068,ea62088f-de6c-4f03-92bd-874197858965,2026-02-03T00:16:15.449219Z,2026-03-09T13:24:12.433592Z,https://api.dandiarchive.org/api/assets/ea62088f-de6c-4f03-92bd-874197858965/download/
sub-CSHL045/sub-CSHL045_ses-034e726f-b35f-41e0-8d6c-a22cc32391fb_desc-raw_ecephys.nwb,101258510131,ae56c65d-e8a5-4751-9307-014fa0c1a0ab,2026-02-03T00:16:23.088382Z,2026-03-09T13:24:12.446189Z,https://api.dandiarchive.org/api/assets/ae56c65d-e8a5-4751-9307-014fa0c1a0ab/download/
sub-NYU-45/sub-NYU-45_ses-5bcafa14-71cb-42fa-8265-ce5cda1b89e0_ecephys+image/sub-NYU-45_ses-5bcafa14-71cb-42fa-8265-ce5cda1b89e0_VideoLeftCamera.mp4,6484823796,9082c9dc-0f27-4993-939a-bc4edaa2b689,2026-02-03T00:16:46.789858Z,2026-03-09T13:24:12.457899Z,https://api.dandiarchive.org/api/assets/9082c9dc-0f27-4993-939a-bc4edaa2b689/download/
sub-CSHL047/sub-CSHL047_ses-b52182e7-39f6-4914-9717-136db589706e_ecephys+image/sub-CSHL047_ses-b52182e7-39f6-4914-9717-136db589706e_VideoLeftCamera.mp4,9242169127,02f43457-0691-487a-bc8a-312c21144b7b,2026-02-03T00:16:50.628039Z,2026-03-09T13:24:12.468748Z,https://api.dandiarchive.org/api/assets/02f43457-0691-487a-bc8a-312c21144b7b/download/
sub-NYU-46/sub-NYU-46_ses-72982282-e493-45ee-87ce-aa45cb3a3ec1_ecephys+image/sub-NYU-46_ses-72982282-e493-45ee-87ce-aa45cb3a3ec1_VideoBodyCamera.mp4,732345027,673ec31c-1461-44bd-bfab-4a04065481bb,2026-02-03T00:18:51.140548Z,2026-03-09T13:24:12.479524Z,https://api.dandiarchive.org/api/assets/673ec31c-1461-44bd-bfab-4a04065481bb/download/
sub-NYU-46/sub-NYU-46_ses-72982282-e493-45ee-87ce-aa45cb3a3ec1_ecephys+image/sub-NYU-46_ses-72982282-e493-45ee-87ce-aa45cb3a3ec1_VideoLeftCamera.mp4,5496032311,01557d7c-5be4-416d-bc2a-3f90172b8a85,2026-02-03T00:20:30.533886Z,2026-03-09T13:24:12.489664Z,https://api.dandiarchive.org/api/assets/01557d7c-5be4-416d-bc2a-3f90172b8a85/download/
sub-NYU-46/sub-NYU-46_ses-72982282-e493-45ee-87ce-aa45cb3a3ec1_ecephys+image/sub-NYU-46_ses-72982282-e493-45ee-87ce-aa45cb3a3ec1_VideoRightCamera.mp4,5589477552,59589665-221a-452b-9227-e1a4757a2ae9,2026-02-03T00:20:31.339035Z,2026-03-09T13:24:12.501020Z,https://api.dandiarchive.org/api/assets/59589665-221a-452b-9227-e1a4757a2ae9/download/
sub-NYU-45/sub-NYU-45_ses-537677fe-1e24-4755-948c-fa4a4e8ecce5_desc-raw_ecephys.nwb,103003856923,3d11288d-07fc-4aac-895f-f2f75a2bc602,2026-02-03T00:20:36.321867Z,2026-03-09T13:24:12.514434Z,https://api.dandiarchive.org/api/assets/3d11288d-07fc-4aac-895f-f2f75a2bc602/download/
sub-CSHL047/sub-CSHL047_ses-2d5f6d81-38c4-4bdc-ac3c-302ea4d5f46e_ecephys+image/sub-CSHL047_ses-2d5f6d81-38c4-4bdc-ac3c-302ea4d5f46e_VideoRightCamera.mp4,4869671881,f9edf90f-6f7f-4921-bb81-fbd1f04e0243,2026-02-03T00:21:02.925114Z,2026-03-09T13:24:12.523256Z,https://api.dandiarchive.org/api/assets/f9edf90f-6f7f-4921-bb81-fbd1f04e0243/download/
sub-CSHL047/sub-CSHL047_ses-2d5f6d81-38c4-4bdc-ac3c-302ea4d5f46e_ecephys+image/sub-CSHL047_ses-2d5f6d81-38c4-4bdc-ac3c-302ea4d5f46e_VideoLeftCamera.mp4,9711194041,1c22502d-8851-46f9-89d3-1cde4677e0f3,2026-02-03T00:22:17.417268Z,2026-03-09T13:24:12.532677Z,https://api.dandiarchive.org/api/assets/1c22502d-8851-46f9-89d3-1cde4677e0f3/download/
sub-NYU-12/sub-NYU-12_ses-a8a8af78-16de-4841-ab07-fde4b5281a03_ecephys+image/sub-NYU-12_ses-a8a8af78-16de-4841-ab07-fde4b5281a03_VideoRightCamera.mp4,1514911919,37cc2e44-177e-4804-b548-d4a23a50d926,2026-02-03T00:22:38.469592Z,2026-03-09T13:24:12.543685Z,https://api.dandiarchive.org/api/assets/37cc2e44-177e-4804-b548-d4a23a50d926/download/
sub-NYU-12/sub-NYU-12_ses-a8a8af78-16de-4841-ab07-fde4b5281a03_ecephys+image/sub-NYU-12_ses-a8a8af78-16de-4841-ab07-fde4b5281a03_VideoLeftCamera.mp4,2754096575,a02ce8e1-ccce-421f-ad4e-f95327e3ec36,2026-02-03T00:22:54.086348Z,2026-03-09T13:24:12.555365Z,https://api.dandiarchive.org/api/assets/a02ce8e1-ccce-421f-ad4e-f95327e3ec36/download/
sub-CSHL045/sub-CSHL045_ses-7939711b-8b4d-4251-b698-b97c1eaa846e_desc-raw_ecephys.nwb,94750521303,48d98824-c552-43d0-aad2-89ca877914b4,2026-02-03T00:23:40.290203Z,2026-03-09T13:24:12.568595Z,https://api.dandiarchive.org/api/assets/48d98824-c552-43d0-aad2-89ca877914b4/download/
sub-NYU-47/sub-NYU-47_ses-15948667-747b-4702-9d53-354ac70e9119_ecephys+image/sub-NYU-47_ses-15948667-747b-4702-9d53-354ac70e9119_VideoBodyCamera.mp4,757890537,9b581603-5368-476c-a8a5-b0b93dc81bb4,2026-02-03T00:24:29.460477Z,2026-03-09T13:24:12.579108Z,https://api.dandiarchive.org/api/assets/9b581603-5368-476c-a8a5-b0b93dc81bb4/download/
sub-NYU-47/sub-NYU-47_ses-fc43390d-457e-463a-9fd4-b94a0a8b48f5_ecephys+image/sub-NYU-47_ses-fc43390d-457e-463a-9fd4-b94a0a8b48f5_VideoBodyCamera.mp4,720948563,eb4015df-404a-46cf-a216-5fa8d6191d26,2026-02-03T00:24:31.854258Z,2026-03-09T13:24:12.588784Z,https://api.dandiarchive.org/api/assets/eb4015df-404a-46cf-a216-5fa8d6191d26/download/
sub-NYU-40/sub-NYU-40_ses-71855308-7e54-41d7-a7a4-b042e78e3b4f_desc-raw_ecephys.nwb,103271958659,6066f071-96b3-49c8-b40a-571491a7e874,2026-02-03T00:24:46.314748Z,2026-03-09T13:24:12.602475Z,https://api.dandiarchive.org/api/assets/6066f071-96b3-49c8-b40a-571491a7e874/download/
sub-NYU-48/sub-NYU-48_ses-3d59aa1a-b4ba-47fe-b9cf-741b5fdb0c7b_ecephys+image/sub-NYU-48_ses-3d59aa1a-b4ba-47fe-b9cf-741b5fdb0c7b_VideoBodyCamera.mp4,849576030,9daa6a43-6479-438b-be3b-00b2bc3a0fbf,2026-02-03T00:25:22.401471Z,2026-03-09T13:24:12.612055Z,https://api.dandiarchive.org/api/assets/9daa6a43-6479-438b-be3b-00b2bc3a0fbf/download/
sub-NYU-48/sub-NYU-48_ses-a405053a-eb13-4aa4-850c-5a337e5dc7fd_desc-raw_ecephys.nwb,109800311046,422eb920-4459-4ad7-b598-70af77ada24c,2026-02-03T00:25:36.452891Z,2026-03-09T13:24:12.623901Z,https://api.dandiarchive.org/api/assets/422eb920-4459-4ad7-b598-70af77ada24c/download/
sub-NYU-47/sub-NYU-47_ses-fc43390d-457e-463a-9fd4-b94a0a8b48f5_ecephys+image/sub-NYU-47_ses-fc43390d-457e-463a-9fd4-b94a0a8b48f5_VideoRightCamera.mp4,4661412615,8873665f-df21-40ba-a748-69b5212fd0d6,2026-02-03T00:25:51.704658Z,2026-03-09T13:24:12.633420Z,https://api.dandiarchive.org/api/assets/8873665f-df21-40ba-a748-69b5212fd0d6/download/
sub-NYU-47/sub-NYU-47_ses-fc43390d-457e-463a-9fd4-b94a0a8b48f5_ecephys+image/sub-NYU-47_ses-fc43390d-457e-463a-9fd4-b94a0a8b48f5_VideoLeftCamera.mp4,5198079555,c0e0034e-3628-42a8-bac1-d5c7a20e608f,2026-02-03T00:26:00.734272Z,2026-03-09T13:24:12.647310Z,https://api.dandiarchive.org/api/assets/c0e0034e-3628-42a8-bac1-d5c7a20e608f/download/
sub-NYU-47/sub-NYU-47_ses-15948667-747b-4702-9d53-354ac70e9119_ecephys+image/sub-NYU-47_ses-15948667-747b-4702-9d53-354ac70e9119_VideoLeftCamera.mp4,5309366275,b27c0da6-9232-4f78-a08e-63201cb446ad,2026-02-03T00:26:03.437003Z,2026-03-09T13:24:12.659414Z,https://api.dandiarchive.org/api/assets/b27c0da6-9232-4f78-a08e-63201cb446ad/download/
sub-NYU-47/sub-NYU-47_ses-15948667-747b-4702-9d53-354ac70e9119_ecephys+image/sub-NYU-47_ses-15948667-747b-4702-9d53-354ac70e9119_VideoRightCamera.mp4,5590059886,32853f90-8584-466c-9d82-9a5997749fd2,2026-02-03T00:26:07.239115Z,2026-03-09T13:24:12.670366Z,https://api.dandiarchive.org/api/assets/32853f90-8584-466c-9d82-9a5997749fd2/download/
sub-NYU-39/sub-NYU-39_ses-ee212778-3903-4f5b-ac4b-a72f22debf03_desc-raw_ecephys.nwb,108129623093,3360375c-232f-4a1e-92a6-947320c241d9,2026-02-03T00:26:13.983237Z,2026-03-09T13:24:12.681253Z,https://api.dandiarchive.org/api/assets/3360375c-232f-4a1e-92a6-947320c241d9/download/
sub-NYU-48/sub-NYU-48_ses-3d59aa1a-b4ba-47fe-b9cf-741b5fdb0c7b_ecephys+image/sub-NYU-48_ses-3d59aa1a-b4ba-47fe-b9cf-741b5fdb0c7b_VideoRightCamera.mp4,4304611118,e588ed81-1ea8-4800-9faf-03911488f226,2026-02-03T00:26:31.576547Z,2026-03-09T13:24:12.690194Z,https://api.dandiarchive.org/api/assets/e588ed81-1ea8-4800-9faf-03911488f226/download/
sub-NYU-48/sub-NYU-48_ses-3d59aa1a-b4ba-47fe-b9cf-741b5fdb0c7b_ecephys+image/sub-NYU-48_ses-3d59aa1a-b4ba-47fe-b9cf-741b5fdb0c7b_VideoLeftCamera.mp4,6381112541,a7405b74-dd75-42c5-8a00-6ab891ec1817,2026-02-03T00:27:02.666549Z,2026-03-09T13:24:12.701684Z,https://api.dandiarchive.org/api/assets/a7405b74-dd75-42c5-8a00-6ab891ec1817/download/
sub-NYU-47/sub-NYU-47_ses-288bfbf3-3700-4abe-b6e4-130b5c541e61_desc-raw_ecephys.nwb,109980734872,f3bedfa0-b13c-48ca-8790-3fdc80ebf4bf,2026-02-03T00:29:29.642212Z,2026-03-09T13:24:12.712835Z,https://api.dandiarchive.org/api/assets/f3bedfa0-b13c-48ca-8790-3fdc80ebf4bf/download/
sub-NYU-48/sub-NYU-48_ses-93ad879a-aa42-4150-83e1-38773c9785e4_desc-raw_ecephys.nwb,106353035363,493827e9-1b78-4f96-b545-cd3149615ed0,2026-02-03T00:29:35.349880Z,2026-03-09T13:24:12.722845Z,https://api.dandiarchive.org/api/assets/493827e9-1b78-4f96-b545-cd3149615ed0/download/
sub-NYU-37/sub-NYU-37_ses-aec5d3cc-4bb2-4349-80a9-0395b76f04e2_desc-raw_ecephys.nwb,111740292870,db9fe29e-7f02-4412-a60b-93757224b932,2026-02-03T00:37:31.843612Z,2026-03-09T13:24:12.734728Z,https://api.dandiarchive.org/api/assets/db9fe29e-7f02-4412-a60b-93757224b932/download/
sub-NYU-21/sub-NYU-21_ses-ebe2efe3-e8a1-451a-8947-76ef42427cc9_desc-raw_ecephys.nwb,118236726014,22b87047-045e-4698-a344-05211c4ce841,2026-02-03T00:43:53.601390Z,2026-03-09T13:24:12.751011Z,https://api.dandiarchive.org/api/assets/22b87047-045e-4698-a344-05211c4ce841/download/
sub-NYU-45/sub-NYU-45_ses-5bcafa14-71cb-42fa-8265-ce5cda1b89e0_desc-raw_ecephys.nwb,114441454009,6d982d9c-5521-407f-9633-009deb7428b1,2026-02-03T00:45:01.413226Z,2026-03-09T13:24:12.762031Z,https://api.dandiarchive.org/api/assets/6d982d9c-5521-407f-9633-009deb7428b1/download/
sub-CSHL047/sub-CSHL047_ses-b52182e7-39f6-4914-9717-136db589706e_desc-raw_ecephys.nwb,116199210085,d54fbf42-bb56-462c-b63a-36b9911753ec,2026-02-03T00:45:26.951530Z,2026-03-09T13:24:12.774065Z,https://api.dandiarchive.org/api/assets/d54fbf42-bb56-462c-b63a-36b9911753ec/download/
sub-NYU-65/sub-NYU-65_ses-a2ec6341-c55f-48a0-a23b-0ef2f5b1d71e_ecephys+image/sub-NYU-65_ses-a2ec6341-c55f-48a0-a23b-0ef2f5b1d71e_VideoBodyCamera.mp4,542663818,a0e87785-d12a-4cf1-80f1-0ecb00820edd,2026-02-03T00:45:57.681159Z,2026-03-09T13:24:12.787836Z,https://api.dandiarchive.org/api/assets/a0e87785-d12a-4cf1-80f1-0ecb00820edd/download/
sub-NYU-65/sub-NYU-65_ses-a2ec6341-c55f-48a0-a23b-0ef2f5b1d71e_ecephys+image/sub-NYU-65_ses-a2ec6341-c55f-48a0-a23b-0ef2f5b1d71e_VideoRightCamera.mp4,4554662826,30a84aaa-5fd1-4401-a0d9-f11b3d00e486,2026-02-03T00:47:25.757292Z,2026-03-09T13:24:12.801159Z,https://api.dandiarchive.org/api/assets/30a84aaa-5fd1-4401-a0d9-f11b3d00e486/download/
sub-NYU-65/sub-NYU-65_ses-a2ec6341-c55f-48a0-a23b-0ef2f5b1d71e_ecephys+image/sub-NYU-65_ses-a2ec6341-c55f-48a0-a23b-0ef2f5b1d71e_VideoLeftCamera.mp4,6716114228,7afadac4-99e3-47aa-b4d7-13dd9f1b82e3,2026-02-03T00:48:06.425405Z,2026-03-09T13:24:12.812915Z,https://api.dandiarchive.org/api/assets/7afadac4-99e3-47aa-b4d7-13dd9f1b82e3/download/
sub-NYU-12/sub-NYU-12_ses-032ffcdf-7692-40b3-b9ff-8def1fc18b2e_ecephys+image/sub-NYU-12_ses-032ffcdf-7692-40b3-b9ff-8def1fc18b2e_VideoRightCamera.mp4,1746769265,034479a7-eea8-4642-a7ff-fd107eee119d,2026-02-03T00:49:54.852521Z,2026-03-09T13:24:12.824946Z,https://api.dandiarchive.org/api/assets/034479a7-eea8-4642-a7ff-fd107eee119d/download/
sub-NYU-12/sub-NYU-12_ses-032ffcdf-7692-40b3-b9ff-8def1fc18b2e_ecephys+image/sub-NYU-12_ses-032ffcdf-7692-40b3-b9ff-8def1fc18b2e_VideoLeftCamera.mp4,2893362666,19fe2103-d3b9-44d3-a629-42cb6563493a,2026-02-03T00:50:10.167998Z,2026-03-09T13:24:12.835520Z,https://api.dandiarchive.org/api/assets/19fe2103-d3b9-44d3-a629-42cb6563493a/download/
sub-NYU-46/sub-NYU-46_ses-72982282-e493-45ee-87ce-aa45cb3a3ec1_desc-raw_ecephys.nwb,120340810786,1f73062b-84f8-4628-ab86-12972b21ac0f,2026-02-03T00:50:32.972609Z,2026-03-09T13:24:12.848053Z,https://api.dandiarchive.org/api/assets/1f73062b-84f8-4628-ab86-12972b21ac0f/download/
sub-CSHL047/sub-CSHL047_ses-2d5f6d81-38c4-4bdc-ac3c-302ea4d5f46e_desc-raw_ecephys.nwb,118269474988,f4ef09e1-b3e1-4d6b-9ad9-4aca37782d42,2026-02-03T00:51:17.740049Z,2026-03-09T13:24:12.857874Z,https://api.dandiarchive.org/api/assets/f4ef09e1-b3e1-4d6b-9ad9-4aca37782d42/download/
sub-CSHL049/sub-CSHL049_ses-4b7fbad4-f6de-43b4-9b15-c7c7ef44db4b_ecephys+image/sub-CSHL049_ses-4b7fbad4-f6de-43b4-9b15-c7c7ef44db4b_VideoBodyCamera.mp4,703084425,11716cad-eda1-44f9-af25-eaa17335a750,2026-02-03T00:52:24.951601Z,2026-03-09T13:24:12.868702Z,https://api.dandiarchive.org/api/assets/11716cad-eda1-44f9-af25-eaa17335a750/download/
sub-NYU-12/sub-NYU-12_ses-a8a8af78-16de-4841-ab07-fde4b5281a03_desc-raw_ecephys.nwb,124027310829,277e10d0-d2ae-41c1-be76-623878a9cc67,2026-02-03T00:54:21.117927Z,2026-03-09T13:24:12.879519Z,https://api.dandiarchive.org/api/assets/277e10d0-d2ae-41c1-be76-623878a9cc67/download/
sub-CSHL049/sub-CSHL049_ses-4b7fbad4-f6de-43b4-9b15-c7c7ef44db4b_ecephys+image/sub-CSHL049_ses-4b7fbad4-f6de-43b4-9b15-c7c7ef44db4b_VideoRightCamera.mp4,6474914268,19bfbbf5-690a-483e-91a7-a12e6d44ba4a,2026-02-03T00:54:40.572370Z,2026-03-09T13:24:12.891720Z,https://api.dandiarchive.org/api/assets/19bfbbf5-690a-483e-91a7-a12e6d44ba4a/download/
sub-CSHL049/sub-CSHL049_ses-4b7fbad4-f6de-43b4-9b15-c7c7ef44db4b_ecephys+image/sub-CSHL049_ses-4b7fbad4-f6de-43b4-9b15-c7c7ef44db4b_VideoLeftCamera.mp4,8332043867,227219d4-3ac3-4a79-9b13-3575eae2a0e2,2026-02-03T00:55:12.679295Z,2026-03-09T13:24:12.902557Z,https://api.dandiarchive.org/api/assets/227219d4-3ac3-4a79-9b13-3575eae2a0e2/download/
sub-NYU-47/sub-NYU-47_ses-15948667-747b-4702-9d53-354ac70e9119_desc-raw_ecephys.nwb,119225497897,55d8ef18-3094-40a3-96c2-0cf2ba5907c5,2026-02-03T00:55:44.289482Z,2026-03-09T13:24:12.914200Z,https://api.dandiarchive.org/api/assets/55d8ef18-3094-40a3-96c2-0cf2ba5907c5/download/
sub-NYU-47/sub-NYU-47_ses-fc43390d-457e-463a-9fd4-b94a0a8b48f5_desc-raw_ecephys.nwb,123969624763,97660790-62b6-4c7b-b2f0-274f2cf1021d,2026-02-03T00:56:58.212590Z,2026-03-09T13:24:12.924483Z,https://api.dandiarchive.org/api/assets/97660790-62b6-4c7b-b2f0-274f2cf1021d/download/
sub-NYU-48/sub-NYU-48_ses-3d59aa1a-b4ba-47fe-b9cf-741b5fdb0c7b_desc-raw_ecephys.nwb,124440038919,5d251e48-87bf-4ea2-bbc1-267453001311,2026-02-03T00:58:06.830021Z,2026-03-09T13:24:12.934975Z,https://api.dandiarchive.org/api/assets/5d251e48-87bf-4ea2-bbc1-267453001311/download/
sub-NYU-30/sub-NYU-30_ses-5ec72172-3901-4771-8777-6e9490ca51fc_ecephys+image/sub-NYU-30_ses-5ec72172-3901-4771-8777-6e9490ca51fc_VideoBodyCamera.mp4,1581405306,415611e3-a9e4-4c50-9ebb-9c2b5606a850,2026-02-03T01:04:24.589421Z,2026-03-09T13:24:12.944705Z,https://api.dandiarchive.org/api/assets/415611e3-a9e4-4c50-9ebb-9c2b5606a850/download/
sub-NYU-30/sub-NYU-30_ses-5ec72172-3901-4771-8777-6e9490ca51fc_ecephys+image/sub-NYU-30_ses-5ec72172-3901-4771-8777-6e9490ca51fc_VideoRightCamera.mp4,5939671642,fbd5bc52-e797-4884-9075-e0847c4016f7,2026-02-03T01:06:03.397190Z,2026-03-09T13:24:12.954002Z,https://api.dandiarchive.org/api/assets/fbd5bc52-e797-4884-9075-e0847c4016f7/download/
sub-NYU-30/sub-NYU-30_ses-5ec72172-3901-4771-8777-6e9490ca51fc_ecephys+image/sub-NYU-30_ses-5ec72172-3901-4771-8777-6e9490ca51fc_VideoLeftCamera.mp4,8402284405,9a537c65-fee0-4035-877e-298f0a3a079f,2026-02-03T01:06:56.530663Z,2026-03-09T13:24:12.964440Z,https://api.dandiarchive.org/api/assets/9a537c65-fee0-4035-877e-298f0a3a079f/download/
sub-NYU-65/sub-NYU-65_ses-a2ec6341-c55f-48a0-a23b-0ef2f5b1d71e_desc-raw_ecephys.nwb,135907000686,e4625dfa-7bda-47de-91c1-d929bbf4c2a4,2026-02-03T01:21:31.151236Z,2026-03-09T13:24:12.973336Z,https://api.dandiarchive.org/api/assets/e4625dfa-7bda-47de-91c1-d929bbf4c2a4/download/
sub-CSHL045/sub-CSHL045_ses-fa704052-147e-46f6-b190-a65b837e605e_ecephys+image/sub-CSHL045_ses-fa704052-147e-46f6-b190-a65b837e605e_VideoRightCamera.mp4,4409454741,cdc6c081-d45d-4852-acd6-c2065d34287f,2026-02-03T01:23:23.304024Z,2026-03-09T13:24:12.982360Z,https://api.dandiarchive.org/api/assets/cdc6c081-d45d-4852-acd6-c2065d34287f/download/
sub-CSHL045/sub-CSHL045_ses-fa704052-147e-46f6-b190-a65b837e605e_ecephys+image/sub-CSHL045_ses-fa704052-147e-46f6-b190-a65b837e605e_VideoLeftCamera.mp4,8628419343,5b1cfd22-ccf7-408d-bde6-618bdabfffd7,2026-02-03T01:24:27.318419Z,2026-03-09T13:24:12.992802Z,https://api.dandiarchive.org/api/assets/5b1cfd22-ccf7-408d-bde6-618bdabfffd7/download/
sub-NYU-12/sub-NYU-12_ses-032ffcdf-7692-40b3-b9ff-8def1fc18b2e_desc-raw_ecephys.nwb,141380962520,ee5d03f6-9609-4284-b736-282dd887fd83,2026-02-03T01:26:00.368161Z,2026-03-09T13:24:13.002102Z,https://api.dandiarchive.org/api/assets/ee5d03f6-9609-4284-b736-282dd887fd83/download/
sub-CSHL049/sub-CSHL049_ses-4b7fbad4-f6de-43b4-9b15-c7c7ef44db4b_desc-raw_ecephys.nwb,138380766273,902b880d-6fbd-4a3b-b563-389867903e9f,2026-02-03T01:29:05.711232Z,2026-03-09T13:24:13.012985Z,https://api.dandiarchive.org/api/assets/902b880d-6fbd-4a3b-b563-389867903e9f/download/
sub-NYU-65/sub-NYU-65_ses-bb8d9451-fdbd-4f46-b52e-9290e8f84d2e_ecephys+image/sub-NYU-65_ses-bb8d9451-fdbd-4f46-b52e-9290e8f84d2e_VideoBodyCamera.mp4,627687993,ae9b8761-3229-4b36-84dc-d282129e65c2,2026-02-03T01:32:05.043698Z,2026-03-09T13:24:13.025262Z,https://api.dandiarchive.org/api/assets/ae9b8761-3229-4b36-84dc-d282129e65c2/download/
sub-NYU-65/sub-NYU-65_ses-bb8d9451-fdbd-4f46-b52e-9290e8f84d2e_ecephys+image/sub-NYU-65_ses-bb8d9451-fdbd-4f46-b52e-9290e8f84d2e_VideoLeftCamera.mp4,6198663988,b771bf6f-a8d0-4a8d-8f66-4e249d958a6e,2026-02-03T01:34:10.568614Z,2026-03-09T13:24:13.035817Z,https://api.dandiarchive.org/api/assets/b771bf6f-a8d0-4a8d-8f66-4e249d958a6e/download/
sub-NYU-65/sub-NYU-65_ses-bb8d9451-fdbd-4f46-b52e-9290e8f84d2e_ecephys+image/sub-NYU-65_ses-bb8d9451-fdbd-4f46-b52e-9290e8f84d2e_VideoRightCamera.mp4,7037071632,b1b09311-a8d7-4a03-b2b4-dbc50e95388d,2026-02-03T01:34:25.572064Z,2026-03-09T13:24:13.045693Z,https://api.dandiarchive.org/api/assets/b1b09311-a8d7-4a03-b2b4-dbc50e95388d/download/
sub-NYU-30/sub-NYU-30_ses-5ec72172-3901-4771-8777-6e9490ca51fc_desc-raw_ecephys.nwb,152049658705,648e532c-55ee-44a9-9691-4608cc6c488a,2026-02-03T01:44:18.727959Z,2026-03-09T13:24:13.064243Z,https://api.dandiarchive.org/api/assets/648e532c-55ee-44a9-9691-4608cc6c488a/download/
sub-CSHL045/sub-CSHL045_ses-fa704052-147e-46f6-b190-a65b837e605e_desc-raw_ecephys.nwb,157226522231,60ab3116-6e91-485c-922a-04c06a82c728,2026-02-03T02:03:28.173044Z,2026-03-09T13:24:13.075561Z,https://api.dandiarchive.org/api/assets/60ab3116-6e91-485c-922a-04c06a82c728/download/
sub-NYU-65/sub-NYU-65_ses-bb8d9451-fdbd-4f46-b52e-9290e8f84d2e_desc-raw_ecephys.nwb,163756888618,465e7ad5-9bf9-493b-8a7d-6a4b34d472ca,2026-02-03T02:15:00.811293Z,2026-03-09T13:24:13.085714Z,https://api.dandiarchive.org/api/assets/465e7ad5-9bf9-493b-8a7d-6a4b34d472ca/download/
sub-CSHL049/sub-CSHL049_ses-d839491f-55d8-4cbe-a298-7839208ba12b_ecephys+image/sub-CSHL049_ses-d839491f-55d8-4cbe-a298-7839208ba12b_VideoRightCamera.mp4,4972951506,b2e1b20a-1e2c-4c28-815b-9599b352fe2c,2026-02-03T23:03:07.284099Z,2026-03-09T13:24:13.095015Z,https://api.dandiarchive.org/api/assets/b2e1b20a-1e2c-4c28-815b-9599b352fe2c/download/
sub-CSHL049/sub-CSHL049_ses-d839491f-55d8-4cbe-a298-7839208ba12b_ecephys+image/sub-CSHL049_ses-d839491f-55d8-4cbe-a298-7839208ba12b_VideoLeftCamera.mp4,10404271517,8c170b15-34cf-4b99-ada5-8d1d267196e5,2026-02-03T23:04:48.213127Z,2026-03-09T13:24:13.105836Z,https://api.dandiarchive.org/api/assets/8c170b15-34cf-4b99-ada5-8d1d267196e5/download/
sub-CSHL049/sub-CSHL049_ses-d839491f-55d8-4cbe-a298-7839208ba12b_desc-raw_ecephys.nwb,137124937928,af5a5d12-05e3-47ea-b01a-fab118cdf93d,2026-02-03T23:38:04.480788Z,2026-03-09T13:24:13.115867Z,https://api.dandiarchive.org/api/assets/af5a5d12-05e3-47ea-b01a-fab118cdf93d/download/
sub-CSHL049/sub-CSHL049_ses-d2918f52-8280-43c0-924b-029b2317e62c_ecephys+image/sub-CSHL049_ses-d2918f52-8280-43c0-924b-029b2317e62c_VideoRightCamera.mp4,5117450828,5145b33f-1b5a-4545-a004-02d87d23b3bd,2026-02-06T05:50:08.278629Z,2026-03-09T13:24:13.128016Z,https://api.dandiarchive.org/api/assets/5145b33f-1b5a-4545-a004-02d87d23b3bd/download/
sub-CSHL049/sub-CSHL049_ses-d2918f52-8280-43c0-924b-029b2317e62c_ecephys+image/sub-CSHL049_ses-d2918f52-8280-43c0-924b-029b2317e62c_VideoLeftCamera.mp4,7448843679,76234ed9-1d0a-475a-9fd5-299eb3e37ba0,2026-02-06T05:51:16.996375Z,2026-03-09T13:24:13.139852Z,https://api.dandiarchive.org/api/assets/76234ed9-1d0a-475a-9fd5-299eb3e37ba0/download/
sub-CSHL049/sub-CSHL049_ses-d2918f52-8280-43c0-924b-029b2317e62c_desc-raw_ecephys.nwb,65661138784,f0d0e667-33f4-446d-a8a8-152dbef036c0,2026-02-06T06:06:18.410469Z,2026-03-09T13:24:13.160936Z,https://api.dandiarchive.org/api/assets/f0d0e667-33f4-446d-a8a8-152dbef036c0/download/
sub-CSHL052/sub-CSHL052_ses-5386aba9-9b97-4557-abcd-abc2da66b863_ecephys+image/sub-CSHL052_ses-5386aba9-9b97-4557-abcd-abc2da66b863_VideoRightCamera.mp4,3718285838,38747b51-9105-43eb-96c0-54dbc793af92,2026-02-06T20:21:05.610714Z,2026-03-09T13:24:13.172465Z,https://api.dandiarchive.org/api/assets/38747b51-9105-43eb-96c0-54dbc793af92/download/
sub-CSHL052/sub-CSHL052_ses-5386aba9-9b97-4557-abcd-abc2da66b863_ecephys+image/sub-CSHL052_ses-5386aba9-9b97-4557-abcd-abc2da66b863_VideoLeftCamera.mp4,7332721904,fb56c349-17a5-487a-b3a5-57bb4e564e02,2026-02-06T20:22:00.557555Z,2026-03-09T13:24:13.184276Z,https://api.dandiarchive.org/api/assets/fb56c349-17a5-487a-b3a5-57bb4e564e02/download/
sub-CSHL052/sub-CSHL052_ses-85dc2ebd-8aaf-46b0-9284-a197aee8b16f_ecephys+image/sub-CSHL052_ses-85dc2ebd-8aaf-46b0-9284-a197aee8b16f_VideoBodyCamera.mp4,999197736,4e2ef36c-3c6b-4866-9a86-8f6c1cc414fd,2026-02-06T20:22:05.595048Z,2026-03-09T13:24:13.193603Z,https://api.dandiarchive.org/api/assets/4e2ef36c-3c6b-4866-9a86-8f6c1cc414fd/download/
sub-CSHL052/sub-CSHL052_ses-85dc2ebd-8aaf-46b0-9284-a197aee8b16f_ecephys+image/sub-CSHL052_ses-85dc2ebd-8aaf-46b0-9284-a197aee8b16f_VideoRightCamera.mp4,4164071849,6f64ef1e-2a01-4a57-a411-c613e022a22d,2026-02-06T20:24:36.474191Z,2026-03-09T13:24:13.203744Z,https://api.dandiarchive.org/api/assets/6f64ef1e-2a01-4a57-a411-c613e022a22d/download/
sub-CSHL052/sub-CSHL052_ses-85dc2ebd-8aaf-46b0-9284-a197aee8b16f_ecephys+image/sub-CSHL052_ses-85dc2ebd-8aaf-46b0-9284-a197aee8b16f_VideoLeftCamera.mp4,7814243470,779cb5f3-d446-4873-9160-52f133c6aa56,2026-02-06T20:26:23.633811Z,2026-03-09T13:24:13.214640Z,https://api.dandiarchive.org/api/assets/779cb5f3-d446-4873-9160-52f133c6aa56/download/
sub-CSHL052/sub-CSHL052_ses-5386aba9-9b97-4557-abcd-abc2da66b863_desc-raw_ecephys.nwb,73757434288,2fc55695-984c-4e0b-872f-6b579069aaf1,2026-02-06T20:40:01.622009Z,2026-03-09T13:24:13.223784Z,https://api.dandiarchive.org/api/assets/2fc55695-984c-4e0b-872f-6b579069aaf1/download/
sub-CSHL052/sub-CSHL052_ses-85dc2ebd-8aaf-46b0-9284-a197aee8b16f_desc-raw_ecephys.nwb,78324314798,873ff5e6-31a1-4e06-a6da-ccbd9d93ddc0,2026-02-06T20:44:39.123657Z,2026-03-09T13:24:13.233587Z,https://api.dandiarchive.org/api/assets/873ff5e6-31a1-4e06-a6da-ccbd9d93ddc0/download/
sub-CSHL051/sub-CSHL051_ses-ecb5520d-1358-434c-95ec-93687ecd1396_ecephys+image/sub-CSHL051_ses-ecb5520d-1358-434c-95ec-93687ecd1396_VideoRightCamera.mp4,3790367500,7bdea2f1-e9fc-4a36-96c5-f627c193334b,2026-02-06T21:04:12.672817Z,2026-03-09T13:24:13.243815Z,https://api.dandiarchive.org/api/assets/7bdea2f1-e9fc-4a36-96c5-f627c193334b/download/
sub-CSHL051/sub-CSHL051_ses-ecb5520d-1358-434c-95ec-93687ecd1396_ecephys+image/sub-CSHL051_ses-ecb5520d-1358-434c-95ec-93687ecd1396_VideoLeftCamera.mp4,8199514662,87991f3d-213f-4493-9aab-1ed289d8f82b,2026-02-06T21:05:20.333433Z,2026-03-09T13:24:13.256784Z,https://api.dandiarchive.org/api/assets/87991f3d-213f-4493-9aab-1ed289d8f82b/download/
sub-CSHL051/sub-CSHL051_ses-ecb5520d-1358-434c-95ec-93687ecd1396_desc-raw_ecephys.nwb,112500708046,462b1244-b8d1-4bf1-b458-2081c7f6149a,2026-02-06T21:33:05.719699Z,2026-03-09T13:24:13.266945Z,https://api.dandiarchive.org/api/assets/462b1244-b8d1-4bf1-b458-2081c7f6149a/download/
sub-CSHL052/sub-CSHL052_ses-3663d82b-f197-4e8b-b299-7b803a155b84_ecephys+image/sub-CSHL052_ses-3663d82b-f197-4e8b-b299-7b803a155b84_VideoRightCamera.mp4,4016899726,dfbd4d44-ba43-4e75-91f7-de2f4062a3e7,2026-02-06T22:46:06.418426Z,2026-03-09T13:24:13.277309Z,https://api.dandiarchive.org/api/assets/dfbd4d44-ba43-4e75-91f7-de2f4062a3e7/download/
sub-CSHL052/sub-CSHL052_ses-3663d82b-f197-4e8b-b299-7b803a155b84_ecephys+image/sub-CSHL052_ses-3663d82b-f197-4e8b-b299-7b803a155b84_VideoLeftCamera.mp4,7870305159,fe6e047b-1245-4fbc-b17e-54d015fe8c97,2026-02-06T22:47:09.183111Z,2026-03-09T13:24:13.287991Z,https://api.dandiarchive.org/api/assets/fe6e047b-1245-4fbc-b17e-54d015fe8c97/download/
sub-CSHL053/sub-CSHL053_ses-eef82e27-c20e-48da-b4b7-c443031649e3_ecephys+image/sub-CSHL053_ses-eef82e27-c20e-48da-b4b7-c443031649e3_VideoRightCamera.mp4,4170417557,9916a3d4-ed40-43d2-96dd-6c1a9f136952,2026-02-06T23:24:05.262506Z,2026-03-09T13:24:13.297806Z,https://api.dandiarchive.org/api/assets/9916a3d4-ed40-43d2-96dd-6c1a9f136952/download/
sub-CSHL053/sub-CSHL053_ses-eef82e27-c20e-48da-b4b7-c443031649e3_ecephys+image/sub-CSHL053_ses-eef82e27-c20e-48da-b4b7-c443031649e3_VideoLeftCamera.mp4,9004429000,2be71125-0c2a-4a08-9fcf-5f29bd8d052f,2026-02-06T23:25:19.368016Z,2026-03-09T13:24:13.310047Z,https://api.dandiarchive.org/api/assets/2be71125-0c2a-4a08-9fcf-5f29bd8d052f/download/
sub-CSHL052/sub-CSHL052_ses-3663d82b-f197-4e8b-b299-7b803a155b84_desc-raw_ecephys.nwb,169064775790,efd01935-dec0-4e4c-a6e9-7ac720a7a5e7,2026-02-06T23:30:04.175309Z,2026-03-09T13:24:13.321543Z,https://api.dandiarchive.org/api/assets/efd01935-dec0-4e4c-a6e9-7ac720a7a5e7/download/
sub-CSHL053/sub-CSHL053_ses-eef82e27-c20e-48da-b4b7-c443031649e3_desc-raw_ecephys.nwb,57739316632,3fb63988-3cab-4001-bd15-f26c72233826,2026-02-06T23:38:58.379519Z,2026-03-09T13:24:13.337539Z,https://api.dandiarchive.org/api/assets/3fb63988-3cab-4001-bd15-f26c72233826/download/
sub-CSHL053/sub-CSHL053_ses-12dc8b34-b18e-4cdd-90a9-da134a9be79c_ecephys+image/sub-CSHL053_ses-12dc8b34-b18e-4cdd-90a9-da134a9be79c_VideoRightCamera.mp4,6733481730,b55c38ba-da97-4630-a0be-1d9b71358384,2026-02-07T00:05:09.227108Z,2026-03-09T13:24:13.347604Z,https://api.dandiarchive.org/api/assets/b55c38ba-da97-4630-a0be-1d9b71358384/download/
sub-CSHL053/sub-CSHL053_ses-12dc8b34-b18e-4cdd-90a9-da134a9be79c_ecephys+image/sub-CSHL053_ses-12dc8b34-b18e-4cdd-90a9-da134a9be79c_VideoLeftCamera.mp4,13777720501,af82011c-f847-4a8f-b7c0-6bf8859411e3,2026-02-07T00:06:56.255408Z,2026-03-09T13:24:13.357787Z,https://api.dandiarchive.org/api/assets/af82011c-f847-4a8f-b7c0-6bf8859411e3/download/
sub-CSHL053/sub-CSHL053_ses-0deb75fb-9088-42d9-b744-012fb8fc4afb_ecephys+image/sub-CSHL053_ses-0deb75fb-9088-42d9-b744-012fb8fc4afb_VideoRightCamera.mp4,7003436343,80868ac4-e885-426d-9186-9eccdc071b3b,2026-02-07T00:12:13.088977Z,2026-03-09T13:24:13.370047Z,https://api.dandiarchive.org/api/assets/80868ac4-e885-426d-9186-9eccdc071b3b/download/
sub-CSHL053/sub-CSHL053_ses-0deb75fb-9088-42d9-b744-012fb8fc4afb_ecephys+image/sub-CSHL053_ses-0deb75fb-9088-42d9-b744-012fb8fc4afb_VideoLeftCamera.mp4,14553609595,e1b2421e-2d27-4b21-b241-ac833ac7cde2,2026-02-07T00:14:07.251551Z,2026-03-09T13:24:13.380147Z,https://api.dandiarchive.org/api/assets/e1b2421e-2d27-4b21-b241-ac833ac7cde2/download/
sub-CSHL053/sub-CSHL053_ses-12dc8b34-b18e-4cdd-90a9-da134a9be79c_desc-raw_ecephys.nwb,82556905475,f7424cb2-f801-4e39-ad3d-57635725d682,2026-02-07T00:26:19.909859Z,2026-03-09T13:24:13.389112Z,https://api.dandiarchive.org/api/assets/f7424cb2-f801-4e39-ad3d-57635725d682/download/
sub-CSHL053/sub-CSHL053_ses-0deb75fb-9088-42d9-b744-012fb8fc4afb_desc-raw_ecephys.nwb,84966691056,603a7213-b48e-4ff9-afcf-89390500f812,2026-02-07T00:34:12.377999Z,2026-03-09T13:24:13.398425Z,https://api.dandiarchive.org/api/assets/603a7213-b48e-4ff9-afcf-89390500f812/download/
sub-CSHL053/sub-CSHL053_ses-810b1e07-009e-4ebe-930a-915e4cd8ece4_ecephys+image/sub-CSHL053_ses-810b1e07-009e-4ebe-930a-915e4cd8ece4_VideoRightCamera.mp4,3980845111,04ab4b14-d6bd-46bf-ada9-cc11221e3a2f,2026-02-07T00:49:55.005177Z,2026-03-09T13:24:13.409354Z,https://api.dandiarchive.org/api/assets/04ab4b14-d6bd-46bf-ada9-cc11221e3a2f/download/
sub-CSHL053/sub-CSHL053_ses-810b1e07-009e-4ebe-930a-915e4cd8ece4_ecephys+image/sub-CSHL053_ses-810b1e07-009e-4ebe-930a-915e4cd8ece4_VideoLeftCamera.mp4,8897797248,c83cd1a2-b6cc-4986-b33b-dc52e524b88e,2026-02-07T00:51:26.226910Z,2026-03-09T13:24:13.417981Z,https://api.dandiarchive.org/api/assets/c83cd1a2-b6cc-4986-b33b-dc52e524b88e/download/
sub-CSHL052/sub-CSHL052_ses-4b00df29-3769-43be-bb40-128b1cba6d35_ecephys+image/sub-CSHL052_ses-4b00df29-3769-43be-bb40-128b1cba6d35_VideoRightCamera.mp4,3114425715,3730b58c-22fa-4af7-bcbb-946916096a91,2026-02-07T00:51:40.311394Z,2026-03-09T13:24:13.431572Z,https://api.dandiarchive.org/api/assets/3730b58c-22fa-4af7-bcbb-946916096a91/download/
sub-CSHL052/sub-CSHL052_ses-4b00df29-3769-43be-bb40-128b1cba6d35_ecephys+image/sub-CSHL052_ses-4b00df29-3769-43be-bb40-128b1cba6d35_VideoLeftCamera.mp4,6415843107,ef452127-0299-4a30-8bb4-d9ab268e6e41,2026-02-07T00:52:35.616095Z,2026-03-09T13:24:13.442226Z,https://api.dandiarchive.org/api/assets/ef452127-0299-4a30-8bb4-d9ab268e6e41/download/
sub-CSHL058/sub-CSHL058_ses-28741f91-c837-4147-939e-918d38d849f2_ecephys+image/sub-CSHL058_ses-28741f91-c837-4147-939e-918d38d849f2_VideoRightCamera.mp4,4793643813,95c0ab6f-a149-4a92-9fbe-d22bbb9ae92c,2026-02-07T01:01:47.977859Z,2026-03-09T13:24:13.457998Z,https://api.dandiarchive.org/api/assets/95c0ab6f-a149-4a92-9fbe-d22bbb9ae92c/download/
sub-CSHL058/sub-CSHL058_ses-28741f91-c837-4147-939e-918d38d849f2_ecephys+image/sub-CSHL058_ses-28741f91-c837-4147-939e-918d38d849f2_VideoLeftCamera.mp4,10755772322,a5cefbdd-ea71-44a5-81b7-b83f8f38dc35,2026-02-07T01:03:18.959908Z,2026-03-09T13:24:13.468229Z,https://api.dandiarchive.org/api/assets/a5cefbdd-ea71-44a5-81b7-b83f8f38dc35/download/
sub-CSHL053/sub-CSHL053_ses-810b1e07-009e-4ebe-930a-915e4cd8ece4_desc-raw_ecephys.nwb,110844674051,3d1630ff-d208-4c21-84fd-8f57f0dcc4c0,2026-02-07T01:18:41.553417Z,2026-03-09T13:24:13.479004Z,https://api.dandiarchive.org/api/assets/3d1630ff-d208-4c21-84fd-8f57f0dcc4c0/download/
sub-CSHL058/sub-CSHL058_ses-f312aaec-3b6f-44b3-86b4-3a0c119c0438_ecephys+image/sub-CSHL058_ses-f312aaec-3b6f-44b3-86b4-3a0c119c0438_VideoRightCamera.mp4,5872854246,0f53db76-6bbd-4124-8f78-27b797c728e4,2026-02-07T01:22:20.965116Z,2026-03-09T13:24:13.488748Z,https://api.dandiarchive.org/api/assets/0f53db76-6bbd-4124-8f78-27b797c728e4/download/
sub-CSHL052/sub-CSHL052_ses-4b00df29-3769-43be-bb40-128b1cba6d35_desc-raw_ecephys.nwb,119325504961,f70cfc85-5dd3-4c3d-8bfb-90a31124c15f,2026-02-07T01:22:21.691511Z,2026-03-09T13:24:13.505956Z,https://api.dandiarchive.org/api/assets/f70cfc85-5dd3-4c3d-8bfb-90a31124c15f/download/
sub-CSHL058/sub-CSHL058_ses-f312aaec-3b6f-44b3-86b4-3a0c119c0438_ecephys+image/sub-CSHL058_ses-f312aaec-3b6f-44b3-86b4-3a0c119c0438_VideoLeftCamera.mp4,11653974494,a7384066-aa13-4fc3-be1f-dcede28542c2,2026-02-07T01:23:56.780362Z,2026-03-09T13:24:13.518140Z,https://api.dandiarchive.org/api/assets/a7384066-aa13-4fc3-be1f-dcede28542c2/download/
sub-CSHL058/sub-CSHL058_ses-28741f91-c837-4147-939e-918d38d849f2_desc-raw_ecephys.nwb,120311128002,38b0606d-22db-4a9f-9682-ac4d0aba755e,2026-02-07T01:32:49.041144Z,2026-03-09T13:24:13.531315Z,https://api.dandiarchive.org/api/assets/38b0606d-22db-4a9f-9682-ac4d0aba755e/download/
sub-CSHL058/sub-CSHL058_ses-fb70ebf7-8175-42b0-9b7a-7c6e8612226e_ecephys+image/sub-CSHL058_ses-fb70ebf7-8175-42b0-9b7a-7c6e8612226e_VideoRightCamera.mp4,6075090180,4c4476e4-a45b-47be-b782-450abbd90013,2026-02-07T01:33:10.635359Z,2026-03-09T13:24:13.541840Z,https://api.dandiarchive.org/api/assets/4c4476e4-a45b-47be-b782-450abbd90013/download/
sub-CSHL058/sub-CSHL058_ses-fb70ebf7-8175-42b0-9b7a-7c6e8612226e_ecephys+image/sub-CSHL058_ses-fb70ebf7-8175-42b0-9b7a-7c6e8612226e_VideoLeftCamera.mp4,12705255060,d4546727-157f-4232-92ab-900a6c68f2ec,2026-02-07T01:34:52.474126Z,2026-03-09T13:24:13.558069Z,https://api.dandiarchive.org/api/assets/d4546727-157f-4232-92ab-900a6c68f2ec/download/
sub-CSHL055/sub-CSHL055_ses-0cbeae00-e229-4b7d-bdcc-1b0569d7e0c3_ecephys+image/sub-CSHL055_ses-0cbeae00-e229-4b7d-bdcc-1b0569d7e0c3_VideoRightCamera.mp4,3663896633,a8e58b6e-607a-46fa-b255-e856c890603e,2026-02-07T01:43:32.278413Z,2026-03-09T13:24:13.570145Z,https://api.dandiarchive.org/api/assets/a8e58b6e-607a-46fa-b255-e856c890603e/download/
sub-CSHL055/sub-CSHL055_ses-0cbeae00-e229-4b7d-bdcc-1b0569d7e0c3_ecephys+image/sub-CSHL055_ses-0cbeae00-e229-4b7d-bdcc-1b0569d7e0c3_VideoLeftCamera.mp4,7193591788,53e22a4a-c7e5-490c-9752-7c6ea5c2fd30,2026-02-07T01:44:31.229967Z,2026-03-09T13:24:13.580384Z,https://api.dandiarchive.org/api/assets/53e22a4a-c7e5-490c-9752-7c6ea5c2fd30/download/
sub-CSHL058/sub-CSHL058_ses-f312aaec-3b6f-44b3-86b4-3a0c119c0438_desc-raw_ecephys.nwb,133190165734,e2ad0c8b-c5d7-42f9-956c-6147136e53cf,2026-02-07T01:56:47.681857Z,2026-03-09T13:24:13.591362Z,https://api.dandiarchive.org/api/assets/e2ad0c8b-c5d7-42f9-956c-6147136e53cf/download/
sub-CSHL058/sub-CSHL058_ses-fb70ebf7-8175-42b0-9b7a-7c6e8612226e_desc-raw_ecephys.nwb,140697573635,a42df521-2263-4347-86b9-90bccbeaf96e,2026-02-07T02:09:11.678907Z,2026-03-09T13:24:13.602893Z,https://api.dandiarchive.org/api/assets/a42df521-2263-4347-86b9-90bccbeaf96e/download/
sub-CSHL054/sub-CSHL054_ses-a71175be-d1fd-47a3-aa93-b830ea3634a1_ecephys+image/sub-CSHL054_ses-a71175be-d1fd-47a3-aa93-b830ea3634a1_VideoRightCamera.mp4,5295583818,053971b5-7765-4d6d-9f51-491b4be5439a,2026-02-07T02:13:19.061407Z,2026-03-09T13:24:13.617899Z,https://api.dandiarchive.org/api/assets/053971b5-7765-4d6d-9f51-491b4be5439a/download/
sub-CSHL054/sub-CSHL054_ses-a71175be-d1fd-47a3-aa93-b830ea3634a1_ecephys+image/sub-CSHL054_ses-a71175be-d1fd-47a3-aa93-b830ea3634a1_VideoLeftCamera.mp4,16098074419,3de6cf21-349f-4282-98bb-1b78d0d83d63,2026-02-07T02:16:13.531533Z,2026-03-09T13:24:13.628587Z,https://api.dandiarchive.org/api/assets/3de6cf21-349f-4282-98bb-1b78d0d83d63/download/
sub-CSHL055/sub-CSHL055_ses-0cbeae00-e229-4b7d-bdcc-1b0569d7e0c3_desc-raw_ecephys.nwb,149700156267,33d402ce-15c2-4a5d-9c3d-14caba12db2e,2026-02-07T02:22:00.143007Z,2026-03-09T13:24:13.639083Z,https://api.dandiarchive.org/api/assets/33d402ce-15c2-4a5d-9c3d-14caba12db2e/download/
sub-CSHL054/sub-CSHL054_ses-a71175be-d1fd-47a3-aa93-b830ea3634a1_desc-raw_ecephys.nwb,165191314044,14d2ff7d-8ab9-4a11-bf5f-3d4cc0ddfa96,2026-02-07T02:56:41.090645Z,2026-03-09T13:24:13.648532Z,https://api.dandiarchive.org/api/assets/14d2ff7d-8ab9-4a11-bf5f-3d4cc0ddfa96/download/
sub-CSHL059/sub-CSHL059_ses-d16a9a8d-5f42-4b49-ba58-1746f807fcc1_ecephys+image/sub-CSHL059_ses-d16a9a8d-5f42-4b49-ba58-1746f807fcc1_VideoRightCamera.mp4,2948608445,8cd6e8c7-ca3f-48d3-9c7f-d0cfe9b00ba2,2026-02-07T03:14:49.387136Z,2026-03-09T13:24:13.662816Z,https://api.dandiarchive.org/api/assets/8cd6e8c7-ca3f-48d3-9c7f-d0cfe9b00ba2/download/
sub-CSHL059/sub-CSHL059_ses-d16a9a8d-5f42-4b49-ba58-1746f807fcc1_ecephys+image/sub-CSHL059_ses-d16a9a8d-5f42-4b49-ba58-1746f807fcc1_VideoLeftCamera.mp4,5182822797,55740ad9-d76a-4391-aa77-f59298b5c2ac,2026-02-07T03:15:23.351257Z,2026-03-09T13:24:13.672683Z,https://api.dandiarchive.org/api/assets/55740ad9-d76a-4391-aa77-f59298b5c2ac/download/
sub-CSHL059/sub-CSHL059_ses-d16a9a8d-5f42-4b49-ba58-1746f807fcc1_desc-raw_ecephys.nwb,48009381889,d882b5c6-34d9-4b58-9f27-c4620a4b1801,2026-02-07T03:27:03.087862Z,2026-03-09T13:24:13.682343Z,https://api.dandiarchive.org/api/assets/d882b5c6-34d9-4b58-9f27-c4620a4b1801/download/
sub-MFD-05/sub-MFD-05_ses-ca4ecb4c-4b60-4723-9b9e-2c54a6290a53_ecephys+image/sub-MFD-05_ses-ca4ecb4c-4b60-4723-9b9e-2c54a6290a53_VideoRightCamera.mp4,373664405,c21fb739-de04-452c-9fe1-e01aebcc3f7e,2026-02-07T03:45:02.639492Z,2026-03-09T13:24:13.693543Z,https://api.dandiarchive.org/api/assets/c21fb739-de04-452c-9fe1-e01aebcc3f7e/download/
sub-MFD-05/sub-MFD-05_ses-ca4ecb4c-4b60-4723-9b9e-2c54a6290a53_ecephys+image/sub-MFD-05_ses-ca4ecb4c-4b60-4723-9b9e-2c54a6290a53_VideoLeftCamera.mp4,880296192,5dff82ca-7cc7-4a88-986f-2a3644f58551,2026-02-07T03:45:10.046568Z,2026-03-09T13:24:13.708215Z,https://api.dandiarchive.org/api/assets/5dff82ca-7cc7-4a88-986f-2a3644f58551/download/
sub-MFD-05/sub-MFD-05_ses-7dd27c2f-9544-448d-918d-be0f9837b0e0_ecephys+image/sub-MFD-05_ses-7dd27c2f-9544-448d-918d-be0f9837b0e0_VideoRightCamera.mp4,403666976,12acf894-bfa2-46fe-b92c-4d9fcec2f837,2026-02-07T03:49:29.121999Z,2026-03-09T13:24:13.718692Z,https://api.dandiarchive.org/api/assets/12acf894-bfa2-46fe-b92c-4d9fcec2f837/download/
sub-MFD-05/sub-MFD-05_ses-7dd27c2f-9544-448d-918d-be0f9837b0e0_ecephys+image/sub-MFD-05_ses-7dd27c2f-9544-448d-918d-be0f9837b0e0_VideoLeftCamera.mp4,833205124,35eb1d96-5f82-4b15-8da6-4aeb1b2fa2b8,2026-02-07T03:49:32.924373Z,2026-03-09T13:24:13.728077Z,https://api.dandiarchive.org/api/assets/35eb1d96-5f82-4b15-8da6-4aeb1b2fa2b8/download/
sub-MFD-05/sub-MFD-05_ses-004d8fd5-41e7-4f1b-a45b-0d4ad76fe446_ecephys+image/sub-MFD-05_ses-004d8fd5-41e7-4f1b-a45b-0d4ad76fe446_VideoRightCamera.mp4,452671850,ee63ab45-84ce-46b1-8ae9-1d09a5bb3701,2026-02-07T03:51:17.620053Z,2026-03-09T13:24:13.737780Z,https://api.dandiarchive.org/api/assets/ee63ab45-84ce-46b1-8ae9-1d09a5bb3701/download/
sub-MFD-05/sub-MFD-05_ses-004d8fd5-41e7-4f1b-a45b-0d4ad76fe446_ecephys+image/sub-MFD-05_ses-004d8fd5-41e7-4f1b-a45b-0d4ad76fe446_VideoLeftCamera.mp4,1023305517,702f58f2-35e6-4a77-b4a5-4e5230f72bb8,2026-02-07T03:51:26.216345Z,2026-03-09T13:24:13.748532Z,https://api.dandiarchive.org/api/assets/702f58f2-35e6-4a77-b4a5-4e5230f72bb8/download/
sub-MFD-05/sub-MFD-05_ses-ca4ecb4c-4b60-4723-9b9e-2c54a6290a53_desc-raw_ecephys.nwb,63929076931,7d497aaf-e773-4027-877b-ed9f75c12e36,2026-02-07T04:01:23.689649Z,2026-03-09T13:24:13.761950Z,https://api.dandiarchive.org/api/assets/7d497aaf-e773-4027-877b-ed9f75c12e36/download/
sub-CSHL060/sub-CSHL060_ses-6364ff7f-6471-415a-ab9e-632a12052690_ecephys+image/sub-CSHL060_ses-6364ff7f-6471-415a-ab9e-632a12052690_VideoRightCamera.mp4,5230709625,369ff519-eb0f-43b2-9346-8efe76b733c3,2026-02-07T04:05:50.551896Z,2026-03-09T13:24:13.772149Z,https://api.dandiarchive.org/api/assets/369ff519-eb0f-43b2-9346-8efe76b733c3/download/
sub-MFD-05/sub-MFD-05_ses-7dd27c2f-9544-448d-918d-be0f9837b0e0_desc-raw_ecephys.nwb,66112290889,fcad69f5-1ff8-4fd4-a81f-22010a932b39,2026-02-07T04:06:25.065039Z,2026-03-09T13:24:13.787709Z,https://api.dandiarchive.org/api/assets/fcad69f5-1ff8-4fd4-a81f-22010a932b39/download/
sub-CSHL060/sub-CSHL060_ses-6364ff7f-6471-415a-ab9e-632a12052690_ecephys+image/sub-CSHL060_ses-6364ff7f-6471-415a-ab9e-632a12052690_VideoLeftCamera.mp4,8154816388,d45e4a22-62a7-42f1-b9a8-2f9caec235bf,2026-02-07T04:06:34.489649Z,2026-03-09T13:24:13.798038Z,https://api.dandiarchive.org/api/assets/d45e4a22-62a7-42f1-b9a8-2f9caec235bf/download/
sub-MFD-05/sub-MFD-05_ses-004d8fd5-41e7-4f1b-a45b-0d4ad76fe446_desc-raw_ecephys.nwb,67040515115,ca5b3188-9fff-46bd-9c50-3c7b3f8a05c0,2026-02-07T04:08:36.198760Z,2026-03-09T13:24:13.808098Z,https://api.dandiarchive.org/api/assets/ca5b3188-9fff-46bd-9c50-3c7b3f8a05c0/download/
sub-CSHL060/sub-CSHL060_ses-6364ff7f-6471-415a-ab9e-632a12052690_desc-raw_ecephys.nwb,73293185477,744d7932-3a46-46cf-97c3-9da921539c5d,2026-02-07T04:24:27.193111Z,2026-03-09T13:24:13.817451Z,https://api.dandiarchive.org/api/assets/744d7932-3a46-46cf-97c3-9da921539c5d/download/
sub-CSHL060/sub-CSHL060_ses-7be8fec4-406b-4e74-8548-d2885dcc3d5e_ecephys+image/sub-CSHL060_ses-7be8fec4-406b-4e74-8548-d2885dcc3d5e_VideoRightCamera.mp4,3900223779,9ca380e9-e8aa-4669-bfd9-9756798cc084,2026-02-07T05:01:46.290189Z,2026-03-09T13:24:13.826612Z,https://api.dandiarchive.org/api/assets/9ca380e9-e8aa-4669-bfd9-9756798cc084/download/
sub-CSHL060/sub-CSHL060_ses-7be8fec4-406b-4e74-8548-d2885dcc3d5e_ecephys+image/sub-CSHL060_ses-7be8fec4-406b-4e74-8548-d2885dcc3d5e_VideoLeftCamera.mp4,5566639163,c90158db-7be3-4286-8518-db89b493ad09,2026-02-07T05:02:13.795856Z,2026-03-09T13:24:13.845777Z,https://api.dandiarchive.org/api/assets/c90158db-7be3-4286-8518-db89b493ad09/download/
sub-CSHL059/sub-CSHL059_ses-37e96d0b-5b4b-4c6e-9b29-7edbdc94bbd0_ecephys+image/sub-CSHL059_ses-37e96d0b-5b4b-4c6e-9b29-7edbdc94bbd0_VideoRightCamera.mp4,3621209034,fcdb295b-3310-4b48-950e-4e388e2f106a,2026-02-07T05:07:43.851645Z,2026-03-09T13:24:13.857401Z,https://api.dandiarchive.org/api/assets/fcdb295b-3310-4b48-950e-4e388e2f106a/download/
sub-CSHL059/sub-CSHL059_ses-37e96d0b-5b4b-4c6e-9b29-7edbdc94bbd0_ecephys+image/sub-CSHL059_ses-37e96d0b-5b4b-4c6e-9b29-7edbdc94bbd0_VideoLeftCamera.mp4,6422403900,e1c354a5-0c4e-475b-bf22-83495a647e58,2026-02-07T05:08:30.416914Z,2026-03-09T13:24:13.872081Z,https://api.dandiarchive.org/api/assets/e1c354a5-0c4e-475b-bf22-83495a647e58/download/
sub-CSHL060/sub-CSHL060_ses-7be8fec4-406b-4e74-8548-d2885dcc3d5e_desc-raw_ecephys.nwb,113076610777,826562c1-8e59-476a-b8ce-f05c2e19981a,2026-02-07T05:30:21.021104Z,2026-03-09T13:24:13.882340Z,https://api.dandiarchive.org/api/assets/826562c1-8e59-476a-b8ce-f05c2e19981a/download/
sub-CSHL059/sub-CSHL059_ses-37e96d0b-5b4b-4c6e-9b29-7edbdc94bbd0_desc-raw_ecephys.nwb,115730194740,c7e78be9-f5a7-4b6a-bf5b-87c6ba0a61cf,2026-02-07T05:37:20.713030Z,2026-03-09T13:24:13.895540Z,https://api.dandiarchive.org/api/assets/c7e78be9-f5a7-4b6a-bf5b-87c6ba0a61cf/download/
sub-CSHL059/sub-CSHL059_ses-d2f5a130-b981-4546-8858-c94ae1da75ff_ecephys+image/sub-CSHL059_ses-d2f5a130-b981-4546-8858-c94ae1da75ff_VideoRightCamera.mp4,4298871755,d88835b2-33c0-488d-81d7-de0d3c33c279,2026-02-07T05:49:09.932274Z,2026-03-09T13:24:13.904922Z,https://api.dandiarchive.org/api/assets/d88835b2-33c0-488d-81d7-de0d3c33c279/download/
sub-CSHL059/sub-CSHL059_ses-d2f5a130-b981-4546-8858-c94ae1da75ff_ecephys+image/sub-CSHL059_ses-d2f5a130-b981-4546-8858-c94ae1da75ff_VideoLeftCamera.mp4,7772550664,bc85eb17-8cd0-44a4-8ade-7f94a932d493,2026-02-07T05:50:03.146025Z,2026-03-09T13:24:13.916047Z,https://api.dandiarchive.org/api/assets/bc85eb17-8cd0-44a4-8ade-7f94a932d493/download/
sub-CSHL060/sub-CSHL060_ses-2e6e179c-fccc-4e8f-9448-ce5b6858a183_ecephys+image/sub-CSHL060_ses-2e6e179c-fccc-4e8f-9448-ce5b6858a183_VideoRightCamera.mp4,4052051957,953dc4b9-23df-45e6-b4f5-76361f133fb9,2026-02-07T06:01:48.681936Z,2026-03-09T13:24:13.930179Z,https://api.dandiarchive.org/api/assets/953dc4b9-23df-45e6-b4f5-76361f133fb9/download/
sub-CSHL060/sub-CSHL060_ses-2e6e179c-fccc-4e8f-9448-ce5b6858a183_ecephys+image/sub-CSHL060_ses-2e6e179c-fccc-4e8f-9448-ce5b6858a183_VideoLeftCamera.mp4,8283349221,982c6a76-1f53-40d6-85ed-64aa1fbf4e9e,2026-02-07T06:02:53.806490Z,2026-03-09T13:24:13.944433Z,https://api.dandiarchive.org/api/assets/982c6a76-1f53-40d6-85ed-64aa1fbf4e9e/download/
sub-CSHL059/sub-CSHL059_ses-57b5ae8f-d446-4161-b439-b191c5e3e77b_ecephys+image/sub-CSHL059_ses-57b5ae8f-d446-4161-b439-b191c5e3e77b_VideoRightCamera.mp4,5129600561,f7b9c7e8-89c9-4d9a-a972-28a526e59fe9,2026-02-07T06:23:55.652564Z,2026-03-09T13:24:13.961801Z,https://api.dandiarchive.org/api/assets/f7b9c7e8-89c9-4d9a-a972-28a526e59fe9/download/
sub-CSHL059/sub-CSHL059_ses-57b5ae8f-d446-4161-b439-b191c5e3e77b_ecephys+image/sub-CSHL059_ses-57b5ae8f-d446-4161-b439-b191c5e3e77b_VideoLeftCamera.mp4,8856277707,80ae86c8-2929-4e60-bde8-1ac6530e3c73,2026-02-07T06:24:52.978535Z,2026-03-09T13:24:13.973813Z,https://api.dandiarchive.org/api/assets/80ae86c8-2929-4e60-bde8-1ac6530e3c73/download/
sub-CSHL059/sub-CSHL059_ses-d2f5a130-b981-4546-8858-c94ae1da75ff_desc-raw_ecephys.nwb,143131392125,5e63b4ab-c5a2-4abf-b804-311fb00049e8,2026-02-07T06:25:36.035879Z,2026-03-09T13:24:13.985642Z,https://api.dandiarchive.org/api/assets/5e63b4ab-c5a2-4abf-b804-311fb00049e8/download/
sub-CSHL059/sub-CSHL059_ses-dda5fc59-f09a-4256-9fb5-66c67667a466_ecephys+image/sub-CSHL059_ses-dda5fc59-f09a-4256-9fb5-66c67667a466_VideoRightCamera.mp4,5045595350,14e48c4e-ee74-4195-9255-774da5c3fa9a,2026-02-07T06:33:14.558874Z,2026-03-09T13:24:13.996078Z,https://api.dandiarchive.org/api/assets/14e48c4e-ee74-4195-9255-774da5c3fa9a/download/
sub-CSHL059/sub-CSHL059_ses-dda5fc59-f09a-4256-9fb5-66c67667a466_ecephys+image/sub-CSHL059_ses-dda5fc59-f09a-4256-9fb5-66c67667a466_VideoLeftCamera.mp4,8890939514,738ec664-6316-432c-affc-c7ad67a8de1a,2026-02-07T06:34:21.940152Z,2026-03-09T13:24:14.005880Z,https://api.dandiarchive.org/api/assets/738ec664-6316-432c-affc-c7ad67a8de1a/download/
sub-CSHL060/sub-CSHL060_ses-1191f865-b10a-45c8-9c48-24a980fd9402_ecephys+image/sub-CSHL060_ses-1191f865-b10a-45c8-9c48-24a980fd9402_VideoRightCamera.mp4,5575995157,957d1736-8622-4f9d-858e-e555e6bbdc0a,2026-02-07T06:35:25.769555Z,2026-03-09T13:24:14.016137Z,https://api.dandiarchive.org/api/assets/957d1736-8622-4f9d-858e-e555e6bbdc0a/download/
sub-CSHL060/sub-CSHL060_ses-1191f865-b10a-45c8-9c48-24a980fd9402_ecephys+image/sub-CSHL060_ses-1191f865-b10a-45c8-9c48-24a980fd9402_VideoLeftCamera.mp4,8977827429,b9a1d516-92e7-4a5a-8d50-2777cab64d53,2026-02-07T06:36:19.980689Z,2026-03-09T13:24:14.028907Z,https://api.dandiarchive.org/api/assets/b9a1d516-92e7-4a5a-8d50-2777cab64d53/download/
sub-CSHL060/sub-CSHL060_ses-2e6e179c-fccc-4e8f-9448-ce5b6858a183_desc-raw_ecephys.nwb,152067051315,c97de14c-d425-4dab-a58a-28f6f5421ea3,2026-02-07T06:40:35.052228Z,2026-03-09T13:24:14.047277Z,https://api.dandiarchive.org/api/assets/c97de14c-d425-4dab-a58a-28f6f5421ea3/download/
sub-CSHL059/sub-CSHL059_ses-57b5ae8f-d446-4161-b439-b191c5e3e77b_desc-raw_ecephys.nwb,165981589323,53c8b296-43d7-4530-a992-2693734c0ee7,2026-02-07T07:06:06.254856Z,2026-03-09T13:24:14.057926Z,https://api.dandiarchive.org/api/assets/53c8b296-43d7-4530-a992-2693734c0ee7/download/
sub-CSHL059/sub-CSHL059_ses-dda5fc59-f09a-4256-9fb5-66c67667a466_desc-raw_ecephys.nwb,167841830900,15cd5fb7-9586-4b40-b098-ad054629d5a3,2026-02-07T07:16:16.792108Z,2026-03-09T13:24:14.068035Z,https://api.dandiarchive.org/api/assets/15cd5fb7-9586-4b40-b098-ad054629d5a3/download/
sub-CSHL060/sub-CSHL060_ses-1191f865-b10a-45c8-9c48-24a980fd9402_desc-raw_ecephys.nwb,163369930915,9fb23f9f-60dd-45ed-a662-f6de043b25a9,2026-02-07T07:17:57.843484Z,2026-03-09T13:24:14.080544Z,https://api.dandiarchive.org/api/assets/9fb23f9f-60dd-45ed-a662-f6de043b25a9/download/
sub-UCLA033/sub-UCLA033_ses-5455a21c-1be7-4cae-ae8e-8853a8d5f55e_ecephys+image/sub-UCLA033_ses-5455a21c-1be7-4cae-ae8e-8853a8d5f55e_VideoRightCamera.mp4,2703422080,5af081c2-62af-4cde-8121-f526d08692c8,2026-02-07T17:50:44.603743Z,2026-03-09T13:24:14.091698Z,https://api.dandiarchive.org/api/assets/5af081c2-62af-4cde-8121-f526d08692c8/download/
sub-UCLA033/sub-UCLA033_ses-5455a21c-1be7-4cae-ae8e-8853a8d5f55e_ecephys+image/sub-UCLA033_ses-5455a21c-1be7-4cae-ae8e-8853a8d5f55e_VideoLeftCamera.mp4,2987546961,604d2c38-76d1-466b-a976-bec0ff0a83f7,2026-02-07T17:50:49.520029Z,2026-03-09T13:24:14.103313Z,https://api.dandiarchive.org/api/assets/604d2c38-76d1-466b-a976-bec0ff0a83f7/download/
sub-UCLA015/sub-UCLA015_ses-0c828385-6dd6-4842-a702-c5075f5f5e81_ecephys+image/sub-UCLA015_ses-0c828385-6dd6-4842-a702-c5075f5f5e81_VideoRightCamera.mp4,2953302563,663389a5-67cb-4e23-9bfc-9f876b8caba3,2026-02-07T17:52:16.311973Z,2026-03-09T13:24:14.126298Z,https://api.dandiarchive.org/api/assets/663389a5-67cb-4e23-9bfc-9f876b8caba3/download/
sub-MFD-06/sub-MFD-06_ses-3f71aa98-08c6-4e79-b4c8-00eae4f03eff_ecephys+image/sub-MFD-06_ses-3f71aa98-08c6-4e79-b4c8-00eae4f03eff_VideoRightCamera.mp4,5917564718,20796a20-35e5-4098-a649-9af7e73c6f69,2026-02-07T17:55:33.532168Z,2026-03-09T13:24:14.135433Z,https://api.dandiarchive.org/api/assets/20796a20-35e5-4098-a649-9af7e73c6f69/download/
sub-MFD-06/sub-MFD-06_ses-3f71aa98-08c6-4e79-b4c8-00eae4f03eff_ecephys+image/sub-MFD-06_ses-3f71aa98-08c6-4e79-b4c8-00eae4f03eff_VideoLeftCamera.mp4,8957086301,f83cdafb-3672-4a15-ad3f-8dae1a38a1fb,2026-02-07T17:57:03.348750Z,2026-03-09T13:24:14.148640Z,https://api.dandiarchive.org/api/assets/f83cdafb-3672-4a15-ad3f-8dae1a38a1fb/download/
sub-UCLA030/sub-UCLA030_ses-7f5df7eb-cf36-4589-a20a-14b535441142_ecephys+image/sub-UCLA030_ses-7f5df7eb-cf36-4589-a20a-14b535441142_VideoLeftCamera.mp4,3598881593,ef6c70b1-df37-4b51-b8a7-b8123f0490f9,2026-02-07T17:58:58.599574Z,2026-03-09T13:24:14.157554Z,https://api.dandiarchive.org/api/assets/ef6c70b1-df37-4b51-b8a7-b8123f0490f9/download/
sub-UCLA011/sub-UCLA011_ses-824cf03d-4012-4ab1-b499-c83a92c5589e_ecephys+image/sub-UCLA011_ses-824cf03d-4012-4ab1-b499-c83a92c5589e_VideoRightCamera.mp4,2665212116,28825a4b-562f-482b-8d20-322e8f7659f4,2026-02-07T17:59:30.097311Z,2026-03-09T13:24:14.168674Z,https://api.dandiarchive.org/api/assets/28825a4b-562f-482b-8d20-322e8f7659f4/download/
sub-UCLA030/sub-UCLA030_ses-7f5df7eb-cf36-4589-a20a-14b535441142_ecephys+image/sub-UCLA030_ses-7f5df7eb-cf36-4589-a20a-14b535441142_VideoRightCamera.mp4,5004792722,3379e6bc-e4fc-4d4e-b75a-d3e2f6f3dce5,2026-02-07T17:59:39.818504Z,2026-03-09T13:24:14.178403Z,https://api.dandiarchive.org/api/assets/3379e6bc-e4fc-4d4e-b75a-d3e2f6f3dce5/download/
sub-UCLA011/sub-UCLA011_ses-824cf03d-4012-4ab1-b499-c83a92c5589e_ecephys+image/sub-UCLA011_ses-824cf03d-4012-4ab1-b499-c83a92c5589e_VideoLeftCamera.mp4,6765230832,2ceb838c-f57d-451e-9ee2-d16db19ca375,2026-02-07T18:00:32.784369Z,2026-03-09T13:24:14.186989Z,https://api.dandiarchive.org/api/assets/2ceb838c-f57d-451e-9ee2-d16db19ca375/download/
sub-UCLA005/sub-UCLA005_ses-d57df551-6dcb-4242-9c72-b806cff5613a_ecephys+image/sub-UCLA005_ses-d57df551-6dcb-4242-9c72-b806cff5613a_VideoRightCamera.mp4,3863560841,c427dc18-b7e4-42ef-b842-ff0d9eddf978,2026-02-07T18:03:08.745889Z,2026-03-09T13:24:14.195103Z,https://api.dandiarchive.org/api/assets/c427dc18-b7e4-42ef-b842-ff0d9eddf978/download/
sub-UCLA005/sub-UCLA005_ses-d57df551-6dcb-4242-9c72-b806cff5613a_ecephys+image/sub-UCLA005_ses-d57df551-6dcb-4242-9c72-b806cff5613a_VideoLeftCamera.mp4,5714943078,849ea29b-c2f9-46a5-8516-1972f700e3a0,2026-02-07T18:03:36.970446Z,2026-03-09T13:24:14.202800Z,https://api.dandiarchive.org/api/assets/849ea29b-c2f9-46a5-8516-1972f700e3a0/download/
sub-UCLA033/sub-UCLA033_ses-5455a21c-1be7-4cae-ae8e-8853a8d5f55e_desc-raw_ecephys.nwb,53347907323,085f494c-5d52-41e4-aed9-636b5bf43976,2026-02-07T18:04:04.675971Z,2026-03-09T13:24:14.214169Z,https://api.dandiarchive.org/api/assets/085f494c-5d52-41e4-aed9-636b5bf43976/download/
sub-UCLA015/sub-UCLA015_ses-0c828385-6dd6-4842-a702-c5075f5f5e81_desc-raw_ecephys.nwb,58641662257,0b1c0175-c2f2-4ada-bfa9-7a788a18cc84,2026-02-07T18:06:50.180773Z,2026-03-09T13:24:14.224195Z,https://api.dandiarchive.org/api/assets/0b1c0175-c2f2-4ada-bfa9-7a788a18cc84/download/
sub-MFD-06/sub-MFD-06_ses-3f71aa98-08c6-4e79-b4c8-00eae4f03eff_desc-raw_ecephys.nwb,55430088805,7c9c5697-3953-4092-a561-57df5f6f777c,2026-02-07T18:09:07.387425Z,2026-03-09T13:24:14.233128Z,https://api.dandiarchive.org/api/assets/7c9c5697-3953-4092-a561-57df5f6f777c/download/
sub-UCLA006/sub-UCLA006_ses-19e66dc9-bf9f-430b-9d6a-acfa85de6fb7_ecephys+image/sub-UCLA006_ses-19e66dc9-bf9f-430b-9d6a-acfa85de6fb7_VideoRightCamera.mp4,4150068492,422c98bf-73e7-4c1e-9213-9770a84e4d54,2026-02-07T18:09:12.836965Z,2026-03-09T13:24:14.242257Z,https://api.dandiarchive.org/api/assets/422c98bf-73e7-4c1e-9213-9770a84e4d54/download/
sub-UCLA012/sub-UCLA012_ses-1f095590-6669-46c9-986b-ccaf0620c5e9_ecephys+image/sub-UCLA012_ses-1f095590-6669-46c9-986b-ccaf0620c5e9_VideoRightCamera.mp4,3103346157,857e9051-be6b-437c-80a8-5c53c439eb9a,2026-02-07T18:09:13.525184Z,2026-03-09T13:24:14.261332Z,https://api.dandiarchive.org/api/assets/857e9051-be6b-437c-80a8-5c53c439eb9a/download/
sub-UCLA006/sub-UCLA006_ses-19e66dc9-bf9f-430b-9d6a-acfa85de6fb7_ecephys+image/sub-UCLA006_ses-19e66dc9-bf9f-430b-9d6a-acfa85de6fb7_VideoLeftCamera.mp4,4505532853,b87a03b0-e2be-4bbd-a781-e8715f7d0e43,2026-02-07T18:09:23.367065Z,2026-03-09T13:24:14.276272Z,https://api.dandiarchive.org/api/assets/b87a03b0-e2be-4bbd-a781-e8715f7d0e43/download/
sub-UCLA012/sub-UCLA012_ses-1f095590-6669-46c9-986b-ccaf0620c5e9_ecephys+image/sub-UCLA012_ses-1f095590-6669-46c9-986b-ccaf0620c5e9_VideoLeftCamera.mp4,4266449203,0610ef1b-3c1b-479c-a4f8-d06d6b920e68,2026-02-07T18:09:31.321418Z,2026-03-09T13:24:14.287034Z,https://api.dandiarchive.org/api/assets/0610ef1b-3c1b-479c-a4f8-d06d6b920e68/download/
sub-UCLA014/sub-UCLA014_ses-03d9a098-07bf-4765-88b7-85f8d8f620cc_ecephys+image/sub-UCLA014_ses-03d9a098-07bf-4765-88b7-85f8d8f620cc_VideoLeftCamera.mp4,3115222448,e2d4d390-46e9-466c-901a-e396d2fabdba,2026-02-07T18:09:31.472118Z,2026-03-09T13:24:14.300561Z,https://api.dandiarchive.org/api/assets/e2d4d390-46e9-466c-901a-e396d2fabdba/download/
sub-UCLA014/sub-UCLA014_ses-03d9a098-07bf-4765-88b7-85f8d8f620cc_ecephys+image/sub-UCLA014_ses-03d9a098-07bf-4765-88b7-85f8d8f620cc_VideoRightCamera.mp4,5741953352,cadb4651-689d-4bec-86a2-bdfa41444f8e,2026-02-07T18:10:10.430182Z,2026-03-09T13:24:14.310711Z,https://api.dandiarchive.org/api/assets/cadb4651-689d-4bec-86a2-bdfa41444f8e/download/
sub-MFD-07/sub-MFD-07_ses-15b69921-d471-4ded-8814-2adad954bcd8_ecephys+image/sub-MFD-07_ses-15b69921-d471-4ded-8814-2adad954bcd8_VideoRightCamera.mp4,6788227699,dc6e7d2d-a8ae-45f1-9ccf-b89cc497e47a,2026-02-07T18:10:13.408964Z,2026-03-09T13:24:14.323695Z,https://api.dandiarchive.org/api/assets/dc6e7d2d-a8ae-45f1-9ccf-b89cc497e47a/download/
sub-MFD-06/sub-MFD-06_ses-97c1d08d-57b4-4595-8052-91eb84ebfd74_ecephys+image/sub-MFD-06_ses-97c1d08d-57b4-4595-8052-91eb84ebfd74_VideoRightCamera.mp4,6708909357,3fad9dc7-5a14-464a-a749-84d975be547b,2026-02-07T18:10:15.460934Z,2026-03-09T13:24:14.342978Z,https://api.dandiarchive.org/api/assets/3fad9dc7-5a14-464a-a749-84d975be547b/download/
sub-MFD-06/sub-MFD-06_ses-a1782f4f-86b0-480c-a7f2-3d8f1ab482ab_ecephys+image/sub-MFD-06_ses-a1782f4f-86b0-480c-a7f2-3d8f1ab482ab_VideoRightCamera.mp4,6917089531,164f0260-fa74-44dc-8c14-067b04545f6a,2026-02-07T18:10:45.083858Z,2026-03-09T13:24:14.355349Z,https://api.dandiarchive.org/api/assets/164f0260-fa74-44dc-8c14-067b04545f6a/download/
sub-MFD-07/sub-MFD-07_ses-11163613-a6c9-4975-9586-84dc00481547_ecephys+image/sub-MFD-07_ses-11163613-a6c9-4975-9586-84dc00481547_VideoRightCamera.mp4,6967392975,03b13493-2dd1-4280-9c4c-98149aa4aaca,2026-02-07T18:11:13.556115Z,2026-03-09T13:24:14.368239Z,https://api.dandiarchive.org/api/assets/03b13493-2dd1-4280-9c4c-98149aa4aaca/download/
sub-MFD-06/sub-MFD-06_ses-35eeb752-8f4f-4040-9714-ba0f5b7ccdfe_ecephys+image/sub-MFD-06_ses-35eeb752-8f4f-4040-9714-ba0f5b7ccdfe_VideoRightCamera.mp4,7206517613,970fbe13-c66d-44a0-bd3e-d4f71da7ba9b,2026-02-07T18:11:22.618021Z,2026-03-09T13:24:14.382257Z,https://api.dandiarchive.org/api/assets/970fbe13-c66d-44a0-bd3e-d4f71da7ba9b/download/
sub-MFD-07/sub-MFD-07_ses-15b69921-d471-4ded-8814-2adad954bcd8_ecephys+image/sub-MFD-07_ses-15b69921-d471-4ded-8814-2adad954bcd8_VideoLeftCamera.mp4,10029414931,e23436e2-a5eb-40c0-b122-848f532e9ebf,2026-02-07T18:11:48.475151Z,2026-03-09T13:24:14.394952Z,https://api.dandiarchive.org/api/assets/e23436e2-a5eb-40c0-b122-848f532e9ebf/download/
sub-MFD-06/sub-MFD-06_ses-97c1d08d-57b4-4595-8052-91eb84ebfd74_ecephys+image/sub-MFD-06_ses-97c1d08d-57b4-4595-8052-91eb84ebfd74_VideoLeftCamera.mp4,10857759621,12a8fe6b-97f8-4fa4-a9c2-494a81a09862,2026-02-07T18:12:17.600300Z,2026-03-09T13:24:14.406328Z,https://api.dandiarchive.org/api/assets/12a8fe6b-97f8-4fa4-a9c2-494a81a09862/download/
sub-MFD-06/sub-MFD-06_ses-a1782f4f-86b0-480c-a7f2-3d8f1ab482ab_ecephys+image/sub-MFD-06_ses-a1782f4f-86b0-480c-a7f2-3d8f1ab482ab_VideoLeftCamera.mp4,10737845939,519848aa-b6ff-41fe-bbcd-be08b0e93896,2026-02-07T18:12:36.944449Z,2026-03-09T13:24:14.416868Z,https://api.dandiarchive.org/api/assets/519848aa-b6ff-41fe-bbcd-be08b0e93896/download/
sub-MFD-07/sub-MFD-07_ses-11163613-a6c9-4975-9586-84dc00481547_ecephys+image/sub-MFD-07_ses-11163613-a6c9-4975-9586-84dc00481547_VideoLeftCamera.mp4,9958359263,82064ab2-08c5-4c07-ac16-434528af092c,2026-02-07T18:12:40.594295Z,2026-03-09T13:24:14.429166Z,https://api.dandiarchive.org/api/assets/82064ab2-08c5-4c07-ac16-434528af092c/download/
sub-MFD-06/sub-MFD-06_ses-35eeb752-8f4f-4040-9714-ba0f5b7ccdfe_ecephys+image/sub-MFD-06_ses-35eeb752-8f4f-4040-9714-ba0f5b7ccdfe_VideoLeftCamera.mp4,10877668059,3627870a-ff0f-4717-a688-ef9080a782e7,2026-02-07T18:13:11.229285Z,2026-03-09T13:24:14.441301Z,https://api.dandiarchive.org/api/assets/3627870a-ff0f-4717-a688-ef9080a782e7/download/
sub-UCLA030/sub-UCLA030_ses-7f5df7eb-cf36-4589-a20a-14b535441142_desc-raw_ecephys.nwb,59360343930,8d5d3a02-f2ce-4fee-b8cf-928d1d8cb8d2,2026-02-07T18:13:40.742517Z,2026-03-09T13:24:14.455726Z,https://api.dandiarchive.org/api/assets/8d5d3a02-f2ce-4fee-b8cf-928d1d8cb8d2/download/
sub-MFD-07/sub-MFD-07_ses-c46b8def-620d-4d70-9397-be5694255f73_ecephys+image/sub-MFD-07_ses-c46b8def-620d-4d70-9397-be5694255f73_VideoRightCamera.mp4,7099389301,27bf6314-1f57-4469-ae0f-fc2493e939d6,2026-02-07T18:14:20.328850Z,2026-03-09T13:24:14.470115Z,https://api.dandiarchive.org/api/assets/27bf6314-1f57-4469-ae0f-fc2493e939d6/download/
sub-UCLA011/sub-UCLA011_ses-824cf03d-4012-4ab1-b499-c83a92c5589e_desc-raw_ecephys.nwb,60943526111,e076e8ef-2ec9-4b35-8c62-cb4e715f24fc,2026-02-07T18:15:17.672058Z,2026-03-09T13:24:14.479919Z,https://api.dandiarchive.org/api/assets/e076e8ef-2ec9-4b35-8c62-cb4e715f24fc/download/
sub-MFD-07/sub-MFD-07_ses-c46b8def-620d-4d70-9397-be5694255f73_ecephys+image/sub-MFD-07_ses-c46b8def-620d-4d70-9397-be5694255f73_VideoLeftCamera.mp4,10331410795,f4c76400-8ee3-46a5-8ccf-dfe0635f3aea,2026-02-07T18:15:52.917717Z,2026-03-09T13:24:14.491406Z,https://api.dandiarchive.org/api/assets/f4c76400-8ee3-46a5-8ccf-dfe0635f3aea/download/
sub-UCLA005/sub-UCLA005_ses-d57df551-6dcb-4242-9c72-b806cff5613a_desc-raw_ecephys.nwb,62886318422,a2982b71-4bab-404b-a8e9-6acfe6a3cbe3,2026-02-07T18:18:57.006350Z,2026-03-09T13:24:14.511417Z,https://api.dandiarchive.org/api/assets/a2982b71-4bab-404b-a8e9-6acfe6a3cbe3/download/
sub-MFD-08/sub-MFD-08_ses-a7eba2cf-427f-4df9-879b-e53e962eae18_ecephys+image/sub-MFD-08_ses-a7eba2cf-427f-4df9-879b-e53e962eae18_VideoRightCamera.mp4,7687582351,ca633d91-578f-4b98-92d5-69261a7a4011,2026-02-07T18:24:40.522394Z,2026-03-09T13:24:14.522021Z,https://api.dandiarchive.org/api/assets/ca633d91-578f-4b98-92d5-69261a7a4011/download/
sub-UCLA006/sub-UCLA006_ses-19e66dc9-bf9f-430b-9d6a-acfa85de6fb7_desc-raw_ecephys.nwb,66805371212,7e892f70-1ae3-4951-9ef9-9f14456a8e24,2026-02-07T18:25:23.888321Z,2026-03-09T13:24:14.533027Z,https://api.dandiarchive.org/api/assets/7e892f70-1ae3-4951-9ef9-9f14456a8e24/download/
sub-MFD-06/sub-MFD-06_ses-97c1d08d-57b4-4595-8052-91eb84ebfd74_desc-raw_ecephys.nwb,63116889747,f59590a4-0f13-4045-b6d1-b5a779652440,2026-02-07T18:25:52.915141Z,2026-03-09T13:24:14.543373Z,https://api.dandiarchive.org/api/assets/f59590a4-0f13-4045-b6d1-b5a779652440/download/
sub-MFD-07/sub-MFD-07_ses-15b69921-d471-4ded-8814-2adad954bcd8_desc-raw_ecephys.nwb,64456442648,b0ec5cea-1244-4c57-b73e-c6b5a51f0542,2026-02-07T18:26:03.857711Z,2026-03-09T13:24:14.551834Z,https://api.dandiarchive.org/api/assets/b0ec5cea-1244-4c57-b73e-c6b5a51f0542/download/
sub-UCLA012/sub-UCLA012_ses-1f095590-6669-46c9-986b-ccaf0620c5e9_desc-raw_ecephys.nwb,67259900695,114dfaea-c535-4b5f-ad3e-ea389f0e95ba,2026-02-07T18:26:11.199335Z,2026-03-09T13:24:14.561276Z,https://api.dandiarchive.org/api/assets/114dfaea-c535-4b5f-ad3e-ea389f0e95ba/download/
sub-MFD-08/sub-MFD-08_ses-a7eba2cf-427f-4df9-879b-e53e962eae18_ecephys+image/sub-MFD-08_ses-a7eba2cf-427f-4df9-879b-e53e962eae18_VideoLeftCamera.mp4,11194688030,edbbd760-a06e-4db0-ae15-fd4d776876ea,2026-02-07T18:26:23.240282Z,2026-03-09T13:24:14.569817Z,https://api.dandiarchive.org/api/assets/edbbd760-a06e-4db0-ae15-fd4d776876ea/download/
sub-MFD-06/sub-MFD-06_ses-a1782f4f-86b0-480c-a7f2-3d8f1ab482ab_desc-raw_ecephys.nwb,63611381210,2be84edd-e1ed-417c-bb9f-74ab36502456,2026-02-07T18:26:29.005043Z,2026-03-09T13:24:14.578626Z,https://api.dandiarchive.org/api/assets/2be84edd-e1ed-417c-bb9f-74ab36502456/download/
sub-UCLA014/sub-UCLA014_ses-03d9a098-07bf-4765-88b7-85f8d8f620cc_desc-raw_ecephys.nwb,66817863323,7c7addf0-c000-4c3b-b92c-5826b5b68c90,2026-02-07T18:26:33.756835Z,2026-03-09T13:24:14.588250Z,https://api.dandiarchive.org/api/assets/7c7addf0-c000-4c3b-b92c-5826b5b68c90/download/
sub-MFD-07/sub-MFD-07_ses-11163613-a6c9-4975-9586-84dc00481547_desc-raw_ecephys.nwb,64521982123,db142acb-ab0a-4902-a516-3c4ab2b4c610,2026-02-07T18:26:49.667904Z,2026-03-09T13:24:14.602691Z,https://api.dandiarchive.org/api/assets/db142acb-ab0a-4902-a516-3c4ab2b4c610/download/
sub-MFD-06/sub-MFD-06_ses-35eeb752-8f4f-4040-9714-ba0f5b7ccdfe_desc-raw_ecephys.nwb,63556956392,c5eecf95-b790-4320-ad3e-47019b6b4af9,2026-02-07T18:26:53.335887Z,2026-03-09T13:24:14.613366Z,https://api.dandiarchive.org/api/assets/c5eecf95-b790-4320-ad3e-47019b6b4af9/download/
sub-MFD-07/sub-MFD-07_ses-c46b8def-620d-4d70-9397-be5694255f73_desc-raw_ecephys.nwb,67150661492,9bdccd58-6e2a-4a08-b2ef-169c9438a545,2026-02-07T18:30:38.138045Z,2026-03-09T13:24:14.622570Z,https://api.dandiarchive.org/api/assets/9bdccd58-6e2a-4a08-b2ef-169c9438a545/download/
sub-MFD-08/sub-MFD-08_ses-5ae68c54-2897-4d3a-8120-426150704385_ecephys+image/sub-MFD-08_ses-5ae68c54-2897-4d3a-8120-426150704385_VideoRightCamera.mp4,8259868922,bbd4beb8-0ffa-47ae-bce1-6a415b6bc88e,2026-02-07T18:30:52.366681Z,2026-03-09T13:24:14.631307Z,https://api.dandiarchive.org/api/assets/bbd4beb8-0ffa-47ae-bce1-6a415b6bc88e/download/
sub-MFD-08/sub-MFD-08_ses-5ae68c54-2897-4d3a-8120-426150704385_ecephys+image/sub-MFD-08_ses-5ae68c54-2897-4d3a-8120-426150704385_VideoLeftCamera.mp4,12288883431,34477901-378c-4695-9a87-f75a01b44948,2026-02-07T18:32:51.355976Z,2026-03-09T13:24:14.640402Z,https://api.dandiarchive.org/api/assets/34477901-378c-4695-9a87-f75a01b44948/download/
sub-MFD-08/sub-MFD-08_ses-a7eba2cf-427f-4df9-879b-e53e962eae18_desc-raw_ecephys.nwb,73105313785,a034c8fc-5fbd-4d23-8a51-1850cab5dc23,2026-02-07T18:42:26.126667Z,2026-03-09T13:24:14.651616Z,https://api.dandiarchive.org/api/assets/a034c8fc-5fbd-4d23-8a51-1850cab5dc23/download/
sub-UCLA017/sub-UCLA017_ses-bb099402-fb31-4cfd-824e-1c97530a0875_ecephys+image/sub-UCLA017_ses-bb099402-fb31-4cfd-824e-1c97530a0875_VideoRightCamera.mp4,4166112698,b5a51922-4e78-4521-a8ec-bb27b8ff72e9,2026-02-07T18:45:17.322003Z,2026-03-09T13:24:14.660621Z,https://api.dandiarchive.org/api/assets/b5a51922-4e78-4521-a8ec-bb27b8ff72e9/download/
sub-UCLA017/sub-UCLA017_ses-bb099402-fb31-4cfd-824e-1c97530a0875_ecephys+image/sub-UCLA017_ses-bb099402-fb31-4cfd-824e-1c97530a0875_VideoLeftCamera.mp4,5225582479,ac61e24a-7e93-4e01-af6a-d9ffdbcf824c,2026-02-07T18:45:34.338834Z,2026-03-09T13:24:14.669303Z,https://api.dandiarchive.org/api/assets/ac61e24a-7e93-4e01-af6a-d9ffdbcf824c/download/
sub-MFD-08/sub-MFD-08_ses-5ae68c54-2897-4d3a-8120-426150704385_desc-raw_ecephys.nwb,75548935468,b22290b0-e453-4663-b48f-7c9f81bd4d61,2026-02-07T18:49:16.739282Z,2026-03-09T13:24:14.678756Z,https://api.dandiarchive.org/api/assets/b22290b0-e453-4663-b48f-7c9f81bd4d61/download/
sub-MFD-09/sub-MFD-09_ses-ebce500b-c530-47de-8cb1-963c552703ea_ecephys+image/sub-MFD-09_ses-ebce500b-c530-47de-8cb1-963c552703ea_VideoBodyCamera.mp4,2247733901,588ead50-4ec1-4c2a-98a0-a45c450d7498,2026-02-07T18:57:22.255181Z,2026-03-09T13:24:14.687914Z,https://api.dandiarchive.org/api/assets/588ead50-4ec1-4c2a-98a0-a45c450d7498/download/
sub-MFD-09/sub-MFD-09_ses-ebce500b-c530-47de-8cb1-963c552703ea_ecephys+image/sub-MFD-09_ses-ebce500b-c530-47de-8cb1-963c552703ea_VideoRightCamera.mp4,8686515193,6460a27a-296a-476b-8da7-1a2b7169f381,2026-02-07T19:02:09.446632Z,2026-03-09T13:24:14.698306Z,https://api.dandiarchive.org/api/assets/6460a27a-296a-476b-8da7-1a2b7169f381/download/
sub-MFD-09/sub-MFD-09_ses-ebce500b-c530-47de-8cb1-963c552703ea_ecephys+image/sub-MFD-09_ses-ebce500b-c530-47de-8cb1-963c552703ea_VideoLeftCamera.mp4,13518198749,c73ed714-8bde-4fc8-8ed9-f74efdf5705b,2026-02-07T19:04:31.910161Z,2026-03-09T13:24:14.709649Z,https://api.dandiarchive.org/api/assets/c73ed714-8bde-4fc8-8ed9-f74efdf5705b/download/
sub-UCLA017/sub-UCLA017_ses-bb099402-fb31-4cfd-824e-1c97530a0875_desc-raw_ecephys.nwb,89870597664,8b49a3f8-2d77-4ea4-b34e-542da5068fc9,2026-02-07T19:07:55.032415Z,2026-03-09T13:24:14.719217Z,https://api.dandiarchive.org/api/assets/8b49a3f8-2d77-4ea4-b34e-542da5068fc9/download/
sub-UCLA033/sub-UCLA033_ses-111c1762-7908-47e0-9f40-2f2ee55b6505_ecephys+image/sub-UCLA033_ses-111c1762-7908-47e0-9f40-2f2ee55b6505_VideoRightCamera.mp4,2359850189,89f3e31e-728c-4f95-b68f-5fb3ba28b7e9,2026-02-07T19:19:02.146852Z,2026-03-09T13:24:14.730471Z,https://api.dandiarchive.org/api/assets/89f3e31e-728c-4f95-b68f-5fb3ba28b7e9/download/
sub-UCLA033/sub-UCLA033_ses-111c1762-7908-47e0-9f40-2f2ee55b6505_ecephys+image/sub-UCLA033_ses-111c1762-7908-47e0-9f40-2f2ee55b6505_VideoLeftCamera.mp4,3199561348,347a9181-ea4b-454b-98b2-5618033436af,2026-02-07T19:19:11.728305Z,2026-03-09T13:24:14.739380Z,https://api.dandiarchive.org/api/assets/347a9181-ea4b-454b-98b2-5618033436af/download/
sub-MFD-09/sub-MFD-09_ses-ebce500b-c530-47de-8cb1-963c552703ea_desc-raw_ecephys.nwb,92573821419,18c6b531-7378-4c26-875d-1b772c795fa3,2026-02-07T19:25:01.786555Z,2026-03-09T13:24:14.748813Z,https://api.dandiarchive.org/api/assets/18c6b531-7378-4c26-875d-1b772c795fa3/download/
sub-UCLA033/sub-UCLA033_ses-111c1762-7908-47e0-9f40-2f2ee55b6505_desc-raw_ecephys.nwb,119680253469,fe4beddb-fceb-4d02-acdb-fd714895f260,2026-02-07T19:49:29.265397Z,2026-03-09T13:24:14.758943Z,https://api.dandiarchive.org/api/assets/fe4beddb-fceb-4d02-acdb-fd714895f260/download/
sub-KS014/sub-KS014_ses-b9c205c3-feac-485b-a89d-afc96d9cb280_ecephys+image/sub-KS014_ses-b9c205c3-feac-485b-a89d-afc96d9cb280_VideoRightCamera.mp4,3171839579,1f07060e-8d38-437a-81b8-e861491ff2b2,2026-02-08T03:03:54.165491Z,2026-03-09T13:24:14.769792Z,https://api.dandiarchive.org/api/assets/1f07060e-8d38-437a-81b8-e861491ff2b2/download/
sub-KS014/sub-KS014_ses-b9c205c3-feac-485b-a89d-afc96d9cb280_ecephys+image/sub-KS014_ses-b9c205c3-feac-485b-a89d-afc96d9cb280_VideoLeftCamera.mp4,5733899218,0a34f906-ad40-4663-9428-d9ce75288d66,2026-02-08T03:05:41.126619Z,2026-03-09T13:24:14.782721Z,https://api.dandiarchive.org/api/assets/0a34f906-ad40-4663-9428-d9ce75288d66/download/
sub-UCLA037/sub-UCLA037_ses-bda2faf5-9563-4940-a80f-ce444259e47b_ecephys+image/sub-UCLA037_ses-bda2faf5-9563-4940-a80f-ce444259e47b_VideoRightCamera.mp4,2645373527,38cefdf6-39a3-4a57-970f-d1d8c91f3703,2026-02-08T03:08:06.085250Z,2026-03-09T13:24:14.793033Z,https://api.dandiarchive.org/api/assets/38cefdf6-39a3-4a57-970f-d1d8c91f3703/download/
sub-UCLA037/sub-UCLA037_ses-bda2faf5-9563-4940-a80f-ce444259e47b_ecephys+image/sub-UCLA037_ses-bda2faf5-9563-4940-a80f-ce444259e47b_VideoLeftCamera.mp4,2982316563,75002afc-51c8-42ef-85c6-15ac2a015a9b,2026-02-08T03:08:10.879796Z,2026-03-09T13:24:14.804366Z,https://api.dandiarchive.org/api/assets/75002afc-51c8-42ef-85c6-15ac2a015a9b/download/
sub-UCLA037/sub-UCLA037_ses-8d316998-28c3-4265-b029-e2ca82375b2f_ecephys+image/sub-UCLA037_ses-8d316998-28c3-4265-b029-e2ca82375b2f_VideoRightCamera.mp4,2900349726,8da4eae3-f086-4ebf-87ba-3d6f14e7cc99,2026-02-08T03:10:24.939153Z,2026-03-09T13:24:14.813690Z,https://api.dandiarchive.org/api/assets/8da4eae3-f086-4ebf-87ba-3d6f14e7cc99/download/
sub-UCLA037/sub-UCLA037_ses-8d316998-28c3-4265-b029-e2ca82375b2f_ecephys+image/sub-UCLA037_ses-8d316998-28c3-4265-b029-e2ca82375b2f_VideoLeftCamera.mp4,3235246980,608a2763-1c54-4316-9188-537a7059a0be,2026-02-08T03:10:30.460302Z,2026-03-09T13:24:14.822733Z,https://api.dandiarchive.org/api/assets/608a2763-1c54-4316-9188-537a7059a0be/download/
sub-UCLA037/sub-UCLA037_ses-fa8ad50d-76f2-45fa-a52f-08fe3d942345_ecephys+image/sub-UCLA037_ses-fa8ad50d-76f2-45fa-a52f-08fe3d942345_VideoRightCamera.mp4,2914540182,891d7ac6-9fbb-4e50-9a89-bdab28fd1cd1,2026-02-08T03:11:45.337451Z,2026-03-09T13:24:14.831643Z,https://api.dandiarchive.org/api/assets/891d7ac6-9fbb-4e50-9a89-bdab28fd1cd1/download/
sub-UCLA037/sub-UCLA037_ses-fa8ad50d-76f2-45fa-a52f-08fe3d942345_ecephys+image/sub-UCLA037_ses-fa8ad50d-76f2-45fa-a52f-08fe3d942345_VideoLeftCamera.mp4,2925433743,e2399099-3dd8-48c1-8cec-9570c86ec1b1,2026-02-08T03:11:45.770225Z,2026-03-09T13:24:14.844636Z,https://api.dandiarchive.org/api/assets/e2399099-3dd8-48c1-8cec-9570c86ec1b1/download/
sub-KS016/sub-KS016_ses-6cf2a88a-515b-4f7f-89a2-7d53eab9b5f4_ecephys+image/sub-KS016_ses-6cf2a88a-515b-4f7f-89a2-7d53eab9b5f4_VideoRightCamera.mp4,2567119258,2c88549b-8c35-4f23-85ff-a908c2da117c,2026-02-08T03:12:34.138996Z,2026-03-09T13:24:14.861192Z,https://api.dandiarchive.org/api/assets/2c88549b-8c35-4f23-85ff-a908c2da117c/download/
sub-UCLA034/sub-UCLA034_ses-3537d970-f515-4786-853f-23de525e110f_ecephys+image/sub-UCLA034_ses-3537d970-f515-4786-853f-23de525e110f_VideoLeftCamera.mp4,3351362069,dc5c72f8-618b-4c90-bf56-3cec010c8235,2026-02-08T03:12:37.134783Z,2026-03-09T13:24:14.872708Z,https://api.dandiarchive.org/api/assets/dc5c72f8-618b-4c90-bf56-3cec010c8235/download/
sub-KS016/sub-KS016_ses-6cf2a88a-515b-4f7f-89a2-7d53eab9b5f4_ecephys+image/sub-KS016_ses-6cf2a88a-515b-4f7f-89a2-7d53eab9b5f4_VideoLeftCamera.mp4,3565886716,3b12ec2e-ef67-484f-a37d-34f0982c1375,2026-02-08T03:12:50.915089Z,2026-03-09T13:24:14.881735Z,https://api.dandiarchive.org/api/assets/3b12ec2e-ef67-484f-a37d-34f0982c1375/download/
sub-UCLA034/sub-UCLA034_ses-3537d970-f515-4786-853f-23de525e110f_ecephys+image/sub-UCLA034_ses-3537d970-f515-4786-853f-23de525e110f_VideoRightCamera.mp4,5954298752,73913ca4-6c99-4a5b-b86e-eb55224815bf,2026-02-08T03:13:16.983185Z,2026-03-09T13:24:14.891342Z,https://api.dandiarchive.org/api/assets/73913ca4-6c99-4a5b-b86e-eb55224815bf/download/
sub-KS014/sub-KS014_ses-b9c205c3-feac-485b-a89d-afc96d9cb280_desc-raw_ecephys.nwb,44983055804,8991b899-4038-4547-9137-fb9a6aa130b0,2026-02-08T03:15:51.445233Z,2026-03-09T13:24:14.904352Z,https://api.dandiarchive.org/api/assets/8991b899-4038-4547-9137-fb9a6aa130b0/download/
sub-UCLA037/sub-UCLA037_ses-bda2faf5-9563-4940-a80f-ce444259e47b_desc-raw_ecephys.nwb,49724644425,627a0e41-6a3d-4de8-8e03-73dd71b2fc5d,2026-02-08T03:20:36.446190Z,2026-03-09T13:24:14.914471Z,https://api.dandiarchive.org/api/assets/627a0e41-6a3d-4de8-8e03-73dd71b2fc5d/download/
sub-UCLA044/sub-UCLA044_ses-23c75e0b-05d8-452e-8efb-a3687ab94079_ecephys+image/sub-UCLA044_ses-23c75e0b-05d8-452e-8efb-a3687ab94079_VideoLeftCamera.mp4,3079630629,d14ce60f-197c-426c-a850-f812d992f17b,2026-02-08T03:20:44.056430Z,2026-03-09T13:24:14.929791Z,https://api.dandiarchive.org/api/assets/d14ce60f-197c-426c-a850-f812d992f17b/download/
sub-UCLA044/sub-UCLA044_ses-23c75e0b-05d8-452e-8efb-a3687ab94079_ecephys+image/sub-UCLA044_ses-23c75e0b-05d8-452e-8efb-a3687ab94079_VideoRightCamera.mp4,4404987183,bb459676-ddc6-49f8-8c9a-cc6deea381d6,2026-02-08T03:21:38.244656Z,2026-03-09T13:24:14.941567Z,https://api.dandiarchive.org/api/assets/bb459676-ddc6-49f8-8c9a-cc6deea381d6/download/
sub-UCLA037/sub-UCLA037_ses-8d316998-28c3-4265-b029-e2ca82375b2f_desc-raw_ecephys.nwb,51060464541,085dbca4-285f-4419-8598-e4138cef677f,2026-02-08T03:23:11.541386Z,2026-03-09T13:24:14.953578Z,https://api.dandiarchive.org/api/assets/085dbca4-285f-4419-8598-e4138cef677f/download/
sub-UCLA037/sub-UCLA037_ses-fa8ad50d-76f2-45fa-a52f-08fe3d942345_desc-raw_ecephys.nwb,51696228569,89d40e0c-30b7-47e9-a370-19a33692386e,2026-02-08T03:24:34.396216Z,2026-03-09T13:24:14.962342Z,https://api.dandiarchive.org/api/assets/89d40e0c-30b7-47e9-a370-19a33692386e/download/
sub-UCLA034/sub-UCLA034_ses-3537d970-f515-4786-853f-23de525e110f_desc-raw_ecephys.nwb,52019599239,292769f5-6512-4156-934f-851bc6809260,2026-02-08T03:25:51.886019Z,2026-03-09T13:24:14.971952Z,https://api.dandiarchive.org/api/assets/292769f5-6512-4156-934f-851bc6809260/download/
sub-KS016/sub-KS016_ses-6cf2a88a-515b-4f7f-89a2-7d53eab9b5f4_desc-raw_ecephys.nwb,55976338207,593ca320-5644-4d71-a85f-7889d72a281d,2026-02-08T03:26:36.091711Z,2026-03-09T13:24:14.981826Z,https://api.dandiarchive.org/api/assets/593ca320-5644-4d71-a85f-7889d72a281d/download/
sub-UCLA033/sub-UCLA033_ses-32d27583-56aa-4510-bc03-669036edad20_ecephys+image/sub-UCLA033_ses-32d27583-56aa-4510-bc03-669036edad20_VideoRightCamera.mp4,3163007105,51f4d73d-8434-4a9e-8bd1-0fad3053e939,2026-02-08T03:31:06.217476Z,2026-03-09T13:24:14.992018Z,https://api.dandiarchive.org/api/assets/51f4d73d-8434-4a9e-8bd1-0fad3053e939/download/
sub-UCLA033/sub-UCLA033_ses-32d27583-56aa-4510-bc03-669036edad20_ecephys+image/sub-UCLA033_ses-32d27583-56aa-4510-bc03-669036edad20_VideoLeftCamera.mp4,3377223465,8f8a33c8-f059-4142-8bf2-6953971a4bc9,2026-02-08T03:31:09.159742Z,2026-03-09T13:24:15.001478Z,https://api.dandiarchive.org/api/assets/8f8a33c8-f059-4142-8bf2-6953971a4bc9/download/
sub-UCLA044/sub-UCLA044_ses-91bac580-76ed-41ab-ac07-89051f8d7f6e_ecephys+image/sub-UCLA044_ses-91bac580-76ed-41ab-ac07-89051f8d7f6e_VideoRightCamera.mp4,4419878093,48485b28-37a5-484a-89c6-b365984f38d7,2026-02-08T03:33:00.283286Z,2026-03-09T13:24:15.016245Z,https://api.dandiarchive.org/api/assets/48485b28-37a5-484a-89c6-b365984f38d7/download/
sub-UCLA044/sub-UCLA044_ses-23c75e0b-05d8-452e-8efb-a3687ab94079_desc-raw_ecephys.nwb,57525505605,63d6f0c6-78ca-4578-b20e-063e75e7a8a7,2026-02-08T03:35:26.985110Z,2026-03-09T13:24:15.028494Z,https://api.dandiarchive.org/api/assets/63d6f0c6-78ca-4578-b20e-063e75e7a8a7/download/
sub-KS016/sub-KS016_ses-16c3667b-e0ea-43fb-9ad4-8dcd1e6c40e1_ecephys+image/sub-KS016_ses-16c3667b-e0ea-43fb-9ad4-8dcd1e6c40e1_VideoRightCamera.mp4,3360051738,0a50b127-2ceb-46a6-81be-79e12a4c5b35,2026-02-08T03:40:06.486530Z,2026-03-09T13:24:15.038272Z,https://api.dandiarchive.org/api/assets/0a50b127-2ceb-46a6-81be-79e12a4c5b35/download/
sub-KS016/sub-KS016_ses-16c3667b-e0ea-43fb-9ad4-8dcd1e6c40e1_ecephys+image/sub-KS016_ses-16c3667b-e0ea-43fb-9ad4-8dcd1e6c40e1_VideoLeftCamera.mp4,4884242357,fa72c391-17ae-4440-843b-150b3e0512b6,2026-02-08T03:40:50.979206Z,2026-03-09T13:24:15.047440Z,https://api.dandiarchive.org/api/assets/fa72c391-17ae-4440-843b-150b3e0512b6/download/
sub-KS014/sub-KS014_ses-16693458-0801-4d35-a3f1-9115c7e5acfd_ecephys+image/sub-KS014_ses-16693458-0801-4d35-a3f1-9115c7e5acfd_VideoRightCamera.mp4,2951088931,b3e79408-2760-47e4-b893-a4221c6c69e6,2026-02-08T03:41:37.650526Z,2026-03-09T13:24:15.060113Z,https://api.dandiarchive.org/api/assets/b3e79408-2760-47e4-b893-a4221c6c69e6/download/
sub-UCLA052/sub-UCLA052_ses-687017d4-c9fc-458f-a7d5-0979fe1a7470_ecephys+image/sub-UCLA052_ses-687017d4-c9fc-458f-a7d5-0979fe1a7470_VideoLeftCamera.mp4,4594016242,f7ac6e30-9a3d-43fe-826f-c24a5949ab64,2026-02-08T03:42:03.381423Z,2026-03-09T13:24:15.072277Z,https://api.dandiarchive.org/api/assets/f7ac6e30-9a3d-43fe-826f-c24a5949ab64/download/
sub-KS014/sub-KS014_ses-16693458-0801-4d35-a3f1-9115c7e5acfd_ecephys+image/sub-KS014_ses-16693458-0801-4d35-a3f1-9115c7e5acfd_VideoLeftCamera.mp4,4640057116,a077b815-41b8-460e-ab28-7d744499f386,2026-02-08T03:42:04.831336Z,2026-03-09T13:24:15.082842Z,https://api.dandiarchive.org/api/assets/a077b815-41b8-460e-ab28-7d744499f386/download/
sub-UCLA052/sub-UCLA052_ses-687017d4-c9fc-458f-a7d5-0979fe1a7470_ecephys+image/sub-UCLA052_ses-687017d4-c9fc-458f-a7d5-0979fe1a7470_VideoRightCamera.mp4,5473673712,fbc3f23d-6add-4867-81c3-df7d3bd36ef0,2026-02-08T03:42:28.421380Z,2026-03-09T13:24:15.096670Z,https://api.dandiarchive.org/api/assets/fbc3f23d-6add-4867-81c3-df7d3bd36ef0/download/
sub-UCLA033/sub-UCLA033_ses-32d27583-56aa-4510-bc03-669036edad20_desc-raw_ecephys.nwb,64898032176,47c4f696-e81a-4091-af67-76e973f5332a,2026-02-08T03:47:23.444673Z,2026-03-09T13:24:15.108049Z,https://api.dandiarchive.org/api/assets/47c4f696-e81a-4091-af67-76e973f5332a/download/
sub-UCLA044/sub-UCLA044_ses-91bac580-76ed-41ab-ac07-89051f8d7f6e_desc-raw_ecephys.nwb,65423032047,c9e5e89c-6365-4453-b426-84ff30d6f9b8,2026-02-08T03:49:13.015657Z,2026-03-09T13:24:15.119266Z,https://api.dandiarchive.org/api/assets/c9e5e89c-6365-4453-b426-84ff30d6f9b8/download/
sub-UCLA034/sub-UCLA034_ses-ebc9392c-1ecb-4b4b-a545-4e3d70d23611_ecephys+image/sub-UCLA034_ses-ebc9392c-1ecb-4b4b-a545-4e3d70d23611_VideoLeftCamera.mp4,4741077234,7b486743-12d6-448e-93f7-724b49a0914a,2026-02-08T03:51:31.559189Z,2026-03-09T13:24:15.137265Z,https://api.dandiarchive.org/api/assets/7b486743-12d6-448e-93f7-724b49a0914a/download/
sub-KS023/sub-KS023_ses-cc45c568-c3b9-4f74-836e-c87762e898c8_ecephys+image/sub-KS023_ses-cc45c568-c3b9-4f74-836e-c87762e898c8_VideoRightCamera.mp4,2561553558,7ac1fb5b-872c-483f-a31c-75562071f619,2026-02-08T03:51:44.407724Z,2026-03-09T13:24:15.151297Z,https://api.dandiarchive.org/api/assets/7ac1fb5b-872c-483f-a31c-75562071f619/download/
sub-UCLA034/sub-UCLA034_ses-ebc9392c-1ecb-4b4b-a545-4e3d70d23611_ecephys+image/sub-UCLA034_ses-ebc9392c-1ecb-4b4b-a545-4e3d70d23611_VideoRightCamera.mp4,9793674552,6fad5799-f9fd-4d52-be68-69289e7cc6a7,2026-02-08T03:52:48.894539Z,2026-03-09T13:24:15.164475Z,https://api.dandiarchive.org/api/assets/6fad5799-f9fd-4d52-be68-69289e7cc6a7/download/
sub-KS023/sub-KS023_ses-aad23144-0e52-4eac-80c5-c4ee2decb198_ecephys+image/sub-KS023_ses-aad23144-0e52-4eac-80c5-c4ee2decb198_VideoBodyCamera.mp4,759562524,0c247df4-698a-45bb-82b1-9c37883d25ed,2026-02-08T03:52:52.045320Z,2026-03-09T13:24:15.174730Z,https://api.dandiarchive.org/api/assets/0c247df4-698a-45bb-82b1-9c37883d25ed/download/
sub-KS023/sub-KS023_ses-cc45c568-c3b9-4f74-836e-c87762e898c8_ecephys+image/sub-KS023_ses-cc45c568-c3b9-4f74-836e-c87762e898c8_VideoLeftCamera.mp4,4728180788,d8ef8073-7847-407d-b90d-51154bfdbae7,2026-02-08T03:53:17.815312Z,2026-03-09T13:24:15.184903Z,https://api.dandiarchive.org/api/assets/d8ef8073-7847-407d-b90d-51154bfdbae7/download/
sub-KS023/sub-KS023_ses-aad23144-0e52-4eac-80c5-c4ee2decb198_ecephys+image/sub-KS023_ses-aad23144-0e52-4eac-80c5-c4ee2decb198_VideoRightCamera.mp4,2291839877,5d79e657-73b4-46db-b6a3-877c2c4663ce,2026-02-08T03:53:24.583799Z,2026-03-09T13:24:15.194336Z,https://api.dandiarchive.org/api/assets/5d79e657-73b4-46db-b6a3-877c2c4663ce/download/
sub-KS023/sub-KS023_ses-aad23144-0e52-4eac-80c5-c4ee2decb198_ecephys+image/sub-KS023_ses-aad23144-0e52-4eac-80c5-c4ee2decb198_VideoLeftCamera.mp4,4886980554,8859f47d-12eb-4e0c-bfea-584e6fd01b2d,2026-02-08T03:54:09.055792Z,2026-03-09T13:24:15.205334Z,https://api.dandiarchive.org/api/assets/8859f47d-12eb-4e0c-bfea-584e6fd01b2d/download/
sub-KS016/sub-KS016_ses-16c3667b-e0ea-43fb-9ad4-8dcd1e6c40e1_desc-raw_ecephys.nwb,73379632174,f239509a-91a0-4027-beba-c92dd20aa04d,2026-02-08T03:58:28.518363Z,2026-03-09T13:24:15.215453Z,https://api.dandiarchive.org/api/assets/f239509a-91a0-4027-beba-c92dd20aa04d/download/
sub-UCLA052/sub-UCLA052_ses-687017d4-c9fc-458f-a7d5-0979fe1a7470_desc-raw_ecephys.nwb,67964357575,8fac6bbe-919a-4602-a380-bd0db27d5ed5,2026-02-08T03:58:34.402456Z,2026-03-09T13:24:15.225987Z,https://api.dandiarchive.org/api/assets/8fac6bbe-919a-4602-a380-bd0db27d5ed5/download/
sub-KS014/sub-KS014_ses-16693458-0801-4d35-a3f1-9115c7e5acfd_desc-raw_ecephys.nwb,73559762133,76548421-68d8-4429-8bc2-3e5025a895ef,2026-02-08T04:00:06.772328Z,2026-03-09T13:24:15.239282Z,https://api.dandiarchive.org/api/assets/76548421-68d8-4429-8bc2-3e5025a895ef/download/
sub-KS023/sub-KS023_ses-a92c4b1d-46bd-457e-a1f4-414265f0e2d4_ecephys+image/sub-KS023_ses-a92c4b1d-46bd-457e-a1f4-414265f0e2d4_VideoRightCamera.mp4,2690909393,d701bb1d-30df-4308-9e93-65f75e3219d8,2026-02-08T04:01:40.434124Z,2026-03-09T13:24:15.249872Z,https://api.dandiarchive.org/api/assets/d701bb1d-30df-4308-9e93-65f75e3219d8/download/
sub-KS016/sub-KS016_ses-dd87e278-999d-478b-8cbd-b5bf92b84763_ecephys+image/sub-KS016_ses-dd87e278-999d-478b-8cbd-b5bf92b84763_VideoRightCamera.mp4,3866545449,b0df3d8d-70b6-42d4-a58a-854406d87163,2026-02-08T04:03:03.011483Z,2026-03-09T13:24:15.260946Z,https://api.dandiarchive.org/api/assets/b0df3d8d-70b6-42d4-a58a-854406d87163/download/
sub-KS023/sub-KS023_ses-a92c4b1d-46bd-457e-a1f4-414265f0e2d4_ecephys+image/sub-KS023_ses-a92c4b1d-46bd-457e-a1f4-414265f0e2d4_VideoLeftCamera.mp4,5065950664,5df96a80-477e-4973-aa1b-809c4abce4fc,2026-02-08T04:03:19.597979Z,2026-03-09T13:24:15.271184Z,https://api.dandiarchive.org/api/assets/5df96a80-477e-4973-aa1b-809c4abce4fc/download/
sub-KS016/sub-KS016_ses-dd87e278-999d-478b-8cbd-b5bf92b84763_ecephys+image/sub-KS016_ses-dd87e278-999d-478b-8cbd-b5bf92b84763_VideoLeftCamera.mp4,5574169457,34a49d04-e4cd-445b-95fe-c0e6e6d1f0e0,2026-02-08T04:04:29.640789Z,2026-03-09T13:24:15.281875Z,https://api.dandiarchive.org/api/assets/34a49d04-e4cd-445b-95fe-c0e6e6d1f0e0/download/
sub-KS022/sub-KS022_ses-15f742e1-1043-45c9-9504-f1e8a53c1744_ecephys+image/sub-KS022_ses-15f742e1-1043-45c9-9504-f1e8a53c1744_VideoRightCamera.mp4,3707958976,1311689f-dcc6-4e92-86a6-c099d3c02129,2026-02-08T04:06:46.305341Z,2026-03-09T13:24:15.297142Z,https://api.dandiarchive.org/api/assets/1311689f-dcc6-4e92-86a6-c099d3c02129/download/
sub-KS022/sub-KS022_ses-15f742e1-1043-45c9-9504-f1e8a53c1744_ecephys+image/sub-KS022_ses-15f742e1-1043-45c9-9504-f1e8a53c1744_VideoLeftCamera.mp4,5848320389,56907a10-e184-4ccd-8875-eedf5ea50d0e,2026-02-08T04:07:49.628478Z,2026-03-09T13:24:15.309413Z,https://api.dandiarchive.org/api/assets/56907a10-e184-4ccd-8875-eedf5ea50d0e/download/
sub-KS023/sub-KS023_ses-a4000c2f-fa75-4b3e-8f06-a7cf599b87ad_ecephys+image/sub-KS023_ses-a4000c2f-fa75-4b3e-8f06-a7cf599b87ad_VideoRightCamera.mp4,3073407695,43dc295f-15e2-4210-b189-d5e133d8d252,2026-02-08T04:10:33.793253Z,2026-03-09T13:24:15.319825Z,https://api.dandiarchive.org/api/assets/43dc295f-15e2-4210-b189-d5e133d8d252/download/
sub-UCLA034/sub-UCLA034_ses-ebc9392c-1ecb-4b4b-a545-4e3d70d23611_desc-raw_ecephys.nwb,74308532404,6ee9c7f1-5a09-4a23-ac8a-ff70662b54af,2026-02-08T04:10:47.139231Z,2026-03-09T13:24:15.329298Z,https://api.dandiarchive.org/api/assets/6ee9c7f1-5a09-4a23-ac8a-ff70662b54af/download/
sub-KS014/sub-KS014_ses-e1931de1-cf7b-49af-af33-2ade15e8abe7_ecephys+image/sub-KS014_ses-e1931de1-cf7b-49af-af33-2ade15e8abe7_VideoRightCamera.mp4,3570317264,0bb19da8-d9eb-4ee3-8ab9-e8c38b5c8f51,2026-02-08T04:11:25.456418Z,2026-03-09T13:24:15.338712Z,https://api.dandiarchive.org/api/assets/0bb19da8-d9eb-4ee3-8ab9-e8c38b5c8f51/download/
sub-KS023/sub-KS023_ses-a4000c2f-fa75-4b3e-8f06-a7cf599b87ad_ecephys+image/sub-KS023_ses-a4000c2f-fa75-4b3e-8f06-a7cf599b87ad_VideoLeftCamera.mp4,5354609241,8b9c5bd1-3a4f-4aab-af8d-60ba3333e1aa,2026-02-08T04:11:26.072409Z,2026-03-09T13:24:15.348617Z,https://api.dandiarchive.org/api/assets/8b9c5bd1-3a4f-4aab-af8d-60ba3333e1aa/download/
sub-KS014/sub-KS014_ses-e1931de1-cf7b-49af-af33-2ade15e8abe7_ecephys+image/sub-KS014_ses-e1931de1-cf7b-49af-af33-2ade15e8abe7_VideoLeftCamera.mp4,5991906016,23cc815f-097f-4511-ab6d-afacd8201011,2026-02-08T04:12:32.927762Z,2026-03-09T13:24:15.358195Z,https://api.dandiarchive.org/api/assets/23cc815f-097f-4511-ab6d-afacd8201011/download/
sub-KS023/sub-KS023_ses-cc45c568-c3b9-4f74-836e-c87762e898c8_desc-raw_ecephys.nwb,82101063013,52cc6276-4c51-4fc2-b0e3-6b89c724cdc7,2026-02-08T04:13:11.053791Z,2026-03-09T13:24:15.367364Z,https://api.dandiarchive.org/api/assets/52cc6276-4c51-4fc2-b0e3-6b89c724cdc7/download/
sub-KS023/sub-KS023_ses-aad23144-0e52-4eac-80c5-c4ee2decb198_desc-raw_ecephys.nwb,81787005202,1ff111c8-ec11-4c8b-9c17-e53f748911db,2026-02-08T04:14:19.422008Z,2026-03-09T13:24:15.376369Z,https://api.dandiarchive.org/api/assets/1ff111c8-ec11-4c8b-9c17-e53f748911db/download/
sub-UCLA048/sub-UCLA048_ses-dc962048-89bb-4e6a-96a9-b062a2be1426_ecephys+image/sub-UCLA048_ses-dc962048-89bb-4e6a-96a9-b062a2be1426_VideoRightCamera.mp4,2892414443,c8b63eae-219d-4e9f-8e66-1410595f184d,2026-02-08T04:19:58.317738Z,2026-03-09T13:24:15.385377Z,https://api.dandiarchive.org/api/assets/c8b63eae-219d-4e9f-8e66-1410595f184d/download/
sub-KS042/sub-KS042_ses-8c552ddc-813e-4035-81cc-3971b57efe65_ecephys+image/sub-KS042_ses-8c552ddc-813e-4035-81cc-3971b57efe65_VideoBodyCamera.mp4,1387934264,291a9752-a6ee-49bc-be6e-36ebda812749,2026-02-08T04:20:18.289576Z,2026-03-09T13:24:15.396511Z,https://api.dandiarchive.org/api/assets/291a9752-a6ee-49bc-be6e-36ebda812749/download/
sub-UCLA048/sub-UCLA048_ses-dc962048-89bb-4e6a-96a9-b062a2be1426_ecephys+image/sub-UCLA048_ses-dc962048-89bb-4e6a-96a9-b062a2be1426_VideoLeftCamera.mp4,4756192729,f2e1592a-6b3b-486b-a104-a7091760f6a6,2026-02-08T04:20:30.090849Z,2026-03-09T13:24:15.406617Z,https://api.dandiarchive.org/api/assets/f2e1592a-6b3b-486b-a104-a7091760f6a6/download/
sub-KS042/sub-KS042_ses-8c552ddc-813e-4035-81cc-3971b57efe65_ecephys+image/sub-KS042_ses-8c552ddc-813e-4035-81cc-3971b57efe65_VideoRightCamera.mp4,4481770431,f181b039-69a7-480f-9917-14d8afec9a67,2026-02-08T04:21:24.765542Z,2026-03-09T13:24:15.415806Z,https://api.dandiarchive.org/api/assets/f181b039-69a7-480f-9917-14d8afec9a67/download/
sub-KS042/sub-KS042_ses-8c552ddc-813e-4035-81cc-3971b57efe65_ecephys+image/sub-KS042_ses-8c552ddc-813e-4035-81cc-3971b57efe65_VideoLeftCamera.mp4,8984450289,179c26c4-eddf-4706-a7ee-83c2da1776a3,2026-02-08T04:22:33.861027Z,2026-03-09T13:24:15.424459Z,https://api.dandiarchive.org/api/assets/179c26c4-eddf-4706-a7ee-83c2da1776a3/download/
sub-KS023/sub-KS023_ses-a92c4b1d-46bd-457e-a1f4-414265f0e2d4_desc-raw_ecephys.nwb,86162680810,6b075773-e40d-44e4-925b-1589ba60434f,2026-02-08T04:24:12.201626Z,2026-03-09T13:24:15.434140Z,https://api.dandiarchive.org/api/assets/6b075773-e40d-44e4-925b-1589ba60434f/download/
sub-KS016/sub-KS016_ses-dd87e278-999d-478b-8cbd-b5bf92b84763_desc-raw_ecephys.nwb,88795621720,fcf2b1fe-9a1c-4376-a24c-a5fd61068afe,2026-02-08T04:25:55.745767Z,2026-03-09T13:24:15.444351Z,https://api.dandiarchive.org/api/assets/fcf2b1fe-9a1c-4376-a24c-a5fd61068afe/download/
sub-KS022/sub-KS022_ses-15f742e1-1043-45c9-9504-f1e8a53c1744_desc-raw_ecephys.nwb,88073172619,2a158524-51f3-4a36-9b5a-f8eab60eba05,2026-02-08T04:29:12.369615Z,2026-03-09T13:24:15.453967Z,https://api.dandiarchive.org/api/assets/2a158524-51f3-4a36-9b5a-f8eab60eba05/download/
sub-UCLA049/sub-UCLA049_ses-8a1cf4ef-06e3-4c72-9bc7-e1baa189841b_ecephys+image/sub-UCLA049_ses-8a1cf4ef-06e3-4c72-9bc7-e1baa189841b_VideoRightCamera.mp4,3224429118,49253472-7db7-4eb1-bb90-3afdce4a0db8,2026-02-08T04:29:51.480406Z,2026-03-09T13:24:15.463242Z,https://api.dandiarchive.org/api/assets/49253472-7db7-4eb1-bb90-3afdce4a0db8/download/
sub-UCLA049/sub-UCLA049_ses-8a1cf4ef-06e3-4c72-9bc7-e1baa189841b_ecephys+image/sub-UCLA049_ses-8a1cf4ef-06e3-4c72-9bc7-e1baa189841b_VideoLeftCamera.mp4,4456140130,fc087f34-e7ea-4ade-ac2d-01d9c18ffa99,2026-02-08T04:30:12.137335Z,2026-03-09T13:24:15.475458Z,https://api.dandiarchive.org/api/assets/fc087f34-e7ea-4ade-ac2d-01d9c18ffa99/download/
sub-UCLA049/sub-UCLA049_ses-0841d188-8ef2-4f20-9828-76a94d5343a4_ecephys+image/sub-UCLA049_ses-0841d188-8ef2-4f20-9828-76a94d5343a4_VideoLeftCamera.mp4,3177416510,b5120ea4-e699-42bc-a95d-ea49cd0bb5e7,2026-02-08T04:30:53.836101Z,2026-03-09T13:24:15.486087Z,https://api.dandiarchive.org/api/assets/b5120ea4-e699-42bc-a95d-ea49cd0bb5e7/download/
sub-UCLA049/sub-UCLA049_ses-0841d188-8ef2-4f20-9828-76a94d5343a4_ecephys+image/sub-UCLA049_ses-0841d188-8ef2-4f20-9828-76a94d5343a4_VideoRightCamera.mp4,3399466176,58955e9a-96e6-4b39-a18e-e35313b8931b,2026-02-08T04:30:55.941239Z,2026-03-09T13:24:15.497756Z,https://api.dandiarchive.org/api/assets/58955e9a-96e6-4b39-a18e-e35313b8931b/download/
sub-KS023/sub-KS023_ses-a4000c2f-fa75-4b3e-8f06-a7cf599b87ad_desc-raw_ecephys.nwb,92063490107,e7a4d457-87e6-4e01-bbfb-90f3f8697ff1,2026-02-08T04:34:03.345363Z,2026-03-09T13:24:15.508989Z,https://api.dandiarchive.org/api/assets/e7a4d457-87e6-4e01-bbfb-90f3f8697ff1/download/
sub-KS014/sub-KS014_ses-e1931de1-cf7b-49af-af33-2ade15e8abe7_desc-raw_ecephys.nwb,91941718577,296877b1-734e-4a6a-83ca-638986837c18,2026-02-08T04:34:54.457622Z,2026-03-09T13:24:15.518386Z,https://api.dandiarchive.org/api/assets/296877b1-734e-4a6a-83ca-638986837c18/download/
sub-UCLA048/sub-UCLA048_ses-dc962048-89bb-4e6a-96a9-b062a2be1426_desc-raw_ecephys.nwb,100219454058,4faa54d9-b349-4da5-8f1a-cc5f3df0edb5,2026-02-08T04:45:24.539682Z,2026-03-09T13:24:15.527677Z,https://api.dandiarchive.org/api/assets/4faa54d9-b349-4da5-8f1a-cc5f3df0edb5/download/
sub-KS042/sub-KS042_ses-8c552ddc-813e-4035-81cc-3971b57efe65_desc-raw_ecephys.nwb,97492554117,8346beb9-d1ca-46fa-9bc6-e288154caf64,2026-02-08T04:46:32.709460Z,2026-03-09T13:24:15.537976Z,https://api.dandiarchive.org/api/assets/8346beb9-d1ca-46fa-9bc6-e288154caf64/download/
sub-UCLA049/sub-UCLA049_ses-8a1cf4ef-06e3-4c72-9bc7-e1baa189841b_desc-raw_ecephys.nwb,105918291706,43d66ce5-bfd8-4488-a050-b32ff0cf5a3d,2026-02-08T04:56:32.705128Z,2026-03-09T13:24:15.547965Z,https://api.dandiarchive.org/api/assets/43d66ce5-bfd8-4488-a050-b32ff0cf5a3d/download/
sub-UCLA049/sub-UCLA049_ses-0841d188-8ef2-4f20-9828-76a94d5343a4_desc-raw_ecephys.nwb,107573934854,812c7417-22c0-4bb3-b4a5-274254e9c149,2026-02-08T04:57:54.331272Z,2026-03-09T13:24:15.558154Z,https://api.dandiarchive.org/api/assets/812c7417-22c0-4bb3-b4a5-274254e9c149/download/
sub-UCLA037/sub-UCLA037_ses-2bdf206a-820f-402f-920a-9e86cd5388a4_ecephys+image/sub-UCLA037_ses-2bdf206a-820f-402f-920a-9e86cd5388a4_VideoLeftCamera.mp4,4291033349,2a3883bd-9160-4a94-96a7-69ef770c001f,2026-02-08T05:06:15.418845Z,2026-03-09T13:24:15.568049Z,https://api.dandiarchive.org/api/assets/2a3883bd-9160-4a94-96a7-69ef770c001f/download/
sub-UCLA037/sub-UCLA037_ses-2bdf206a-820f-402f-920a-9e86cd5388a4_ecephys+image/sub-UCLA037_ses-2bdf206a-820f-402f-920a-9e86cd5388a4_VideoRightCamera.mp4,4975540591,3ee6cd09-b3c7-4299-ad8b-e945620395f2,2026-02-08T05:06:25.567143Z,2026-03-09T13:24:15.578198Z,https://api.dandiarchive.org/api/assets/3ee6cd09-b3c7-4299-ad8b-e945620395f2/download/
sub-UCLA034/sub-UCLA034_ses-8a3a0197-b40a-449f-be55-c00b23253bbf_ecephys+image/sub-UCLA034_ses-8a3a0197-b40a-449f-be55-c00b23253bbf_VideoLeftCamera.mp4,4170164852,d319bf25-abb8-46e8-b798-b66e4959c7ce,2026-02-08T05:19:48.159169Z,2026-03-09T13:24:15.587597Z,https://api.dandiarchive.org/api/assets/d319bf25-abb8-46e8-b798-b66e4959c7ce/download/
sub-UCLA034/sub-UCLA034_ses-8a3a0197-b40a-449f-be55-c00b23253bbf_ecephys+image/sub-UCLA034_ses-8a3a0197-b40a-449f-be55-c00b23253bbf_VideoRightCamera.mp4,9363242878,c660115c-f193-48df-83b1-1a16793e760a,2026-02-08T05:21:00.060052Z,2026-03-09T13:24:15.596641Z,https://api.dandiarchive.org/api/assets/c660115c-f193-48df-83b1-1a16793e760a/download/
sub-UCLA035/sub-UCLA035_ses-f99ac31f-171b-4208-a55d-5644c0ad51c3_ecephys+image/sub-UCLA035_ses-f99ac31f-171b-4208-a55d-5644c0ad51c3_VideoLeftCamera.mp4,4538758819,a0beb4a6-1768-4631-9612-49f4d8e02aaa,2026-02-08T05:27:59.269215Z,2026-03-09T13:24:15.605657Z,https://api.dandiarchive.org/api/assets/a0beb4a6-1768-4631-9612-49f4d8e02aaa/download/
sub-UCLA035/sub-UCLA035_ses-f99ac31f-171b-4208-a55d-5644c0ad51c3_ecephys+image/sub-UCLA035_ses-f99ac31f-171b-4208-a55d-5644c0ad51c3_VideoRightCamera.mp4,4826342058,0a6d84b7-c087-45f7-b437-0f311a19b30c,2026-02-08T05:28:02.914461Z,2026-03-09T13:24:15.614064Z,https://api.dandiarchive.org/api/assets/0a6d84b7-c087-45f7-b437-0f311a19b30c/download/
sub-UCLA036/sub-UCLA036_ses-e2b845a1-e313-4a08-bc61-a5f662ed295e_ecephys+image/sub-UCLA036_ses-e2b845a1-e313-4a08-bc61-a5f662ed295e_VideoLeftCamera.mp4,3657705032,956397d6-e79b-4988-8218-6d065ec42d39,2026-02-08T05:32:32.052204Z,2026-03-09T13:24:15.625551Z,https://api.dandiarchive.org/api/assets/956397d6-e79b-4988-8218-6d065ec42d39/download/
sub-UCLA036/sub-UCLA036_ses-e2b845a1-e313-4a08-bc61-a5f662ed295e_ecephys+image/sub-UCLA036_ses-e2b845a1-e313-4a08-bc61-a5f662ed295e_VideoRightCamera.mp4,4800330118,6671769d-1f36-4b66-a790-38efe611c26a,2026-02-08T05:32:42.473602Z,2026-03-09T13:24:15.634975Z,https://api.dandiarchive.org/api/assets/6671769d-1f36-4b66-a790-38efe611c26a/download/
sub-UCLA035/sub-UCLA035_ses-6f36868f-5cc1-450c-82fa-6b9829ce0cfe_ecephys+image/sub-UCLA035_ses-6f36868f-5cc1-450c-82fa-6b9829ce0cfe_VideoLeftCamera.mp4,4531770893,d8e168d3-3200-4f05-a48f-a4eb2302194f,2026-02-08T05:37:56.166571Z,2026-03-09T13:24:15.646383Z,https://api.dandiarchive.org/api/assets/d8e168d3-3200-4f05-a48f-a4eb2302194f/download/
sub-UCLA035/sub-UCLA035_ses-6f36868f-5cc1-450c-82fa-6b9829ce0cfe_ecephys+image/sub-UCLA035_ses-6f36868f-5cc1-450c-82fa-6b9829ce0cfe_VideoRightCamera.mp4,4759718084,397d6e00-c709-4728-a142-755e9ac854e6,2026-02-08T05:37:58.385411Z,2026-03-09T13:24:15.655794Z,https://api.dandiarchive.org/api/assets/397d6e00-c709-4728-a142-755e9ac854e6/download/
sub-UCLA037/sub-UCLA037_ses-2bdf206a-820f-402f-920a-9e86cd5388a4_desc-raw_ecephys.nwb,129702589049,b99e00b6-4860-4ed5-bc1f-3ffa4e918518,2026-02-08T05:39:05.857420Z,2026-03-09T13:24:15.665796Z,https://api.dandiarchive.org/api/assets/b99e00b6-4860-4ed5-bc1f-3ffa4e918518/download/
sub-UCLA034/sub-UCLA034_ses-19b44992-d527-4a12-8bda-aa11379cb08c_ecephys+image/sub-UCLA034_ses-19b44992-d527-4a12-8bda-aa11379cb08c_VideoLeftCamera.mp4,4879052888,01e5fd2f-9ed2-4289-a623-e2de4ca00251,2026-02-08T05:46:52.679342Z,2026-03-09T13:24:15.676381Z,https://api.dandiarchive.org/api/assets/01e5fd2f-9ed2-4289-a623-e2de4ca00251/download/
sub-UCLA034/sub-UCLA034_ses-19b44992-d527-4a12-8bda-aa11379cb08c_ecephys+image/sub-UCLA034_ses-19b44992-d527-4a12-8bda-aa11379cb08c_VideoRightCamera.mp4,10850415293,0bdada49-0584-40f4-8f3c-fd9effddcd6f,2026-02-08T05:50:29.429718Z,2026-03-09T13:24:15.687217Z,https://api.dandiarchive.org/api/assets/0bdada49-0584-40f4-8f3c-fd9effddcd6f/download/
sub-UCLA034/sub-UCLA034_ses-8a3a0197-b40a-449f-be55-c00b23253bbf_desc-raw_ecephys.nwb,139312597683,d725047a-fc65-4581-94f7-658d67bfd563,2026-02-08T05:55:42.117280Z,2026-03-09T13:24:15.696776Z,https://api.dandiarchive.org/api/assets/d725047a-fc65-4581-94f7-658d67bfd563/download/
sub-UCLA035/sub-UCLA035_ses-f99ac31f-171b-4208-a55d-5644c0ad51c3_desc-raw_ecephys.nwb,145145855757,88f72afc-9d09-4141-ac91-c85ab3047c35,2026-02-08T06:04:42.940048Z,2026-03-09T13:24:15.706612Z,https://api.dandiarchive.org/api/assets/88f72afc-9d09-4141-ac91-c85ab3047c35/download/
sub-UCLA036/sub-UCLA036_ses-e2b845a1-e313-4a08-bc61-a5f662ed295e_desc-raw_ecephys.nwb,149486077158,86993946-c251-4fb7-95a7-a08378d7f7b1,2026-02-08T06:10:36.227591Z,2026-03-09T13:24:15.718217Z,https://api.dandiarchive.org/api/assets/86993946-c251-4fb7-95a7-a08378d7f7b1/download/
sub-UCLA035/sub-UCLA035_ses-6f36868f-5cc1-450c-82fa-6b9829ce0cfe_desc-raw_ecephys.nwb,151808714215,05b175be-e8af-40e3-85ed-fa15796f07bb,2026-02-08T06:16:30.197830Z,2026-03-09T13:24:15.728331Z,https://api.dandiarchive.org/api/assets/05b175be-e8af-40e3-85ed-fa15796f07bb/download/
sub-UCLA034/sub-UCLA034_ses-19b44992-d527-4a12-8bda-aa11379cb08c_desc-raw_ecephys.nwb,153186135284,f159ad48-6607-4173-92cc-b928fc011c27,2026-02-08T06:27:21.381972Z,2026-03-09T13:24:15.742311Z,https://api.dandiarchive.org/api/assets/f159ad48-6607-4173-92cc-b928fc011c27/download/
sub-KS044/sub-KS044_ses-781b35fd-e1f0-4d14-b2bb-95b7263082bb_ecephys+image/sub-KS044_ses-781b35fd-e1f0-4d14-b2bb-95b7263082bb_VideoBodyCamera.mp4,1298778387,2a06c205-f5ea-4a1c-9321-1f6c8209e2c3,2026-02-08T08:18:53.954395Z,2026-03-09T13:24:15.752132Z,https://api.dandiarchive.org/api/assets/2a06c205-f5ea-4a1c-9321-1f6c8209e2c3/download/
sub-KS044/sub-KS044_ses-781b35fd-e1f0-4d14-b2bb-95b7263082bb_ecephys+image/sub-KS044_ses-781b35fd-e1f0-4d14-b2bb-95b7263082bb_VideoRightCamera.mp4,4127185775,ae3ef704-061d-420a-b0e6-67f760432f12,2026-02-08T08:19:54.469210Z,2026-03-09T13:24:15.761864Z,https://api.dandiarchive.org/api/assets/ae3ef704-061d-420a-b0e6-67f760432f12/download/
sub-KS044/sub-KS044_ses-781b35fd-e1f0-4d14-b2bb-95b7263082bb_ecephys+image/sub-KS044_ses-781b35fd-e1f0-4d14-b2bb-95b7263082bb_VideoLeftCamera.mp4,9800365826,273bbf9e-10cb-4d38-9ba5-78e79d6dbc87,2026-02-08T08:21:21.314432Z,2026-03-09T13:24:15.772706Z,https://api.dandiarchive.org/api/assets/273bbf9e-10cb-4d38-9ba5-78e79d6dbc87/download/
sub-KS044/sub-KS044_ses-781b35fd-e1f0-4d14-b2bb-95b7263082bb_desc-raw_ecephys.nwb,89037588595,e8232faa-ebfb-454a-ae33-1bdc2913a4f2,2026-02-08T08:42:59.293984Z,2026-03-09T13:24:15.782815Z,https://api.dandiarchive.org/api/assets/e8232faa-ebfb-454a-ae33-1bdc2913a4f2/download/
sub-DY-009/sub-DY-009_ses-30e5937e-e86a-47e6-93ae-d2ae3877ff8e_ecephys+image/sub-DY-009_ses-30e5937e-e86a-47e6-93ae-d2ae3877ff8e_VideoRightCamera.mp4,4341412190,67afb3e9-a513-4949-a531-712a9d7d1686,2026-02-08T09:58:11.636940Z,2026-03-09T13:24:15.792488Z,https://api.dandiarchive.org/api/assets/67afb3e9-a513-4949-a531-712a9d7d1686/download/
sub-DY-009/sub-DY-009_ses-30e5937e-e86a-47e6-93ae-d2ae3877ff8e_ecephys+image/sub-DY-009_ses-30e5937e-e86a-47e6-93ae-d2ae3877ff8e_VideoLeftCamera.mp4,5604673426,937e8d07-0fa3-4dff-9ff2-c909561ca00b,2026-02-08T09:58:31.738326Z,2026-03-09T13:24:15.801952Z,https://api.dandiarchive.org/api/assets/937e8d07-0fa3-4dff-9ff2-c909561ca00b/download/
sub-DY-010/sub-DY-010_ses-931a70ae-90ee-448e-bedb-9d41f3eda647_ecephys+image/sub-DY-010_ses-931a70ae-90ee-448e-bedb-9d41f3eda647_VideoRightCamera.mp4,2792526148,3037f5a8-f778-4aa0-bbe2-fd771997cfe2,2026-02-08T09:59:58.721689Z,2026-03-09T13:24:15.811846Z,https://api.dandiarchive.org/api/assets/3037f5a8-f778-4aa0-bbe2-fd771997cfe2/download/
sub-DY-010/sub-DY-010_ses-931a70ae-90ee-448e-bedb-9d41f3eda647_ecephys+image/sub-DY-010_ses-931a70ae-90ee-448e-bedb-9d41f3eda647_VideoLeftCamera.mp4,3387231866,853aa07f-7344-41d0-8c45-ad7f9b902ced,2026-02-08T10:00:08.006248Z,2026-03-09T13:24:15.821905Z,https://api.dandiarchive.org/api/assets/853aa07f-7344-41d0-8c45-ad7f9b902ced/download/
sub-DY-009/sub-DY-009_ses-a19c7a3a-7261-42ce-95d5-1f4ca46007ed_ecephys+image/sub-DY-009_ses-a19c7a3a-7261-42ce-95d5-1f4ca46007ed_VideoRightCamera.mp4,4356102872,db442a4d-e07f-42b7-9978-906b154c9bfd,2026-02-08T10:00:44.597959Z,2026-03-09T13:24:15.835715Z,https://api.dandiarchive.org/api/assets/db442a4d-e07f-42b7-9978-906b154c9bfd/download/
sub-DY-009/sub-DY-009_ses-a19c7a3a-7261-42ce-95d5-1f4ca46007ed_ecephys+image/sub-DY-009_ses-a19c7a3a-7261-42ce-95d5-1f4ca46007ed_VideoLeftCamera.mp4,5843782345,4908fe5d-09ae-41c3-936d-3cf14618cd3a,2026-02-08T10:01:07.001996Z,2026-03-09T13:24:15.849707Z,https://api.dandiarchive.org/api/assets/4908fe5d-09ae-41c3-936d-3cf14618cd3a/download/
sub-DY-011/sub-DY-011_ses-7bee9f09-a238-42cf-b499-f51f765c6ded_ecephys+image/sub-DY-011_ses-7bee9f09-a238-42cf-b499-f51f765c6ded_VideoRightCamera.mp4,3217709193,e67b01f6-9f56-45a1-bb0d-08dfd7f45a6c,2026-02-08T10:04:09.687961Z,2026-03-09T13:24:15.860832Z,https://api.dandiarchive.org/api/assets/e67b01f6-9f56-45a1-bb0d-08dfd7f45a6c/download/
sub-DY-011/sub-DY-011_ses-7bee9f09-a238-42cf-b499-f51f765c6ded_ecephys+image/sub-DY-011_ses-7bee9f09-a238-42cf-b499-f51f765c6ded_VideoLeftCamera.mp4,4274121558,15f8dee0-c65e-40b7-ba9a-3316866d2a48,2026-02-08T10:04:25.084447Z,2026-03-09T13:24:15.870986Z,https://api.dandiarchive.org/api/assets/15f8dee0-c65e-40b7-ba9a-3316866d2a48/download/
sub-DY-010/sub-DY-010_ses-bb6a5aae-2431-401d-8f6a-9fdd6de655a9_ecephys+image/sub-DY-010_ses-bb6a5aae-2431-401d-8f6a-9fdd6de655a9_VideoRightCamera.mp4,2825310001,90f69c04-b93e-4434-b797-4967e1a27de2,2026-02-08T10:07:28.061354Z,2026-03-09T13:24:15.881855Z,https://api.dandiarchive.org/api/assets/90f69c04-b93e-4434-b797-4967e1a27de2/download/
sub-DY-010/sub-DY-010_ses-bb6a5aae-2431-401d-8f6a-9fdd6de655a9_ecephys+image/sub-DY-010_ses-bb6a5aae-2431-401d-8f6a-9fdd6de655a9_VideoLeftCamera.mp4,3532146720,664fb125-e5d3-4d56-8aa0-45b87f758455,2026-02-08T10:07:38.466450Z,2026-03-09T13:24:15.893335Z,https://api.dandiarchive.org/api/assets/664fb125-e5d3-4d56-8aa0-45b87f758455/download/
sub-DY-009/sub-DY-009_ses-30e5937e-e86a-47e6-93ae-d2ae3877ff8e_desc-raw_ecephys.nwb,38178413604,d6669cd9-d04f-482f-bfcd-330a484e431d,2026-02-08T10:07:43.257266Z,2026-03-09T13:24:15.903893Z,https://api.dandiarchive.org/api/assets/d6669cd9-d04f-482f-bfcd-330a484e431d/download/
sub-DY-009/sub-DY-009_ses-db4df448-e449-4a6f-a0e7-288711e7a75a_ecephys+image/sub-DY-009_ses-db4df448-e449-4a6f-a0e7-288711e7a75a_VideoRightCamera.mp4,4711506507,9859b497-7486-4fca-b57b-a49c32a1554a,2026-02-08T10:07:55.921399Z,2026-03-09T13:24:15.914005Z,https://api.dandiarchive.org/api/assets/9859b497-7486-4fca-b57b-a49c32a1554a/download/
sub-DY-009/sub-DY-009_ses-db4df448-e449-4a6f-a0e7-288711e7a75a_ecephys+image/sub-DY-009_ses-db4df448-e449-4a6f-a0e7-288711e7a75a_VideoLeftCamera.mp4,6317890298,7ed44f28-500a-4b8a-9019-6e63396d4a69,2026-02-08T10:08:19.952471Z,2026-03-09T13:24:15.923754Z,https://api.dandiarchive.org/api/assets/7ed44f28-500a-4b8a-9019-6e63396d4a69/download/
sub-DY-011/sub-DY-011_ses-cf43dbb1-6992-40ec-a5f9-e8e838d0f643_ecephys+image/sub-DY-011_ses-cf43dbb1-6992-40ec-a5f9-e8e838d0f643_VideoRightCamera.mp4,3409349629,014197b2-4820-4607-8aab-5bf6143ad619,2026-02-08T10:08:24.442743Z,2026-03-09T13:24:15.935416Z,https://api.dandiarchive.org/api/assets/014197b2-4820-4607-8aab-5bf6143ad619/download/
sub-DY-011/sub-DY-011_ses-cf43dbb1-6992-40ec-a5f9-e8e838d0f643_ecephys+image/sub-DY-011_ses-cf43dbb1-6992-40ec-a5f9-e8e838d0f643_VideoLeftCamera.mp4,4463806203,d39df5bf-8182-47aa-95e4-f1389d47c952,2026-02-08T10:08:40.896755Z,2026-03-09T13:24:15.946935Z,https://api.dandiarchive.org/api/assets/d39df5bf-8182-47aa-95e4-f1389d47c952/download/
sub-DY-010/sub-DY-010_ses-931a70ae-90ee-448e-bedb-9d41f3eda647_desc-raw_ecephys.nwb,40705249056,922a9241-c745-4a8a-b322-0f9005810536,2026-02-08T10:10:08.526038Z,2026-03-09T13:24:15.957449Z,https://api.dandiarchive.org/api/assets/922a9241-c745-4a8a-b322-0f9005810536/download/
sub-DY-009/sub-DY-009_ses-a19c7a3a-7261-42ce-95d5-1f4ca46007ed_desc-raw_ecephys.nwb,39425077158,d91e87a5-0118-4765-939a-3dd73596865f,2026-02-08T10:10:23.810271Z,2026-03-09T13:24:15.968543Z,https://api.dandiarchive.org/api/assets/d91e87a5-0118-4765-939a-3dd73596865f/download/
sub-DY-010/sub-DY-010_ses-4fa70097-8101-4f10-b585-db39429c5ed0_ecephys+image/sub-DY-010_ses-4fa70097-8101-4f10-b585-db39429c5ed0_VideoRightCamera.mp4,2974931213,56ba00d1-59b1-4e45-ac16-ab20640e7d9d,2026-02-08T10:10:47.469655Z,2026-03-09T13:24:15.978018Z,https://api.dandiarchive.org/api/assets/56ba00d1-59b1-4e45-ac16-ab20640e7d9d/download/
sub-DY-010/sub-DY-010_ses-4fa70097-8101-4f10-b585-db39429c5ed0_ecephys+image/sub-DY-010_ses-4fa70097-8101-4f10-b585-db39429c5ed0_VideoLeftCamera.mp4,3811498375,11ef1b97-2e2f-4dd8-abd3-6ca14f4267dd,2026-02-08T10:11:00.363017Z,2026-03-09T13:24:15.988779Z,https://api.dandiarchive.org/api/assets/11ef1b97-2e2f-4dd8-abd3-6ca14f4267dd/download/
sub-DY-009/sub-DY-009_ses-413a6825-2144-4a50-b3fc-cf38ddd6fd1a_ecephys+image/sub-DY-009_ses-413a6825-2144-4a50-b3fc-cf38ddd6fd1a_VideoRightCamera.mp4,5266597115,53cee3db-2ec9-46fc-8969-2b5471b05716,2026-02-08T10:11:57.045081Z,2026-03-09T13:24:15.998512Z,https://api.dandiarchive.org/api/assets/53cee3db-2ec9-46fc-8969-2b5471b05716/download/
sub-DY-008/sub-DY-008_ses-0f25376f-2b78-4ddc-8c39-b6cdbe7bf5b9_ecephys+image/sub-DY-008_ses-0f25376f-2b78-4ddc-8c39-b6cdbe7bf5b9_VideoRightCamera.mp4,5365279303,1b3f1a87-c35c-4729-9f74-9fc08038dd66,2026-02-08T10:12:15.413561Z,2026-03-09T13:24:16.007736Z,https://api.dandiarchive.org/api/assets/1b3f1a87-c35c-4729-9f74-9fc08038dd66/download/
sub-DY-009/sub-DY-009_ses-413a6825-2144-4a50-b3fc-cf38ddd6fd1a_ecephys+image/sub-DY-009_ses-413a6825-2144-4a50-b3fc-cf38ddd6fd1a_VideoLeftCamera.mp4,6612381216,c49fecb6-de83-4222-afd8-435e9fdb2e94,2026-02-08T10:12:17.415512Z,2026-03-09T13:24:16.018701Z,https://api.dandiarchive.org/api/assets/c49fecb6-de83-4222-afd8-435e9fdb2e94/download/
sub-DY-008/sub-DY-008_ses-0f25376f-2b78-4ddc-8c39-b6cdbe7bf5b9_ecephys+image/sub-DY-008_ses-0f25376f-2b78-4ddc-8c39-b6cdbe7bf5b9_VideoLeftCamera.mp4,7266755779,0925ae4b-7640-46e4-9ea5-8e1ca528942e,2026-02-08T10:12:44.962491Z,2026-03-09T13:24:16.031496Z,https://api.dandiarchive.org/api/assets/0925ae4b-7640-46e4-9ea5-8e1ca528942e/download/
sub-KS096/sub-KS096_ses-a2701b93-d8e1-47e9-a819-f1063046f3e7_ecephys+image/sub-KS096_ses-a2701b93-d8e1-47e9-a819-f1063046f3e7_VideoBodyCamera.mp4,1365185371,ebdbc3c5-9691-4c0c-b641-e9975b3d38e8,2026-02-08T10:13:18.309623Z,2026-03-09T13:24:16.040994Z,https://api.dandiarchive.org/api/assets/ebdbc3c5-9691-4c0c-b641-e9975b3d38e8/download/
sub-DY-011/sub-DY-011_ses-7bee9f09-a238-42cf-b499-f51f765c6ded_desc-raw_ecephys.nwb,42533909642,6fedeb45-8afe-41dc-9b29-5455aff48a34,2026-02-08T10:14:45.728265Z,2026-03-09T13:24:16.051274Z,https://api.dandiarchive.org/api/assets/6fedeb45-8afe-41dc-9b29-5455aff48a34/download/
sub-KS096/sub-KS096_ses-a2701b93-d8e1-47e9-a819-f1063046f3e7_ecephys+image/sub-KS096_ses-a2701b93-d8e1-47e9-a819-f1063046f3e7_VideoRightCamera.mp4,5376801974,04f9d045-199b-486f-a41a-c31b0e3055e6,2026-02-08T10:14:49.923698Z,2026-03-09T13:24:16.061162Z,https://api.dandiarchive.org/api/assets/04f9d045-199b-486f-a41a-c31b0e3055e6/download/
sub-KS094/sub-KS094_ses-c8d46ee6-eb68-4535-8756-7c9aa32f10e4_ecephys+image/sub-KS094_ses-c8d46ee6-eb68-4535-8756-7c9aa32f10e4_VideoBodyCamera.mp4,1368138228,3d879aaa-e772-4c5a-ab35-10e7bff0adff,2026-02-08T10:14:50.108010Z,2026-03-09T13:24:16.070714Z,https://api.dandiarchive.org/api/assets/3d879aaa-e772-4c5a-ab35-10e7bff0adff/download/
sub-DY-009/sub-DY-009_ses-e5c772cd-9c92-47ab-9525-d618b66a9b5d_ecephys+image/sub-DY-009_ses-e5c772cd-9c92-47ab-9525-d618b66a9b5d_VideoRightCamera.mp4,5435516959,34b88fb6-f797-4f66-b87a-3edc4c168f31,2026-02-08T10:15:03.040555Z,2026-03-09T13:24:16.084046Z,https://api.dandiarchive.org/api/assets/34b88fb6-f797-4f66-b87a-3edc4c168f31/download/
sub-DY-009/sub-DY-009_ses-e5c772cd-9c92-47ab-9525-d618b66a9b5d_ecephys+image/sub-DY-009_ses-e5c772cd-9c92-47ab-9525-d618b66a9b5d_VideoLeftCamera.mp4,6818897467,e4f134fe-4564-4454-9520-f058551e1e48,2026-02-08T10:15:23.574637Z,2026-03-09T13:24:16.094209Z,https://api.dandiarchive.org/api/assets/e4f134fe-4564-4454-9520-f058551e1e48/download/
sub-KS096/sub-KS096_ses-a2701b93-d8e1-47e9-a819-f1063046f3e7_ecephys+image/sub-KS096_ses-a2701b93-d8e1-47e9-a819-f1063046f3e7_VideoLeftCamera.mp4,9001624965,a8805ea1-2f7d-4836-a0ed-09dafd80fb11,2026-02-08T10:15:45.356279Z,2026-03-09T13:24:16.108341Z,https://api.dandiarchive.org/api/assets/a8805ea1-2f7d-4836-a0ed-09dafd80fb11/download/
sub-DY-011/sub-DY-011_ses-741979ce-3f10-443a-8526-2275620c8473_ecephys+image/sub-DY-011_ses-741979ce-3f10-443a-8526-2275620c8473_VideoRightCamera.mp4,4148955046,c5aba2a3-6fd7-41ee-aa51-7296d1008f2b,2026-02-08T10:16:45.807789Z,2026-03-09T13:24:16.119292Z,https://api.dandiarchive.org/api/assets/c5aba2a3-6fd7-41ee-aa51-7296d1008f2b/download/
sub-KS094/sub-KS094_ses-c8d46ee6-eb68-4535-8756-7c9aa32f10e4_ecephys+image/sub-KS094_ses-c8d46ee6-eb68-4535-8756-7c9aa32f10e4_VideoRightCamera.mp4,6387624421,beb82439-c9db-471a-b5e6-8e5ac779aa3e,2026-02-08T10:16:45.920863Z,2026-03-09T13:24:16.129211Z,https://api.dandiarchive.org/api/assets/beb82439-c9db-471a-b5e6-8e5ac779aa3e/download/
sub-DY-011/sub-DY-011_ses-741979ce-3f10-443a-8526-2275620c8473_ecephys+image/sub-DY-011_ses-741979ce-3f10-443a-8526-2275620c8473_VideoLeftCamera.mp4,5219841204,7d92fef0-74fe-46a6-b553-dfff41938631,2026-02-08T10:17:01.978240Z,2026-03-09T13:24:16.140335Z,https://api.dandiarchive.org/api/assets/7d92fef0-74fe-46a6-b553-dfff41938631/download/
sub-DY-010/sub-DY-010_ses-90d1e82c-c96f-496c-ad4e-ee3f02067f25_ecephys+image/sub-DY-010_ses-90d1e82c-c96f-496c-ad4e-ee3f02067f25_VideoRightCamera.mp4,3360093793,71d4b18d-b207-46d7-b36f-17a3bdc99c82,2026-02-08T10:17:19.414396Z,2026-03-09T13:24:16.152347Z,https://api.dandiarchive.org/api/assets/71d4b18d-b207-46d7-b36f-17a3bdc99c82/download/
sub-DY-009/sub-DY-009_ses-158d5d35-a2ab-4a76-87b0-51048c5d5283_ecephys+image/sub-DY-009_ses-158d5d35-a2ab-4a76-87b0-51048c5d5283_VideoRightCamera.mp4,5432869403,10540bee-ae63-4c76-b87b-a91830bcf218,2026-02-08T10:17:30.799060Z,2026-03-09T13:24:16.163124Z,https://api.dandiarchive.org/api/assets/10540bee-ae63-4c76-b87b-a91830bcf218/download/
sub-DY-010/sub-DY-010_ses-90d1e82c-c96f-496c-ad4e-ee3f02067f25_ecephys+image/sub-DY-010_ses-90d1e82c-c96f-496c-ad4e-ee3f02067f25_VideoLeftCamera.mp4,4301786689,24ab2304-47c3-43a6-802e-250dc98dbf48,2026-02-08T10:17:33.864549Z,2026-03-09T13:24:16.173495Z,https://api.dandiarchive.org/api/assets/24ab2304-47c3-43a6-802e-250dc98dbf48/download/
sub-DY-009/sub-DY-009_ses-3c851386-e92d-4533-8d55-89a46f0e7384_ecephys+image/sub-DY-009_ses-3c851386-e92d-4533-8d55-89a46f0e7384_VideoRightCamera.mp4,5318208588,ad03ad95-daca-42ec-9790-7685ee0c4b2e,2026-02-08T10:17:40.774717Z,2026-03-09T13:24:16.183572Z,https://api.dandiarchive.org/api/assets/ad03ad95-daca-42ec-9790-7685ee0c4b2e/download/
sub-KS094/sub-KS094_ses-c8d46ee6-eb68-4535-8756-7c9aa32f10e4_ecephys+image/sub-KS094_ses-c8d46ee6-eb68-4535-8756-7c9aa32f10e4_VideoLeftCamera.mp4,10670489641,d4293dc3-306c-4bbd-a3fb-02bd950654ec,2026-02-08T10:17:50.610702Z,2026-03-09T13:24:16.196302Z,https://api.dandiarchive.org/api/assets/d4293dc3-306c-4bbd-a3fb-02bd950654ec/download/
sub-DY-009/sub-DY-009_ses-158d5d35-a2ab-4a76-87b0-51048c5d5283_ecephys+image/sub-DY-009_ses-158d5d35-a2ab-4a76-87b0-51048c5d5283_VideoLeftCamera.mp4,7253757098,1f9c1baa-f76f-4a95-87c0-0e721d73f918,2026-02-08T10:17:58.056320Z,2026-03-09T13:24:16.205383Z,https://api.dandiarchive.org/api/assets/1f9c1baa-f76f-4a95-87c0-0e721d73f918/download/
sub-DY-009/sub-DY-009_ses-3c851386-e92d-4533-8d55-89a46f0e7384_ecephys+image/sub-DY-009_ses-3c851386-e92d-4533-8d55-89a46f0e7384_VideoLeftCamera.mp4,7198789479,26c8cf36-007c-4003-b073-edabf089cc0e,2026-02-08T10:18:09.171898Z,2026-03-09T13:24:16.215692Z,https://api.dandiarchive.org/api/assets/26c8cf36-007c-4003-b073-edabf089cc0e/download/
sub-DY-010/sub-DY-010_ses-bb6a5aae-2431-401d-8f6a-9fdd6de655a9_desc-raw_ecephys.nwb,45450457717,155c81da-fda7-4e76-88a9-87efeee95d5e,2026-02-08T10:18:51.042137Z,2026-03-09T13:24:16.228115Z,https://api.dandiarchive.org/api/assets/155c81da-fda7-4e76-88a9-87efeee95d5e/download/
sub-DY-009/sub-DY-009_ses-db4df448-e449-4a6f-a0e7-288711e7a75a_desc-raw_ecephys.nwb,44832924082,a8fe0e35-78a9-47d2-b855-980b00539e43,2026-02-08T10:19:00.317278Z,2026-03-09T13:24:16.241195Z,https://api.dandiarchive.org/api/assets/a8fe0e35-78a9-47d2-b855-980b00539e43/download/
sub-DY-010/sub-DY-010_ses-02fbb6da-3034-47d6-a61b-7d06c796a830_ecephys+image/sub-DY-010_ses-02fbb6da-3034-47d6-a61b-7d06c796a830_VideoRightCamera.mp4,4541815456,c02d77aa-bbb4-4c7d-9882-59c7572529f5,2026-02-08T10:19:31.378291Z,2026-03-09T13:24:16.253551Z,https://api.dandiarchive.org/api/assets/c02d77aa-bbb4-4c7d-9882-59c7572529f5/download/
sub-DY-011/sub-DY-011_ses-cf43dbb1-6992-40ec-a5f9-e8e838d0f643_desc-raw_ecephys.nwb,44626042705,db0a5797-501c-43a6-a1f8-b507795f728e,2026-02-08T10:19:31.984983Z,2026-03-09T13:24:16.269846Z,https://api.dandiarchive.org/api/assets/db0a5797-501c-43a6-a1f8-b507795f728e/download/
sub-DY-010/sub-DY-010_ses-02fbb6da-3034-47d6-a61b-7d06c796a830_ecephys+image/sub-DY-010_ses-02fbb6da-3034-47d6-a61b-7d06c796a830_VideoLeftCamera.mp4,5293780104,4409b9fc-059c-44cf-8b3e-cfd0fa460fa9,2026-02-08T10:19:43.052560Z,2026-03-09T13:24:16.283616Z,https://api.dandiarchive.org/api/assets/4409b9fc-059c-44cf-8b3e-cfd0fa460fa9/download/
sub-KS051/sub-KS051_ses-0a018f12-ee06-4b11-97aa-bbbff5448e9f_ecephys+image/sub-KS051_ses-0a018f12-ee06-4b11-97aa-bbbff5448e9f_VideoBodyCamera.mp4,1499408543,61a76ef6-7aa5-4fc3-954c-920c02aa408e,2026-02-08T10:20:20.099470Z,2026-03-09T13:24:16.294832Z,https://api.dandiarchive.org/api/assets/61a76ef6-7aa5-4fc3-954c-920c02aa408e/download/
sub-DY-009/sub-DY-009_ses-6668c4a0-70a4-4012-a7da-709660971d7a_ecephys+image/sub-DY-009_ses-6668c4a0-70a4-4012-a7da-709660971d7a_VideoRightCamera.mp4,5819696860,d76d3bfd-f171-4f50-b1e4-385876924700,2026-02-08T10:20:39.797208Z,2026-03-09T13:24:16.312000Z,https://api.dandiarchive.org/api/assets/d76d3bfd-f171-4f50-b1e4-385876924700/download/
sub-DY-009/sub-DY-009_ses-6668c4a0-70a4-4012-a7da-709660971d7a_ecephys+image/sub-DY-009_ses-6668c4a0-70a4-4012-a7da-709660971d7a_VideoLeftCamera.mp4,6874036187,85768b0c-9d1f-42e4-b3ea-b2e0e09506b2,2026-02-08T10:20:55.575216Z,2026-03-09T13:24:16.328270Z,https://api.dandiarchive.org/api/assets/85768b0c-9d1f-42e4-b3ea-b2e0e09506b2/download/
sub-KS051/sub-KS051_ses-0a018f12-ee06-4b11-97aa-bbbff5448e9f_ecephys+image/sub-KS051_ses-0a018f12-ee06-4b11-97aa-bbbff5448e9f_VideoRightCamera.mp4,5922328317,b6c53232-d95d-4a19-9e53-3aef68eac92e,2026-02-08T10:22:00.739454Z,2026-03-09T13:24:16.341014Z,https://api.dandiarchive.org/api/assets/b6c53232-d95d-4a19-9e53-3aef68eac92e/download/
sub-DY-010/sub-DY-010_ses-4fa70097-8101-4f10-b585-db39429c5ed0_desc-raw_ecephys.nwb,45829880530,feaa4bc9-f52c-47fe-a86a-acdd74c7bcf5,2026-02-08T10:22:15.201037Z,2026-03-09T13:24:16.351058Z,https://api.dandiarchive.org/api/assets/feaa4bc9-f52c-47fe-a86a-acdd74c7bcf5/download/
sub-KS051/sub-KS051_ses-0a018f12-ee06-4b11-97aa-bbbff5448e9f_ecephys+image/sub-KS051_ses-0a018f12-ee06-4b11-97aa-bbbff5448e9f_VideoLeftCamera.mp4,9873058788,a8f0cf1e-4aaa-4e4e-91df-7837dc2e5cf6,2026-02-08T10:23:02.380689Z,2026-03-09T13:24:16.361640Z,https://api.dandiarchive.org/api/assets/a8f0cf1e-4aaa-4e4e-91df-7837dc2e5cf6/download/
sub-DY-009/sub-DY-009_ses-413a6825-2144-4a50-b3fc-cf38ddd6fd1a_desc-raw_ecephys.nwb,45992155288,fba60eed-0aaa-489b-9090-40ea6dff0a44,2026-02-08T10:23:13.744522Z,2026-03-09T13:24:16.372962Z,https://api.dandiarchive.org/api/assets/fba60eed-0aaa-489b-9090-40ea6dff0a44/download/
sub-DY-008/sub-DY-008_ses-0f25376f-2b78-4ddc-8c39-b6cdbe7bf5b9_desc-raw_ecephys.nwb,46441431012,604b7457-430e-4160-b7ff-594562d942e3,2026-02-08T10:23:42.048921Z,2026-03-09T13:24:16.384841Z,https://api.dandiarchive.org/api/assets/604b7457-430e-4160-b7ff-594562d942e3/download/
sub-DY-011/sub-DY-011_ses-36280321-555b-446d-9b7d-c2e17991e090_ecephys+image/sub-DY-011_ses-36280321-555b-446d-9b7d-c2e17991e090_VideoRightCamera.mp4,4504496253,a1c33301-c0d2-46d7-8424-fa40049553ee,2026-02-08T10:24:05.104661Z,2026-03-09T13:24:16.396387Z,https://api.dandiarchive.org/api/assets/a1c33301-c0d2-46d7-8424-fa40049553ee/download/
sub-DY-011/sub-DY-011_ses-36280321-555b-446d-9b7d-c2e17991e090_ecephys+image/sub-DY-011_ses-36280321-555b-446d-9b7d-c2e17991e090_VideoLeftCamera.mp4,5918688153,ab93387d-da88-43ff-b9ae-6d297f09ac4b,2026-02-08T10:24:26.342393Z,2026-03-09T13:24:16.413358Z,https://api.dandiarchive.org/api/assets/ab93387d-da88-43ff-b9ae-6d297f09ac4b/download/
sub-DY-013/sub-DY-013_ses-9a629642-3a9c-42ed-b70a-532db0e86199_ecephys+image/sub-DY-013_ses-9a629642-3a9c-42ed-b70a-532db0e86199_VideoRightCamera.mp4,5268545131,e76a3e67-e822-494f-99ac-d34346469b41,2026-02-08T10:25:00.852333Z,2026-03-09T13:24:16.425230Z,https://api.dandiarchive.org/api/assets/e76a3e67-e822-494f-99ac-d34346469b41/download/
sub-DY-013/sub-DY-013_ses-9a629642-3a9c-42ed-b70a-532db0e86199_ecephys+image/sub-DY-013_ses-9a629642-3a9c-42ed-b70a-532db0e86199_VideoLeftCamera.mp4,7856856987,849c5ac7-9895-4f2f-b716-e4cbec92b813,2026-02-08T10:26:16.480539Z,2026-03-09T13:24:16.440341Z,https://api.dandiarchive.org/api/assets/849c5ac7-9895-4f2f-b716-e4cbec92b813/download/
sub-DY-009/sub-DY-009_ses-e5c772cd-9c92-47ab-9525-d618b66a9b5d_desc-raw_ecephys.nwb,48405244524,f8ce0314-384c-4923-86b5-3fcdbbf7c254,2026-02-08T10:26:55.084237Z,2026-03-09T13:24:16.451681Z,https://api.dandiarchive.org/api/assets/f8ce0314-384c-4923-86b5-3fcdbbf7c254/download/
sub-KS096/sub-KS096_ses-a2701b93-d8e1-47e9-a819-f1063046f3e7_desc-raw_ecephys.nwb,48143480216,04dffd25-1b7b-4dbd-8827-57a773f865b6,2026-02-08T10:26:55.995110Z,2026-03-09T13:24:16.462136Z,https://api.dandiarchive.org/api/assets/04dffd25-1b7b-4dbd-8827-57a773f865b6/download/
sub-KS096/sub-KS096_ses-446f4724-1690-49f9-819a-2bd8e2ea88ce_ecephys+image/sub-KS096_ses-446f4724-1690-49f9-819a-2bd8e2ea88ce_VideoBodyCamera.mp4,1582625823,8041828c-1f21-4503-a359-2ee983604f81,2026-02-08T10:28:57.663650Z,2026-03-09T13:24:16.472134Z,https://api.dandiarchive.org/api/assets/8041828c-1f21-4503-a359-2ee983604f81/download/
sub-DY-011/sub-DY-011_ses-741979ce-3f10-443a-8526-2275620c8473_desc-raw_ecephys.nwb,49451975630,1a3fb51f-0d25-4cf8-9eab-83fbcb044344,2026-02-08T10:29:02.709517Z,2026-03-09T13:24:16.485322Z,https://api.dandiarchive.org/api/assets/1a3fb51f-0d25-4cf8-9eab-83fbcb044344/download/
sub-KS094/sub-KS094_ses-c8d46ee6-eb68-4535-8756-7c9aa32f10e4_desc-raw_ecephys.nwb,49885320290,72a03c03-9a46-427a-9db1-ba034aa8d3de,2026-02-08T10:29:18.735101Z,2026-03-09T13:24:16.494552Z,https://api.dandiarchive.org/api/assets/72a03c03-9a46-427a-9db1-ba034aa8d3de/download/
sub-DY-009/sub-DY-009_ses-158d5d35-a2ab-4a76-87b0-51048c5d5283_desc-raw_ecephys.nwb,49905303709,e9f3a7b5-2679-4ca1-a8b3-df5c047ceda9,2026-02-08T10:29:47.706276Z,2026-03-09T13:24:16.506091Z,https://api.dandiarchive.org/api/assets/e9f3a7b5-2679-4ca1-a8b3-df5c047ceda9/download/
sub-DY-010/sub-DY-010_ses-90d1e82c-c96f-496c-ad4e-ee3f02067f25_desc-raw_ecephys.nwb,50828189299,0475abb0-d904-4abc-b18a-162440e0f7f0,2026-02-08T10:30:00.683919Z,2026-03-09T13:24:16.515482Z,https://api.dandiarchive.org/api/assets/0475abb0-d904-4abc-b18a-162440e0f7f0/download/
sub-DY-009/sub-DY-009_ses-3c851386-e92d-4533-8d55-89a46f0e7384_desc-raw_ecephys.nwb,50686229210,66c5f57c-a68a-4f2a-ab99-48de410b9457,2026-02-08T10:30:12.774429Z,2026-03-09T13:24:16.526816Z,https://api.dandiarchive.org/api/assets/66c5f57c-a68a-4f2a-ab99-48de410b9457/download/
sub-KS096/sub-KS096_ses-446f4724-1690-49f9-819a-2bd8e2ea88ce_ecephys+image/sub-KS096_ses-446f4724-1690-49f9-819a-2bd8e2ea88ce_VideoRightCamera.mp4,6207142508,f4244986-3b29-4fc2-b904-1839d5009dae,2026-02-08T10:30:42.317612Z,2026-03-09T13:24:16.539079Z,https://api.dandiarchive.org/api/assets/f4244986-3b29-4fc2-b904-1839d5009dae/download/
sub-KS096/sub-KS096_ses-446f4724-1690-49f9-819a-2bd8e2ea88ce_ecephys+image/sub-KS096_ses-446f4724-1690-49f9-819a-2bd8e2ea88ce_VideoLeftCamera.mp4,10360114564,f8d9afc9-72a5-4ffe-b6a7-920436ea1730,2026-02-08T10:31:45.813329Z,2026-03-09T13:24:16.549326Z,https://api.dandiarchive.org/api/assets/f8d9afc9-72a5-4ffe-b6a7-920436ea1730/download/
sub-KS051/sub-KS051_ses-4503697e-af44-47d9-898d-4924be990240_ecephys+image/sub-KS051_ses-4503697e-af44-47d9-898d-4924be990240_VideoBodyCamera.mp4,1518363832,19bddf7f-9ebc-4ea5-9e42-2455b8cd24a9,2026-02-08T10:31:52.620871Z,2026-03-09T13:24:16.560897Z,https://api.dandiarchive.org/api/assets/19bddf7f-9ebc-4ea5-9e42-2455b8cd24a9/download/
sub-DY-010/sub-DY-010_ses-02fbb6da-3034-47d6-a61b-7d06c796a830_desc-raw_ecephys.nwb,51653698094,f2dcdbe8-dbf2-46fc-babc-13c36699475b,2026-02-08T10:32:16.224479Z,2026-03-09T13:24:16.570699Z,https://api.dandiarchive.org/api/assets/f2dcdbe8-dbf2-46fc-babc-13c36699475b/download/
sub-DY-009/sub-DY-009_ses-6668c4a0-70a4-4012-a7da-709660971d7a_desc-raw_ecephys.nwb,51725579619,c7c05345-20be-4426-9538-b8b547070eef,2026-02-08T10:33:18.388674Z,2026-03-09T13:24:16.580725Z,https://api.dandiarchive.org/api/assets/c7c05345-20be-4426-9538-b8b547070eef/download/
sub-KS051/sub-KS051_ses-4503697e-af44-47d9-898d-4924be990240_ecephys+image/sub-KS051_ses-4503697e-af44-47d9-898d-4924be990240_VideoRightCamera.mp4,6823288363,977915ae-d5ba-4c44-b16a-436c972eb79d,2026-02-08T10:33:51.658469Z,2026-03-09T13:24:16.590329Z,https://api.dandiarchive.org/api/assets/977915ae-d5ba-4c44-b16a-436c972eb79d/download/
sub-KS051/sub-KS051_ses-4503697e-af44-47d9-898d-4924be990240_ecephys+image/sub-KS051_ses-4503697e-af44-47d9-898d-4924be990240_VideoLeftCamera.mp4,10395034609,8b4a8f96-60fd-45b3-9f76-8953d0e492b8,2026-02-08T10:34:46.605886Z,2026-03-09T13:24:16.603350Z,https://api.dandiarchive.org/api/assets/8b4a8f96-60fd-45b3-9f76-8953d0e492b8/download/
sub-KS051/sub-KS051_ses-0a018f12-ee06-4b11-97aa-bbbff5448e9f_desc-raw_ecephys.nwb,52751027935,28f95990-071e-4790-adb5-b2328c1eba75,2026-02-08T10:35:14.189118Z,2026-03-09T13:24:16.620542Z,https://api.dandiarchive.org/api/assets/28f95990-071e-4790-adb5-b2328c1eba75/download/
sub-DY-008/sub-DY-008_ses-ee13c19e-2790-4418-97ca-48f02e8013bb_ecephys+image/sub-DY-008_ses-ee13c19e-2790-4418-97ca-48f02e8013bb_VideoRightCamera.mp4,6719057153,22940700-2e66-4641-8d5b-ba838f14de02,2026-02-08T10:36:35.025207Z,2026-03-09T13:24:16.631228Z,https://api.dandiarchive.org/api/assets/22940700-2e66-4641-8d5b-ba838f14de02/download/
sub-DY-009/sub-DY-009_ses-3dd347df-f14e-40d5-9ff2-9c49f84d2157_ecephys+image/sub-DY-009_ses-3dd347df-f14e-40d5-9ff2-9c49f84d2157_VideoRightCamera.mp4,6519107836,9dce54ac-2c0e-410e-b256-1e47ba075c47,2026-02-08T10:37:09.402360Z,2026-03-09T13:24:16.646281Z,https://api.dandiarchive.org/api/assets/9dce54ac-2c0e-410e-b256-1e47ba075c47/download/
sub-DY-008/sub-DY-008_ses-ee13c19e-2790-4418-97ca-48f02e8013bb_ecephys+image/sub-DY-008_ses-ee13c19e-2790-4418-97ca-48f02e8013bb_VideoLeftCamera.mp4,9236019303,55498ed6-2c15-4442-9420-a8880b31e1e5,2026-02-08T10:37:13.741402Z,2026-03-09T13:24:16.656412Z,https://api.dandiarchive.org/api/assets/55498ed6-2c15-4442-9420-a8880b31e1e5/download/
sub-DY-013/sub-DY-013_ses-2f63c555-eb74-4d8d-ada5-5c3ecf3b46be_ecephys+image/sub-DY-013_ses-2f63c555-eb74-4d8d-ada5-5c3ecf3b46be_VideoRightCamera.mp4,5820335917,4b075282-84d7-4474-85b7-47b4384a5df7,2026-02-08T10:37:25.117214Z,2026-03-09T13:24:16.666814Z,https://api.dandiarchive.org/api/assets/4b075282-84d7-4474-85b7-47b4384a5df7/download/
sub-DY-011/sub-DY-011_ses-36280321-555b-446d-9b7d-c2e17991e090_desc-raw_ecephys.nwb,54020722645,9f413f66-f08a-4838-bdc2-bfeb37367101,2026-02-08T10:37:29.447334Z,2026-03-09T13:24:16.678775Z,https://api.dandiarchive.org/api/assets/9f413f66-f08a-4838-bdc2-bfeb37367101/download/
sub-DY-009/sub-DY-009_ses-3dd347df-f14e-40d5-9ff2-9c49f84d2157_ecephys+image/sub-DY-009_ses-3dd347df-f14e-40d5-9ff2-9c49f84d2157_VideoLeftCamera.mp4,8512179943,3f64038f-433d-490f-85f8-bc1b87bb6241,2026-02-08T10:37:38.988332Z,2026-03-09T13:24:16.688840Z,https://api.dandiarchive.org/api/assets/3f64038f-433d-490f-85f8-bc1b87bb6241/download/
sub-DY-013/sub-DY-013_ses-2f63c555-eb74-4d8d-ada5-5c3ecf3b46be_ecephys+image/sub-DY-013_ses-2f63c555-eb74-4d8d-ada5-5c3ecf3b46be_VideoLeftCamera.mp4,8548042838,f87a85e7-e49f-493e-a676-283466006ef2,2026-02-08T10:38:06.507442Z,2026-03-09T13:24:16.698047Z,https://api.dandiarchive.org/api/assets/f87a85e7-e49f-493e-a676-283466006ef2/download/
sub-DY-013/sub-DY-013_ses-9a629642-3a9c-42ed-b70a-532db0e86199_desc-raw_ecephys.nwb,54003925637,10108935-2da2-4d7f-966b-f1179a6a7e47,2026-02-08T10:38:13.293914Z,2026-03-09T13:24:16.707965Z,https://api.dandiarchive.org/api/assets/10108935-2da2-4d7f-966b-f1179a6a7e47/download/
sub-KS086/sub-KS086_ses-ffef0311-8ffa-49e3-a857-b3adf6d86e12_ecephys+image/sub-KS086_ses-ffef0311-8ffa-49e3-a857-b3adf6d86e12_VideoBodyCamera.mp4,2085760372,2bd681d3-6f5f-4e52-a8e3-d9068b4b0ac4,2026-02-08T10:44:14.648163Z,2026-03-09T13:24:16.718421Z,https://api.dandiarchive.org/api/assets/2bd681d3-6f5f-4e52-a8e3-d9068b4b0ac4/download/
sub-KS096/sub-KS096_ses-446f4724-1690-49f9-819a-2bd8e2ea88ce_desc-raw_ecephys.nwb,57502027617,778805c8-09da-4684-94d8-6b12709065a7,2026-02-08T10:45:12.043312Z,2026-03-09T13:24:16.728409Z,https://api.dandiarchive.org/api/assets/778805c8-09da-4684-94d8-6b12709065a7/download/
sub-KS086/sub-KS086_ses-ffef0311-8ffa-49e3-a857-b3adf6d86e12_ecephys+image/sub-KS086_ses-ffef0311-8ffa-49e3-a857-b3adf6d86e12_VideoRightCamera.mp4,8323960877,e2d70b25-fb90-45ee-ade4-957ef7597d67,2026-02-08T10:46:37.445257Z,2026-03-09T13:24:16.737803Z,https://api.dandiarchive.org/api/assets/e2d70b25-fb90-45ee-ade4-957ef7597d67/download/
sub-KS086/sub-KS086_ses-ffef0311-8ffa-49e3-a857-b3adf6d86e12_ecephys+image/sub-KS086_ses-ffef0311-8ffa-49e3-a857-b3adf6d86e12_VideoLeftCamera.mp4,11818390297,9162d663-0f85-409a-a4ef-29d59401e4a9,2026-02-08T10:47:30.723072Z,2026-03-09T13:24:16.746669Z,https://api.dandiarchive.org/api/assets/9162d663-0f85-409a-a4ef-29d59401e4a9/download/
sub-KS051/sub-KS051_ses-4503697e-af44-47d9-898d-4924be990240_desc-raw_ecephys.nwb,58820072763,86b44a8a-f1dc-4e72-af75-23b980d40484,2026-02-08T10:48:28.000339Z,2026-03-09T13:24:16.757751Z,https://api.dandiarchive.org/api/assets/86b44a8a-f1dc-4e72-af75-23b980d40484/download/
sub-DY-008/sub-DY-008_ses-ee13c19e-2790-4418-97ca-48f02e8013bb_desc-raw_ecephys.nwb,60678034624,8c02170c-b648-43f5-b0ae-fac260f2fd64,2026-02-08T10:51:34.731840Z,2026-03-09T13:24:16.768737Z,https://api.dandiarchive.org/api/assets/8c02170c-b648-43f5-b0ae-fac260f2fd64/download/
sub-DY-009/sub-DY-009_ses-3dd347df-f14e-40d5-9ff2-9c49f84d2157_desc-raw_ecephys.nwb,61427389820,9b96d68e-379b-4261-b7d0-c3240ca4ce79,2026-02-08T10:52:18.537188Z,2026-03-09T13:24:16.780019Z,https://api.dandiarchive.org/api/assets/9b96d68e-379b-4261-b7d0-c3240ca4ce79/download/
sub-DY-013/sub-DY-013_ses-2f63c555-eb74-4d8d-ada5-5c3ecf3b46be_desc-raw_ecephys.nwb,61747584388,1ce4e9a7-5920-42c3-809d-21bcc4016649,2026-02-08T10:52:50.831522Z,2026-03-09T13:24:16.790110Z,https://api.dandiarchive.org/api/assets/1ce4e9a7-5920-42c3-809d-21bcc4016649/download/
sub-KS086/sub-KS086_ses-ffef0311-8ffa-49e3-a857-b3adf6d86e12_desc-raw_ecephys.nwb,65553704504,6c19477d-aa2d-4d6b-9872-01f17ccda9a9,2026-02-08T11:02:45.666953Z,2026-03-09T13:24:16.800718Z,https://api.dandiarchive.org/api/assets/6c19477d-aa2d-4d6b-9872-01f17ccda9a9/download/
sub-DY-018/sub-DY-018_ses-cde63527-7f5a-4cc3-8ac2-215d82e7da26_ecephys+image/sub-DY-018_ses-cde63527-7f5a-4cc3-8ac2-215d82e7da26_VideoBodyCamera.mp4,813576466,5d9a4cb7-2812-45c1-876a-29178444117c,2026-02-08T11:08:14.239280Z,2026-03-09T13:24:16.810789Z,https://api.dandiarchive.org/api/assets/5d9a4cb7-2812-45c1-876a-29178444117c/download/
sub-DY-018/sub-DY-018_ses-cde63527-7f5a-4cc3-8ac2-215d82e7da26_ecephys+image/sub-DY-018_ses-cde63527-7f5a-4cc3-8ac2-215d82e7da26_VideoRightCamera.mp4,4239081798,834ea8da-c57c-4007-86a2-dff5c3906aad,2026-02-08T11:09:27.412322Z,2026-03-09T13:24:16.826788Z,https://api.dandiarchive.org/api/assets/834ea8da-c57c-4007-86a2-dff5c3906aad/download/
sub-DY-018/sub-DY-018_ses-cde63527-7f5a-4cc3-8ac2-215d82e7da26_ecephys+image/sub-DY-018_ses-cde63527-7f5a-4cc3-8ac2-215d82e7da26_VideoLeftCamera.mp4,5269364557,6a958311-51ab-4868-8495-d51e00d047df,2026-02-08T11:09:42.671491Z,2026-03-09T13:24:16.838136Z,https://api.dandiarchive.org/api/assets/6a958311-51ab-4868-8495-d51e00d047df/download/
sub-DY-018/sub-DY-018_ses-e8b4fda3-7fe4-4706-8ec2-91036cfee6bd_ecephys+image/sub-DY-018_ses-e8b4fda3-7fe4-4706-8ec2-91036cfee6bd_VideoBodyCamera.mp4,912223758,296d2f5f-eea9-48ef-874b-baa792937a84,2026-02-08T11:15:01.209544Z,2026-03-09T13:24:16.849343Z,https://api.dandiarchive.org/api/assets/296d2f5f-eea9-48ef-874b-baa792937a84/download/
sub-DY-018/sub-DY-018_ses-e8b4fda3-7fe4-4706-8ec2-91036cfee6bd_ecephys+image/sub-DY-018_ses-e8b4fda3-7fe4-4706-8ec2-91036cfee6bd_VideoRightCamera.mp4,4293317391,f7e46a99-4b69-4bc3-ab94-97be57f2ef03,2026-02-08T11:16:11.345829Z,2026-03-09T13:24:16.859571Z,https://api.dandiarchive.org/api/assets/f7e46a99-4b69-4bc3-ab94-97be57f2ef03/download/
sub-DY-018/sub-DY-018_ses-e8b4fda3-7fe4-4706-8ec2-91036cfee6bd_ecephys+image/sub-DY-018_ses-e8b4fda3-7fe4-4706-8ec2-91036cfee6bd_VideoLeftCamera.mp4,5695176953,2803dfff-51bd-4351-9e71-5456b3e34182,2026-02-08T11:16:33.551259Z,2026-03-09T13:24:16.871400Z,https://api.dandiarchive.org/api/assets/2803dfff-51bd-4351-9e71-5456b3e34182/download/
sub-DY-016/sub-DY-016_ses-d23a44ef-1402-4ed7-97f5-47e9a7a504d9_ecephys+image/sub-DY-016_ses-d23a44ef-1402-4ed7-97f5-47e9a7a504d9_VideoBodyCamera.mp4,836589701,901b3f2f-1f44-46cf-ab4e-4024fdd95645,2026-02-08T11:21:34.742319Z,2026-03-09T13:24:16.882574Z,https://api.dandiarchive.org/api/assets/901b3f2f-1f44-46cf-ab4e-4024fdd95645/download/
sub-DY-013/sub-DY-013_ses-e535fb62-e245-4a48-b119-88ce62a6fe67_ecephys+image/sub-DY-013_ses-e535fb62-e245-4a48-b119-88ce62a6fe67_VideoRightCamera.mp4,4744836610,ee926a84-fe88-4b29-8b78-83377b3d8e63,2026-02-08T11:22:43.759843Z,2026-03-09T13:24:16.893881Z,https://api.dandiarchive.org/api/assets/ee926a84-fe88-4b29-8b78-83377b3d8e63/download/
sub-DY-016/sub-DY-016_ses-d23a44ef-1402-4ed7-97f5-47e9a7a504d9_ecephys+image/sub-DY-016_ses-d23a44ef-1402-4ed7-97f5-47e9a7a504d9_VideoRightCamera.mp4,4505089490,6a066ca0-8887-4826-b06f-aac7e6d888ba,2026-02-08T11:22:54.714473Z,2026-03-09T13:24:16.905966Z,https://api.dandiarchive.org/api/assets/6a066ca0-8887-4826-b06f-aac7e6d888ba/download/
sub-DY-013/sub-DY-013_ses-e535fb62-e245-4a48-b119-88ce62a6fe67_ecephys+image/sub-DY-013_ses-e535fb62-e245-4a48-b119-88ce62a6fe67_VideoLeftCamera.mp4,6306670692,2dc7b78c-6d95-4403-bd0f-4cd0d28192e2,2026-02-08T11:23:07.232665Z,2026-03-09T13:24:16.915983Z,https://api.dandiarchive.org/api/assets/2dc7b78c-6d95-4403-bd0f-4cd0d28192e2/download/
sub-DY-016/sub-DY-016_ses-d23a44ef-1402-4ed7-97f5-47e9a7a504d9_ecephys+image/sub-DY-016_ses-d23a44ef-1402-4ed7-97f5-47e9a7a504d9_VideoLeftCamera.mp4,5712382476,a0e66a6e-e671-4bb2-90fd-72b370f11e51,2026-02-08T11:23:12.815711Z,2026-03-09T13:24:16.927327Z,https://api.dandiarchive.org/api/assets/a0e66a6e-e671-4bb2-90fd-72b370f11e51/download/
sub-KS055/sub-KS055_ses-b22f694e-4a34-4142-ab9d-2556c3487086_ecephys+image/sub-KS055_ses-b22f694e-4a34-4142-ab9d-2556c3487086_VideoBodyCamera.mp4,1700396674,ab1dd3dc-4b03-4bdd-8e1b-dab78079b15b,2026-02-08T11:29:44.769226Z,2026-03-09T13:24:16.937831Z,https://api.dandiarchive.org/api/assets/ab1dd3dc-4b03-4bdd-8e1b-dab78079b15b/download/
sub-KS091/sub-KS091_ses-196a2adf-ff83-49b2-823a-33f990049c2e_ecephys+image/sub-KS091_ses-196a2adf-ff83-49b2-823a-33f990049c2e_VideoLeftCamera.mp4,10576700898,68e98a75-2d89-40ec-920c-ed9a0cda9fd2,2026-02-08T11:31:14.699362Z,2026-03-09T13:24:16.950672Z,https://api.dandiarchive.org/api/assets/68e98a75-2d89-40ec-920c-ed9a0cda9fd2/download/
sub-DY-018/sub-DY-018_ses-cde63527-7f5a-4cc3-8ac2-215d82e7da26_desc-raw_ecephys.nwb,87465548568,cdfc4cfa-7577-436c-b00a-fc9e94f075bd,2026-02-08T11:31:26.378976Z,2026-03-09T13:24:16.961009Z,https://api.dandiarchive.org/api/assets/cdfc4cfa-7577-436c-b00a-fc9e94f075bd/download/
sub-KS055/sub-KS055_ses-b22f694e-4a34-4142-ab9d-2556c3487086_ecephys+image/sub-KS055_ses-b22f694e-4a34-4142-ab9d-2556c3487086_VideoRightCamera.mp4,6816838674,51e3001c-af08-44bf-a554-899bdc6f31a0,2026-02-08T11:31:38.515312Z,2026-03-09T13:24:16.971057Z,https://api.dandiarchive.org/api/assets/51e3001c-af08-44bf-a554-899bdc6f31a0/download/
sub-KS055/sub-KS055_ses-b22f694e-4a34-4142-ab9d-2556c3487086_ecephys+image/sub-KS055_ses-b22f694e-4a34-4142-ab9d-2556c3487086_VideoLeftCamera.mp4,9073210619,4ae1d64c-e201-4f2d-a74d-a3384fd61b0a,2026-02-08T11:32:13.051453Z,2026-03-09T13:24:16.981400Z,https://api.dandiarchive.org/api/assets/4ae1d64c-e201-4f2d-a74d-a3384fd61b0a/download/
sub-DY-014/sub-DY-014_ses-f25642c6-27a5-4a97-9ea0-06652db79fbd_ecephys+image/sub-DY-014_ses-f25642c6-27a5-4a97-9ea0-06652db79fbd_VideoRightCamera.mp4,4937828382,678e1722-7ce0-4fe1-8677-0625ccc667bc,2026-02-08T11:34:33.062318Z,2026-03-09T13:24:16.991019Z,https://api.dandiarchive.org/api/assets/678e1722-7ce0-4fe1-8677-0625ccc667bc/download/
sub-DY-014/sub-DY-014_ses-f25642c6-27a5-4a97-9ea0-06652db79fbd_ecephys+image/sub-DY-014_ses-f25642c6-27a5-4a97-9ea0-06652db79fbd_VideoLeftCamera.mp4,6409267232,d6a74a74-6c01-48bc-bf39-2466bedd766c,2026-02-08T11:34:55.734289Z,2026-03-09T13:24:17.001432Z,https://api.dandiarchive.org/api/assets/d6a74a74-6c01-48bc-bf39-2466bedd766c/download/
sub-DY-016/sub-DY-016_ses-251ece37-7798-477c-8a06-2845d4aa270c_ecephys+image/sub-DY-016_ses-251ece37-7798-477c-8a06-2845d4aa270c_VideoBodyCamera.mp4,873816030,bad95047-25dd-4f9e-9590-07828f4d0760,2026-02-08T11:35:38.172230Z,2026-03-09T13:24:17.011483Z,https://api.dandiarchive.org/api/assets/bad95047-25dd-4f9e-9590-07828f4d0760/download/
sub-DY-016/sub-DY-016_ses-251ece37-7798-477c-8a06-2845d4aa270c_ecephys+image/sub-DY-016_ses-251ece37-7798-477c-8a06-2845d4aa270c_VideoRightCamera.mp4,4966395558,3e704ae8-f584-4d18-a4e1-3257d99a269b,2026-02-08T11:37:07.580835Z,2026-03-09T13:24:17.020081Z,https://api.dandiarchive.org/api/assets/3e704ae8-f584-4d18-a4e1-3257d99a269b/download/
sub-DY-016/sub-DY-016_ses-251ece37-7798-477c-8a06-2845d4aa270c_ecephys+image/sub-DY-016_ses-251ece37-7798-477c-8a06-2845d4aa270c_VideoLeftCamera.mp4,6367386950,a78b89ed-e760-4f9f-aad9-9e33901ad3b3,2026-02-08T11:37:29.199545Z,2026-03-09T13:24:17.029566Z,https://api.dandiarchive.org/api/assets/a78b89ed-e760-4f9f-aad9-9e33901ad3b3/download/
sub-DY-018/sub-DY-018_ses-e8b4fda3-7fe4-4706-8ec2-91036cfee6bd_desc-raw_ecephys.nwb,91783674321,746b464a-06fe-46ab-b255-a528633f3faf,2026-02-08T11:39:19.884892Z,2026-03-09T13:24:17.038660Z,https://api.dandiarchive.org/api/assets/746b464a-06fe-46ab-b255-a528633f3faf/download/
sub-DY-016/sub-DY-016_ses-5339812f-8b91-40ba-9d8f-a559563cc46b_ecephys+image/sub-DY-016_ses-5339812f-8b91-40ba-9d8f-a559563cc46b_VideoBodyCamera.mp4,967703073,44dd5773-bb3c-4a86-aa4e-1189643aca8a,2026-02-08T11:40:32.558834Z,2026-03-09T13:24:17.047416Z,https://api.dandiarchive.org/api/assets/44dd5773-bb3c-4a86-aa4e-1189643aca8a/download/
sub-DY-016/sub-DY-016_ses-5339812f-8b91-40ba-9d8f-a559563cc46b_ecephys+image/sub-DY-016_ses-5339812f-8b91-40ba-9d8f-a559563cc46b_VideoRightCamera.mp4,5302741007,afdb6568-7008-4438-a7ea-d7f78c7a7f15,2026-02-08T11:42:05.227649Z,2026-03-09T13:24:17.056040Z,https://api.dandiarchive.org/api/assets/afdb6568-7008-4438-a7ea-d7f78c7a7f15/download/
sub-DY-016/sub-DY-016_ses-5339812f-8b91-40ba-9d8f-a559563cc46b_ecephys+image/sub-DY-016_ses-5339812f-8b91-40ba-9d8f-a559563cc46b_VideoLeftCamera.mp4,5536358633,10fb4b53-f9e0-4501-ab79-f59e789368ab,2026-02-08T11:42:08.114387Z,2026-03-09T13:24:17.064363Z,https://api.dandiarchive.org/api/assets/10fb4b53-f9e0-4501-ab79-f59e789368ab/download/
sub-KS094/sub-KS094_ses-3f859b5c-e73a-4044-b49e-34bb81e96715_ecephys+image/sub-KS094_ses-3f859b5c-e73a-4044-b49e-34bb81e96715_VideoBodyCamera.mp4,1522741122,74fef6e7-9261-4722-a18f-a197c8b33d85,2026-02-08T11:44:01.165964Z,2026-03-09T13:24:17.074266Z,https://api.dandiarchive.org/api/assets/74fef6e7-9261-4722-a18f-a197c8b33d85/download/
sub-DY-018/sub-DY-018_ses-54238fd6-d2d0-4408-b1a9-d19d24fd29ce_ecephys+image/sub-DY-018_ses-54238fd6-d2d0-4408-b1a9-d19d24fd29ce_VideoBodyCamera.mp4,1081763636,6b09c4dd-5b02-45c5-bdf3-6af54b047b48,2026-02-08T11:44:30.045991Z,2026-03-09T13:24:17.085037Z,https://api.dandiarchive.org/api/assets/6b09c4dd-5b02-45c5-bdf3-6af54b047b48/download/
sub-DY-014/sub-DY-014_ses-4720c98a-a305-4fba-affb-bbfa00a724a4_ecephys+image/sub-DY-014_ses-4720c98a-a305-4fba-affb-bbfa00a724a4_VideoRightCamera.mp4,4907037608,3d81d067-4000-416e-b3fa-efb97679e4a3,2026-02-08T11:45:35.974593Z,2026-03-09T13:24:17.094042Z,https://api.dandiarchive.org/api/assets/3d81d067-4000-416e-b3fa-efb97679e4a3/download/
sub-DY-018/sub-DY-018_ses-54238fd6-d2d0-4408-b1a9-d19d24fd29ce_ecephys+image/sub-DY-018_ses-54238fd6-d2d0-4408-b1a9-d19d24fd29ce_VideoRightCamera.mp4,4891880133,04909d01-fd1e-4b61-908b-acc160c2a418,2026-02-08T11:45:55.286638Z,2026-03-09T13:24:17.103923Z,https://api.dandiarchive.org/api/assets/04909d01-fd1e-4b61-908b-acc160c2a418/download/
sub-KS094/sub-KS094_ses-3f859b5c-e73a-4044-b49e-34bb81e96715_ecephys+image/sub-KS094_ses-3f859b5c-e73a-4044-b49e-34bb81e96715_VideoRightCamera.mp4,6886926129,65602d2a-29ec-45a2-95ab-d2e9f91f0e8c,2026-02-08T11:46:02.482215Z,2026-03-09T13:24:17.113324Z,https://api.dandiarchive.org/api/assets/65602d2a-29ec-45a2-95ab-d2e9f91f0e8c/download/
sub-DY-014/sub-DY-014_ses-4720c98a-a305-4fba-affb-bbfa00a724a4_ecephys+image/sub-DY-014_ses-4720c98a-a305-4fba-affb-bbfa00a724a4_VideoLeftCamera.mp4,6935999218,178ed01f-79ca-4122-ba9d-32dcc4c12a6c,2026-02-08T11:46:07.173046Z,2026-03-09T13:24:17.124057Z,https://api.dandiarchive.org/api/assets/178ed01f-79ca-4122-ba9d-32dcc4c12a6c/download/
sub-DY-018/sub-DY-018_ses-54238fd6-d2d0-4408-b1a9-d19d24fd29ce_ecephys+image/sub-DY-018_ses-54238fd6-d2d0-4408-b1a9-d19d24fd29ce_VideoLeftCamera.mp4,6841236336,8a7ca912-e934-4e0a-8097-3d48ebe474b5,2026-02-08T11:46:24.978197Z,2026-03-09T13:24:17.133862Z,https://api.dandiarchive.org/api/assets/8a7ca912-e934-4e0a-8097-3d48ebe474b5/download/
sub-DY-013/sub-DY-013_ses-e535fb62-e245-4a48-b119-88ce62a6fe67_desc-raw_ecephys.nwb,96549650707,5de0524c-0520-4e37-963d-68d51fae6509,2026-02-08T11:47:02.791966Z,2026-03-09T13:24:17.145587Z,https://api.dandiarchive.org/api/assets/5de0524c-0520-4e37-963d-68d51fae6509/download/
sub-DY-016/sub-DY-016_ses-d23a44ef-1402-4ed7-97f5-47e9a7a504d9_desc-raw_ecephys.nwb,96359191588,fab742e8-a4a0-4adc-876c-998614a3e9dd,2026-02-08T11:47:06.234285Z,2026-03-09T13:24:17.155584Z,https://api.dandiarchive.org/api/assets/fab742e8-a4a0-4adc-876c-998614a3e9dd/download/
sub-KS094/sub-KS094_ses-3f859b5c-e73a-4044-b49e-34bb81e96715_ecephys+image/sub-KS094_ses-3f859b5c-e73a-4044-b49e-34bb81e96715_VideoLeftCamera.mp4,11294020291,e5c82f4d-bb2b-4097-8bf1-1f5884f33eef,2026-02-08T11:47:09.778287Z,2026-03-09T13:24:17.165500Z,https://api.dandiarchive.org/api/assets/e5c82f4d-bb2b-4097-8bf1-1f5884f33eef/download/
sub-KS055/sub-KS055_ses-872ce8ff-9fb3-485c-be00-bc5479e0095b_desc-raw_ecephys.nwb,101308507489,ccbd8034-075e-44f0-81df-4a51476c0ce0,2026-02-08T11:50:16.366290Z,2026-03-09T13:24:17.176940Z,https://api.dandiarchive.org/api/assets/ccbd8034-075e-44f0-81df-4a51476c0ce0/download/
sub-DY-016/sub-DY-016_ses-aa20388b-9ea3-4506-92f1-3c2be84b85db_ecephys+image/sub-DY-016_ses-aa20388b-9ea3-4506-92f1-3c2be84b85db_VideoBodyCamera.mp4,1003949974,04810603-195a-4879-bb94-212b93355a67,2026-02-08T11:50:17.153443Z,2026-03-09T13:24:17.188205Z,https://api.dandiarchive.org/api/assets/04810603-195a-4879-bb94-212b93355a67/download/
sub-DY-016/sub-DY-016_ses-aa20388b-9ea3-4506-92f1-3c2be84b85db_ecephys+image/sub-DY-016_ses-aa20388b-9ea3-4506-92f1-3c2be84b85db_VideoRightCamera.mp4,5009427319,97fd7357-f26c-4448-bc56-9425bc52f297,2026-02-08T11:51:41.559847Z,2026-03-09T13:24:17.199923Z,https://api.dandiarchive.org/api/assets/97fd7357-f26c-4448-bc56-9425bc52f297/download/
sub-DY-016/sub-DY-016_ses-aa20388b-9ea3-4506-92f1-3c2be84b85db_ecephys+image/sub-DY-016_ses-aa20388b-9ea3-4506-92f1-3c2be84b85db_VideoLeftCamera.mp4,6858668780,8beb0660-1059-4e41-a862-ca0111c8a741,2026-02-08T11:52:09.615614Z,2026-03-09T13:24:17.211705Z,https://api.dandiarchive.org/api/assets/8beb0660-1059-4e41-a862-ca0111c8a741/download/
sub-KS096/sub-KS096_ses-f819d499-8bf7-4da0-a431-15377a8319d5_ecephys+image/sub-KS096_ses-f819d499-8bf7-4da0-a431-15377a8319d5_VideoBodyCamera.mp4,1502094730,dfbf4773-99a1-43b7-8799-2b0ee63a0304,2026-02-08T11:53:23.729873Z,2026-03-09T13:24:17.223347Z,https://api.dandiarchive.org/api/assets/dfbf4773-99a1-43b7-8799-2b0ee63a0304/download/
sub-DY-014/sub-DY-014_ses-7622da34-51b6-4661-98ae-a57d40806008_ecephys+image/sub-DY-014_ses-7622da34-51b6-4661-98ae-a57d40806008_VideoRightCamera.mp4,4925573495,462f7e21-9b4b-461d-8fb0-4fa03a339c6f,2026-02-08T11:53:59.213556Z,2026-03-09T13:24:17.233713Z,https://api.dandiarchive.org/api/assets/462f7e21-9b4b-461d-8fb0-4fa03a339c6f/download/
sub-DY-014/sub-DY-014_ses-7622da34-51b6-4661-98ae-a57d40806008_ecephys+image/sub-DY-014_ses-7622da34-51b6-4661-98ae-a57d40806008_VideoLeftCamera.mp4,7343244435,3666bab2-c08b-4944-be7f-52863d2af2c0,2026-02-08T11:54:35.803779Z,2026-03-09T13:24:17.248281Z,https://api.dandiarchive.org/api/assets/3666bab2-c08b-4944-be7f-52863d2af2c0/download/
sub-KS096/sub-KS096_ses-f819d499-8bf7-4da0-a431-15377a8319d5_ecephys+image/sub-KS096_ses-f819d499-8bf7-4da0-a431-15377a8319d5_VideoRightCamera.mp4,6312930956,16f2298d-7966-4923-a69e-ab96641b5e0b,2026-02-08T11:55:11.359419Z,2026-03-09T13:24:17.260419Z,https://api.dandiarchive.org/api/assets/16f2298d-7966-4923-a69e-ab96641b5e0b/download/
sub-KS091/sub-KS091_ses-196a2adf-ff83-49b2-823a-33f990049c2e_desc-raw_ecephys.nwb,101646986094,94815140-46a6-4aba-b08c-eeb083ac4b48,2026-02-08T11:56:04.930012Z,2026-03-09T13:24:17.270598Z,https://api.dandiarchive.org/api/assets/94815140-46a6-4aba-b08c-eeb083ac4b48/download/
sub-KS043/sub-KS043_ses-e5c75b62-6871-4135-b3d0-f6464c2d90c0_ecephys+image/sub-KS043_ses-e5c75b62-6871-4135-b3d0-f6464c2d90c0_VideoBodyCamera.mp4,1623421909,7d89f83f-6a06-4cac-b59d-04b73c1f7aa0,2026-02-08T11:56:05.600599Z,2026-03-09T13:24:17.280507Z,https://api.dandiarchive.org/api/assets/7d89f83f-6a06-4cac-b59d-04b73c1f7aa0/download/
sub-KS045/sub-KS045_ses-571d3ffe-54a5-473d-a265-5dc373eb7efc_desc-raw_ecephys.nwb,106573012732,075e5fd3-dc2b-4b2b-bc9e-16fa29167c5c,2026-02-08T11:56:11.638662Z,2026-03-09T13:24:17.289466Z,https://api.dandiarchive.org/api/assets/075e5fd3-dc2b-4b2b-bc9e-16fa29167c5c/download/
sub-KS096/sub-KS096_ses-f819d499-8bf7-4da0-a431-15377a8319d5_ecephys+image/sub-KS096_ses-f819d499-8bf7-4da0-a431-15377a8319d5_VideoLeftCamera.mp4,10529734794,b6dfc0bb-b845-4399-83b4-3abd95753812,2026-02-08T11:56:14.939457Z,2026-03-09T13:24:17.299625Z,https://api.dandiarchive.org/api/assets/b6dfc0bb-b845-4399-83b4-3abd95753812/download/
sub-KS055/sub-KS055_ses-b22f694e-4a34-4142-ab9d-2556c3487086_desc-raw_ecephys.nwb,100557028903,64d5525c-78e4-4890-9b5a-23c4c3e8d94c,2026-02-08T11:56:45.394468Z,2026-03-09T13:24:17.309215Z,https://api.dandiarchive.org/api/assets/64d5525c-78e4-4890-9b5a-23c4c3e8d94c/download/
sub-DY-014/sub-DY-014_ses-ee8b36de-779f-4dea-901f-e0141c95722b_ecephys+image/sub-DY-014_ses-ee8b36de-779f-4dea-901f-e0141c95722b_VideoRightCamera.mp4,5629204262,7fa3088d-8917-4f22-8d9b-5c691af6a903,2026-02-08T11:56:45.954762Z,2026-03-09T13:24:17.318437Z,https://api.dandiarchive.org/api/assets/7fa3088d-8917-4f22-8d9b-5c691af6a903/download/
sub-DY-014/sub-DY-014_ses-ee8b36de-779f-4dea-901f-e0141c95722b_ecephys+image/sub-DY-014_ses-ee8b36de-779f-4dea-901f-e0141c95722b_VideoLeftCamera.mp4,7285638399,644fe168-116c-4b2c-91cd-a9a3ca8123c7,2026-02-08T11:57:34.070952Z,2026-03-09T13:24:17.327192Z,https://api.dandiarchive.org/api/assets/644fe168-116c-4b2c-91cd-a9a3ca8123c7/download/
sub-KS043/sub-KS043_ses-e5c75b62-6871-4135-b3d0-f6464c2d90c0_ecephys+image/sub-KS043_ses-e5c75b62-6871-4135-b3d0-f6464c2d90c0_VideoRightCamera.mp4,5943901219,07bae45c-5b71-46cf-afbf-c5a2b3c90f36,2026-02-08T11:57:39.617322Z,2026-03-09T13:24:17.336213Z,https://api.dandiarchive.org/api/assets/07bae45c-5b71-46cf-afbf-c5a2b3c90f36/download/
sub-DY-014/sub-DY-014_ses-b39752db-abdb-47ab-ae78-e8608bbf50ed_ecephys+image/sub-DY-014_ses-b39752db-abdb-47ab-ae78-e8608bbf50ed_VideoRightCamera.mp4,5881667709,9441f95a-3985-4fef-8ad6-274987c0259e,2026-02-08T11:58:49.536359Z,2026-03-09T13:24:17.347019Z,https://api.dandiarchive.org/api/assets/9441f95a-3985-4fef-8ad6-274987c0259e/download/
sub-DY-014/sub-DY-014_ses-b39752db-abdb-47ab-ae78-e8608bbf50ed_ecephys+image/sub-DY-014_ses-b39752db-abdb-47ab-ae78-e8608bbf50ed_VideoLeftCamera.mp4,7663552409,5015e6ba-f9c2-41c8-8fb7-4f88f024db6e,2026-02-08T11:59:16.960552Z,2026-03-09T13:24:17.357691Z,https://api.dandiarchive.org/api/assets/5015e6ba-f9c2-41c8-8fb7-4f88f024db6e/download/
sub-KS043/sub-KS043_ses-e5c75b62-6871-4135-b3d0-f6464c2d90c0_ecephys+image/sub-KS043_ses-e5c75b62-6871-4135-b3d0-f6464c2d90c0_VideoLeftCamera.mp4,12643522495,ed295237-7aa3-43ea-b50c-94f6d1f3a4a6,2026-02-08T11:59:21.902275Z,2026-03-09T13:24:17.367423Z,https://api.dandiarchive.org/api/assets/ed295237-7aa3-43ea-b50c-94f6d1f3a4a6/download/
sub-KS096/sub-KS096_ses-8928f98a-b411-497e-aa4b-aa752434686d_ecephys+image/sub-KS096_ses-8928f98a-b411-497e-aa4b-aa752434686d_VideoBodyCamera.mp4,1652046613,0709a084-6928-4e31-be70-32a8dc5c0fcf,2026-02-08T11:59:33.552626Z,2026-03-09T13:24:17.377158Z,https://api.dandiarchive.org/api/assets/0709a084-6928-4e31-be70-32a8dc5c0fcf/download/
sub-DY-016/sub-DY-016_ses-c3d9b6fb-7fa9-4413-a364-92a54df0fc5d_ecephys+image/sub-DY-016_ses-c3d9b6fb-7fa9-4413-a364-92a54df0fc5d_VideoBodyCamera.mp4,1041609445,82756dd6-2612-4bb1-b7ee-9ad25124fae1,2026-02-08T12:00:13.201592Z,2026-03-09T13:24:17.387706Z,https://api.dandiarchive.org/api/assets/82756dd6-2612-4bb1-b7ee-9ad25124fae1/download/
sub-DY-014/sub-DY-014_ses-f25642c6-27a5-4a97-9ea0-06652db79fbd_desc-raw_ecephys.nwb,102645315717,e096da28-9b48-4e33-9c76-ce8be315fc2c,2026-02-08T12:00:21.380509Z,2026-03-09T13:24:17.396950Z,https://api.dandiarchive.org/api/assets/e096da28-9b48-4e33-9c76-ce8be315fc2c/download/
sub-KS051/sub-KS051_ses-7082d8ff-255a-47d7-a839-bf093483ec30_desc-raw_ecephys.nwb,107193832396,87397750-b034-42be-8e0c-c7527d49938e,2026-02-08T12:00:57.727886Z,2026-03-09T13:24:17.411058Z,https://api.dandiarchive.org/api/assets/87397750-b034-42be-8e0c-c7527d49938e/download/
sub-KS096/sub-KS096_ses-8928f98a-b411-497e-aa4b-aa752434686d_ecephys+image/sub-KS096_ses-8928f98a-b411-497e-aa4b-aa752434686d_VideoRightCamera.mp4,6789273602,bbdd0400-bc3a-4111-8f6c-b268f72bd595,2026-02-08T12:01:29.024619Z,2026-03-09T13:24:17.424071Z,https://api.dandiarchive.org/api/assets/bbdd0400-bc3a-4111-8f6c-b268f72bd595/download/
sub-DY-016/sub-DY-016_ses-c3d9b6fb-7fa9-4413-a364-92a54df0fc5d_ecephys+image/sub-DY-016_ses-c3d9b6fb-7fa9-4413-a364-92a54df0fc5d_VideoRightCamera.mp4,5132077198,76e6cea9-6fcb-449c-a13a-1371cce7beb6,2026-02-08T12:01:39.657321Z,2026-03-09T13:24:17.433721Z,https://api.dandiarchive.org/api/assets/76e6cea9-6fcb-449c-a13a-1371cce7beb6/download/
sub-DY-016/sub-DY-016_ses-c3d9b6fb-7fa9-4413-a364-92a54df0fc5d_ecephys+image/sub-DY-016_ses-c3d9b6fb-7fa9-4413-a364-92a54df0fc5d_VideoLeftCamera.mp4,7280038485,a8e76f28-6c48-4b99-922c-02f039b4e1f8,2026-02-08T12:02:12.103969Z,2026-03-09T13:24:17.444936Z,https://api.dandiarchive.org/api/assets/a8e76f28-6c48-4b99-922c-02f039b4e1f8/download/
sub-DY-020/sub-DY-020_ses-f7335a49-4a98-46d2-a8ce-d041d2eac1d6_ecephys+image/sub-DY-020_ses-f7335a49-4a98-46d2-a8ce-d041d2eac1d6_VideoBodyCamera.mp4,1034802519,b5e650f5-c2e6-439b-aacc-ea5a705e4cec,2026-02-08T12:02:22.050494Z,2026-03-09T13:24:17.456174Z,https://api.dandiarchive.org/api/assets/b5e650f5-c2e6-439b-aacc-ea5a705e4cec/download/
sub-KS096/sub-KS096_ses-8928f98a-b411-497e-aa4b-aa752434686d_ecephys+image/sub-KS096_ses-8928f98a-b411-497e-aa4b-aa752434686d_VideoLeftCamera.mp4,10965760171,32e40b0f-a2b1-4275-95b8-8f3b2d7b0d00,2026-02-08T12:02:32.308121Z,2026-03-09T13:24:17.471269Z,https://api.dandiarchive.org/api/assets/32e40b0f-a2b1-4275-95b8-8f3b2d7b0d00/download/
sub-DY-014/sub-DY-014_ses-bd456d8f-d36e-434a-8051-ff3997253802_ecephys+image/sub-DY-014_ses-bd456d8f-d36e-434a-8051-ff3997253802_VideoRightCamera.mp4,5550791011,91a5e74c-3e0a-48b1-8d06-d2b12f502856,2026-02-08T12:03:14.548754Z,2026-03-09T13:24:17.481691Z,https://api.dandiarchive.org/api/assets/91a5e74c-3e0a-48b1-8d06-d2b12f502856/download/
sub-DY-014/sub-DY-014_ses-bd456d8f-d36e-434a-8051-ff3997253802_ecephys+image/sub-DY-014_ses-bd456d8f-d36e-434a-8051-ff3997253802_VideoLeftCamera.mp4,7600458070,3f0bf045-5eda-4d58-82b6-a6924da99ac3,2026-02-08T12:03:45.957379Z,2026-03-09T13:24:17.493133Z,https://api.dandiarchive.org/api/assets/3f0bf045-5eda-4d58-82b6-a6924da99ac3/download/
sub-DY-016/sub-DY-016_ses-251ece37-7798-477c-8a06-2845d4aa270c_desc-raw_ecephys.nwb,105422108669,c3f705f2-fc3e-4daa-8672-e27fb419b17a,2026-02-08T12:03:50.264802Z,2026-03-09T13:24:17.503627Z,https://api.dandiarchive.org/api/assets/c3f705f2-fc3e-4daa-8672-e27fb419b17a/download/
sub-KS084/sub-KS084_ses-1b715600-0cbc-442c-bd00-5b0ac2865de1_ecephys+image/sub-KS084_ses-1b715600-0cbc-442c-bd00-5b0ac2865de1_VideoBodyCamera.mp4,1443128865,0e049c5d-c30d-4cda-94b1-4b04c346c835,2026-02-08T12:03:51.551566Z,2026-03-09T13:24:17.513136Z,https://api.dandiarchive.org/api/assets/0e049c5d-c30d-4cda-94b1-4b04c346c835/download/
sub-DY-020/sub-DY-020_ses-f7335a49-4a98-46d2-a8ce-d041d2eac1d6_ecephys+image/sub-DY-020_ses-f7335a49-4a98-46d2-a8ce-d041d2eac1d6_VideoRightCamera.mp4,6274638445,134d7bbd-0216-4776-87d6-150a02b72fbc,2026-02-08T12:04:15.136566Z,2026-03-09T13:24:17.523535Z,https://api.dandiarchive.org/api/assets/134d7bbd-0216-4776-87d6-150a02b72fbc/download/
sub-DY-020/sub-DY-020_ses-f7335a49-4a98-46d2-a8ce-d041d2eac1d6_ecephys+image/sub-DY-020_ses-f7335a49-4a98-46d2-a8ce-d041d2eac1d6_VideoLeftCamera.mp4,7289116076,d896e002-aa12-41c7-9926-39a4cbf3d68f,2026-02-08T12:04:29.947859Z,2026-03-09T13:24:17.532722Z,https://api.dandiarchive.org/api/assets/d896e002-aa12-41c7-9926-39a4cbf3d68f/download/
sub-DY-020/sub-DY-020_ses-4a45c8ba-db6f-4f11-9403-56e06a33dfa4_ecephys+image/sub-DY-020_ses-4a45c8ba-db6f-4f11-9403-56e06a33dfa4_VideoBodyCamera.mp4,1024755291,c280877f-3a61-44a5-ae09-56a3e9c0b578,2026-02-08T12:05:04.569588Z,2026-03-09T13:24:17.542061Z,https://api.dandiarchive.org/api/assets/c280877f-3a61-44a5-ae09-56a3e9c0b578/download/
sub-KS084/sub-KS084_ses-1b715600-0cbc-442c-bd00-5b0ac2865de1_ecephys+image/sub-KS084_ses-1b715600-0cbc-442c-bd00-5b0ac2865de1_VideoRightCamera.mp4,6820136001,a46304cb-feb1-4077-abea-0922ba26dc08,2026-02-08T12:05:52.299851Z,2026-03-09T13:24:17.551963Z,https://api.dandiarchive.org/api/assets/a46304cb-feb1-4077-abea-0922ba26dc08/download/
sub-KS084/sub-KS084_ses-1b715600-0cbc-442c-bd00-5b0ac2865de1_ecephys+image/sub-KS084_ses-1b715600-0cbc-442c-bd00-5b0ac2865de1_VideoLeftCamera.mp4,10874697189,09585aa6-6491-47b9-878a-8dd6405e7053,2026-02-08T12:06:54.328451Z,2026-03-09T13:24:17.562304Z,https://api.dandiarchive.org/api/assets/09585aa6-6491-47b9-878a-8dd6405e7053/download/
sub-DY-020/sub-DY-020_ses-4a45c8ba-db6f-4f11-9403-56e06a33dfa4_ecephys+image/sub-DY-020_ses-4a45c8ba-db6f-4f11-9403-56e06a33dfa4_VideoRightCamera.mp4,6181773294,79fd9bf5-7f3d-4e97-bc75-697359a8cbdb,2026-02-08T12:06:55.669695Z,2026-03-09T13:24:17.573625Z,https://api.dandiarchive.org/api/assets/79fd9bf5-7f3d-4e97-bc75-697359a8cbdb/download/
sub-DY-020/sub-DY-020_ses-4a45c8ba-db6f-4f11-9403-56e06a33dfa4_ecephys+image/sub-DY-020_ses-4a45c8ba-db6f-4f11-9403-56e06a33dfa4_VideoLeftCamera.mp4,7159189784,18ed85bf-b462-4457-b548-d6c6a734a924,2026-02-08T12:07:11.727372Z,2026-03-09T13:24:17.585466Z,https://api.dandiarchive.org/api/assets/18ed85bf-b462-4457-b548-d6c6a734a924/download/
sub-KS046/sub-KS046_ses-aa3432cd-62bd-40bc-bc1c-a12d53bcbdcf_ecephys+image/sub-KS046_ses-aa3432cd-62bd-40bc-bc1c-a12d53bcbdcf_VideoBodyCamera.mp4,2022417153,8cfb32a7-2b42-467e-a936-bb487667efc5,2026-02-08T12:08:07.256137Z,2026-03-09T13:24:17.595440Z,https://api.dandiarchive.org/api/assets/8cfb32a7-2b42-467e-a936-bb487667efc5/download/
sub-KS043/sub-KS043_ses-9468fa93-21ae-4984-955c-e8402e280c83_ecephys+image/sub-KS043_ses-9468fa93-21ae-4984-955c-e8402e280c83_VideoBodyCamera.mp4,1695054677,376cb51f-6bed-49ed-ad00-22dacebdf4e2,2026-02-08T12:08:28.109987Z,2026-03-09T13:24:17.605718Z,https://api.dandiarchive.org/api/assets/376cb51f-6bed-49ed-ad00-22dacebdf4e2/download/
sub-KS046/sub-KS046_ses-69c9a415-f7fa-4208-887b-1417c1479b48_ecephys+image/sub-KS046_ses-69c9a415-f7fa-4208-887b-1417c1479b48_VideoBodyCamera.mp4,1996878967,5248ea90-0fb9-4cad-ab9f-4dce716bddc3,2026-02-08T12:09:08.083074Z,2026-03-09T13:24:17.614026Z,https://api.dandiarchive.org/api/assets/5248ea90-0fb9-4cad-ab9f-4dce716bddc3/download/
sub-DY-016/sub-DY-016_ses-5339812f-8b91-40ba-9d8f-a559563cc46b_desc-raw_ecephys.nwb,108832074995,e2984ebb-87fb-4cc1-8ff0-d8ec5d6e6415,2026-02-08T12:09:29.067845Z,2026-03-09T13:24:17.622920Z,https://api.dandiarchive.org/api/assets/e2984ebb-87fb-4cc1-8ff0-d8ec5d6e6415/download/
sub-KS094/sub-KS094_ses-6b0b5d24-bcda-4053-a59c-beaa1fe03b8f_ecephys+image/sub-KS094_ses-6b0b5d24-bcda-4053-a59c-beaa1fe03b8f_VideoBodyCamera.mp4,1704646809,eb51f739-389b-467e-a2a0-9b991717e3a2,2026-02-08T12:09:36.554522Z,2026-03-09T13:24:17.634106Z,https://api.dandiarchive.org/api/assets/eb51f739-389b-467e-a2a0-9b991717e3a2/download/
sub-KS046/sub-KS046_ses-aa3432cd-62bd-40bc-bc1c-a12d53bcbdcf_ecephys+image/sub-KS046_ses-aa3432cd-62bd-40bc-bc1c-a12d53bcbdcf_VideoRightCamera.mp4,7343043267,75249eeb-a512-4ce2-b1de-aa4801fd3bb9,2026-02-08T12:10:04.909749Z,2026-03-09T13:24:17.644991Z,https://api.dandiarchive.org/api/assets/75249eeb-a512-4ce2-b1de-aa4801fd3bb9/download/
sub-DY-014/sub-DY-014_ses-b658bc7d-07cd-4203-8a25-7b16b549851b_ecephys+image/sub-DY-014_ses-b658bc7d-07cd-4203-8a25-7b16b549851b_VideoRightCamera.mp4,5826344774,8217913a-5637-4c00-b67f-0f2ff8624533,2026-02-08T12:10:10.205609Z,2026-03-09T13:24:17.655528Z,https://api.dandiarchive.org/api/assets/8217913a-5637-4c00-b67f-0f2ff8624533/download/
sub-KS043/sub-KS043_ses-9468fa93-21ae-4984-955c-e8402e280c83_ecephys+image/sub-KS043_ses-9468fa93-21ae-4984-955c-e8402e280c83_VideoRightCamera.mp4,6370707004,e171cc6d-d0e8-4eb7-8afb-fa3304994611,2026-02-08T12:10:11.565153Z,2026-03-09T13:24:17.668233Z,https://api.dandiarchive.org/api/assets/e171cc6d-d0e8-4eb7-8afb-fa3304994611/download/
sub-DY-014/sub-DY-014_ses-b658bc7d-07cd-4203-8a25-7b16b549851b_ecephys+image/sub-DY-014_ses-b658bc7d-07cd-4203-8a25-7b16b549851b_VideoLeftCamera.mp4,8115558283,4a02c2f2-a411-48e0-8fb2-eefa3916483d,2026-02-08T12:10:44.873519Z,2026-03-09T13:24:17.677525Z,https://api.dandiarchive.org/api/assets/4a02c2f2-a411-48e0-8fb2-eefa3916483d/download/
sub-KS046/sub-KS046_ses-69c9a415-f7fa-4208-887b-1417c1479b48_ecephys+image/sub-KS046_ses-69c9a415-f7fa-4208-887b-1417c1479b48_VideoRightCamera.mp4,7041414783,8cb34e61-38c0-41ef-a8c5-e303c6c49ad1,2026-02-08T12:10:59.281840Z,2026-03-09T13:24:17.686919Z,https://api.dandiarchive.org/api/assets/8cb34e61-38c0-41ef-a8c5-e303c6c49ad1/download/
sub-KS046/sub-KS046_ses-aa3432cd-62bd-40bc-bc1c-a12d53bcbdcf_ecephys+image/sub-KS046_ses-aa3432cd-62bd-40bc-bc1c-a12d53bcbdcf_VideoLeftCamera.mp4,14762324555,b46f8cf3-2901-4038-afda-636f88982316,2026-02-08T12:11:57.795503Z,2026-03-09T13:24:17.698291Z,https://api.dandiarchive.org/api/assets/b46f8cf3-2901-4038-afda-636f88982316/download/
sub-KS043/sub-KS043_ses-9468fa93-21ae-4984-955c-e8402e280c83_ecephys+image/sub-KS043_ses-9468fa93-21ae-4984-955c-e8402e280c83_VideoLeftCamera.mp4,13667912293,dfdb4483-5568-46a6-9e85-1c549cda588f,2026-02-08T12:12:02.593001Z,2026-03-09T13:24:17.710163Z,https://api.dandiarchive.org/api/assets/dfdb4483-5568-46a6-9e85-1c549cda588f/download/
sub-KS094/sub-KS094_ses-6b0b5d24-bcda-4053-a59c-beaa1fe03b8f_ecephys+image/sub-KS094_ses-6b0b5d24-bcda-4053-a59c-beaa1fe03b8f_VideoRightCamera.mp4,8251286451,32b5b078-da2a-4a28-8f8f-c0b80963f218,2026-02-08T12:12:04.925048Z,2026-03-09T13:24:17.722731Z,https://api.dandiarchive.org/api/assets/32b5b078-da2a-4a28-8f8f-c0b80963f218/download/
sub-KS046/sub-KS046_ses-69c9a415-f7fa-4208-887b-1417c1479b48_ecephys+image/sub-KS046_ses-69c9a415-f7fa-4208-887b-1417c1479b48_VideoLeftCamera.mp4,14905050100,8f0a4ace-e0fb-48dc-8b93-2fcdf263ee61,2026-02-08T12:12:58.750639Z,2026-03-09T13:24:17.731527Z,https://api.dandiarchive.org/api/assets/8f0a4ace-e0fb-48dc-8b93-2fcdf263ee61/download/
sub-KS094/sub-KS094_ses-6b0b5d24-bcda-4053-a59c-beaa1fe03b8f_ecephys+image/sub-KS094_ses-6b0b5d24-bcda-4053-a59c-beaa1fe03b8f_VideoLeftCamera.mp4,13496138126,ae80704f-e38d-443b-91a8-1932abad5636,2026-02-08T12:13:24.867314Z,2026-03-09T13:24:17.741821Z,https://api.dandiarchive.org/api/assets/ae80704f-e38d-443b-91a8-1932abad5636/download/
sub-DY-014/sub-DY-014_ses-4720c98a-a305-4fba-affb-bbfa00a724a4_desc-raw_ecephys.nwb,110085500993,0dad2f8e-7f69-4893-87a9-04a602a5e35a,2026-02-08T12:13:31.998194Z,2026-03-09T13:24:17.752259Z,https://api.dandiarchive.org/api/assets/0dad2f8e-7f69-4893-87a9-04a602a5e35a/download/
sub-DY-018/sub-DY-018_ses-54238fd6-d2d0-4408-b1a9-d19d24fd29ce_desc-raw_ecephys.nwb,109989348225,afae7cca-3913-4424-a5f1-324df2784df3,2026-02-08T12:13:45.276849Z,2026-03-09T13:24:17.761942Z,https://api.dandiarchive.org/api/assets/afae7cca-3913-4424-a5f1-324df2784df3/download/
sub-KS094/sub-KS094_ses-3f859b5c-e73a-4044-b49e-34bb81e96715_desc-raw_ecephys.nwb,109615692530,74b6f75b-ed70-4b5d-b1c6-2efefd07c2d9,2026-02-08T12:13:52.482635Z,2026-03-09T13:24:17.770319Z,https://api.dandiarchive.org/api/assets/74b6f75b-ed70-4b5d-b1c6-2efefd07c2d9/download/
sub-DY-016/sub-DY-016_ses-aa20388b-9ea3-4506-92f1-3c2be84b85db_desc-raw_ecephys.nwb,114432116218,9af30164-e22a-498c-b5ea-7371945db318,2026-02-08T12:20:30.401253Z,2026-03-09T13:24:17.780454Z,https://api.dandiarchive.org/api/assets/9af30164-e22a-498c-b5ea-7371945db318/download/
sub-KS046/sub-KS046_ses-0ac8d013-b91e-4732-bc7b-a1164ff3e445_ecephys+image/sub-KS046_ses-0ac8d013-b91e-4732-bc7b-a1164ff3e445_VideoBodyCamera.mp4,2139604427,fd13a1cf-9781-437a-bdf2-07bbe607df02,2026-02-08T12:22:47.121708Z,2026-03-09T13:24:17.791471Z,https://api.dandiarchive.org/api/assets/fd13a1cf-9781-437a-bdf2-07bbe607df02/download/
sub-DY-014/sub-DY-014_ses-7622da34-51b6-4661-98ae-a57d40806008_desc-raw_ecephys.nwb,115373438766,e3a08d21-31e5-4448-a27b-b8b49904fd1a,2026-02-08T12:23:10.667620Z,2026-03-09T13:24:17.800767Z,https://api.dandiarchive.org/api/assets/e3a08d21-31e5-4448-a27b-b8b49904fd1a/download/
sub-KS046/sub-KS046_ses-dfbe628d-365b-461c-a07f-8b9911ba83aa_ecephys+image/sub-KS046_ses-dfbe628d-365b-461c-a07f-8b9911ba83aa_VideoBodyCamera.mp4,2095101666,479a7727-bbd0-4902-af5c-8d28b9f67429,2026-02-08T12:24:26.424553Z,2026-03-09T13:24:17.810756Z,https://api.dandiarchive.org/api/assets/479a7727-bbd0-4902-af5c-8d28b9f67429/download/
sub-KS046/sub-KS046_ses-0ac8d013-b91e-4732-bc7b-a1164ff3e445_ecephys+image/sub-KS046_ses-0ac8d013-b91e-4732-bc7b-a1164ff3e445_VideoRightCamera.mp4,7968576307,6839190f-7bd9-4dd8-8c38-c5bebeb8839b,2026-02-08T12:24:55.014438Z,2026-03-09T13:24:17.820644Z,https://api.dandiarchive.org/api/assets/6839190f-7bd9-4dd8-8c38-c5bebeb8839b/download/
sub-KS096/sub-KS096_ses-f819d499-8bf7-4da0-a431-15377a8319d5_desc-raw_ecephys.nwb,116978394633,62b942c8-f834-452a-8ffa-667d0172c3c4,2026-02-08T12:24:58.123115Z,2026-03-09T13:24:17.830786Z,https://api.dandiarchive.org/api/assets/62b942c8-f834-452a-8ffa-667d0172c3c4/download/
sub-KS094/sub-KS094_ses-752456f3-9f47-4fbf-bd44-9d131c0f41aa_ecephys+image/sub-KS094_ses-752456f3-9f47-4fbf-bd44-9d131c0f41aa_VideoBodyCamera.mp4,1895953871,7fc1d047-160b-4041-a184-ef3085d0a533,2026-02-08T12:25:04.518655Z,2026-03-09T13:24:17.840612Z,https://api.dandiarchive.org/api/assets/7fc1d047-160b-4041-a184-ef3085d0a533/download/
sub-DY-014/sub-DY-014_ses-ee8b36de-779f-4dea-901f-e0141c95722b_desc-raw_ecephys.nwb,115766297125,a9eae353-c38d-4461-8b22-01b7e1459f38,2026-02-08T12:25:34.872276Z,2026-03-09T13:24:17.850894Z,https://api.dandiarchive.org/api/assets/a9eae353-c38d-4461-8b22-01b7e1459f38/download/
sub-KS043/sub-KS043_ses-e5c75b62-6871-4135-b3d0-f6464c2d90c0_desc-raw_ecephys.nwb,112148007907,18dd138c-74f7-47bc-8789-389daf79310c,2026-02-08T12:26:24.911882Z,2026-03-09T13:24:17.860061Z,https://api.dandiarchive.org/api/assets/18dd138c-74f7-47bc-8789-389daf79310c/download/
sub-KS046/sub-KS046_ses-dfbe628d-365b-461c-a07f-8b9911ba83aa_ecephys+image/sub-KS046_ses-dfbe628d-365b-461c-a07f-8b9911ba83aa_VideoRightCamera.mp4,8472597830,94c1680e-2a46-4e45-a817-4b52083f2135,2026-02-08T12:26:46.434042Z,2026-03-09T13:24:17.869385Z,https://api.dandiarchive.org/api/assets/94c1680e-2a46-4e45-a817-4b52083f2135/download/
sub-KS046/sub-KS046_ses-0ac8d013-b91e-4732-bc7b-a1164ff3e445_ecephys+image/sub-KS046_ses-0ac8d013-b91e-4732-bc7b-a1164ff3e445_VideoLeftCamera.mp4,16431335726,906a68c1-82f8-4899-b78b-f4b84b8edd74,2026-02-08T12:27:04.283008Z,2026-03-09T13:24:17.881897Z,https://api.dandiarchive.org/api/assets/906a68c1-82f8-4899-b78b-f4b84b8edd74/download/
sub-KS094/sub-KS094_ses-752456f3-9f47-4fbf-bd44-9d131c0f41aa_ecephys+image/sub-KS094_ses-752456f3-9f47-4fbf-bd44-9d131c0f41aa_VideoRightCamera.mp4,8382674531,18241171-52a3-4b15-9b0b-72494c0986b9,2026-02-08T12:27:30.439349Z,2026-03-09T13:24:17.891647Z,https://api.dandiarchive.org/api/assets/18241171-52a3-4b15-9b0b-72494c0986b9/download/
sub-DY-014/sub-DY-014_ses-b39752db-abdb-47ab-ae78-e8608bbf50ed_desc-raw_ecephys.nwb,118606525387,920df93b-fa51-4806-b16f-126240a31aa8,2026-02-08T12:28:40.883332Z,2026-03-09T13:24:17.901969Z,https://api.dandiarchive.org/api/assets/920df93b-fa51-4806-b16f-126240a31aa8/download/
sub-KS094/sub-KS094_ses-752456f3-9f47-4fbf-bd44-9d131c0f41aa_ecephys+image/sub-KS094_ses-752456f3-9f47-4fbf-bd44-9d131c0f41aa_VideoLeftCamera.mp4,13817819070,0b801091-829d-4090-b6be-7b90bff0a7db,2026-02-08T12:28:52.718569Z,2026-03-09T13:24:17.911827Z,https://api.dandiarchive.org/api/assets/0b801091-829d-4090-b6be-7b90bff0a7db/download/
sub-KS091/sub-KS091_ses-78b4fff5-c5ec-44d9-b5f9-d59493063f00_ecephys+image/sub-KS091_ses-78b4fff5-c5ec-44d9-b5f9-d59493063f00_VideoBodyCamera.mp4,1992171423,de4c3cdb-7647-4876-9db5-45ddd6123b26,2026-02-08T12:28:53.827649Z,2026-03-09T13:24:17.922045Z,https://api.dandiarchive.org/api/assets/de4c3cdb-7647-4876-9db5-45ddd6123b26/download/
sub-KS046/sub-KS046_ses-dfbe628d-365b-461c-a07f-8b9911ba83aa_ecephys+image/sub-KS046_ses-dfbe628d-365b-461c-a07f-8b9911ba83aa_VideoLeftCamera.mp4,17053650057,757c7b86-da84-46d0-8d6b-c8e64b175281,2026-02-08T12:28:58.018201Z,2026-03-09T13:24:17.931762Z,https://api.dandiarchive.org/api/assets/757c7b86-da84-46d0-8d6b-c8e64b175281/download/
sub-KS052/sub-KS052_ses-ac7d3064-7f09-48a3-88d2-e86a4eb86461_desc-raw_ecephys.nwb,124548398598,9cd2a3a5-2ce1-4cf3-8743-da623603fae6,2026-02-08T12:30:20.715519Z,2026-03-09T13:24:17.942082Z,https://api.dandiarchive.org/api/assets/9cd2a3a5-2ce1-4cf3-8743-da623603fae6/download/
sub-KS042/sub-KS042_ses-07dc4b76-5b93-4a03-82a0-b3d9cc73f412_ecephys+image/sub-KS042_ses-07dc4b76-5b93-4a03-82a0-b3d9cc73f412_VideoBodyCamera.mp4,2183969366,2710a8ee-191a-4929-802c-c15d0b467559,2026-02-08T12:31:06.236770Z,2026-03-09T13:24:17.957084Z,https://api.dandiarchive.org/api/assets/2710a8ee-191a-4929-802c-c15d0b467559/download/
sub-KS044/sub-KS044_ses-a6fe44a8-07ab-49b8-81f9-e18575aa85cc_ecephys+image/sub-KS044_ses-a6fe44a8-07ab-49b8-81f9-e18575aa85cc_VideoBodyCamera.mp4,1905340435,660d1791-3ac5-4d69-b5dd-13193d90a54a,2026-02-08T12:31:16.986699Z,2026-03-09T13:24:17.976825Z,https://api.dandiarchive.org/api/assets/660d1791-3ac5-4d69-b5dd-13193d90a54a/download/
sub-KS091/sub-KS091_ses-78b4fff5-c5ec-44d9-b5f9-d59493063f00_ecephys+image/sub-KS091_ses-78b4fff5-c5ec-44d9-b5f9-d59493063f00_VideoRightCamera.mp4,9053418203,bdd001ce-48f6-4f3d-aece-4069eace52bb,2026-02-08T12:31:32.681860Z,2026-03-09T13:24:17.987977Z,https://api.dandiarchive.org/api/assets/bdd001ce-48f6-4f3d-aece-4069eace52bb/download/
sub-KS096/sub-KS096_ses-8928f98a-b411-497e-aa4b-aa752434686d_desc-raw_ecephys.nwb,120115099384,5dce4ea7-1665-45c3-9a57-bc4f770b9eb0,2026-02-08T12:31:57.850019Z,2026-03-09T13:24:17.999393Z,https://api.dandiarchive.org/api/assets/5dce4ea7-1665-45c3-9a57-bc4f770b9eb0/download/
sub-DY-016/sub-DY-016_ses-c3d9b6fb-7fa9-4413-a364-92a54df0fc5d_desc-raw_ecephys.nwb,120316854603,6639a739-3fcc-4125-9bf1-4bc4efbba7a1,2026-02-08T12:32:15.587275Z,2026-03-09T13:24:18.010388Z,https://api.dandiarchive.org/api/assets/6639a739-3fcc-4125-9bf1-4bc4efbba7a1/download/
sub-KS042/sub-KS042_ses-07dc4b76-5b93-4a03-82a0-b3d9cc73f412_ecephys+image/sub-KS042_ses-07dc4b76-5b93-4a03-82a0-b3d9cc73f412_VideoRightCamera.mp4,6560664109,f95b356d-0dd2-4c3c-a571-c3e91eda1fc3,2026-02-08T12:32:42.507945Z,2026-03-09T13:24:18.021093Z,https://api.dandiarchive.org/api/assets/f95b356d-0dd2-4c3c-a571-c3e91eda1fc3/download/
sub-KS091/sub-KS091_ses-78b4fff5-c5ec-44d9-b5f9-d59493063f00_ecephys+image/sub-KS091_ses-78b4fff5-c5ec-44d9-b5f9-d59493063f00_VideoLeftCamera.mp4,14420859379,74cd771d-a906-4bbc-8a64-2cb5ea15ac93,2026-02-08T12:32:55.287174Z,2026-03-09T13:24:18.032619Z,https://api.dandiarchive.org/api/assets/74cd771d-a906-4bbc-8a64-2cb5ea15ac93/download/
sub-KS044/sub-KS044_ses-a6fe44a8-07ab-49b8-81f9-e18575aa85cc_ecephys+image/sub-KS044_ses-a6fe44a8-07ab-49b8-81f9-e18575aa85cc_VideoRightCamera.mp4,6504306822,91e7e76a-40c8-4555-b07d-a978871f0bd9,2026-02-08T12:32:57.211468Z,2026-03-09T13:24:18.045713Z,https://api.dandiarchive.org/api/assets/91e7e76a-40c8-4555-b07d-a978871f0bd9/download/
sub-DY-014/sub-DY-014_ses-bd456d8f-d36e-434a-8051-ff3997253802_desc-raw_ecephys.nwb,121570676061,f82d95f2-e722-47e2-9966-4bb424019729,2026-02-08T12:33:54.511306Z,2026-03-09T13:24:18.059108Z,https://api.dandiarchive.org/api/assets/f82d95f2-e722-47e2-9966-4bb424019729/download/
sub-DY-020/sub-DY-020_ses-f7335a49-4a98-46d2-a8ce-d041d2eac1d6_desc-raw_ecephys.nwb,121559734109,6ac635bf-19f7-4d8a-a801-9d0315c3950e,2026-02-08T12:34:39.918691Z,2026-03-09T13:24:18.069554Z,https://api.dandiarchive.org/api/assets/6ac635bf-19f7-4d8a-a801-9d0315c3950e/download/
sub-KS042/sub-KS042_ses-07dc4b76-5b93-4a03-82a0-b3d9cc73f412_ecephys+image/sub-KS042_ses-07dc4b76-5b93-4a03-82a0-b3d9cc73f412_VideoLeftCamera.mp4,14700905195,f30cb1a8-b737-4d55-a205-371b4d763c46,2026-02-08T12:34:45.990618Z,2026-03-09T13:24:18.087817Z,https://api.dandiarchive.org/api/assets/f30cb1a8-b737-4d55-a205-371b4d763c46/download/
sub-KS044/sub-KS044_ses-a6fe44a8-07ab-49b8-81f9-e18575aa85cc_ecephys+image/sub-KS044_ses-a6fe44a8-07ab-49b8-81f9-e18575aa85cc_VideoLeftCamera.mp4,14945150152,71396047-8734-40e1-a70e-d8dac84d7f63,2026-02-08T12:35:06.177175Z,2026-03-09T13:24:18.102639Z,https://api.dandiarchive.org/api/assets/71396047-8734-40e1-a70e-d8dac84d7f63/download/
sub-KS084/sub-KS084_ses-1b715600-0cbc-442c-bd00-5b0ac2865de1_desc-raw_ecephys.nwb,124338101756,c4a4cbfb-592e-406f-987f-80523968f521,2026-02-08T12:37:28.991376Z,2026-03-09T13:24:18.114177Z,https://api.dandiarchive.org/api/assets/c4a4cbfb-592e-406f-987f-80523968f521/download/
sub-DY-020/sub-DY-020_ses-4a45c8ba-db6f-4f11-9403-56e06a33dfa4_desc-raw_ecephys.nwb,123626330930,4beeaeec-6cbf-44c8-a042-0ac4cd4c5041,2026-02-08T12:37:55.046378Z,2026-03-09T13:24:18.125035Z,https://api.dandiarchive.org/api/assets/4beeaeec-6cbf-44c8-a042-0ac4cd4c5041/download/
sub-KS043/sub-KS043_ses-9468fa93-21ae-4984-955c-e8402e280c83_desc-raw_ecephys.nwb,120963773919,39b89708-bf18-4fa3-8de4-ba3e7b180648,2026-02-08T12:41:20.028476Z,2026-03-09T13:24:18.135320Z,https://api.dandiarchive.org/api/assets/39b89708-bf18-4fa3-8de4-ba3e7b180648/download/
sub-KS046/sub-KS046_ses-aa3432cd-62bd-40bc-bc1c-a12d53bcbdcf_desc-raw_ecephys.nwb,124728792859,e98018a8-fa49-4bcc-b619-35ad9ed7c465,2026-02-08T12:41:56.188476Z,2026-03-09T13:24:18.145945Z,https://api.dandiarchive.org/api/assets/e98018a8-fa49-4bcc-b619-35ad9ed7c465/download/
sub-DY-014/sub-DY-014_ses-b658bc7d-07cd-4203-8a25-7b16b549851b_desc-raw_ecephys.nwb,125766827739,a0ec7317-7dda-4a92-815c-6c995400f5bc,2026-02-08T12:41:59.123912Z,2026-03-09T13:24:18.155537Z,https://api.dandiarchive.org/api/assets/a0ec7317-7dda-4a92-815c-6c995400f5bc/download/
sub-KS046/sub-KS046_ses-69c9a415-f7fa-4208-887b-1417c1479b48_desc-raw_ecephys.nwb,126009930868,dcaa1311-7120-4a0b-98f3-999dac00dfec,2026-02-08T12:43:15.508140Z,2026-03-09T13:24:18.166113Z,https://api.dandiarchive.org/api/assets/dcaa1311-7120-4a0b-98f3-999dac00dfec/download/
sub-KS094/sub-KS094_ses-6b0b5d24-bcda-4053-a59c-beaa1fe03b8f_desc-raw_ecephys.nwb,126378091579,0ed8fe82-0ba4-4411-bf70-94581637628c,2026-02-08T12:44:10.805325Z,2026-03-09T13:24:18.175359Z,https://api.dandiarchive.org/api/assets/0ed8fe82-0ba4-4411-bf70-94581637628c/download/
sub-KS046/sub-KS046_ses-0ac8d013-b91e-4732-bc7b-a1164ff3e445_desc-raw_ecephys.nwb,133314484168,4fd02683-d7b1-4596-b582-17299fc4912e,2026-02-08T12:59:12.020425Z,2026-03-09T13:24:18.184809Z,https://api.dandiarchive.org/api/assets/4fd02683-d7b1-4596-b582-17299fc4912e/download/
sub-KS046/sub-KS046_ses-dfbe628d-365b-461c-a07f-8b9911ba83aa_desc-raw_ecephys.nwb,134804867477,4db4f956-ed15-4fb9-acb9-ac44bcce201d,2026-02-08T13:01:12.875157Z,2026-03-09T13:24:18.193997Z,https://api.dandiarchive.org/api/assets/4db4f956-ed15-4fb9-acb9-ac44bcce201d/download/
sub-KS094/sub-KS094_ses-752456f3-9f47-4fbf-bd44-9d131c0f41aa_desc-raw_ecephys.nwb,135409720033,5300058e-8611-4e60-809a-c7e146f58ea4,2026-02-08T13:01:53.816432Z,2026-03-09T13:24:18.204250Z,https://api.dandiarchive.org/api/assets/5300058e-8611-4e60-809a-c7e146f58ea4/download/
sub-KS091/sub-KS091_ses-78b4fff5-c5ec-44d9-b5f9-d59493063f00_desc-raw_ecephys.nwb,136881002237,34238e6a-c207-4581-8de9-90293bfa7dcd,2026-02-08T13:06:14.879017Z,2026-03-09T13:24:18.213696Z,https://api.dandiarchive.org/api/assets/34238e6a-c207-4581-8de9-90293bfa7dcd/download/
sub-KS042/sub-KS042_ses-07dc4b76-5b93-4a03-82a0-b3d9cc73f412_desc-raw_ecephys.nwb,134937803305,e172bda5-89e9-4082-9871-5c1300f49df1,2026-02-08T13:07:20.377126Z,2026-03-09T13:24:18.223124Z,https://api.dandiarchive.org/api/assets/e172bda5-89e9-4082-9871-5c1300f49df1/download/
sub-KS044/sub-KS044_ses-a6fe44a8-07ab-49b8-81f9-e18575aa85cc_desc-raw_ecephys.nwb,134384877598,2cde9331-3523-4bb7-bd36-6abc68adeae2,2026-02-08T13:07:31.602960Z,2026-03-09T13:24:18.231928Z,https://api.dandiarchive.org/api/assets/2cde9331-3523-4bb7-bd36-6abc68adeae2/download/
sub-KS086/sub-KS086_ses-e45481fa-be22-4365-972c-e7404ed8ab5a_ecephys+image/sub-KS086_ses-e45481fa-be22-4365-972c-e7404ed8ab5a_VideoBodyCamera.mp4,2524309146,a34c4536-7bc3-4efd-8398-7de159afdd5d,2026-02-08T13:15:58.583302Z,2026-03-09T13:24:18.242586Z,https://api.dandiarchive.org/api/assets/a34c4536-7bc3-4efd-8398-7de159afdd5d/download/
sub-KS086/sub-KS086_ses-e45481fa-be22-4365-972c-e7404ed8ab5a_ecephys+image/sub-KS086_ses-e45481fa-be22-4365-972c-e7404ed8ab5a_VideoRightCamera.mp4,10575556082,72b6b164-01ba-41da-979f-bc898a07fe8a,2026-02-08T13:18:54.726798Z,2026-03-09T13:24:18.255512Z,https://api.dandiarchive.org/api/assets/72b6b164-01ba-41da-979f-bc898a07fe8a/download/
sub-KS086/sub-KS086_ses-e45481fa-be22-4365-972c-e7404ed8ab5a_ecephys+image/sub-KS086_ses-e45481fa-be22-4365-972c-e7404ed8ab5a_VideoLeftCamera.mp4,15168143501,b51cf100-8643-4248-9bd4-b32a23b07d16,2026-02-08T13:20:05.033126Z,2026-03-09T13:24:18.268365Z,https://api.dandiarchive.org/api/assets/b51cf100-8643-4248-9bd4-b32a23b07d16/download/
sub-KS096/sub-KS096_ses-1b9e349e-93f2-41cc-a4b5-b212d7ddc8df_ecephys+image/sub-KS096_ses-1b9e349e-93f2-41cc-a4b5-b212d7ddc8df_VideoBodyCamera.mp4,2493406558,e84c4f94-84ef-40b4-b291-63305537c821,2026-02-08T13:23:10.021826Z,2026-03-09T13:24:18.280554Z,https://api.dandiarchive.org/api/assets/e84c4f94-84ef-40b4-b291-63305537c821/download/
sub-KS096/sub-KS096_ses-1b9e349e-93f2-41cc-a4b5-b212d7ddc8df_ecephys+image/sub-KS096_ses-1b9e349e-93f2-41cc-a4b5-b212d7ddc8df_VideoRightCamera.mp4,9571178475,192ca904-fc7c-4d79-a9bf-8a3a4d7e9590,2026-02-08T13:25:48.558639Z,2026-03-09T13:24:18.292502Z,https://api.dandiarchive.org/api/assets/192ca904-fc7c-4d79-a9bf-8a3a4d7e9590/download/
sub-KS096/sub-KS096_ses-1b9e349e-93f2-41cc-a4b5-b212d7ddc8df_ecephys+image/sub-KS096_ses-1b9e349e-93f2-41cc-a4b5-b212d7ddc8df_VideoLeftCamera.mp4,15868219462,dc725b77-305e-4acf-8904-dc71205931b5,2026-02-08T13:27:24.684177Z,2026-03-09T13:24:18.303278Z,https://api.dandiarchive.org/api/assets/dc725b77-305e-4acf-8904-dc71205931b5/download/
sub-KS086/sub-KS086_ses-e45481fa-be22-4365-972c-e7404ed8ab5a_desc-raw_ecephys.nwb,170380029054,590eaded-1aa6-4e6a-a624-f427a2da89a0,2026-02-08T14:02:08.826340Z,2026-03-09T13:24:18.313489Z,https://api.dandiarchive.org/api/assets/590eaded-1aa6-4e6a-a624-f427a2da89a0/download/
sub-KS096/sub-KS096_ses-1b9e349e-93f2-41cc-a4b5-b212d7ddc8df_desc-raw_ecephys.nwb,173524019250,3f62048f-77d5-4131-b097-fc89bfdf3047,2026-02-08T14:10:00.225120Z,2026-03-09T13:24:18.323901Z,https://api.dandiarchive.org/api/assets/3f62048f-77d5-4131-b097-fc89bfdf3047/download/
sub-CSH-ZAD-026/sub-CSH-ZAD-026_ses-15763234-d21e-491f-a01b-1238eb96d389_ecephys+image/sub-CSH-ZAD-026_ses-15763234-d21e-491f-a01b-1238eb96d389_VideoBodyCamera.mp4,717015569,b1417b90-eabe-4ec1-9f93-c18325e52b67,2026-02-09T22:41:15.720900Z,2026-03-09T13:24:18.336090Z,https://api.dandiarchive.org/api/assets/b1417b90-eabe-4ec1-9f93-c18325e52b67/download/
sub-CSH-ZAD-026/sub-CSH-ZAD-026_ses-15763234-d21e-491f-a01b-1238eb96d389_ecephys+image/sub-CSH-ZAD-026_ses-15763234-d21e-491f-a01b-1238eb96d389_VideoLeftCamera.mp4,3767604641,644f794f-d530-442b-8980-cea2cac4798d,2026-02-09T22:42:22.916581Z,2026-03-09T13:24:18.347958Z,https://api.dandiarchive.org/api/assets/644f794f-d530-442b-8980-cea2cac4798d/download/
sub-CSH-ZAD-026/sub-CSH-ZAD-026_ses-15763234-d21e-491f-a01b-1238eb96d389_ecephys+image/sub-CSH-ZAD-026_ses-15763234-d21e-491f-a01b-1238eb96d389_VideoRightCamera.mp4,4388709606,ad553a3e-2e94-4fbc-b10e-11d6024b3274,2026-02-09T22:42:31.981226Z,2026-03-09T13:24:18.357643Z,https://api.dandiarchive.org/api/assets/ad553a3e-2e94-4fbc-b10e-11d6024b3274/download/
sub-CSH-ZAD-026/sub-CSH-ZAD-026_ses-15763234-d21e-491f-a01b-1238eb96d389_desc-raw_ecephys.nwb,79397087140,da238b95-0a42-491d-84c8-f8bb95703588,2026-02-09T23:02:14.513007Z,2026-03-09T13:24:18.369713Z,https://api.dandiarchive.org/api/assets/da238b95-0a42-491d-84c8-f8bb95703588/download/
sub-CSH-ZAD-026/sub-CSH-ZAD-026_ses-b69b86be-af7d-4ecf-8cbf-0cd356afa1bd_ecephys+image/sub-CSH-ZAD-026_ses-b69b86be-af7d-4ecf-8cbf-0cd356afa1bd_VideoBodyCamera.mp4,736418666,c7eaa0b7-b452-496b-85c6-3a31cec87da8,2026-02-10T00:04:06.845665Z,2026-03-09T13:24:18.380348Z,https://api.dandiarchive.org/api/assets/c7eaa0b7-b452-496b-85c6-3a31cec87da8/download/
sub-CSH-ZAD-026/sub-CSH-ZAD-026_ses-b69b86be-af7d-4ecf-8cbf-0cd356afa1bd_ecephys+image/sub-CSH-ZAD-026_ses-b69b86be-af7d-4ecf-8cbf-0cd356afa1bd_VideoLeftCamera.mp4,3528111394,6de7a8a3-8639-43bf-9a90-d4b6cbae3ab6,2026-02-10T00:05:02.445581Z,2026-03-09T13:24:18.393590Z,https://api.dandiarchive.org/api/assets/6de7a8a3-8639-43bf-9a90-d4b6cbae3ab6/download/
sub-CSH-ZAD-026/sub-CSH-ZAD-026_ses-b69b86be-af7d-4ecf-8cbf-0cd356afa1bd_ecephys+image/sub-CSH-ZAD-026_ses-b69b86be-af7d-4ecf-8cbf-0cd356afa1bd_VideoRightCamera.mp4,3578419248,0206d1d3-cd57-4798-bdf9-b99a6b02b6ae,2026-02-10T00:05:02.981368Z,2026-03-09T13:24:18.404296Z,https://api.dandiarchive.org/api/assets/0206d1d3-cd57-4798-bdf9-b99a6b02b6ae/download/
sub-CSH-ZAD-029/sub-CSH-ZAD-029_ses-993c7024-0abc-4028-ad30-d397ad55b084_ecephys+image/sub-CSH-ZAD-029_ses-993c7024-0abc-4028-ad30-d397ad55b084_VideoRightCamera.mp4,3160833996,b40db483-5337-4897-8d8c-e68b46dd8c29,2026-02-10T00:09:12.117814Z,2026-03-09T13:24:18.414626Z,https://api.dandiarchive.org/api/assets/b40db483-5337-4897-8d8c-e68b46dd8c29/download/
sub-CSH-ZAD-029/sub-CSH-ZAD-029_ses-993c7024-0abc-4028-ad30-d397ad55b084_ecephys+image/sub-CSH-ZAD-029_ses-993c7024-0abc-4028-ad30-d397ad55b084_VideoLeftCamera.mp4,3237265697,d747bfd6-487d-4615-8986-555508bf0115,2026-02-10T00:09:12.805622Z,2026-03-09T13:24:18.428238Z,https://api.dandiarchive.org/api/assets/d747bfd6-487d-4615-8986-555508bf0115/download/
sub-CSH-ZAD-029/sub-CSH-ZAD-029_ses-e349a2e7-50a3-47ca-bc45-20d1899854ec_ecephys+image/sub-CSH-ZAD-029_ses-e349a2e7-50a3-47ca-bc45-20d1899854ec_VideoRightCamera.mp4,3706541103,d30a816b-5614-45c0-98a1-306724e34871,2026-02-10T00:10:44.929842Z,2026-03-09T13:24:18.439089Z,https://api.dandiarchive.org/api/assets/d30a816b-5614-45c0-98a1-306724e34871/download/
sub-CSH-ZAD-029/sub-CSH-ZAD-029_ses-e349a2e7-50a3-47ca-bc45-20d1899854ec_ecephys+image/sub-CSH-ZAD-029_ses-e349a2e7-50a3-47ca-bc45-20d1899854ec_VideoLeftCamera.mp4,3812827422,ce9ee983-f1f4-4ab1-a385-9646e0c1a6d8,2026-02-10T00:10:45.366957Z,2026-03-09T13:24:18.449914Z,https://api.dandiarchive.org/api/assets/ce9ee983-f1f4-4ab1-a385-9646e0c1a6d8/download/
sub-CSH-ZAD-029/sub-CSH-ZAD-029_ses-5522ac4b-0e41-4c53-836a-aaa17e82b9eb_ecephys+image/sub-CSH-ZAD-029_ses-5522ac4b-0e41-4c53-836a-aaa17e82b9eb_VideoRightCamera.mp4,4006234130,b709c723-3ab8-4b9e-9688-a12fa4b7cf76,2026-02-10T00:19:15.003143Z,2026-03-09T13:24:18.460501Z,https://api.dandiarchive.org/api/assets/b709c723-3ab8-4b9e-9688-a12fa4b7cf76/download/
sub-CSH-ZAD-029/sub-CSH-ZAD-029_ses-5522ac4b-0e41-4c53-836a-aaa17e82b9eb_ecephys+image/sub-CSH-ZAD-029_ses-5522ac4b-0e41-4c53-836a-aaa17e82b9eb_VideoLeftCamera.mp4,4045985258,6c724283-162a-4e26-a842-91c415adb59d,2026-02-10T00:19:15.092209Z,2026-03-09T13:24:18.472222Z,https://api.dandiarchive.org/api/assets/6c724283-162a-4e26-a842-91c415adb59d/download/
sub-CSH-ZAD-029/sub-CSH-ZAD-029_ses-c7bd79c9-c47e-4ea5-aea3-74dda991b48e_ecephys+image/sub-CSH-ZAD-029_ses-c7bd79c9-c47e-4ea5-aea3-74dda991b48e_VideoBodyCamera.mp4,715683174,412e4b65-80e9-4c12-bc23-bb018d23758c,2026-02-10T00:28:08.089299Z,2026-03-09T13:24:18.482326Z,https://api.dandiarchive.org/api/assets/412e4b65-80e9-4c12-bc23-bb018d23758c/download/
sub-CSH-ZAD-029/sub-CSH-ZAD-029_ses-c7bd79c9-c47e-4ea5-aea3-74dda991b48e_ecephys+image/sub-CSH-ZAD-029_ses-c7bd79c9-c47e-4ea5-aea3-74dda991b48e_VideoLeftCamera.mp4,4468082511,38e3b4c5-54bd-42fd-9cdf-b47134faaf7c,2026-02-10T00:29:37.182884Z,2026-03-09T13:24:18.492954Z,https://api.dandiarchive.org/api/assets/38e3b4c5-54bd-42fd-9cdf-b47134faaf7c/download/
sub-CSH-ZAD-029/sub-CSH-ZAD-029_ses-c7bd79c9-c47e-4ea5-aea3-74dda991b48e_ecephys+image/sub-CSH-ZAD-029_ses-c7bd79c9-c47e-4ea5-aea3-74dda991b48e_VideoRightCamera.mp4,4303823642,45e9ea1c-b858-4e33-bf36-2397c1d6a9e0,2026-02-10T00:29:38.246483Z,2026-03-09T13:24:18.503483Z,https://api.dandiarchive.org/api/assets/45e9ea1c-b858-4e33-bf36-2397c1d6a9e0/download/
sub-CSH-ZAD-029/sub-CSH-ZAD-029_ses-fcd49e34-f07b-441c-b2ac-cb8c462ec5ac_ecephys+image/sub-CSH-ZAD-029_ses-fcd49e34-f07b-441c-b2ac-cb8c462ec5ac_VideoLeftCamera.mp4,4286397066,5f861402-aa06-4c29-9787-e4fe46552c2e,2026-02-10T00:34:53.627276Z,2026-03-09T13:24:18.512080Z,https://api.dandiarchive.org/api/assets/5f861402-aa06-4c29-9787-e4fe46552c2e/download/
sub-CSH-ZAD-029/sub-CSH-ZAD-029_ses-fcd49e34-f07b-441c-b2ac-cb8c462ec5ac_ecephys+image/sub-CSH-ZAD-029_ses-fcd49e34-f07b-441c-b2ac-cb8c462ec5ac_VideoRightCamera.mp4,4314849031,8ca222a8-517c-43f8-974b-2e41374902fd,2026-02-10T00:34:53.627715Z,2026-03-09T13:24:18.523533Z,https://api.dandiarchive.org/api/assets/8ca222a8-517c-43f8-974b-2e41374902fd/download/
sub-CSH-ZAD-026/sub-CSH-ZAD-026_ses-b69b86be-af7d-4ecf-8cbf-0cd356afa1bd_desc-raw_ecephys.nwb,141422556279,37e87e48-fe43-4dcf-9978-7a5cef6e6ca7,2026-02-10T00:40:42.405100Z,2026-03-09T13:24:18.534407Z,https://api.dandiarchive.org/api/assets/37e87e48-fe43-4dcf-9978-7a5cef6e6ca7/download/
sub-CSH-ZAD-029/sub-CSH-ZAD-029_ses-993c7024-0abc-4028-ad30-d397ad55b084_desc-raw_ecephys.nwb,141501755453,b39a9c26-80e9-43bb-b078-f83ffb1d903f,2026-02-10T00:45:15.802195Z,2026-03-09T13:24:18.544733Z,https://api.dandiarchive.org/api/assets/b39a9c26-80e9-43bb-b078-f83ffb1d903f/download/
sub-CSH-ZAD-029/sub-CSH-ZAD-029_ses-1ec23a70-b94b-4e9c-a0df-8c2151da3761_ecephys+image/sub-CSH-ZAD-029_ses-1ec23a70-b94b-4e9c-a0df-8c2151da3761_VideoRightCamera.mp4,4422758688,59408eb0-d2b8-4a9e-b564-26437ba92700,2026-02-10T00:46:05.582445Z,2026-03-09T13:24:18.556705Z,https://api.dandiarchive.org/api/assets/59408eb0-d2b8-4a9e-b564-26437ba92700/download/
sub-CSH-ZAD-029/sub-CSH-ZAD-029_ses-1ec23a70-b94b-4e9c-a0df-8c2151da3761_ecephys+image/sub-CSH-ZAD-029_ses-1ec23a70-b94b-4e9c-a0df-8c2151da3761_VideoLeftCamera.mp4,4450585171,02b1d4c9-d50d-4811-9234-e07c4b6d6006,2026-02-10T00:46:05.924395Z,2026-03-09T13:24:18.566216Z,https://api.dandiarchive.org/api/assets/02b1d4c9-d50d-4811-9234-e07c4b6d6006/download/
sub-CSH-ZAD-029/sub-CSH-ZAD-029_ses-e349a2e7-50a3-47ca-bc45-20d1899854ec_desc-raw_ecephys.nwb,142447524771,67e99934-69dd-49d3-9a71-6070a8db97fe,2026-02-10T00:46:42.400681Z,2026-03-09T13:24:18.575157Z,https://api.dandiarchive.org/api/assets/67e99934-69dd-49d3-9a71-6070a8db97fe/download/
sub-CSH-ZAD-029/sub-CSH-ZAD-029_ses-5522ac4b-0e41-4c53-836a-aaa17e82b9eb_desc-raw_ecephys.nwb,147135781177,9ee05de2-c762-42e5-bca4-91e76dbb4c02,2026-02-10T00:56:41.960235Z,2026-03-09T13:24:18.584451Z,https://api.dandiarchive.org/api/assets/9ee05de2-c762-42e5-bca4-91e76dbb4c02/download/
sub-CSH-ZAD-029/sub-CSH-ZAD-029_ses-c7bd79c9-c47e-4ea5-aea3-74dda991b48e_desc-raw_ecephys.nwb,152131337943,783b5c6b-f6af-4466-af36-c67c2a841b1c,2026-02-10T01:07:45.562336Z,2026-03-09T13:24:18.593549Z,https://api.dandiarchive.org/api/assets/783b5c6b-f6af-4466-af36-c67c2a841b1c/download/
sub-CSH-ZAD-029/sub-CSH-ZAD-029_ses-fcd49e34-f07b-441c-b2ac-cb8c462ec5ac_desc-raw_ecephys.nwb,159250497518,eb2cbcd3-90e0-4d7d-b90a-6f488166f1dc,2026-02-10T01:15:09.779078Z,2026-03-09T13:24:18.603526Z,https://api.dandiarchive.org/api/assets/eb2cbcd3-90e0-4d7d-b90a-6f488166f1dc/download/
sub-CSH-ZAD-029/sub-CSH-ZAD-029_ses-fece187f-b47f-4870-a1d6-619afe942a7d_ecephys+image/sub-CSH-ZAD-029_ses-fece187f-b47f-4870-a1d6-619afe942a7d_VideoRightCamera.mp4,4946436923,a9dcfb5a-0be0-4fea-9c8e-10ba5f7eafcb,2026-02-10T01:19:36.313949Z,2026-03-09T13:24:18.613100Z,https://api.dandiarchive.org/api/assets/a9dcfb5a-0be0-4fea-9c8e-10ba5f7eafcb/download/
sub-CSH-ZAD-029/sub-CSH-ZAD-029_ses-fece187f-b47f-4870-a1d6-619afe942a7d_ecephys+image/sub-CSH-ZAD-029_ses-fece187f-b47f-4870-a1d6-619afe942a7d_VideoLeftCamera.mp4,4936888998,48058b62-810f-4793-8703-cf7e6e0f643c,2026-02-10T01:19:36.336713Z,2026-03-09T13:24:18.622551Z,https://api.dandiarchive.org/api/assets/48058b62-810f-4793-8703-cf7e6e0f643c/download/
sub-CSH-ZAD-029/sub-CSH-ZAD-029_ses-1ec23a70-b94b-4e9c-a0df-8c2151da3761_desc-raw_ecephys.nwb,165158722692,1ed30519-70b6-4a79-93a1-9165712597cb,2026-02-10T01:28:03.361558Z,2026-03-09T13:24:18.633376Z,https://api.dandiarchive.org/api/assets/1ed30519-70b6-4a79-93a1-9165712597cb/download/
sub-CSH-ZAD-029/sub-CSH-ZAD-029_ses-fece187f-b47f-4870-a1d6-619afe942a7d_desc-raw_ecephys.nwb,187624109772,02156038-92cc-40b3-8813-aa8dd3927493,2026-02-10T02:07:03.462659Z,2026-03-09T13:24:18.646289Z,https://api.dandiarchive.org/api/assets/02156038-92cc-40b3-8813-aa8dd3927493/download/
sub-ibl-witten-26/sub-ibl-witten-26_ses-8c2f7f4d-7346-42a4-a715-4d37a5208535_ecephys+image/sub-ibl-witten-26_ses-8c2f7f4d-7346-42a4-a715-4d37a5208535_VideoRightCamera.mp4,2344892509,98bc11d5-9b13-4814-8c2d-cfe86c81843a,2026-02-10T02:08:23.261541Z,2026-03-09T13:24:18.656270Z,https://api.dandiarchive.org/api/assets/98bc11d5-9b13-4814-8c2d-cfe86c81843a/download/
sub-ibl-witten-26/sub-ibl-witten-26_ses-8c2f7f4d-7346-42a4-a715-4d37a5208535_ecephys+image/sub-ibl-witten-26_ses-8c2f7f4d-7346-42a4-a715-4d37a5208535_VideoLeftCamera.mp4,3177231468,b419ae77-b0ed-4b76-8ef5-97c54a486178,2026-02-10T02:08:33.281754Z,2026-03-09T13:24:18.670959Z,https://api.dandiarchive.org/api/assets/b419ae77-b0ed-4b76-8ef5-97c54a486178/download/
sub-ibl-witten-26/sub-ibl-witten-26_ses-8c2f7f4d-7346-42a4-a715-4d37a5208535_desc-raw_ecephys.nwb,24877437600,c5ba8bff-30e6-4063-af37-5cdface996ea,2026-02-10T02:14:18.661975Z,2026-03-09T13:24:18.680592Z,https://api.dandiarchive.org/api/assets/c5ba8bff-30e6-4063-af37-5cdface996ea/download/
sub-ibl-witten-27/sub-ibl-witten-27_ses-91e04f86-89df-4dec-a8f8-fa915c9a5f1a_ecephys+image/sub-ibl-witten-27_ses-91e04f86-89df-4dec-a8f8-fa915c9a5f1a_VideoBodyCamera.mp4,405522527,fe6cf335-c604-4bd3-9751-f0eacd705bd5,2026-02-10T02:53:04.399303Z,2026-03-09T13:24:18.694143Z,https://api.dandiarchive.org/api/assets/fe6cf335-c604-4bd3-9751-f0eacd705bd5/download/
sub-ibl-witten-27/sub-ibl-witten-27_ses-91e04f86-89df-4dec-a8f8-fa915c9a5f1a_ecephys+image/sub-ibl-witten-27_ses-91e04f86-89df-4dec-a8f8-fa915c9a5f1a_VideoRightCamera.mp4,958681742,22240140-0fa1-41e8-9099-5c3c772b7ce8,2026-02-10T02:53:21.403816Z,2026-03-09T13:24:18.704382Z,https://api.dandiarchive.org/api/assets/22240140-0fa1-41e8-9099-5c3c772b7ce8/download/
sub-ibl-witten-27/sub-ibl-witten-27_ses-91e04f86-89df-4dec-a8f8-fa915c9a5f1a_ecephys+image/sub-ibl-witten-27_ses-91e04f86-89df-4dec-a8f8-fa915c9a5f1a_VideoLeftCamera.mp4,3807102029,2ab9c0f9-08f7-4ffc-bfd8-dee9a258bbf9,2026-02-10T02:54:07.042624Z,2026-03-09T13:24:18.714168Z,https://api.dandiarchive.org/api/assets/2ab9c0f9-08f7-4ffc-bfd8-dee9a258bbf9/download/
sub-ibl-witten-29/sub-ibl-witten-29_ses-821f1883-27f3-411d-afd3-fb8241bbc39a_ecephys+image/sub-ibl-witten-29_ses-821f1883-27f3-411d-afd3-fb8241bbc39a_VideoBodyCamera.mp4,999568942,d158ebb5-e2c0-4302-8a23-4d2b64a07c2f,2026-02-10T02:58:09.944321Z,2026-03-09T13:24:18.724071Z,https://api.dandiarchive.org/api/assets/d158ebb5-e2c0-4302-8a23-4d2b64a07c2f/download/
sub-ibl-witten-29/sub-ibl-witten-29_ses-821f1883-27f3-411d-afd3-fb8241bbc39a_ecephys+image/sub-ibl-witten-29_ses-821f1883-27f3-411d-afd3-fb8241bbc39a_VideoRightCamera.mp4,4210983705,3ce0584b-5ff3-4c22-9cef-91c0c8ec71be,2026-02-10T02:59:21.359068Z,2026-03-09T13:24:18.735227Z,https://api.dandiarchive.org/api/assets/3ce0584b-5ff3-4c22-9cef-91c0c8ec71be/download/
sub-ibl-witten-29/sub-ibl-witten-29_ses-821f1883-27f3-411d-afd3-fb8241bbc39a_ecephys+image/sub-ibl-witten-29_ses-821f1883-27f3-411d-afd3-fb8241bbc39a_VideoLeftCamera.mp4,4267187660,61ac27a6-5f09-4571-8acb-750bb68f0a7b,2026-02-10T02:59:21.755714Z,2026-03-09T13:24:18.744509Z,https://api.dandiarchive.org/api/assets/61ac27a6-5f09-4571-8acb-750bb68f0a7b/download/
sub-ibl-witten-29/sub-ibl-witten-29_ses-69a0e953-a643-4f0e-bb26-dc65af3ea7d7_ecephys+image/sub-ibl-witten-29_ses-69a0e953-a643-4f0e-bb26-dc65af3ea7d7_VideoBodyCamera.mp4,1021834382,93ad9264-c536-46b6-8b2b-b7b5ad47a25c,2026-02-10T03:06:57.221576Z,2026-03-09T13:24:18.755800Z,https://api.dandiarchive.org/api/assets/93ad9264-c536-46b6-8b2b-b7b5ad47a25c/download/
sub-ibl-witten-27/sub-ibl-witten-27_ses-91e04f86-89df-4dec-a8f8-fa915c9a5f1a_desc-raw_ecephys.nwb,53199646145,b9363fd0-7f51-4915-8f8f-c84819e8c536,2026-02-10T03:07:02.034374Z,2026-03-09T13:24:18.765044Z,https://api.dandiarchive.org/api/assets/b9363fd0-7f51-4915-8f8f-c84819e8c536/download/
sub-ibl-witten-29/sub-ibl-witten-29_ses-69a0e953-a643-4f0e-bb26-dc65af3ea7d7_ecephys+image/sub-ibl-witten-29_ses-69a0e953-a643-4f0e-bb26-dc65af3ea7d7_VideoRightCamera.mp4,4452510985,621441e2-7a0e-4f77-a215-34d2318aa1c3,2026-02-10T03:08:12.517221Z,2026-03-09T13:24:18.773937Z,https://api.dandiarchive.org/api/assets/621441e2-7a0e-4f77-a215-34d2318aa1c3/download/
sub-ibl-witten-29/sub-ibl-witten-29_ses-69a0e953-a643-4f0e-bb26-dc65af3ea7d7_ecephys+image/sub-ibl-witten-29_ses-69a0e953-a643-4f0e-bb26-dc65af3ea7d7_VideoLeftCamera.mp4,4777243081,443b70aa-d34b-453d-8392-6fb1d9494921,2026-02-10T03:08:17.203298Z,2026-03-09T13:24:18.783440Z,https://api.dandiarchive.org/api/assets/443b70aa-d34b-453d-8392-6fb1d9494921/download/
sub-ibl-witten-29/sub-ibl-witten-29_ses-821f1883-27f3-411d-afd3-fb8241bbc39a_desc-raw_ecephys.nwb,54909154650,d23ac635-4cce-4edc-819d-055daba4102f,2026-02-10T03:12:57.479041Z,2026-03-09T13:24:18.793796Z,https://api.dandiarchive.org/api/assets/d23ac635-4cce-4edc-819d-055daba4102f/download/
sub-ibl-witten-29/sub-ibl-witten-29_ses-e9fc0a2d-c69d-44d1-9fa3-314782387cae_ecephys+image/sub-ibl-witten-29_ses-e9fc0a2d-c69d-44d1-9fa3-314782387cae_VideoBodyCamera.mp4,1050307778,371ebebf-1fac-4897-bcb5-4d2c8f5cf42e,2026-02-10T03:13:41.608247Z,2026-03-09T13:24:18.802864Z,https://api.dandiarchive.org/api/assets/371ebebf-1fac-4897-bcb5-4d2c8f5cf42e/download/
sub-ibl-witten-29/sub-ibl-witten-29_ses-e9fc0a2d-c69d-44d1-9fa3-314782387cae_ecephys+image/sub-ibl-witten-29_ses-e9fc0a2d-c69d-44d1-9fa3-314782387cae_VideoRightCamera.mp4,4453293652,d64b5857-c95e-4537-b5a1-2434e4da2ed4,2026-02-10T03:14:55.519211Z,2026-03-09T13:24:18.813187Z,https://api.dandiarchive.org/api/assets/d64b5857-c95e-4537-b5a1-2434e4da2ed4/download/
sub-ibl-witten-29/sub-ibl-witten-29_ses-e9fc0a2d-c69d-44d1-9fa3-314782387cae_ecephys+image/sub-ibl-witten-29_ses-e9fc0a2d-c69d-44d1-9fa3-314782387cae_VideoLeftCamera.mp4,5796094508,60f2623a-4098-4a14-ae6a-61b60d996af6,2026-02-10T03:15:16.447306Z,2026-03-09T13:24:18.823449Z,https://api.dandiarchive.org/api/assets/60f2623a-4098-4a14-ae6a-61b60d996af6/download/
sub-ibl-witten-29/sub-ibl-witten-29_ses-58b1e920-cfc8-467e-b28b-7654a55d0977_ecephys+image/sub-ibl-witten-29_ses-58b1e920-cfc8-467e-b28b-7654a55d0977_VideoBodyCamera.mp4,1046172151,8b58f2e9-fa57-47bb-b73c-23e3afab6528,2026-02-10T03:16:10.752717Z,2026-03-09T13:24:18.834447Z,https://api.dandiarchive.org/api/assets/8b58f2e9-fa57-47bb-b73c-23e3afab6528/download/
sub-CSH-ZAD-025/sub-CSH-ZAD-025_ses-90c61c38-b9fd-4cc3-9795-29160d2f8e55_ecephys+image/sub-CSH-ZAD-025_ses-90c61c38-b9fd-4cc3-9795-29160d2f8e55_VideoBodyCamera.mp4,526016531,c1d855e6-b015-4997-bcd6-87b7a66864fb,2026-02-10T03:16:14.393613Z,2026-03-09T13:24:18.842854Z,https://api.dandiarchive.org/api/assets/c1d855e6-b015-4997-bcd6-87b7a66864fb/download/
sub-ibl-witten-29/sub-ibl-witten-29_ses-d2832a38-27f6-452d-91d6-af72d794136c_ecephys+image/sub-ibl-witten-29_ses-d2832a38-27f6-452d-91d6-af72d794136c_VideoBodyCamera.mp4,1095860748,bfc65271-e40e-4483-bb5f-eed323f48e72,2026-02-10T03:16:36.486405Z,2026-03-09T13:24:18.852267Z,https://api.dandiarchive.org/api/assets/bfc65271-e40e-4483-bb5f-eed323f48e72/download/
sub-ibl-witten-29/sub-ibl-witten-29_ses-58b1e920-cfc8-467e-b28b-7654a55d0977_ecephys+image/sub-ibl-witten-29_ses-58b1e920-cfc8-467e-b28b-7654a55d0977_VideoRightCamera.mp4,4551071630,5d419a15-7a0a-4066-b75e-71522b690c26,2026-02-10T03:17:27.618900Z,2026-03-09T13:24:18.861689Z,https://api.dandiarchive.org/api/assets/5d419a15-7a0a-4066-b75e-71522b690c26/download/
sub-ibl-witten-29/sub-ibl-witten-29_ses-58b1e920-cfc8-467e-b28b-7654a55d0977_ecephys+image/sub-ibl-witten-29_ses-58b1e920-cfc8-467e-b28b-7654a55d0977_VideoLeftCamera.mp4,5039324574,67b6de0b-59fc-45ce-b328-ea1e353ec4f0,2026-02-10T03:17:34.555706Z,2026-03-09T13:24:18.873591Z,https://api.dandiarchive.org/api/assets/67b6de0b-59fc-45ce-b328-ea1e353ec4f0/download/
sub-CSH-ZAD-025/sub-CSH-ZAD-025_ses-90c61c38-b9fd-4cc3-9795-29160d2f8e55_ecephys+image/sub-CSH-ZAD-025_ses-90c61c38-b9fd-4cc3-9795-29160d2f8e55_VideoRightCamera.mp4,3548279212,b8a50a55-6506-423e-97c3-8d051c91952f,2026-02-10T03:17:53.822803Z,2026-03-09T13:24:18.884058Z,https://api.dandiarchive.org/api/assets/b8a50a55-6506-423e-97c3-8d051c91952f/download/
sub-CSH-ZAD-025/sub-CSH-ZAD-025_ses-90c61c38-b9fd-4cc3-9795-29160d2f8e55_ecephys+image/sub-CSH-ZAD-025_ses-90c61c38-b9fd-4cc3-9795-29160d2f8e55_VideoLeftCamera.mp4,3733119772,70fbeb9b-11fd-4bbc-a411-4084e8713eab,2026-02-10T03:17:56.384628Z,2026-03-09T13:24:18.896274Z,https://api.dandiarchive.org/api/assets/70fbeb9b-11fd-4bbc-a411-4084e8713eab/download/
sub-ibl-witten-29/sub-ibl-witten-29_ses-d2832a38-27f6-452d-91d6-af72d794136c_ecephys+image/sub-ibl-witten-29_ses-d2832a38-27f6-452d-91d6-af72d794136c_VideoRightCamera.mp4,6443200849,bd51f32e-b71a-4400-89c4-15a2557dc95d,2026-02-10T03:18:34.898515Z,2026-03-09T13:24:18.906890Z,https://api.dandiarchive.org/api/assets/bd51f32e-b71a-4400-89c4-15a2557dc95d/download/
sub-ibl-witten-29/sub-ibl-witten-29_ses-d2832a38-27f6-452d-91d6-af72d794136c_ecephys+image/sub-ibl-witten-29_ses-d2832a38-27f6-452d-91d6-af72d794136c_VideoLeftCamera.mp4,6799721005,9ea149a9-09dd-4812-bf27-aec858cce15e,2026-02-10T03:18:40.177815Z,2026-03-09T13:24:18.916537Z,https://api.dandiarchive.org/api/assets/9ea149a9-09dd-4812-bf27-aec858cce15e/download/
sub-CSH-ZAD-001/sub-CSH-ZAD-001_ses-3e7ae7c0-fe8b-487c-9354-036236fa1010_ecephys+image/sub-CSH-ZAD-001_ses-3e7ae7c0-fe8b-487c-9354-036236fa1010_VideoLeftCamera.mp4,3033828440,a8871f33-8cfc-43d2-870d-af73449706b7,2026-02-10T03:20:31.815898Z,2026-03-09T13:24:18.926887Z,https://api.dandiarchive.org/api/assets/a8871f33-8cfc-43d2-870d-af73449706b7/download/
sub-ibl-witten-29/sub-ibl-witten-29_ses-69a0e953-a643-4f0e-bb26-dc65af3ea7d7_desc-raw_ecephys.nwb,60049921770,ae5d0040-54ec-4da2-a56d-8cd5b11c42ad,2026-02-10T03:23:01.176740Z,2026-03-09T13:24:18.937147Z,https://api.dandiarchive.org/api/assets/ae5d0040-54ec-4da2-a56d-8cd5b11c42ad/download/
sub-ibl-witten-32/sub-ibl-witten-32_ses-08102cfc-a040-4bcf-b63c-faa0f4914a6f_ecephys+image/sub-ibl-witten-32_ses-08102cfc-a040-4bcf-b63c-faa0f4914a6f_VideoBodyCamera.mp4,1636265730,281720e8-7646-4821-a12f-ff2e7a29343f,2026-02-10T03:28:16.979984Z,2026-03-09T13:24:18.946911Z,https://api.dandiarchive.org/api/assets/281720e8-7646-4821-a12f-ff2e7a29343f/download/
sub-ibl-witten-29/sub-ibl-witten-29_ses-72028382-a869-4745-bacf-cb8789e16953_ecephys+image/sub-ibl-witten-29_ses-72028382-a869-4745-bacf-cb8789e16953_VideoBodyCamera.mp4,1257306640,aa7f8d1f-0d87-4824-9918-cdfc08b56612,2026-02-10T03:29:28.969679Z,2026-03-09T13:24:18.957542Z,https://api.dandiarchive.org/api/assets/aa7f8d1f-0d87-4824-9918-cdfc08b56612/download/
sub-ibl-witten-29/sub-ibl-witten-29_ses-e9fc0a2d-c69d-44d1-9fa3-314782387cae_desc-raw_ecephys.nwb,64117682951,bfa40734-73c4-4cd8-aa9e-2dd848ea8cdb,2026-02-10T03:31:04.965840Z,2026-03-09T13:24:18.967474Z,https://api.dandiarchive.org/api/assets/bfa40734-73c4-4cd8-aa9e-2dd848ea8cdb/download/
sub-ibl-witten-29/sub-ibl-witten-29_ses-72028382-a869-4745-bacf-cb8789e16953_ecephys+image/sub-ibl-witten-29_ses-72028382-a869-4745-bacf-cb8789e16953_VideoRightCamera.mp4,6050461590,bbbab636-eabd-4f66-8583-03320dbe851d,2026-02-10T03:33:29.380742Z,2026-03-09T13:24:18.976832Z,https://api.dandiarchive.org/api/assets/bbbab636-eabd-4f66-8583-03320dbe851d/download/
sub-CSH-ZAD-025/sub-CSH-ZAD-025_ses-90c61c38-b9fd-4cc3-9795-29160d2f8e55_desc-raw_ecephys.nwb,63742566760,8aa4cb9a-38e0-4fa4-b4bf-b0749717f71b,2026-02-10T03:33:37.950193Z,2026-03-09T13:24:18.986415Z,https://api.dandiarchive.org/api/assets/8aa4cb9a-38e0-4fa4-b4bf-b0749717f71b/download/
sub-ibl-witten-29/sub-ibl-witten-29_ses-58b1e920-cfc8-467e-b28b-7654a55d0977_desc-raw_ecephys.nwb,65935457233,4469a6ab-f149-4f05-a37b-d002e93daa3e,2026-02-10T03:33:45.983908Z,2026-03-09T13:24:18.997360Z,https://api.dandiarchive.org/api/assets/4469a6ab-f149-4f05-a37b-d002e93daa3e/download/
sub-ibl-witten-32/sub-ibl-witten-32_ses-08102cfc-a040-4bcf-b63c-faa0f4914a6f_ecephys+image/sub-ibl-witten-32_ses-08102cfc-a040-4bcf-b63c-faa0f4914a6f_VideoRightCamera.mp4,8471443042,27de22f5-d708-437f-8b25-32da113bb165,2026-02-10T03:33:51.213556Z,2026-03-09T13:24:19.008023Z,https://api.dandiarchive.org/api/assets/27de22f5-d708-437f-8b25-32da113bb165/download/
sub-ibl-witten-29/sub-ibl-witten-29_ses-72028382-a869-4745-bacf-cb8789e16953_ecephys+image/sub-ibl-witten-29_ses-72028382-a869-4745-bacf-cb8789e16953_VideoLeftCamera.mp4,6983749438,a29784a3-827a-4673-ad56-349123af5317,2026-02-10T03:33:53.403551Z,2026-03-09T13:24:19.018184Z,https://api.dandiarchive.org/api/assets/a29784a3-827a-4673-ad56-349123af5317/download/
sub-ibl-witten-32/sub-ibl-witten-32_ses-08102cfc-a040-4bcf-b63c-faa0f4914a6f_ecephys+image/sub-ibl-witten-32_ses-08102cfc-a040-4bcf-b63c-faa0f4914a6f_VideoLeftCamera.mp4,9572216551,cf70b720-5507-4380-bdec-11af19da789f,2026-02-10T03:34:24.209945Z,2026-03-09T13:24:19.028063Z,https://api.dandiarchive.org/api/assets/cf70b720-5507-4380-bdec-11af19da789f/download/
sub-CSH-ZAD-025/sub-CSH-ZAD-025_ses-ff48aa1d-ef30-4903-ac34-8c41b738c1b9_ecephys+image/sub-CSH-ZAD-025_ses-ff48aa1d-ef30-4903-ac34-8c41b738c1b9_VideoLeftCamera.mp4,4267187427,7579c608-85ac-4235-b7c4-badd612a509e,2026-02-10T03:34:32.330785Z,2026-03-09T13:24:19.038810Z,https://api.dandiarchive.org/api/assets/7579c608-85ac-4235-b7c4-badd612a509e/download/
sub-ibl-witten-29/sub-ibl-witten-29_ses-d2832a38-27f6-452d-91d6-af72d794136c_desc-raw_ecephys.nwb,66012073546,6ade768f-f0e4-4186-92ce-8435c3e746a4,2026-02-10T03:34:43.092139Z,2026-03-09T13:24:19.051662Z,https://api.dandiarchive.org/api/assets/6ade768f-f0e4-4186-92ce-8435c3e746a4/download/
sub-CSH-ZAD-001/sub-CSH-ZAD-001_ses-3e7ae7c0-fe8b-487c-9354-036236fa1010_desc-raw_ecephys.nwb,70989268029,c2783b3e-958d-42cd-b502-8a4acbbb27e6,2026-02-10T03:38:33.435687Z,2026-03-09T13:24:19.060902Z,https://api.dandiarchive.org/api/assets/c2783b3e-958d-42cd-b502-8a4acbbb27e6/download/
sub-CSH-ZAD-022/sub-CSH-ZAD-022_ses-90e74228-fd1a-482f-bd56-05dbad132861_ecephys+image/sub-CSH-ZAD-022_ses-90e74228-fd1a-482f-bd56-05dbad132861_VideoLeftCamera.mp4,3874985874,f67e4aad-f13b-4dcf-bd03-eab3da50b58f,2026-02-10T03:42:46.756503Z,2026-03-09T13:24:19.070617Z,https://api.dandiarchive.org/api/assets/f67e4aad-f13b-4dcf-bd03-eab3da50b58f/download/
sub-CSH-ZAD-022/sub-CSH-ZAD-022_ses-b81e3e11-9a60-4114-b894-09f85074d9c3_desc-raw_ecephys.nwb,73889481389,e6e173c4-391e-49fb-b38f-9d44921e8c76,2026-02-10T03:44:40.577266Z,2026-03-09T13:24:19.080898Z,https://api.dandiarchive.org/api/assets/e6e173c4-391e-49fb-b38f-9d44921e8c76/download/
sub-ibl-witten-32/sub-ibl-witten-32_ses-08102cfc-a040-4bcf-b63c-faa0f4914a6f_desc-raw_ecephys.nwb,70966048447,ee603b59-1484-47bb-89a1-c105f91eb014,2026-02-10T03:50:19.096113Z,2026-03-09T13:24:19.090741Z,https://api.dandiarchive.org/api/assets/ee603b59-1484-47bb-89a1-c105f91eb014/download/
sub-ibl-witten-29/sub-ibl-witten-29_ses-72028382-a869-4745-bacf-cb8789e16953_desc-raw_ecephys.nwb,73617716558,bcb5117f-cddd-4550-8197-b6aac2f7e161,2026-02-10T03:51:01.460517Z,2026-03-09T13:24:19.108076Z,https://api.dandiarchive.org/api/assets/bcb5117f-cddd-4550-8197-b6aac2f7e161/download/
sub-CSH-ZAD-025/sub-CSH-ZAD-025_ses-ff48aa1d-ef30-4903-ac34-8c41b738c1b9_desc-raw_ecephys.nwb,78211486457,e60a33f8-9cba-4d7a-8b0f-9334ec9a78db,2026-02-10T03:54:12.877973Z,2026-03-09T13:24:19.118678Z,https://api.dandiarchive.org/api/assets/e60a33f8-9cba-4d7a-8b0f-9334ec9a78db/download/
sub-ibl-witten-26/sub-ibl-witten-26_ses-dc21e80d-97d7-44ca-a729-a8e3f9b14305_ecephys+image/sub-ibl-witten-26_ses-dc21e80d-97d7-44ca-a729-a8e3f9b14305_VideoRightCamera.mp4,7525595185,dc9224f3-178b-4b57-9363-85259e17b161,2026-02-10T03:56:53.454935Z,2026-03-09T13:24:19.130194Z,https://api.dandiarchive.org/api/assets/dc9224f3-178b-4b57-9363-85259e17b161/download/
sub-CSH-ZAD-022/sub-CSH-ZAD-022_ses-1eac875c-feaa-4a30-b148-059b954b11d8_ecephys+image/sub-CSH-ZAD-022_ses-1eac875c-feaa-4a30-b148-059b954b11d8_VideoLeftCamera.mp4,4370026390,78b0e282-4a7d-4b7c-b760-25a424cc3aed,2026-02-10T03:57:08.311875Z,2026-03-09T13:24:19.142944Z,https://api.dandiarchive.org/api/assets/78b0e282-4a7d-4b7c-b760-25a424cc3aed/download/
sub-ibl-witten-27/sub-ibl-witten-27_ses-25d1920e-a2af-4b6c-9f2e-fc6c65576544_ecephys+image/sub-ibl-witten-27_ses-25d1920e-a2af-4b6c-9f2e-fc6c65576544_VideoBodyCamera.mp4,623729111,500cc0ab-4013-4308-a515-3a001f35799b,2026-02-10T03:57:37.056386Z,2026-03-09T13:24:19.156831Z,https://api.dandiarchive.org/api/assets/500cc0ab-4013-4308-a515-3a001f35799b/download/
sub-ibl-witten-26/sub-ibl-witten-26_ses-dc21e80d-97d7-44ca-a729-a8e3f9b14305_ecephys+image/sub-ibl-witten-26_ses-dc21e80d-97d7-44ca-a729-a8e3f9b14305_VideoLeftCamera.mp4,10725507003,621b868d-5544-47c8-b4ea-ddb912a237b1,2026-02-10T03:57:42.049221Z,2026-03-09T13:24:19.168991Z,https://api.dandiarchive.org/api/assets/621b868d-5544-47c8-b4ea-ddb912a237b1/download/
sub-ibl-witten-27/sub-ibl-witten-27_ses-25d1920e-a2af-4b6c-9f2e-fc6c65576544_ecephys+image/sub-ibl-witten-27_ses-25d1920e-a2af-4b6c-9f2e-fc6c65576544_VideoRightCamera.mp4,1604715486,85c7dbac-9e06-4fec-90fe-4c880f043077,2026-02-10T03:57:57.036680Z,2026-03-09T13:24:19.179463Z,https://api.dandiarchive.org/api/assets/85c7dbac-9e06-4fec-90fe-4c880f043077/download/
sub-ibl-witten-27/sub-ibl-witten-27_ses-25d1920e-a2af-4b6c-9f2e-fc6c65576544_ecephys+image/sub-ibl-witten-27_ses-25d1920e-a2af-4b6c-9f2e-fc6c65576544_VideoLeftCamera.mp4,6753217201,05fc83fc-5823-4b54-8653-92272d511c38,2026-02-10T03:59:12.352166Z,2026-03-09T13:24:19.189516Z,https://api.dandiarchive.org/api/assets/05fc83fc-5823-4b54-8653-92272d511c38/download/
sub-ibl-witten-29/sub-ibl-witten-29_ses-af55d16f-0e31-4073-bdb5-26da54914aa2_ecephys+image/sub-ibl-witten-29_ses-af55d16f-0e31-4073-bdb5-26da54914aa2_VideoRightCamera.mp4,7244332028,7153adb4-1714-4655-b0c1-5aacef4982f0,2026-02-10T04:00:54.514467Z,2026-03-09T13:24:19.200128Z,https://api.dandiarchive.org/api/assets/7153adb4-1714-4655-b0c1-5aacef4982f0/download/
sub-ibl-witten-29/sub-ibl-witten-29_ses-af55d16f-0e31-4073-bdb5-26da54914aa2_ecephys+image/sub-ibl-witten-29_ses-af55d16f-0e31-4073-bdb5-26da54914aa2_VideoLeftCamera.mp4,7529562382,5c24cc7c-4dae-4a41-830d-3389523f347a,2026-02-10T04:01:02.285146Z,2026-03-09T13:24:19.210550Z,https://api.dandiarchive.org/api/assets/5c24cc7c-4dae-4a41-830d-3389523f347a/download/
sub-CSH-ZAD-022/sub-CSH-ZAD-022_ses-90e74228-fd1a-482f-bd56-05dbad132861_desc-raw_ecephys.nwb,83792069982,9734d134-ead3-4acd-88cb-f7e720ba05db,2026-02-10T04:03:59.163374Z,2026-03-09T13:24:19.221871Z,https://api.dandiarchive.org/api/assets/9734d134-ead3-4acd-88cb-f7e720ba05db/download/
sub-ibl-witten-29/sub-ibl-witten-29_ses-86b6ba67-c1db-4333-add0-f8105ea6e363_ecephys+image/sub-ibl-witten-29_ses-86b6ba67-c1db-4333-add0-f8105ea6e363_VideoBodyCamera.mp4,823892988,d3c0df35-e7a3-42a7-b054-fbd1e516e4ed,2026-02-10T04:11:05.699255Z,2026-03-09T13:24:19.234614Z,https://api.dandiarchive.org/api/assets/d3c0df35-e7a3-42a7-b054-fbd1e516e4ed/download/
sub-ibl-witten-29/sub-ibl-witten-29_ses-86b6ba67-c1db-4333-add0-f8105ea6e363_ecephys+image/sub-ibl-witten-29_ses-86b6ba67-c1db-4333-add0-f8105ea6e363_VideoRightCamera.mp4,3556873147,144ecebb-2174-40d6-8b02-3f4e78a2db42,2026-02-10T04:12:02.869592Z,2026-03-09T13:24:19.245710Z,https://api.dandiarchive.org/api/assets/144ecebb-2174-40d6-8b02-3f4e78a2db42/download/
sub-ibl-witten-29/sub-ibl-witten-29_ses-86b6ba67-c1db-4333-add0-f8105ea6e363_ecephys+image/sub-ibl-witten-29_ses-86b6ba67-c1db-4333-add0-f8105ea6e363_VideoLeftCamera.mp4,4239424056,92a127d8-e923-48bc-967e-5abed8c87a1a,2026-02-10T04:12:11.784199Z,2026-03-09T13:24:19.258856Z,https://api.dandiarchive.org/api/assets/92a127d8-e923-48bc-967e-5abed8c87a1a/download/
sub-NYU-65/sub-NYU-65_ses-8c025071-c4f3-426c-9aed-f149e8f75b7b_ecephys+image/sub-NYU-65_ses-8c025071-c4f3-426c-9aed-f149e8f75b7b_VideoBodyCamera.mp4,775181285,75b3a1ca-2021-4d86-9e76-98cfbd442b5f,2026-02-10T04:17:14.152396Z,2026-03-09T13:24:19.268834Z,https://api.dandiarchive.org/api/assets/75b3a1ca-2021-4d86-9e76-98cfbd442b5f/download/
sub-ibl-witten-26/sub-ibl-witten-26_ses-dc21e80d-97d7-44ca-a729-a8e3f9b14305_desc-raw_ecephys.nwb,83564462208,17cf2211-90f6-4fed-89ed-b19acfe4c6d2,2026-02-10T04:17:47.601893Z,2026-03-09T13:24:19.279456Z,https://api.dandiarchive.org/api/assets/17cf2211-90f6-4fed-89ed-b19acfe4c6d2/download/
sub-ibl-witten-29/sub-ibl-witten-29_ses-0cc486c3-8c7b-494d-aa04-b70e2690bcba_ecephys+image/sub-ibl-witten-29_ses-0cc486c3-8c7b-494d-aa04-b70e2690bcba_VideoBodyCamera.mp4,889162960,95eaa40f-28fb-498d-8672-c195524ae1f0,2026-02-10T04:20:59.632585Z,2026-03-09T13:24:19.289622Z,https://api.dandiarchive.org/api/assets/95eaa40f-28fb-498d-8672-c195524ae1f0/download/
sub-CSH-ZAD-022/sub-CSH-ZAD-022_ses-1eac875c-feaa-4a30-b148-059b954b11d8_desc-raw_ecephys.nwb,94926412568,d8010cef-cbec-4425-b8a3-e36bbeda8cfb,2026-02-10T04:21:06.653631Z,2026-03-09T13:24:19.300395Z,https://api.dandiarchive.org/api/assets/d8010cef-cbec-4425-b8a3-e36bbeda8cfb/download/
sub-ibl-witten-29/sub-ibl-witten-29_ses-0cc486c3-8c7b-494d-aa04-b70e2690bcba_ecephys+image/sub-ibl-witten-29_ses-0cc486c3-8c7b-494d-aa04-b70e2690bcba_VideoRightCamera.mp4,3905548664,d876cda3-881d-4f61-826b-92164209a38a,2026-02-10T04:22:01.345739Z,2026-03-09T13:24:19.310655Z,https://api.dandiarchive.org/api/assets/d876cda3-881d-4f61-826b-92164209a38a/download/
sub-ibl-witten-29/sub-ibl-witten-29_ses-0cc486c3-8c7b-494d-aa04-b70e2690bcba_ecephys+image/sub-ibl-witten-29_ses-0cc486c3-8c7b-494d-aa04-b70e2690bcba_VideoLeftCamera.mp4,5226313325,1afe6ba4-b37f-4e3c-a674-916c72a97958,2026-02-10T04:22:21.700962Z,2026-03-09T13:24:19.320280Z,https://api.dandiarchive.org/api/assets/1afe6ba4-b37f-4e3c-a674-916c72a97958/download/
sub-ibl-witten-29/sub-ibl-witten-29_ses-af55d16f-0e31-4073-bdb5-26da54914aa2_desc-raw_ecephys.nwb,90860572864,c3ac2de6-3518-4d79-8128-f530b9d8400a,2026-02-10T04:22:27.934907Z,2026-03-09T13:24:19.329489Z,https://api.dandiarchive.org/api/assets/c3ac2de6-3518-4d79-8128-f530b9d8400a/download/
sub-NYU-65/sub-NYU-65_ses-8c025071-c4f3-426c-9aed-f149e8f75b7b_ecephys+image/sub-NYU-65_ses-8c025071-c4f3-426c-9aed-f149e8f75b7b_VideoRightCamera.mp4,8278404752,2b06119a-de7c-4acc-99e4-3c8445aad3c9,2026-02-10T04:22:51.530716Z,2026-03-09T13:24:19.339906Z,https://api.dandiarchive.org/api/assets/2b06119a-de7c-4acc-99e4-3c8445aad3c9/download/
sub-CSH-ZAD-022/sub-CSH-ZAD-022_ses-8db36de1-8f17-4446-b527-b5d91909b45a_ecephys+image/sub-CSH-ZAD-022_ses-8db36de1-8f17-4446-b527-b5d91909b45a_VideoLeftCamera.mp4,5184563329,1d966556-6b34-4f2c-a635-2fa2d1b22d95,2026-02-10T04:22:57.169356Z,2026-03-09T13:24:19.350975Z,https://api.dandiarchive.org/api/assets/1d966556-6b34-4f2c-a635-2fa2d1b22d95/download/
sub-ibl-witten-27/sub-ibl-witten-27_ses-25d1920e-a2af-4b6c-9f2e-fc6c65576544_desc-raw_ecephys.nwb,97626077525,1c0e1265-408d-4919-815f-5a8d448f0651,2026-02-10T04:23:19.894618Z,2026-03-09T13:24:19.361029Z,https://api.dandiarchive.org/api/assets/1c0e1265-408d-4919-815f-5a8d448f0651/download/
sub-ibl-witten-27/sub-ibl-witten-27_ses-73918ae1-e4fd-4c18-b132-00cb555b1ad2_ecephys+image/sub-ibl-witten-27_ses-73918ae1-e4fd-4c18-b132-00cb555b1ad2_VideoBodyCamera.mp4,1235284268,2c7d2058-142c-49ec-b11a-cb1318bd6fff,2026-02-10T04:23:58.952799Z,2026-03-09T13:24:19.370805Z,https://api.dandiarchive.org/api/assets/2c7d2058-142c-49ec-b11a-cb1318bd6fff/download/
sub-NYU-65/sub-NYU-65_ses-8c025071-c4f3-426c-9aed-f149e8f75b7b_ecephys+image/sub-NYU-65_ses-8c025071-c4f3-426c-9aed-f149e8f75b7b_VideoLeftCamera.mp4,10892422861,2ecee9d0-a128-4283-8f9b-50e93a774d56,2026-02-10T04:24:07.025265Z,2026-03-09T13:24:19.382666Z,https://api.dandiarchive.org/api/assets/2ecee9d0-a128-4283-8f9b-50e93a774d56/download/
sub-ibl-witten-27/sub-ibl-witten-27_ses-73918ae1-e4fd-4c18-b132-00cb555b1ad2_ecephys+image/sub-ibl-witten-27_ses-73918ae1-e4fd-4c18-b132-00cb555b1ad2_VideoRightCamera.mp4,4782836411,51b4a1f9-acdb-4825-a0b7-2ab1065bcf73,2026-02-10T04:25:14.379491Z,2026-03-09T13:24:19.393134Z,https://api.dandiarchive.org/api/assets/51b4a1f9-acdb-4825-a0b7-2ab1065bcf73/download/
sub-ibl-witten-27/sub-ibl-witten-27_ses-73918ae1-e4fd-4c18-b132-00cb555b1ad2_ecephys+image/sub-ibl-witten-27_ses-73918ae1-e4fd-4c18-b132-00cb555b1ad2_VideoLeftCamera.mp4,6331135113,d28f0fd3-a83c-43e7-89e1-0e94284f7b8a,2026-02-10T04:25:38.455818Z,2026-03-09T13:24:19.402949Z,https://api.dandiarchive.org/api/assets/d28f0fd3-a83c-43e7-89e1-0e94284f7b8a/download/
sub-CSHL052/sub-CSHL052_ses-83e77b4b-dfa0-4af9-968b-7ea0c7a0c7e4_ecephys+image/sub-CSHL052_ses-83e77b4b-dfa0-4af9-968b-7ea0c7a0c7e4_VideoRightCamera.mp4,3526562783,9e090a37-6bbc-406e-98d0-95b1afcc93f8,2026-02-10T04:30:23.530296Z,2026-03-09T13:24:19.415895Z,https://api.dandiarchive.org/api/assets/9e090a37-6bbc-406e-98d0-95b1afcc93f8/download/
sub-CSHL052/sub-CSHL052_ses-83e77b4b-dfa0-4af9-968b-7ea0c7a0c7e4_ecephys+image/sub-CSHL052_ses-83e77b4b-dfa0-4af9-968b-7ea0c7a0c7e4_VideoLeftCamera.mp4,7017053874,71d8fb25-c1db-4db6-bdc1-9ccf7a1e0137,2026-02-10T04:31:16.723274Z,2026-03-09T13:24:19.426861Z,https://api.dandiarchive.org/api/assets/71d8fb25-c1db-4db6-bdc1-9ccf7a1e0137/download/
sub-CSH-ZAD-011/sub-CSH-ZAD-011_ses-5b44c40f-80f4-44fb-abfb-c7f19e27a6ca_ecephys+image/sub-CSH-ZAD-011_ses-5b44c40f-80f4-44fb-abfb-c7f19e27a6ca_VideoLeftCamera.mp4,705377051,b1aafdda-7d68-48d6-8eaa-72eaa446e373,2026-02-10T04:32:46.712544Z,2026-03-09T13:24:19.439954Z,https://api.dandiarchive.org/api/assets/b1aafdda-7d68-48d6-8eaa-72eaa446e373/download/
sub-CSH-ZAD-025/sub-CSH-ZAD-025_ses-20c112a1-8a42-44e0-a4cd-e5b932f7bda9_ecephys+image/sub-CSH-ZAD-025_ses-20c112a1-8a42-44e0-a4cd-e5b932f7bda9_VideoRightCamera.mp4,3348130751,01e229a8-15eb-4cb0-927f-1cb2a92b3d22,2026-02-10T04:35:40.157928Z,2026-03-09T13:24:19.450294Z,https://api.dandiarchive.org/api/assets/01e229a8-15eb-4cb0-927f-1cb2a92b3d22/download/
sub-CSH-ZAD-025/sub-CSH-ZAD-025_ses-20c112a1-8a42-44e0-a4cd-e5b932f7bda9_ecephys+image/sub-CSH-ZAD-025_ses-20c112a1-8a42-44e0-a4cd-e5b932f7bda9_VideoLeftCamera.mp4,3440720104,16c44b17-62dd-495c-b5ea-a7b7f94ed13e,2026-02-10T04:36:02.264897Z,2026-03-09T13:24:19.460370Z,https://api.dandiarchive.org/api/assets/16c44b17-62dd-495c-b5ea-a7b7f94ed13e/download/
sub-ibl-witten-29/sub-ibl-witten-29_ses-86b6ba67-c1db-4333-add0-f8105ea6e363_desc-raw_ecephys.nwb,107652210089,19cb1809-8050-46db-a24f-46cf063ce0f4,2026-02-10T04:39:09.764814Z,2026-03-09T13:24:19.472558Z,https://api.dandiarchive.org/api/assets/19cb1809-8050-46db-a24f-46cf063ce0f4/download/
sub-CSH-ZAD-019/sub-CSH-ZAD-019_ses-5adab0b7-dfd0-467d-b09d-43cb7ca5d59c_ecephys+image/sub-CSH-ZAD-019_ses-5adab0b7-dfd0-467d-b09d-43cb7ca5d59c_VideoBodyCamera.mp4,547695338,6b51f085-9610-4ab0-9655-1cf9c24fd0ab,2026-02-10T04:39:12.935150Z,2026-03-09T13:24:19.485697Z,https://api.dandiarchive.org/api/assets/6b51f085-9610-4ab0-9655-1cf9c24fd0ab/download/
sub-CSH-ZAD-019/sub-CSH-ZAD-019_ses-5adab0b7-dfd0-467d-b09d-43cb7ca5d59c_ecephys+image/sub-CSH-ZAD-019_ses-5adab0b7-dfd0-467d-b09d-43cb7ca5d59c_VideoLeftCamera.mp4,3518291940,68c7d660-ae00-43f9-a3f6-fe032f0b7d7e,2026-02-10T04:40:13.613282Z,2026-03-09T13:24:19.500032Z,https://api.dandiarchive.org/api/assets/68c7d660-ae00-43f9-a3f6-fe032f0b7d7e/download/
sub-CSH-ZAD-019/sub-CSH-ZAD-019_ses-5adab0b7-dfd0-467d-b09d-43cb7ca5d59c_ecephys+image/sub-CSH-ZAD-019_ses-5adab0b7-dfd0-467d-b09d-43cb7ca5d59c_VideoRightCamera.mp4,3522200077,f5c112d2-4533-4e63-a5fd-8656fb97fb0b,2026-02-10T04:40:14.182771Z,2026-03-09T13:24:19.510840Z,https://api.dandiarchive.org/api/assets/f5c112d2-4533-4e63-a5fd-8656fb97fb0b/download/
sub-ibl-witten-25/sub-ibl-witten-25_ses-5285c561-80da-4563-8694-739da92e5dd0_ecephys+image/sub-ibl-witten-25_ses-5285c561-80da-4563-8694-739da92e5dd0_VideoBodyCamera.mp4,677326727,3f98a80a-d379-44ca-95a8-e9c1a5a7c4ba,2026-02-10T04:42:03.588257Z,2026-03-09T13:24:19.521648Z,https://api.dandiarchive.org/api/assets/3f98a80a-d379-44ca-95a8-e9c1a5a7c4ba/download/
sub-ibl-witten-26/sub-ibl-witten-26_ses-ff96bfe1-d925-4553-94b5-bf8297adf259_ecephys+image/sub-ibl-witten-26_ses-ff96bfe1-d925-4553-94b5-bf8297adf259_VideoRightCamera.mp4,5854600178,4d3cac59-82c1-4fc6-b83c-7097dad33fdf,2026-02-10T04:42:46.423632Z,2026-03-09T13:24:19.531695Z,https://api.dandiarchive.org/api/assets/4d3cac59-82c1-4fc6-b83c-7097dad33fdf/download/
sub-ibl-witten-26/sub-ibl-witten-26_ses-ff96bfe1-d925-4553-94b5-bf8297adf259_ecephys+image/sub-ibl-witten-26_ses-ff96bfe1-d925-4553-94b5-bf8297adf259_VideoLeftCamera.mp4,7751792625,2289bbf9-1006-42ed-828d-ccf13386e2bc,2026-02-10T04:43:15.025356Z,2026-03-09T13:24:19.542438Z,https://api.dandiarchive.org/api/assets/2289bbf9-1006-42ed-828d-ccf13386e2bc/download/
sub-ibl-witten-25/sub-ibl-witten-25_ses-5285c561-80da-4563-8694-739da92e5dd0_ecephys+image/sub-ibl-witten-25_ses-5285c561-80da-4563-8694-739da92e5dd0_VideoRightCamera.mp4,4492756882,5923338f-db2f-45ff-a73e-3f191d21efb7,2026-02-10T04:43:24.427777Z,2026-03-09T13:24:19.552983Z,https://api.dandiarchive.org/api/assets/5923338f-db2f-45ff-a73e-3f191d21efb7/download/
sub-ibl-witten-25/sub-ibl-witten-25_ses-5285c561-80da-4563-8694-739da92e5dd0_ecephys+image/sub-ibl-witten-25_ses-5285c561-80da-4563-8694-739da92e5dd0_VideoLeftCamera.mp4,4928251851,3907eea1-9879-4360-9228-f429cbc14b97,2026-02-10T04:43:31.382131Z,2026-03-09T13:24:19.572600Z,https://api.dandiarchive.org/api/assets/3907eea1-9879-4360-9228-f429cbc14b97/download/
sub-ibl-witten-27/sub-ibl-witten-27_ses-c728f6fd-58e2-448d-aefb-a72c637b604c_desc-raw_ecephys.nwb,116000958903,1ae1a1d3-1a4f-45fa-9490-fc79f35aede5,2026-02-10T04:45:18.148549Z,2026-03-09T13:24:19.586331Z,https://api.dandiarchive.org/api/assets/1ae1a1d3-1a4f-45fa-9490-fc79f35aede5/download/
sub-CSH-ZAD-026/sub-CSH-ZAD-026_ses-e56541a5-a6d5-4750-b1fe-f6b5257bfe7c_ecephys+image/sub-CSH-ZAD-026_ses-e56541a5-a6d5-4750-b1fe-f6b5257bfe7c_VideoBodyCamera.mp4,623500197,28fe114f-6384-4e1c-a0cd-38a90f6228f2,2026-02-10T04:50:05.896990Z,2026-03-09T13:24:19.597541Z,https://api.dandiarchive.org/api/assets/28fe114f-6384-4e1c-a0cd-38a90f6228f2/download/
sub-CSH-ZAD-022/sub-CSH-ZAD-022_ses-8db36de1-8f17-4446-b527-b5d91909b45a_desc-raw_ecephys.nwb,108874034677,1988b1bb-567f-459c-891f-d03723630ff0,2026-02-10T04:50:19.981172Z,2026-03-09T13:24:19.612226Z,https://api.dandiarchive.org/api/assets/1988b1bb-567f-459c-891f-d03723630ff0/download/
sub-ibl-witten-29/sub-ibl-witten-29_ses-0cc486c3-8c7b-494d-aa04-b70e2690bcba_desc-raw_ecephys.nwb,114599265455,0359f948-df2f-4d06-a764-749d8e0d9352,2026-02-10T04:50:57.410399Z,2026-03-09T13:24:19.622142Z,https://api.dandiarchive.org/api/assets/0359f948-df2f-4d06-a764-749d8e0d9352/download/
sub-CSH-ZAD-026/sub-CSH-ZAD-026_ses-e56541a5-a6d5-4750-b1fe-f6b5257bfe7c_ecephys+image/sub-CSH-ZAD-026_ses-e56541a5-a6d5-4750-b1fe-f6b5257bfe7c_VideoLeftCamera.mp4,3397176667,7f7a72ee-ade2-4ee1-b426-006599277453,2026-02-10T04:51:01.345968Z,2026-03-09T13:24:19.632215Z,https://api.dandiarchive.org/api/assets/7f7a72ee-ade2-4ee1-b426-006599277453/download/
sub-CSH-ZAD-026/sub-CSH-ZAD-026_ses-e56541a5-a6d5-4750-b1fe-f6b5257bfe7c_ecephys+image/sub-CSH-ZAD-026_ses-e56541a5-a6d5-4750-b1fe-f6b5257bfe7c_VideoRightCamera.mp4,3518237123,18fe5d8a-770a-4151-8221-ce59718191d8,2026-02-10T04:51:02.783211Z,2026-03-09T13:24:19.643136Z,https://api.dandiarchive.org/api/assets/18fe5d8a-770a-4151-8221-ce59718191d8/download/
sub-ibl-witten-27/sub-ibl-witten-27_ses-73918ae1-e4fd-4c18-b132-00cb555b1ad2_desc-raw_ecephys.nwb,112474652689,8787deb5-1176-44e6-b919-91ac0b601bce,2026-02-10T04:53:36.719856Z,2026-03-09T13:24:19.654188Z,https://api.dandiarchive.org/api/assets/8787deb5-1176-44e6-b919-91ac0b601bce/download/
sub-CSH-ZAD-025/sub-CSH-ZAD-025_ses-549caacc-3bd7-40f1-913d-e94141816547_ecephys+image/sub-CSH-ZAD-025_ses-549caacc-3bd7-40f1-913d-e94141816547_VideoRightCamera.mp4,3352977488,d10511ce-2ab5-4973-a988-9a0ec0690947,2026-02-10T04:54:03.419173Z,2026-03-09T13:24:19.665215Z,https://api.dandiarchive.org/api/assets/d10511ce-2ab5-4973-a988-9a0ec0690947/download/
sub-CSH-ZAD-025/sub-CSH-ZAD-025_ses-549caacc-3bd7-40f1-913d-e94141816547_ecephys+image/sub-CSH-ZAD-025_ses-549caacc-3bd7-40f1-913d-e94141816547_VideoLeftCamera.mp4,3461429199,a25c8867-6679-48e7-aeea-f83d1b97d31e,2026-02-10T04:54:12.496311Z,2026-03-09T13:24:19.675731Z,https://api.dandiarchive.org/api/assets/a25c8867-6679-48e7-aeea-f83d1b97d31e/download/
sub-CSH-ZAD-019/sub-CSH-ZAD-019_ses-edd22318-216c-44ff-bc24-49ce8be78374_ecephys+image/sub-CSH-ZAD-019_ses-edd22318-216c-44ff-bc24-49ce8be78374_VideoBodyCamera.mp4,595952084,02f8ea65-b6f8-4664-a0de-5a60607a604b,2026-02-10T04:54:27.722650Z,2026-03-09T13:24:19.687077Z,https://api.dandiarchive.org/api/assets/02f8ea65-b6f8-4664-a0de-5a60607a604b/download/
sub-CSH-ZAD-022/sub-CSH-ZAD-022_ses-41431f53-69fd-4e3b-80ce-ea62e03bf9c7_ecephys+image/sub-CSH-ZAD-022_ses-41431f53-69fd-4e3b-80ce-ea62e03bf9c7_VideoLeftCamera.mp4,3188378067,c1147e63-8506-4219-8752-4ac950f3b774,2026-02-10T04:54:33.964437Z,2026-03-09T13:24:19.700036Z,https://api.dandiarchive.org/api/assets/c1147e63-8506-4219-8752-4ac950f3b774/download/
sub-CSH-ZAD-019/sub-CSH-ZAD-019_ses-edd22318-216c-44ff-bc24-49ce8be78374_ecephys+image/sub-CSH-ZAD-019_ses-edd22318-216c-44ff-bc24-49ce8be78374_VideoLeftCamera.mp4,3939043360,dec7ea45-2ffa-4bcd-8923-104013986928,2026-02-10T04:55:33.746672Z,2026-03-09T13:24:19.711318Z,https://api.dandiarchive.org/api/assets/dec7ea45-2ffa-4bcd-8923-104013986928/download/
sub-CSH-ZAD-019/sub-CSH-ZAD-019_ses-edd22318-216c-44ff-bc24-49ce8be78374_ecephys+image/sub-CSH-ZAD-019_ses-edd22318-216c-44ff-bc24-49ce8be78374_VideoRightCamera.mp4,3974127998,db29677a-215d-4f67-ba4a-a3b392292d27,2026-02-10T04:55:34.666928Z,2026-03-09T13:24:19.729831Z,https://api.dandiarchive.org/api/assets/db29677a-215d-4f67-ba4a-a3b392292d27/download/
sub-CSH-ZAD-022/sub-CSH-ZAD-022_ses-a82800ce-f4e3-4464-9b80-4c3d6fade333_ecephys+image/sub-CSH-ZAD-022_ses-a82800ce-f4e3-4464-9b80-4c3d6fade333_VideoLeftCamera.mp4,3306062860,e4805acb-1d2f-4829-b2e6-d2d1b8220f32,2026-02-10T04:56:52.770494Z,2026-03-09T13:24:19.740332Z,https://api.dandiarchive.org/api/assets/e4805acb-1d2f-4829-b2e6-d2d1b8220f32/download/
sub-CSH-ZAD-019/sub-CSH-ZAD-019_ses-49e0ab27-827a-4c91-bcaa-97eea27a1b8d_ecephys+image/sub-CSH-ZAD-019_ses-49e0ab27-827a-4c91-bcaa-97eea27a1b8d_VideoBodyCamera.mp4,607121265,fbc355b9-ff89-4693-86fc-8698014e27e5,2026-02-10T05:01:51.606510Z,2026-03-09T13:24:19.750524Z,https://api.dandiarchive.org/api/assets/fbc355b9-ff89-4693-86fc-8698014e27e5/download/
sub-CSH-ZAD-019/sub-CSH-ZAD-019_ses-49e0ab27-827a-4c91-bcaa-97eea27a1b8d_ecephys+image/sub-CSH-ZAD-019_ses-49e0ab27-827a-4c91-bcaa-97eea27a1b8d_VideoLeftCamera.mp4,3543856587,e265b425-3f7e-4fd6-af1c-b0cd8a5994be,2026-02-10T05:02:50.732550Z,2026-03-09T13:24:19.764015Z,https://api.dandiarchive.org/api/assets/e265b425-3f7e-4fd6-af1c-b0cd8a5994be/download/
sub-CSH-ZAD-019/sub-CSH-ZAD-019_ses-49e0ab27-827a-4c91-bcaa-97eea27a1b8d_ecephys+image/sub-CSH-ZAD-019_ses-49e0ab27-827a-4c91-bcaa-97eea27a1b8d_VideoRightCamera.mp4,3910053787,32fbe03e-1539-4257-8786-e8f3573245da,2026-02-10T05:02:54.952257Z,2026-03-09T13:24:19.775335Z,https://api.dandiarchive.org/api/assets/32fbe03e-1539-4257-8786-e8f3573245da/download/
sub-CSH-ZAD-011/sub-CSH-ZAD-011_ses-03cf52f6-fba6-4743-a42e-dd1ac3072343_desc-raw_ecephys.nwb,124150768417,a7e383fd-a31d-42ba-ab31-269723bb732d,2026-02-10T05:03:58.347125Z,2026-03-09T13:24:19.786037Z,https://api.dandiarchive.org/api/assets/a7e383fd-a31d-42ba-ab31-269723bb732d/download/
sub-CSH-ZAD-011/sub-CSH-ZAD-011_ses-5b44c40f-80f4-44fb-abfb-c7f19e27a6ca_desc-raw_ecephys.nwb,124926079128,0da99e37-ae0a-4e8b-af5f-3215cd91fd78,2026-02-10T05:04:50.667598Z,2026-03-09T13:24:19.796462Z,https://api.dandiarchive.org/api/assets/0da99e37-ae0a-4e8b-af5f-3215cd91fd78/download/
sub-ibl-witten-27/sub-ibl-witten-27_ses-952870e5-f2a7-4518-9e6d-71585460f6fe_ecephys+image/sub-ibl-witten-27_ses-952870e5-f2a7-4518-9e6d-71585460f6fe_VideoBodyCamera.mp4,1463067338,2430e083-24d9-401d-b3af-e4c0fd06741b,2026-02-10T05:04:58.932649Z,2026-03-09T13:24:19.811135Z,https://api.dandiarchive.org/api/assets/2430e083-24d9-401d-b3af-e4c0fd06741b/download/
sub-CSHL052/sub-CSHL052_ses-83e77b4b-dfa0-4af9-968b-7ea0c7a0c7e4_desc-raw_ecephys.nwb,137738794962,2a9cd68d-6702-4e94-8860-94770e8bdac1,2026-02-10T05:05:35.959141Z,2026-03-09T13:24:19.820848Z,https://api.dandiarchive.org/api/assets/2a9cd68d-6702-4e94-8860-94770e8bdac1/download/
sub-ibl-witten-27/sub-ibl-witten-27_ses-952870e5-f2a7-4518-9e6d-71585460f6fe_ecephys+image/sub-ibl-witten-27_ses-952870e5-f2a7-4518-9e6d-71585460f6fe_VideoRightCamera.mp4,6474668005,8bde43db-f2a7-40cb-b29b-1ee1ae29a3cf,2026-02-10T05:06:46.889621Z,2026-03-09T13:24:19.831103Z,https://api.dandiarchive.org/api/assets/8bde43db-f2a7-40cb-b29b-1ee1ae29a3cf/download/
sub-ibl-witten-27/sub-ibl-witten-27_ses-952870e5-f2a7-4518-9e6d-71585460f6fe_ecephys+image/sub-ibl-witten-27_ses-952870e5-f2a7-4518-9e6d-71585460f6fe_VideoLeftCamera.mp4,8233127425,d89316d0-0d01-4567-82de-0e3a711d5356,2026-02-10T05:07:14.571980Z,2026-03-09T13:24:19.842460Z,https://api.dandiarchive.org/api/assets/d89316d0-0d01-4567-82de-0e3a711d5356/download/
sub-CSH-ZAD-025/sub-CSH-ZAD-025_ses-20c112a1-8a42-44e0-a4cd-e5b932f7bda9_desc-raw_ecephys.nwb,124547499880,01e65435-f32a-44e0-8d58-a020eebba023,2026-02-10T05:07:17.017484Z,2026-03-09T13:24:19.851217Z,https://api.dandiarchive.org/api/assets/01e65435-f32a-44e0-8d58-a020eebba023/download/
sub-CSH-ZAD-026/sub-CSH-ZAD-026_ses-5d01d14e-aced-4465-8f8e-9a1c674f62ec_ecephys+image/sub-CSH-ZAD-026_ses-5d01d14e-aced-4465-8f8e-9a1c674f62ec_VideoBodyCamera.mp4,630862148,c2840384-f617-4106-bb1f-68542660ab13,2026-02-10T05:08:24.925644Z,2026-03-09T13:24:19.864422Z,https://api.dandiarchive.org/api/assets/c2840384-f617-4106-bb1f-68542660ab13/download/
sub-CSH-ZAD-026/sub-CSH-ZAD-026_ses-5d01d14e-aced-4465-8f8e-9a1c674f62ec_ecephys+image/sub-CSH-ZAD-026_ses-5d01d14e-aced-4465-8f8e-9a1c674f62ec_VideoLeftCamera.mp4,3697744696,bae7c2d1-fa0a-49d5-8e7b-73361f94e9fd,2026-02-10T05:09:28.502965Z,2026-03-09T13:24:19.875305Z,https://api.dandiarchive.org/api/assets/bae7c2d1-fa0a-49d5-8e7b-73361f94e9fd/download/
sub-CSH-ZAD-026/sub-CSH-ZAD-026_ses-5d01d14e-aced-4465-8f8e-9a1c674f62ec_ecephys+image/sub-CSH-ZAD-026_ses-5d01d14e-aced-4465-8f8e-9a1c674f62ec_VideoRightCamera.mp4,3940796358,f17c0bf8-1489-4932-ac10-a891333484c3,2026-02-10T05:09:31.863591Z,2026-03-09T13:24:19.886313Z,https://api.dandiarchive.org/api/assets/f17c0bf8-1489-4932-ac10-a891333484c3/download/
sub-NYU-65/sub-NYU-65_ses-8c025071-c4f3-426c-9aed-f149e8f75b7b_desc-raw_ecephys.nwb,196086975094,7db3ed07-c06d-4ec1-914a-c49955aa7a51,2026-02-10T05:11:40.295627Z,2026-03-09T13:24:19.900307Z,https://api.dandiarchive.org/api/assets/7db3ed07-c06d-4ec1-914a-c49955aa7a51/download/
sub-CSH-ZAD-019/sub-CSH-ZAD-019_ses-5adab0b7-dfd0-467d-b09d-43cb7ca5d59c_desc-raw_ecephys.nwb,126471967441,fb9f7c89-3639-4c97-894e-01edfa1da99b,2026-02-10T05:12:05.038967Z,2026-03-09T13:24:19.910761Z,https://api.dandiarchive.org/api/assets/fb9f7c89-3639-4c97-894e-01edfa1da99b/download/
sub-ibl-witten-26/sub-ibl-witten-26_ses-ff96bfe1-d925-4553-94b5-bf8297adf259_desc-raw_ecephys.nwb,128162139061,58640244-fd02-4203-a79c-385b1d65c5e6,2026-02-10T05:14:57.205038Z,2026-03-09T13:24:19.921184Z,https://api.dandiarchive.org/api/assets/58640244-fd02-4203-a79c-385b1d65c5e6/download/
sub-CSH-ZAD-025/sub-CSH-ZAD-025_ses-6274dda8-3a59-4aa1-95f8-a8a549c46a26_ecephys+image/sub-CSH-ZAD-025_ses-6274dda8-3a59-4aa1-95f8-a8a549c46a26_VideoRightCamera.mp4,4054549920,8b8ec193-cdec-4dba-bd17-607c4a2afe0d,2026-02-10T05:16:29.197832Z,2026-03-09T13:24:19.931724Z,https://api.dandiarchive.org/api/assets/8b8ec193-cdec-4dba-bd17-607c4a2afe0d/download/
sub-ibl-witten-25/sub-ibl-witten-25_ses-5285c561-80da-4563-8694-739da92e5dd0_desc-raw_ecephys.nwb,131752291120,9e725de0-ba7a-4511-8735-e2e02a93e52c,2026-02-10T05:16:33.010020Z,2026-03-09T13:24:19.942154Z,https://api.dandiarchive.org/api/assets/9e725de0-ba7a-4511-8735-e2e02a93e52c/download/
sub-CSH-ZAD-025/sub-CSH-ZAD-025_ses-6274dda8-3a59-4aa1-95f8-a8a549c46a26_ecephys+image/sub-CSH-ZAD-025_ses-6274dda8-3a59-4aa1-95f8-a8a549c46a26_VideoLeftCamera.mp4,4146418435,4506fa3a-dba1-4810-bacb-9f84af4c5ca3,2026-02-10T05:16:46.517283Z,2026-03-09T13:24:19.952532Z,https://api.dandiarchive.org/api/assets/4506fa3a-dba1-4810-bacb-9f84af4c5ca3/download/
sub-CSH-ZAD-025/sub-CSH-ZAD-025_ses-c557324b-b95d-414c-888f-6ee1329a2329_ecephys+image/sub-CSH-ZAD-025_ses-c557324b-b95d-414c-888f-6ee1329a2329_VideoRightCamera.mp4,4190341523,3f85a690-4178-4f13-ab1a-801169c80cb0,2026-02-10T05:17:30.940283Z,2026-03-09T13:24:19.966022Z,https://api.dandiarchive.org/api/assets/3f85a690-4178-4f13-ab1a-801169c80cb0/download/
sub-CSH-ZAD-025/sub-CSH-ZAD-025_ses-c557324b-b95d-414c-888f-6ee1329a2329_ecephys+image/sub-CSH-ZAD-025_ses-c557324b-b95d-414c-888f-6ee1329a2329_VideoLeftCamera.mp4,4228096438,cd376da8-8b84-4fa6-a5f6-bd05068c0d56,2026-02-10T05:17:31.246546Z,2026-03-09T13:24:19.977132Z,https://api.dandiarchive.org/api/assets/cd376da8-8b84-4fa6-a5f6-bd05068c0d56/download/
sub-CSH-ZAD-026/sub-CSH-ZAD-026_ses-81a78eac-9d36-4f90-a73a-7eb3ad7f770b_ecephys+image/sub-CSH-ZAD-026_ses-81a78eac-9d36-4f90-a73a-7eb3ad7f770b_VideoBodyCamera.mp4,744511021,528ddf31-c2d4-4a82-b1bb-bc8039e1d347,2026-02-10T05:17:36.891548Z,2026-03-09T13:24:19.990594Z,https://api.dandiarchive.org/api/assets/528ddf31-c2d4-4a82-b1bb-bc8039e1d347/download/
sub-CSH-ZAD-026/sub-CSH-ZAD-026_ses-626126d5-eecf-4e9b-900e-ec29a17ece07_ecephys+image/sub-CSH-ZAD-026_ses-626126d5-eecf-4e9b-900e-ec29a17ece07_VideoBodyCamera.mp4,748105457,0f1b56d8-42dd-4c08-8688-23c090b51a16,2026-02-10T05:18:36.959919Z,2026-03-09T13:24:20.001893Z,https://api.dandiarchive.org/api/assets/0f1b56d8-42dd-4c08-8688-23c090b51a16/download/
sub-CSH-ZAD-026/sub-CSH-ZAD-026_ses-81a78eac-9d36-4f90-a73a-7eb3ad7f770b_ecephys+image/sub-CSH-ZAD-026_ses-81a78eac-9d36-4f90-a73a-7eb3ad7f770b_VideoLeftCamera.mp4,3743110085,5586d30b-d31c-4964-9e7c-823953910c5f,2026-02-10T05:18:36.998490Z,2026-03-09T13:24:20.013088Z,https://api.dandiarchive.org/api/assets/5586d30b-d31c-4964-9e7c-823953910c5f/download/
sub-CSH-ZAD-026/sub-CSH-ZAD-026_ses-81a78eac-9d36-4f90-a73a-7eb3ad7f770b_ecephys+image/sub-CSH-ZAD-026_ses-81a78eac-9d36-4f90-a73a-7eb3ad7f770b_VideoRightCamera.mp4,4072214425,3ea3c9f5-7e26-400f-bbf6-dcc4e5c1a741,2026-02-10T05:18:40.370621Z,2026-03-09T13:24:20.024821Z,https://api.dandiarchive.org/api/assets/3ea3c9f5-7e26-400f-bbf6-dcc4e5c1a741/download/
sub-CSH-ZAD-026/sub-CSH-ZAD-026_ses-626126d5-eecf-4e9b-900e-ec29a17ece07_ecephys+image/sub-CSH-ZAD-026_ses-626126d5-eecf-4e9b-900e-ec29a17ece07_VideoRightCamera.mp4,4231195875,b3c7dbf1-7fac-4484-ae60-4e878e0ab9b9,2026-02-10T05:19:45.696097Z,2026-03-09T13:24:20.035386Z,https://api.dandiarchive.org/api/assets/b3c7dbf1-7fac-4484-ae60-4e878e0ab9b9/download/
sub-CSH-ZAD-026/sub-CSH-ZAD-026_ses-626126d5-eecf-4e9b-900e-ec29a17ece07_ecephys+image/sub-CSH-ZAD-026_ses-626126d5-eecf-4e9b-900e-ec29a17ece07_VideoLeftCamera.mp4,4268692355,8141d2ba-9db6-4bd5-a57c-fa4d9419a67f,2026-02-10T05:19:46.336019Z,2026-03-09T13:24:20.045544Z,https://api.dandiarchive.org/api/assets/8141d2ba-9db6-4bd5-a57c-fa4d9419a67f/download/
sub-ibl-witten-27/sub-ibl-witten-27_ses-f304211a-81b1-446f-a435-25e589fe3a5a_ecephys+image/sub-ibl-witten-27_ses-f304211a-81b1-446f-a435-25e589fe3a5a_VideoBodyCamera.mp4,1478413735,7ffacebd-b57f-42b3-b2b8-265d8fa49c91,2026-02-10T05:19:56.147123Z,2026-03-09T13:24:20.058896Z,https://api.dandiarchive.org/api/assets/7ffacebd-b57f-42b3-b2b8-265d8fa49c91/download/
sub-ibl-witten-27/sub-ibl-witten-27_ses-f304211a-81b1-446f-a435-25e589fe3a5a_ecephys+image/sub-ibl-witten-27_ses-f304211a-81b1-446f-a435-25e589fe3a5a_VideoRightCamera.mp4,6580716743,8e660eae-3807-4177-b820-8b59ef23c65a,2026-02-10T05:21:46.052656Z,2026-03-09T13:24:20.068795Z,https://api.dandiarchive.org/api/assets/8e660eae-3807-4177-b820-8b59ef23c65a/download/
sub-ibl-witten-27/sub-ibl-witten-27_ses-f304211a-81b1-446f-a435-25e589fe3a5a_ecephys+image/sub-ibl-witten-27_ses-f304211a-81b1-446f-a435-25e589fe3a5a_VideoLeftCamera.mp4,7855682844,4c4c8526-55d5-4a83-aeb2-481c57534a98,2026-02-10T05:22:04.552121Z,2026-03-09T13:24:20.078622Z,https://api.dandiarchive.org/api/assets/4c4c8526-55d5-4a83-aeb2-481c57534a98/download/
sub-CSH-ZAD-022/sub-CSH-ZAD-022_ses-6a601cc5-7b79-4c75-b0e8-552246532f82_ecephys+image/sub-CSH-ZAD-022_ses-6a601cc5-7b79-4c75-b0e8-552246532f82_VideoLeftCamera.mp4,3687634666,f05958ad-39ef-44ce-96db-cf446e301889,2026-02-10T05:22:33.764508Z,2026-03-09T13:24:20.094229Z,https://api.dandiarchive.org/api/assets/f05958ad-39ef-44ce-96db-cf446e301889/download/
sub-CSH-ZAD-026/sub-CSH-ZAD-026_ses-e56541a5-a6d5-4750-b1fe-f6b5257bfe7c_desc-raw_ecephys.nwb,132748849005,27a5268e-d768-4048-8714-11e63df3e795,2026-02-10T05:24:30.923267Z,2026-03-09T13:24:20.105451Z,https://api.dandiarchive.org/api/assets/27a5268e-d768-4048-8714-11e63df3e795/download/
sub-CSH-ZAD-025/sub-CSH-ZAD-025_ses-549caacc-3bd7-40f1-913d-e94141816547_desc-raw_ecephys.nwb,134450949515,ce3dc4e3-8727-4994-be44-b13fd43bbd91,2026-02-10T05:28:02.301233Z,2026-03-09T13:24:20.117891Z,https://api.dandiarchive.org/api/assets/ce3dc4e3-8727-4994-be44-b13fd43bbd91/download/
sub-ibl-witten-26/sub-ibl-witten-26_ses-09394481-8dd2-4d5c-9327-f2753ede92d7_ecephys+image/sub-ibl-witten-26_ses-09394481-8dd2-4d5c-9327-f2753ede92d7_VideoRightCamera.mp4,6122339286,ccec8474-cbbf-4af6-82a5-11571cefa24e,2026-02-10T05:28:17.848779Z,2026-03-09T13:24:20.129018Z,https://api.dandiarchive.org/api/assets/ccec8474-cbbf-4af6-82a5-11571cefa24e/download/
sub-ibl-witten-26/sub-ibl-witten-26_ses-09394481-8dd2-4d5c-9327-f2753ede92d7_ecephys+image/sub-ibl-witten-26_ses-09394481-8dd2-4d5c-9327-f2753ede92d7_VideoLeftCamera.mp4,9066929397,13cbec45-1bcc-49be-818e-1db6f011c528,2026-02-10T05:29:02.554504Z,2026-03-09T13:24:20.142849Z,https://api.dandiarchive.org/api/assets/13cbec45-1bcc-49be-818e-1db6f011c528/download/
sub-CSH-ZAD-022/sub-CSH-ZAD-022_ses-41431f53-69fd-4e3b-80ce-ea62e03bf9c7_desc-raw_ecephys.nwb,138513314000,4e9edd89-e562-48b5-8505-3835a963eaba,2026-02-10T05:30:02.040444Z,2026-03-09T13:24:20.153418Z,https://api.dandiarchive.org/api/assets/4e9edd89-e562-48b5-8505-3835a963eaba/download/
sub-CSH-ZAD-019/sub-CSH-ZAD-019_ses-edd22318-216c-44ff-bc24-49ce8be78374_desc-raw_ecephys.nwb,136586852845,7025f1de-97c7-4225-a4fe-4a23ac943044,2026-02-10T05:30:04.269074Z,2026-03-09T13:24:20.163516Z,https://api.dandiarchive.org/api/assets/7025f1de-97c7-4225-a4fe-4a23ac943044/download/
sub-CSH-ZAD-025/sub-CSH-ZAD-025_ses-280ee768-f7b8-4c6c-9ea0-48ca75d6b6f3_ecephys+image/sub-CSH-ZAD-025_ses-280ee768-f7b8-4c6c-9ea0-48ca75d6b6f3_VideoLeftCamera.mp4,4332730774,d1df369e-c949-468d-8740-4bf17d7ac0b4,2026-02-10T05:30:41.807710Z,2026-03-09T13:24:20.173204Z,https://api.dandiarchive.org/api/assets/d1df369e-c949-468d-8740-4bf17d7ac0b4/download/
sub-CSH-ZAD-025/sub-CSH-ZAD-025_ses-280ee768-f7b8-4c6c-9ea0-48ca75d6b6f3_ecephys+image/sub-CSH-ZAD-025_ses-280ee768-f7b8-4c6c-9ea0-48ca75d6b6f3_VideoRightCamera.mp4,4399847730,251fbd1a-79a9-4e39-9173-b4d886365a57,2026-02-10T05:30:41.905897Z,2026-03-09T13:24:20.182705Z,https://api.dandiarchive.org/api/assets/251fbd1a-79a9-4e39-9173-b4d886365a57/download/
sub-CSH-ZAD-022/sub-CSH-ZAD-022_ses-a82800ce-f4e3-4464-9b80-4c3d6fade333_desc-raw_ecephys.nwb,138625660609,1a2be8c7-297f-4350-8e54-2a3d78df2d2c,2026-02-10T05:31:57.601065Z,2026-03-09T13:24:20.193012Z,https://api.dandiarchive.org/api/assets/1a2be8c7-297f-4350-8e54-2a3d78df2d2c/download/
sub-ibl-witten-26/sub-ibl-witten-26_ses-a9138924-4395-4981-83d1-530f6ff7c8fc_ecephys+image/sub-ibl-witten-26_ses-a9138924-4395-4981-83d1-530f6ff7c8fc_VideoRightCamera.mp4,7288742365,1e3bb6f3-de32-45bd-b286-6bfe770a6b4a,2026-02-10T05:38:07.593609Z,2026-03-09T13:24:20.202239Z,https://api.dandiarchive.org/api/assets/1e3bb6f3-de32-45bd-b286-6bfe770a6b4a/download/
sub-CSH-ZAD-019/sub-CSH-ZAD-019_ses-49e0ab27-827a-4c91-bcaa-97eea27a1b8d_desc-raw_ecephys.nwb,141382670648,7a7913bb-f1b4-4aa1-ae58-bdd058e96dca,2026-02-10T05:38:31.743900Z,2026-03-09T13:24:20.211251Z,https://api.dandiarchive.org/api/assets/7a7913bb-f1b4-4aa1-ae58-bdd058e96dca/download/
sub-ibl-witten-26/sub-ibl-witten-26_ses-a9138924-4395-4981-83d1-530f6ff7c8fc_ecephys+image/sub-ibl-witten-26_ses-a9138924-4395-4981-83d1-530f6ff7c8fc_VideoLeftCamera.mp4,10200601246,2076c176-6516-4039-a8aa-06213d1494c6,2026-02-10T05:38:51.588572Z,2026-03-09T13:24:20.221945Z,https://api.dandiarchive.org/api/assets/2076c176-6516-4039-a8aa-06213d1494c6/download/
sub-CSH-ZAD-019/sub-CSH-ZAD-019_ses-7f6b86f9-879a-4ea2-8531-294a221af5d0_ecephys+image/sub-CSH-ZAD-019_ses-7f6b86f9-879a-4ea2-8531-294a221af5d0_VideoBodyCamera.mp4,809548842,44c6b506-912e-46f1-857e-d74c2e8bb7ec,2026-02-10T05:40:31.292121Z,2026-03-09T13:24:20.231579Z,https://api.dandiarchive.org/api/assets/44c6b506-912e-46f1-857e-d74c2e8bb7ec/download/
sub-ibl-witten-27/sub-ibl-witten-27_ses-952870e5-f2a7-4518-9e6d-71585460f6fe_desc-raw_ecephys.nwb,136884374853,9a58483a-f41d-4c8e-9ee1-e9fb63f326d1,2026-02-10T05:41:11.226028Z,2026-03-09T13:24:20.246053Z,https://api.dandiarchive.org/api/assets/9a58483a-f41d-4c8e-9ee1-e9fb63f326d1/download/
sub-CSH-ZAD-019/sub-CSH-ZAD-019_ses-7f6b86f9-879a-4ea2-8531-294a221af5d0_ecephys+image/sub-CSH-ZAD-019_ses-7f6b86f9-879a-4ea2-8531-294a221af5d0_VideoLeftCamera.mp4,4681745021,16d979aa-c775-471b-8e61-6903b0b73fb5,2026-02-10T05:41:48.190734Z,2026-03-09T13:24:20.257651Z,https://api.dandiarchive.org/api/assets/16d979aa-c775-471b-8e61-6903b0b73fb5/download/
sub-CSH-ZAD-019/sub-CSH-ZAD-019_ses-7f6b86f9-879a-4ea2-8531-294a221af5d0_ecephys+image/sub-CSH-ZAD-019_ses-7f6b86f9-879a-4ea2-8531-294a221af5d0_VideoRightCamera.mp4,4783874227,1550a8ff-be98-479b-a45b-9b596418bd3b,2026-02-10T05:41:49.352230Z,2026-03-09T13:24:20.268075Z,https://api.dandiarchive.org/api/assets/1550a8ff-be98-479b-a45b-9b596418bd3b/download/
sub-CSH-ZAD-026/sub-CSH-ZAD-026_ses-5d01d14e-aced-4465-8f8e-9a1c674f62ec_desc-raw_ecephys.nwb,145393006138,7344408c-eeb9-4be1-a216-349bd4e5d751,2026-02-10T05:46:08.044093Z,2026-03-09T13:24:20.278116Z,https://api.dandiarchive.org/api/assets/7344408c-eeb9-4be1-a216-349bd4e5d751/download/
sub-CSH-ZAD-025/sub-CSH-ZAD-025_ses-6274dda8-3a59-4aa1-95f8-a8a549c46a26_desc-raw_ecephys.nwb,150783070199,72cf4183-155e-495b-a933-9547f007cd08,2026-02-10T05:54:35.188638Z,2026-03-09T13:24:20.295270Z,https://api.dandiarchive.org/api/assets/72cf4183-155e-495b-a933-9547f007cd08/download/
sub-CSH-ZAD-022/sub-CSH-ZAD-022_ses-a66f1593-dafd-4982-9b66-f9554b6c86b5_ecephys+image/sub-CSH-ZAD-022_ses-a66f1593-dafd-4982-9b66-f9554b6c86b5_VideoLeftCamera.mp4,4100253207,54b3da82-57ff-4906-8d2c-47e5ed7b0d2c,2026-02-10T05:55:02.696995Z,2026-03-09T13:24:20.305778Z,https://api.dandiarchive.org/api/assets/54b3da82-57ff-4906-8d2c-47e5ed7b0d2c/download/
sub-CSH-ZAD-025/sub-CSH-ZAD-025_ses-c557324b-b95d-414c-888f-6ee1329a2329_desc-raw_ecephys.nwb,149990143641,8860ba8c-764d-48bf-ac8c-1550314ce8af,2026-02-10T05:55:20.796120Z,2026-03-09T13:24:20.318423Z,https://api.dandiarchive.org/api/assets/8860ba8c-764d-48bf-ac8c-1550314ce8af/download/
sub-CSH-ZAD-026/sub-CSH-ZAD-026_ses-81a78eac-9d36-4f90-a73a-7eb3ad7f770b_desc-raw_ecephys.nwb,151094414727,79183f72-8cdb-4411-947b-f6507c3b4035,2026-02-10T05:56:46.830707Z,2026-03-09T13:24:20.328632Z,https://api.dandiarchive.org/api/assets/79183f72-8cdb-4411-947b-f6507c3b4035/download/
sub-CSH-ZAD-026/sub-CSH-ZAD-026_ses-626126d5-eecf-4e9b-900e-ec29a17ece07_desc-raw_ecephys.nwb,150980480194,4e6379d4-2854-47b4-b0f8-17382a495321,2026-02-10T05:57:58.225212Z,2026-03-09T13:24:20.340217Z,https://api.dandiarchive.org/api/assets/4e6379d4-2854-47b4-b0f8-17382a495321/download/
sub-ibl-witten-27/sub-ibl-witten-27_ses-f304211a-81b1-446f-a435-25e589fe3a5a_desc-raw_ecephys.nwb,147422728278,899b5d97-bdf5-4e58-b888-5738555116db,2026-02-10T05:58:52.767039Z,2026-03-09T13:24:20.351262Z,https://api.dandiarchive.org/api/assets/899b5d97-bdf5-4e58-b888-5738555116db/download/
sub-CSH-ZAD-022/sub-CSH-ZAD-022_ses-6a601cc5-7b79-4c75-b0e8-552246532f82_desc-raw_ecephys.nwb,155615358701,127331c3-2005-46a0-b128-8a34e7e20a6f,2026-02-10T06:02:06.046926Z,2026-03-09T13:24:20.363936Z,https://api.dandiarchive.org/api/assets/127331c3-2005-46a0-b128-8a34e7e20a6f/download/
sub-CSH-ZAD-011/sub-CSH-ZAD-011_ses-da188f2c-553c-4e04-879b-c9ea2d1b9a93_desc-raw_ecephys.nwb,158723700224,522fb24b-80a3-463d-bc44-d5106cbc8d0a,2026-02-10T06:03:29.604850Z,2026-03-09T13:24:20.373701Z,https://api.dandiarchive.org/api/assets/522fb24b-80a3-463d-bc44-d5106cbc8d0a/download/
sub-ibl-witten-26/sub-ibl-witten-26_ses-09394481-8dd2-4d5c-9327-f2753ede92d7_desc-raw_ecephys.nwb,153875526217,38ab6bd0-bdd4-47b8-beea-8329de02a934,2026-02-10T06:07:12.574458Z,2026-03-09T13:24:20.385031Z,https://api.dandiarchive.org/api/assets/38ab6bd0-bdd4-47b8-beea-8329de02a934/download/
sub-CSH-ZAD-025/sub-CSH-ZAD-025_ses-280ee768-f7b8-4c6c-9ea0-48ca75d6b6f3_desc-raw_ecephys.nwb,159437277785,07282148-ca06-414d-988e-40fc149eaf87,2026-02-10T06:10:58.069144Z,2026-03-09T13:24:20.395128Z,https://api.dandiarchive.org/api/assets/07282148-ca06-414d-988e-40fc149eaf87/download/
sub-PL015/sub-PL015_ses-09156021-9a1d-4e1d-ae59-48cbde3c5d42_ecephys+image/sub-PL015_ses-09156021-9a1d-4e1d-ae59-48cbde3c5d42_VideoBodyCamera.mp4,1053334411,6ac747a4-b0c0-44a7-a584-062bcf022033,2026-02-10T06:15:18.754062Z,2026-03-09T13:24:20.405681Z,https://api.dandiarchive.org/api/assets/6ac747a4-b0c0-44a7-a584-062bcf022033/download/
sub-PL030/sub-PL030_ses-500a71dd-8768-4211-a1fe-1fafc9fcbf29_ecephys+image/sub-PL030_ses-500a71dd-8768-4211-a1fe-1fafc9fcbf29_VideoBodyCamera.mp4,845730911,be7f8357-ef6d-4222-b57f-6ae617f01569,2026-02-10T06:15:58.511688Z,2026-03-09T13:24:20.417807Z,https://api.dandiarchive.org/api/assets/be7f8357-ef6d-4222-b57f-6ae617f01569/download/
sub-PL015/sub-PL015_ses-09156021-9a1d-4e1d-ae59-48cbde3c5d42_ecephys+image/sub-PL015_ses-09156021-9a1d-4e1d-ae59-48cbde3c5d42_VideoRightCamera.mp4,3798177783,7518c6c7-525e-4fa3-be85-6e59abe9473d,2026-02-10T06:16:22.762038Z,2026-03-09T13:24:20.431478Z,https://api.dandiarchive.org/api/assets/7518c6c7-525e-4fa3-be85-6e59abe9473d/download/
sub-PL015/sub-PL015_ses-90e524a2-aa63-47ce-b5b8-1b1941a1223a_ecephys+image/sub-PL015_ses-90e524a2-aa63-47ce-b5b8-1b1941a1223a_VideoBodyCamera.mp4,925120532,706aa0cb-76bd-46c9-bca0-99b61344dcec,2026-02-10T06:16:23.154841Z,2026-03-09T13:24:20.443206Z,https://api.dandiarchive.org/api/assets/706aa0cb-76bd-46c9-bca0-99b61344dcec/download/
sub-PL015/sub-PL015_ses-9a6e127b-bb07-4be2-92e2-53dd858c2762_ecephys+image/sub-PL015_ses-9a6e127b-bb07-4be2-92e2-53dd858c2762_VideoBodyCamera.mp4,1014175265,96b41731-02a6-4679-bcf5-e4690835ab47,2026-02-10T06:16:52.246122Z,2026-03-09T13:24:20.454665Z,https://api.dandiarchive.org/api/assets/96b41731-02a6-4679-bcf5-e4690835ab47/download/
sub-PL015/sub-PL015_ses-09156021-9a1d-4e1d-ae59-48cbde3c5d42_ecephys+image/sub-PL015_ses-09156021-9a1d-4e1d-ae59-48cbde3c5d42_VideoLeftCamera.mp4,6013487864,0151bcd5-b51b-4d0c-98b2-efd14bcfb197,2026-02-10T06:16:56.222425Z,2026-03-09T13:24:20.465257Z,https://api.dandiarchive.org/api/assets/0151bcd5-b51b-4d0c-98b2-efd14bcfb197/download/
sub-PL030/sub-PL030_ses-500a71dd-8768-4211-a1fe-1fafc9fcbf29_ecephys+image/sub-PL030_ses-500a71dd-8768-4211-a1fe-1fafc9fcbf29_VideoRightCamera.mp4,3504139786,709cadf7-648d-467f-8e63-8208a5c607c0,2026-02-10T06:17:03.293163Z,2026-03-09T13:24:20.478136Z,https://api.dandiarchive.org/api/assets/709cadf7-648d-467f-8e63-8208a5c607c0/download/
sub-PL030/sub-PL030_ses-500a71dd-8768-4211-a1fe-1fafc9fcbf29_ecephys+image/sub-PL030_ses-500a71dd-8768-4211-a1fe-1fafc9fcbf29_VideoLeftCamera.mp4,4599803959,525f5a24-ced6-4457-a360-0738a57e45f2,2026-02-10T06:17:22.369559Z,2026-03-09T13:24:20.488109Z,https://api.dandiarchive.org/api/assets/525f5a24-ced6-4457-a360-0738a57e45f2/download/
sub-PL015/sub-PL015_ses-90e524a2-aa63-47ce-b5b8-1b1941a1223a_ecephys+image/sub-PL015_ses-90e524a2-aa63-47ce-b5b8-1b1941a1223a_VideoRightCamera.mp4,3487308612,4767ee76-439c-459f-aee7-ce5c5f6ee280,2026-02-10T06:17:22.691584Z,2026-03-09T13:24:20.498439Z,https://api.dandiarchive.org/api/assets/4767ee76-439c-459f-aee7-ce5c5f6ee280/download/
sub-PL015/sub-PL015_ses-90e524a2-aa63-47ce-b5b8-1b1941a1223a_ecephys+image/sub-PL015_ses-90e524a2-aa63-47ce-b5b8-1b1941a1223a_VideoLeftCamera.mp4,5421231676,2ca82287-055b-4eb8-8545-bffd7ba96690,2026-02-10T06:17:51.843177Z,2026-03-09T13:24:20.509156Z,https://api.dandiarchive.org/api/assets/2ca82287-055b-4eb8-8545-bffd7ba96690/download/
sub-PL015/sub-PL015_ses-9a6e127b-bb07-4be2-92e2-53dd858c2762_ecephys+image/sub-PL015_ses-9a6e127b-bb07-4be2-92e2-53dd858c2762_VideoRightCamera.mp4,4050699621,eba3c648-e0c5-414e-99f5-b1370aef2d07,2026-02-10T06:18:03.038171Z,2026-03-09T13:24:20.521026Z,https://api.dandiarchive.org/api/assets/eba3c648-e0c5-414e-99f5-b1370aef2d07/download/
sub-ibl-witten-26/sub-ibl-witten-26_ses-a9138924-4395-4981-83d1-530f6ff7c8fc_desc-raw_ecephys.nwb,159905614286,ac6bdc6f-4438-4eff-acd2-5cb0427ab2bd,2026-02-10T06:18:38.075900Z,2026-03-09T13:24:20.531990Z,https://api.dandiarchive.org/api/assets/ac6bdc6f-4438-4eff-acd2-5cb0427ab2bd/download/
sub-PL015/sub-PL015_ses-9a6e127b-bb07-4be2-92e2-53dd858c2762_ecephys+image/sub-PL015_ses-9a6e127b-bb07-4be2-92e2-53dd858c2762_VideoLeftCamera.mp4,6896548750,2fd2c2bb-a4bd-4ea2-bdf0-ba4c2ea298bf,2026-02-10T06:18:45.327962Z,2026-03-09T13:24:20.543641Z,https://api.dandiarchive.org/api/assets/2fd2c2bb-a4bd-4ea2-bdf0-ba4c2ea298bf/download/
sub-CSH-ZAD-024/sub-CSH-ZAD-024_ses-8207abc6-6b23-4762-92b4-82e05bed5143_ecephys+image/sub-CSH-ZAD-024_ses-8207abc6-6b23-4762-92b4-82e05bed5143_VideoLeftCamera.mp4,10286579343,9ae8ad6f-ccc6-428a-8d02-8a653db0fce6,2026-02-10T06:19:32.799133Z,2026-03-09T13:24:20.554459Z,https://api.dandiarchive.org/api/assets/9ae8ad6f-ccc6-428a-8d02-8a653db0fce6/download/
sub-CSH-ZAD-019/sub-CSH-ZAD-019_ses-7f6b86f9-879a-4ea2-8531-294a221af5d0_desc-raw_ecephys.nwb,166317001062,7b12144b-e18c-4154-9938-8c3d1587e99c,2026-02-10T06:24:06.873174Z,2026-03-09T13:24:20.569515Z,https://api.dandiarchive.org/api/assets/7b12144b-e18c-4154-9938-8c3d1587e99c/download/
sub-PL015/sub-PL015_ses-09156021-9a1d-4e1d-ae59-48cbde3c5d42_desc-raw_ecephys.nwb,36580837208,899acb35-d18b-4686-8054-b026c88b53ac,2026-02-10T06:25:33.471921Z,2026-03-09T13:24:20.588452Z,https://api.dandiarchive.org/api/assets/899acb35-d18b-4686-8054-b026c88b53ac/download/
sub-PL030/sub-PL030_ses-500a71dd-8768-4211-a1fe-1fafc9fcbf29_desc-raw_ecephys.nwb,36506242477,1be3fd4c-6de2-4308-a7b0-8e8490fd9032,2026-02-10T06:25:56.414993Z,2026-03-09T13:24:20.604463Z,https://api.dandiarchive.org/api/assets/1be3fd4c-6de2-4308-a7b0-8e8490fd9032/download/
sub-PL015/sub-PL015_ses-90e524a2-aa63-47ce-b5b8-1b1941a1223a_desc-raw_ecephys.nwb,37713113734,58615951-d824-49ef-87af-cd1475fd1764,2026-02-10T06:26:48.319386Z,2026-03-09T13:24:20.624400Z,https://api.dandiarchive.org/api/assets/58615951-d824-49ef-87af-cd1475fd1764/download/
sub-PL015/sub-PL015_ses-9a6e127b-bb07-4be2-92e2-53dd858c2762_desc-raw_ecephys.nwb,37280940934,31464c9e-6a22-45fd-b802-bd1718d34513,2026-02-10T06:27:23.879923Z,2026-03-09T13:24:20.644871Z,https://api.dandiarchive.org/api/assets/31464c9e-6a22-45fd-b802-bd1718d34513/download/
sub-PL017/sub-PL017_ses-10fac7a1-919d-4ca7-83c4-4675bd8d9416_ecephys+image/sub-PL017_ses-10fac7a1-919d-4ca7-83c4-4675bd8d9416_VideoBodyCamera.mp4,726426455,4f342953-e419-4910-b6f5-49ffe585f5df,2026-02-10T06:27:56.888485Z,2026-03-09T13:24:20.656059Z,https://api.dandiarchive.org/api/assets/4f342953-e419-4910-b6f5-49ffe585f5df/download/
sub-PL016/sub-PL016_ses-58c4bf97-ec3b-45b4-9db4-d5d9515d5b00_ecephys+image/sub-PL016_ses-58c4bf97-ec3b-45b4-9db4-d5d9515d5b00_VideoBodyCamera.mp4,1179424489,97cb5168-8176-405a-aa27-bfe6789e7b6e,2026-02-10T06:28:32.515137Z,2026-03-09T13:24:20.674333Z,https://api.dandiarchive.org/api/assets/97cb5168-8176-405a-aa27-bfe6789e7b6e/download/
sub-PL017/sub-PL017_ses-10fac7a1-919d-4ca7-83c4-4675bd8d9416_ecephys+image/sub-PL017_ses-10fac7a1-919d-4ca7-83c4-4675bd8d9416_VideoRightCamera.mp4,4329620891,dd7061dc-1588-4146-872b-e43b43d4b2c2,2026-02-10T06:29:19.883962Z,2026-03-09T13:24:20.689965Z,https://api.dandiarchive.org/api/assets/dd7061dc-1588-4146-872b-e43b43d4b2c2/download/
sub-PL017/sub-PL017_ses-10fac7a1-919d-4ca7-83c4-4675bd8d9416_ecephys+image/sub-PL017_ses-10fac7a1-919d-4ca7-83c4-4675bd8d9416_VideoLeftCamera.mp4,6614874062,997a28b9-0d75-454d-a304-560a0dc5b8b2,2026-02-10T06:29:54.004985Z,2026-03-09T13:24:20.701656Z,https://api.dandiarchive.org/api/assets/997a28b9-0d75-454d-a304-560a0dc5b8b2/download/
sub-PL016/sub-PL016_ses-58c4bf97-ec3b-45b4-9db4-d5d9515d5b00_ecephys+image/sub-PL016_ses-58c4bf97-ec3b-45b4-9db4-d5d9515d5b00_VideoRightCamera.mp4,4770218126,3fbd107c-1a64-4122-8ceb-151e9867f714,2026-02-10T06:29:54.629547Z,2026-03-09T13:24:20.711611Z,https://api.dandiarchive.org/api/assets/3fbd107c-1a64-4122-8ceb-151e9867f714/download/
sub-PL016/sub-PL016_ses-58c4bf97-ec3b-45b4-9db4-d5d9515d5b00_ecephys+image/sub-PL016_ses-58c4bf97-ec3b-45b4-9db4-d5d9515d5b00_VideoLeftCamera.mp4,7495224553,c3c67e0d-989a-480d-9e3e-611e1244ea88,2026-02-10T06:30:35.803779Z,2026-03-09T13:24:20.723713Z,https://api.dandiarchive.org/api/assets/c3c67e0d-989a-480d-9e3e-611e1244ea88/download/
sub-PL017/sub-PL017_ses-f27e6cd6-cdd3-4524-b8e3-8146046e2a7d_ecephys+image/sub-PL017_ses-f27e6cd6-cdd3-4524-b8e3-8146046e2a7d_VideoBodyCamera.mp4,1247093814,2c1bee5a-0841-4638-91ea-3aa3780fe80d,2026-02-10T06:39:25.978384Z,2026-03-09T13:24:20.734616Z,https://api.dandiarchive.org/api/assets/2c1bee5a-0841-4638-91ea-3aa3780fe80d/download/
sub-CSH-ZAD-022/sub-CSH-ZAD-022_ses-a66f1593-dafd-4982-9b66-f9554b6c86b5_desc-raw_ecephys.nwb,177660282707,eab6f680-8aca-4e72-a6c9-b79ae6eb657b,2026-02-10T06:40:04.063748Z,2026-03-09T13:24:20.749299Z,https://api.dandiarchive.org/api/assets/eab6f680-8aca-4e72-a6c9-b79ae6eb657b/download/
sub-PL017/sub-PL017_ses-f27e6cd6-cdd3-4524-b8e3-8146046e2a7d_ecephys+image/sub-PL017_ses-f27e6cd6-cdd3-4524-b8e3-8146046e2a7d_VideoRightCamera.mp4,4035602226,cb262efd-d606-4319-ba04-679fba626eba,2026-02-10T06:40:28.928680Z,2026-03-09T13:24:20.760220Z,https://api.dandiarchive.org/api/assets/cb262efd-d606-4319-ba04-679fba626eba/download/
sub-PL017/sub-PL017_ses-10fac7a1-919d-4ca7-83c4-4675bd8d9416_desc-raw_ecephys.nwb,45184002991,9584b15c-bc66-4069-bdef-436c56a3ba55,2026-02-10T06:40:36.310710Z,2026-03-09T13:24:20.770849Z,https://api.dandiarchive.org/api/assets/9584b15c-bc66-4069-bdef-436c56a3ba55/download/
sub-PL016/sub-PL016_ses-58c4bf97-ec3b-45b4-9db4-d5d9515d5b00_desc-raw_ecephys.nwb,44115494698,4a0fae23-2c04-4184-a959-384631ad82f3,2026-02-10T06:40:50.997708Z,2026-03-09T13:24:20.782636Z,https://api.dandiarchive.org/api/assets/4a0fae23-2c04-4184-a959-384631ad82f3/download/
sub-PL017/sub-PL017_ses-f27e6cd6-cdd3-4524-b8e3-8146046e2a7d_ecephys+image/sub-PL017_ses-f27e6cd6-cdd3-4524-b8e3-8146046e2a7d_VideoLeftCamera.mp4,7327019930,29b81451-a4d1-43ba-953f-f58e8f9fd87d,2026-02-10T06:41:19.346947Z,2026-03-09T13:24:20.794178Z,https://api.dandiarchive.org/api/assets/29b81451-a4d1-43ba-953f-f58e8f9fd87d/download/
sub-PL015/sub-PL015_ses-1d4a7bd6-296a-48b9-b20e-bd0ac80750a5_ecephys+image/sub-PL015_ses-1d4a7bd6-296a-48b9-b20e-bd0ac80750a5_VideoBodyCamera.mp4,1394782933,e79cf565-3a3e-4a19-8941-5e301324bcfd,2026-02-10T06:41:59.602555Z,2026-03-09T13:24:20.805424Z,https://api.dandiarchive.org/api/assets/e79cf565-3a3e-4a19-8941-5e301324bcfd/download/
sub-PL030/sub-PL030_ses-233617ec-c5cf-4eda-afc8-3b1d94f36d73_ecephys+image/sub-PL030_ses-233617ec-c5cf-4eda-afc8-3b1d94f36d73_VideoBodyCamera.mp4,1472310728,4dd3c42d-9971-4813-8f80-667034979d97,2026-02-10T06:43:20.329428Z,2026-03-09T13:24:20.816943Z,https://api.dandiarchive.org/api/assets/4dd3c42d-9971-4813-8f80-667034979d97/download/
sub-PL015/sub-PL015_ses-1d4a7bd6-296a-48b9-b20e-bd0ac80750a5_ecephys+image/sub-PL015_ses-1d4a7bd6-296a-48b9-b20e-bd0ac80750a5_VideoRightCamera.mp4,5918819563,212a37a3-9edd-4c41-bc97-683188ccba6a,2026-02-10T06:43:42.726223Z,2026-03-09T13:24:20.829675Z,https://api.dandiarchive.org/api/assets/212a37a3-9edd-4c41-bc97-683188ccba6a/download/
sub-PL030/sub-PL030_ses-61caa69d-088b-465a-b9d0-d75341dabac6_ecephys+image/sub-PL030_ses-61caa69d-088b-465a-b9d0-d75341dabac6_VideoBodyCamera.mp4,1357825064,afbaacc4-8b6d-44f9-bdea-a2b48740533f,2026-02-10T06:43:53.468628Z,2026-03-09T13:24:20.840473Z,https://api.dandiarchive.org/api/assets/afbaacc4-8b6d-44f9-bdea-a2b48740533f/download/
sub-PL024/sub-PL024_ses-30af8629-7b96-45b7-8778-374720ddbc5e_ecephys+image/sub-PL024_ses-30af8629-7b96-45b7-8778-374720ddbc5e_VideoBodyCamera.mp4,1422250653,66691533-330e-42d9-94bc-8e13808ec6e7,2026-02-10T06:43:59.620670Z,2026-03-09T13:24:20.854475Z,https://api.dandiarchive.org/api/assets/66691533-330e-42d9-94bc-8e13808ec6e7/download/
sub-PL030/sub-PL030_ses-6bf810fd-fbeb-4eea-9ea7-b6791d002b22_ecephys+image/sub-PL030_ses-6bf810fd-fbeb-4eea-9ea7-b6791d002b22_VideoBodyCamera.mp4,1455709374,ba088633-112e-4441-85bb-8a35c6da1abe,2026-02-10T06:44:22.463387Z,2026-03-09T13:24:20.864982Z,https://api.dandiarchive.org/api/assets/ba088633-112e-4441-85bb-8a35c6da1abe/download/
sub-PL015/sub-PL015_ses-1d4a7bd6-296a-48b9-b20e-bd0ac80750a5_ecephys+image/sub-PL015_ses-1d4a7bd6-296a-48b9-b20e-bd0ac80750a5_VideoLeftCamera.mp4,9092169143,1239bc37-f58a-4a81-abc7-87979d4a7788,2026-02-10T06:44:31.929180Z,2026-03-09T13:24:20.876996Z,https://api.dandiarchive.org/api/assets/1239bc37-f58a-4a81-abc7-87979d4a7788/download/
sub-PL030/sub-PL030_ses-61caa69d-088b-465a-b9d0-d75341dabac6_ecephys+image/sub-PL030_ses-61caa69d-088b-465a-b9d0-d75341dabac6_VideoRightCamera.mp4,4962914726,42cd0d3a-4fe3-4d80-80ba-c74c1e229375,2026-02-10T06:45:28.940280Z,2026-03-09T13:24:20.886755Z,https://api.dandiarchive.org/api/assets/42cd0d3a-4fe3-4d80-80ba-c74c1e229375/download/
sub-PL024/sub-PL024_ses-30af8629-7b96-45b7-8778-374720ddbc5e_ecephys+image/sub-PL024_ses-30af8629-7b96-45b7-8778-374720ddbc5e_VideoRightCamera.mp4,6192945673,d3aede48-1818-4946-90b5-83c8a8e47b81,2026-02-10T06:45:47.906642Z,2026-03-09T13:24:20.896130Z,https://api.dandiarchive.org/api/assets/d3aede48-1818-4946-90b5-83c8a8e47b81/download/
sub-PL030/sub-PL030_ses-61caa69d-088b-465a-b9d0-d75341dabac6_ecephys+image/sub-PL030_ses-61caa69d-088b-465a-b9d0-d75341dabac6_VideoLeftCamera.mp4,5667957382,8659ce33-c5dc-4897-8a27-10e7e9f69e4c,2026-02-10T06:45:49.597349Z,2026-03-09T13:24:20.907796Z,https://api.dandiarchive.org/api/assets/8659ce33-c5dc-4897-8a27-10e7e9f69e4c/download/
sub-PL030/sub-PL030_ses-2038e95d-64d4-4ecb-83d0-1308d3c598f8_ecephys+image/sub-PL030_ses-2038e95d-64d4-4ecb-83d0-1308d3c598f8_VideoBodyCamera.mp4,1356358846,0adbff7e-b2f7-499a-8f93-010bec31d59f,2026-02-10T06:45:51.895310Z,2026-03-09T13:24:20.918846Z,https://api.dandiarchive.org/api/assets/0adbff7e-b2f7-499a-8f93-010bec31d59f/download/
sub-PL030/sub-PL030_ses-bd07e3a7-09c3-4b67-996b-42b6d5cedf1c_ecephys+image/sub-PL030_ses-bd07e3a7-09c3-4b67-996b-42b6d5cedf1c_VideoBodyCamera.mp4,1366222423,e7b4bf21-5c38-41f8-a383-39f8d6d1d690,2026-02-10T06:46:03.332908Z,2026-03-09T13:24:20.929605Z,https://api.dandiarchive.org/api/assets/e7b4bf21-5c38-41f8-a383-39f8d6d1d690/download/
sub-PL030/sub-PL030_ses-283ecb4c-e529-409c-9f0a-8ea5191dcf50_ecephys+image/sub-PL030_ses-283ecb4c-e529-409c-9f0a-8ea5191dcf50_VideoBodyCamera.mp4,1500640153,011542db-21e3-4791-9bdd-baf40e4b35ea,2026-02-10T06:46:12.209734Z,2026-03-09T13:24:20.941930Z,https://api.dandiarchive.org/api/assets/011542db-21e3-4791-9bdd-baf40e4b35ea/download/
sub-PL024/sub-PL024_ses-30af8629-7b96-45b7-8778-374720ddbc5e_ecephys+image/sub-PL024_ses-30af8629-7b96-45b7-8778-374720ddbc5e_VideoLeftCamera.mp4,8632233475,fe1a832a-d43c-4e77-b5ca-bd8a98c2b8a0,2026-02-10T06:46:24.918084Z,2026-03-09T13:24:20.952053Z,https://api.dandiarchive.org/api/assets/fe1a832a-d43c-4e77-b5ca-bd8a98c2b8a0/download/
sub-PL030/sub-PL030_ses-233617ec-c5cf-4eda-afc8-3b1d94f36d73_ecephys+image/sub-PL030_ses-233617ec-c5cf-4eda-afc8-3b1d94f36d73_VideoRightCamera.mp4,5141100388,98ebf85d-e7cb-49b0-a96c-dafdf80b0119,2026-02-10T06:46:27.085181Z,2026-03-09T13:24:20.964211Z,https://api.dandiarchive.org/api/assets/98ebf85d-e7cb-49b0-a96c-dafdf80b0119/download/
sub-PL031/sub-PL031_ses-c23b4118-db40-4333-af1d-933154b533c6_ecephys+image/sub-PL031_ses-c23b4118-db40-4333-af1d-933154b533c6_VideoRightCamera.mp4,6233113495,173b97c1-48e9-4997-9169-0e598dbc1868,2026-02-10T06:46:54.669756Z,2026-03-09T13:24:20.973912Z,https://api.dandiarchive.org/api/assets/173b97c1-48e9-4997-9169-0e598dbc1868/download/
sub-PL030/sub-PL030_ses-6bf810fd-fbeb-4eea-9ea7-b6791d002b22_ecephys+image/sub-PL030_ses-6bf810fd-fbeb-4eea-9ea7-b6791d002b22_VideoRightCamera.mp4,4247357013,55155e8e-80db-46db-b10b-f5595a8ce25f,2026-02-10T06:46:56.629193Z,2026-03-09T13:24:20.994906Z,https://api.dandiarchive.org/api/assets/55155e8e-80db-46db-b10b-f5595a8ce25f/download/
sub-PL030/sub-PL030_ses-233617ec-c5cf-4eda-afc8-3b1d94f36d73_ecephys+image/sub-PL030_ses-233617ec-c5cf-4eda-afc8-3b1d94f36d73_VideoLeftCamera.mp4,7155884271,65d92dad-6cf5-4197-b0b7-1588e47218b0,2026-02-10T06:47:25.839190Z,2026-03-09T13:24:21.006922Z,https://api.dandiarchive.org/api/assets/65d92dad-6cf5-4197-b0b7-1588e47218b0/download/
sub-PL030/sub-PL030_ses-6bf810fd-fbeb-4eea-9ea7-b6791d002b22_ecephys+image/sub-PL030_ses-6bf810fd-fbeb-4eea-9ea7-b6791d002b22_VideoLeftCamera.mp4,5377615600,842154af-8aab-488d-a352-25dd341444c4,2026-02-10T06:47:29.961466Z,2026-03-09T13:24:21.016570Z,https://api.dandiarchive.org/api/assets/842154af-8aab-488d-a352-25dd341444c4/download/
sub-PL031/sub-PL031_ses-c23b4118-db40-4333-af1d-933154b533c6_ecephys+image/sub-PL031_ses-c23b4118-db40-4333-af1d-933154b533c6_VideoLeftCamera.mp4,7802000835,044e1421-3bc0-416e-a4a5-bdbc048a6261,2026-02-10T06:47:40.615625Z,2026-03-09T13:24:21.025721Z,https://api.dandiarchive.org/api/assets/044e1421-3bc0-416e-a4a5-bdbc048a6261/download/
sub-PL030/sub-PL030_ses-bd07e3a7-09c3-4b67-996b-42b6d5cedf1c_ecephys+image/sub-PL030_ses-bd07e3a7-09c3-4b67-996b-42b6d5cedf1c_VideoRightCamera.mp4,4372581806,6aa21a1d-c7e8-4bdc-bdcf-725020031cef,2026-02-10T06:48:39.241914Z,2026-03-09T13:24:21.035578Z,https://api.dandiarchive.org/api/assets/6aa21a1d-c7e8-4bdc-bdcf-725020031cef/download/
sub-PL030/sub-PL030_ses-2038e95d-64d4-4ecb-83d0-1308d3c598f8_ecephys+image/sub-PL030_ses-2038e95d-64d4-4ecb-83d0-1308d3c598f8_VideoRightCamera.mp4,5466608201,df787129-0ed6-46e4-816d-db79dc670c36,2026-02-10T06:49:17.091477Z,2026-03-09T13:24:21.045865Z,https://api.dandiarchive.org/api/assets/df787129-0ed6-46e4-816d-db79dc670c36/download/
sub-PL030/sub-PL030_ses-283ecb4c-e529-409c-9f0a-8ea5191dcf50_ecephys+image/sub-PL030_ses-283ecb4c-e529-409c-9f0a-8ea5191dcf50_VideoRightCamera.mp4,5389835723,0805be3a-92a8-476f-997d-e5740144fba5,2026-02-10T06:49:37.049868Z,2026-03-09T13:24:21.057847Z,https://api.dandiarchive.org/api/assets/0805be3a-92a8-476f-997d-e5740144fba5/download/
sub-PL030/sub-PL030_ses-bd07e3a7-09c3-4b67-996b-42b6d5cedf1c_ecephys+image/sub-PL030_ses-bd07e3a7-09c3-4b67-996b-42b6d5cedf1c_VideoLeftCamera.mp4,6452924222,0637884a-1d64-42e8-8957-e7445ab47e35,2026-02-10T06:49:39.516294Z,2026-03-09T13:24:21.068256Z,https://api.dandiarchive.org/api/assets/0637884a-1d64-42e8-8957-e7445ab47e35/download/
sub-PL030/sub-PL030_ses-283ecb4c-e529-409c-9f0a-8ea5191dcf50_ecephys+image/sub-PL030_ses-283ecb4c-e529-409c-9f0a-8ea5191dcf50_VideoLeftCamera.mp4,5791060939,f294f875-0fd5-46cc-9ccd-f51771542881,2026-02-10T06:49:48.927540Z,2026-03-09T13:24:21.076745Z,https://api.dandiarchive.org/api/assets/f294f875-0fd5-46cc-9ccd-f51771542881/download/
sub-PL030/sub-PL030_ses-2038e95d-64d4-4ecb-83d0-1308d3c598f8_ecephys+image/sub-PL030_ses-2038e95d-64d4-4ecb-83d0-1308d3c598f8_VideoLeftCamera.mp4,6561707609,80ce9e1e-bd89-45cc-b464-e41d4c3cae5b,2026-02-10T06:49:49.393174Z,2026-03-09T13:24:21.085525Z,https://api.dandiarchive.org/api/assets/80ce9e1e-bd89-45cc-b464-e41d4c3cae5b/download/
sub-PL031/sub-PL031_ses-c8e11fd8-d130-4f06-abba-9aa20240ce7c_ecephys+image/sub-PL031_ses-c8e11fd8-d130-4f06-abba-9aa20240ce7c_VideoBodyCamera.mp4,1311320700,3ea1d57c-add2-4637-ac15-3dafad6f38a8,2026-02-10T06:50:04.708300Z,2026-03-09T13:24:21.099025Z,https://api.dandiarchive.org/api/assets/3ea1d57c-add2-4637-ac15-3dafad6f38a8/download/
sub-PL030/sub-PL030_ses-c16d3557-b2c1-4545-93d0-112ac0915d93_ecephys+image/sub-PL030_ses-c16d3557-b2c1-4545-93d0-112ac0915d93_VideoBodyCamera.mp4,1565832979,bbc46988-32f0-462e-a07b-5a529a13ef6c,2026-02-10T06:50:55.690034Z,2026-03-09T13:24:21.108915Z,https://api.dandiarchive.org/api/assets/bbc46988-32f0-462e-a07b-5a529a13ef6c/download/
sub-PL033/sub-PL033_ses-62902992-8432-46fb-af12-6392012e58c7_ecephys+image/sub-PL033_ses-62902992-8432-46fb-af12-6392012e58c7_VideoBodyCamera.mp4,1348946515,22e1507b-4635-4d15-ae7d-92d9568ac1c7,2026-02-10T06:51:08.831991Z,2026-03-09T13:24:21.119882Z,https://api.dandiarchive.org/api/assets/22e1507b-4635-4d15-ae7d-92d9568ac1c7/download/
sub-PL031/sub-PL031_ses-fbd28ea6-3251-48e0-b215-2c51ec5185f7_ecephys+image/sub-PL031_ses-fbd28ea6-3251-48e0-b215-2c51ec5185f7_VideoBodyCamera.mp4,1469695320,25537a86-a1f6-4d8b-9743-dd272755a7fc,2026-02-10T06:52:54.649721Z,2026-03-09T13:24:21.129701Z,https://api.dandiarchive.org/api/assets/25537a86-a1f6-4d8b-9743-dd272755a7fc/download/
sub-PL017/sub-PL017_ses-f27e6cd6-cdd3-4524-b8e3-8146046e2a7d_desc-raw_ecephys.nwb,51665678374,e37d0b2d-c729-4944-8bee-2367ecb611c5,2026-02-10T06:53:40.819417Z,2026-03-09T13:24:21.138655Z,https://api.dandiarchive.org/api/assets/e37d0b2d-c729-4944-8bee-2367ecb611c5/download/
sub-PL030/sub-PL030_ses-c16d3557-b2c1-4545-93d0-112ac0915d93_ecephys+image/sub-PL030_ses-c16d3557-b2c1-4545-93d0-112ac0915d93_VideoRightCamera.mp4,4728202539,b61a7681-dd0b-4904-8cb4-00797bae040b,2026-02-10T06:53:41.959024Z,2026-03-09T13:24:21.148444Z,https://api.dandiarchive.org/api/assets/b61a7681-dd0b-4904-8cb4-00797bae040b/download/
sub-PL015/sub-PL015_ses-64977c74-9c04-437a-9ea1-50386c4996db_ecephys+image/sub-PL015_ses-64977c74-9c04-437a-9ea1-50386c4996db_VideoBodyCamera.mp4,1567482623,367630d7-27d3-47ec-b198-df9219bbaad2,2026-02-10T06:53:54.281064Z,2026-03-09T13:24:21.157605Z,https://api.dandiarchive.org/api/assets/367630d7-27d3-47ec-b198-df9219bbaad2/download/
sub-PL031/sub-PL031_ses-9fcbd1a0-77e6-4c41-9428-eeaee74becd5_ecephys+image/sub-PL031_ses-9fcbd1a0-77e6-4c41-9428-eeaee74becd5_VideoBodyCamera.mp4,1253887971,a26a5673-3f6d-4320-97be-f5d00599359e,2026-02-10T06:54:00.506667Z,2026-03-09T13:24:21.166714Z,https://api.dandiarchive.org/api/assets/a26a5673-3f6d-4320-97be-f5d00599359e/download/
sub-PL031/sub-PL031_ses-c8e11fd8-d130-4f06-abba-9aa20240ce7c_ecephys+image/sub-PL031_ses-c8e11fd8-d130-4f06-abba-9aa20240ce7c_VideoRightCamera.mp4,6322454675,50f4f2ef-8efa-454f-96c7-bdbee64c2365,2026-02-10T06:54:09.493320Z,2026-03-09T13:24:21.178886Z,https://api.dandiarchive.org/api/assets/50f4f2ef-8efa-454f-96c7-bdbee64c2365/download/
sub-PL033/sub-PL033_ses-62902992-8432-46fb-af12-6392012e58c7_ecephys+image/sub-PL033_ses-62902992-8432-46fb-af12-6392012e58c7_VideoRightCamera.mp4,5587672720,26e9c61c-d8b8-4011-a81c-093d93de5d24,2026-02-10T06:54:38.980945Z,2026-03-09T13:24:21.196786Z,https://api.dandiarchive.org/api/assets/26e9c61c-d8b8-4011-a81c-093d93de5d24/download/
sub-PL031/sub-PL031_ses-c8e11fd8-d130-4f06-abba-9aa20240ce7c_ecephys+image/sub-PL031_ses-c8e11fd8-d130-4f06-abba-9aa20240ce7c_VideoLeftCamera.mp4,8672279260,a9f25b09-7287-4208-8832-c591c6ccded0,2026-02-10T06:55:18.518350Z,2026-03-09T13:24:21.207012Z,https://api.dandiarchive.org/api/assets/a9f25b09-7287-4208-8832-c591c6ccded0/download/
sub-PL030/sub-PL030_ses-c16d3557-b2c1-4545-93d0-112ac0915d93_ecephys+image/sub-PL030_ses-c16d3557-b2c1-4545-93d0-112ac0915d93_VideoLeftCamera.mp4,8059598632,5f01e13e-fc95-47df-b060-34947ff37880,2026-02-10T06:55:20.006229Z,2026-03-09T13:24:21.218401Z,https://api.dandiarchive.org/api/assets/5f01e13e-fc95-47df-b060-34947ff37880/download/
sub-PL033/sub-PL033_ses-62902992-8432-46fb-af12-6392012e58c7_ecephys+image/sub-PL033_ses-62902992-8432-46fb-af12-6392012e58c7_VideoLeftCamera.mp4,7054480237,a8d880fd-0b60-4dda-8d7f-89ac200b06c9,2026-02-10T06:55:20.996283Z,2026-03-09T13:24:21.230009Z,https://api.dandiarchive.org/api/assets/a8d880fd-0b60-4dda-8d7f-89ac200b06c9/download/
sub-PL017/sub-PL017_ses-8b1f4024-3d96-4ee7-95f9-8a1dfd4ce4ef_ecephys+image/sub-PL017_ses-8b1f4024-3d96-4ee7-95f9-8a1dfd4ce4ef_VideoBodyCamera.mp4,901975158,f5c0a081-03ad-42f6-8dbc-1ff3b4ac8e7a,2026-02-10T06:55:25.104216Z,2026-03-09T13:24:21.240318Z,https://api.dandiarchive.org/api/assets/f5c0a081-03ad-42f6-8dbc-1ff3b4ac8e7a/download/
sub-PL015/sub-PL015_ses-64977c74-9c04-437a-9ea1-50386c4996db_ecephys+image/sub-PL015_ses-64977c74-9c04-437a-9ea1-50386c4996db_VideoRightCamera.mp4,7160540927,cb14ffc9-a982-4ac2-a5f7-7413f47789e9,2026-02-10T06:56:03.059446Z,2026-03-09T13:24:21.253428Z,https://api.dandiarchive.org/api/assets/cb14ffc9-a982-4ac2-a5f7-7413f47789e9/download/
sub-PL015/sub-PL015_ses-1d4a7bd6-296a-48b9-b20e-bd0ac80750a5_desc-raw_ecephys.nwb,50678010045,014f81d7-f68e-4087-a166-035f5db27189,2026-02-10T06:56:16.652437Z,2026-03-09T13:24:21.263019Z,https://api.dandiarchive.org/api/assets/014f81d7-f68e-4087-a166-035f5db27189/download/
sub-PL015/sub-PL015_ses-64977c74-9c04-437a-9ea1-50386c4996db_ecephys+image/sub-PL015_ses-64977c74-9c04-437a-9ea1-50386c4996db_VideoLeftCamera.mp4,9059938102,36fd8dfe-5c0f-47db-aa3b-9acfec95a798,2026-02-10T06:56:32.257008Z,2026-03-09T13:24:21.274244Z,https://api.dandiarchive.org/api/assets/36fd8dfe-5c0f-47db-aa3b-9acfec95a798/download/
sub-PL017/sub-PL017_ses-8b1f4024-3d96-4ee7-95f9-8a1dfd4ce4ef_ecephys+image/sub-PL017_ses-8b1f4024-3d96-4ee7-95f9-8a1dfd4ce4ef_VideoRightCamera.mp4,4416300616,5d22d720-2d01-4b5d-9db0-88be21b8bbbc,2026-02-10T06:56:45.409993Z,2026-03-09T13:24:21.284699Z,https://api.dandiarchive.org/api/assets/5d22d720-2d01-4b5d-9db0-88be21b8bbbc/download/
sub-PL031/sub-PL031_ses-fbd28ea6-3251-48e0-b215-2c51ec5185f7_ecephys+image/sub-PL031_ses-fbd28ea6-3251-48e0-b215-2c51ec5185f7_VideoRightCamera.mp4,6626330340,00e93390-cb97-4625-8c96-f82164e7f6ee,2026-02-10T06:57:13.697815Z,2026-03-09T13:24:21.293493Z,https://api.dandiarchive.org/api/assets/00e93390-cb97-4625-8c96-f82164e7f6ee/download/
sub-PL017/sub-PL017_ses-8b1f4024-3d96-4ee7-95f9-8a1dfd4ce4ef_ecephys+image/sub-PL017_ses-8b1f4024-3d96-4ee7-95f9-8a1dfd4ce4ef_VideoLeftCamera.mp4,8958129878,1d2241e5-6fa3-40b9-99fe-ad28c6af043b,2026-02-10T06:57:54.984025Z,2026-03-09T13:24:21.304010Z,https://api.dandiarchive.org/api/assets/1d2241e5-6fa3-40b9-99fe-ad28c6af043b/download/
sub-PL031/sub-PL031_ses-fbd28ea6-3251-48e0-b215-2c51ec5185f7_ecephys+image/sub-PL031_ses-fbd28ea6-3251-48e0-b215-2c51ec5185f7_VideoLeftCamera.mp4,8585542225,63aa212f-202c-4b9a-a058-8d889fa08cfb,2026-02-10T06:58:11.107206Z,2026-03-09T13:24:21.316279Z,https://api.dandiarchive.org/api/assets/63aa212f-202c-4b9a-a058-8d889fa08cfb/download/
sub-PL031/sub-PL031_ses-c23b4118-db40-4333-af1d-933154b533c6_desc-raw_ecephys.nwb,48907335919,d7b8ffae-ff60-4a3f-8a66-2c10e1cb98c0,2026-02-10T06:58:19.200328Z,2026-03-09T13:24:21.332231Z,https://api.dandiarchive.org/api/assets/d7b8ffae-ff60-4a3f-8a66-2c10e1cb98c0/download/
sub-PL030/sub-PL030_ses-61caa69d-088b-465a-b9d0-d75341dabac6_desc-raw_ecephys.nwb,52941306335,a655aff6-1e3f-49cf-9608-481698742387,2026-02-10T06:58:22.658078Z,2026-03-09T13:24:21.342492Z,https://api.dandiarchive.org/api/assets/a655aff6-1e3f-49cf-9608-481698742387/download/
sub-PL031/sub-PL031_ses-9fcbd1a0-77e6-4c41-9428-eeaee74becd5_ecephys+image/sub-PL031_ses-9fcbd1a0-77e6-4c41-9428-eeaee74becd5_VideoRightCamera.mp4,6945780794,1fc7e38e-72c2-4f63-8eea-65c58f917afa,2026-02-10T06:58:31.729334Z,2026-03-09T13:24:21.352095Z,https://api.dandiarchive.org/api/assets/1fc7e38e-72c2-4f63-8eea-65c58f917afa/download/
sub-PL031/sub-PL031_ses-ef38e503-dd79-4185-bf87-4712d4f274fe_ecephys+image/sub-PL031_ses-ef38e503-dd79-4185-bf87-4712d4f274fe_VideoBodyCamera.mp4,1502734766,7825afa5-376a-4eca-bf94-9753056fa448,2026-02-10T06:58:38.629891Z,2026-03-09T13:24:21.361467Z,https://api.dandiarchive.org/api/assets/7825afa5-376a-4eca-bf94-9753056fa448/download/
sub-PL024/sub-PL024_ses-30af8629-7b96-45b7-8778-374720ddbc5e_desc-raw_ecephys.nwb,53172218560,395ec0c4-7f20-47a0-b8c8-5aec794d5b79,2026-02-10T06:58:55.967344Z,2026-03-09T13:24:21.373829Z,https://api.dandiarchive.org/api/assets/395ec0c4-7f20-47a0-b8c8-5aec794d5b79/download/
sub-PL030/sub-PL030_ses-233617ec-c5cf-4eda-afc8-3b1d94f36d73_desc-raw_ecephys.nwb,51817061749,d9397051-9108-45ff-89ae-f1b5406793a0,2026-02-10T06:58:57.171262Z,2026-03-09T13:24:21.388452Z,https://api.dandiarchive.org/api/assets/d9397051-9108-45ff-89ae-f1b5406793a0/download/
sub-PL031/sub-PL031_ses-9fcbd1a0-77e6-4c41-9428-eeaee74becd5_ecephys+image/sub-PL031_ses-9fcbd1a0-77e6-4c41-9428-eeaee74becd5_VideoLeftCamera.mp4,7922791532,8f24a8cf-6499-4dd2-b5aa-da223fb8fd55,2026-02-10T06:58:59.549220Z,2026-03-09T13:24:21.399323Z,https://api.dandiarchive.org/api/assets/8f24a8cf-6499-4dd2-b5aa-da223fb8fd55/download/
sub-PL030/sub-PL030_ses-6bf810fd-fbeb-4eea-9ea7-b6791d002b22_desc-raw_ecephys.nwb,54476112395,d5c21eb8-f717-4ece-9936-293f94421657,2026-02-10T07:00:06.903201Z,2026-03-09T13:24:21.417383Z,https://api.dandiarchive.org/api/assets/d5c21eb8-f717-4ece-9936-293f94421657/download/
sub-PL030/sub-PL030_ses-bd07e3a7-09c3-4b67-996b-42b6d5cedf1c_desc-raw_ecephys.nwb,53976436383,5b9b8e2f-8f65-4ffb-ad53-b58ae28b58cb,2026-02-10T07:01:53.601160Z,2026-03-09T13:24:21.430291Z,https://api.dandiarchive.org/api/assets/5b9b8e2f-8f65-4ffb-ad53-b58ae28b58cb/download/
sub-PL030/sub-PL030_ses-2038e95d-64d4-4ecb-83d0-1308d3c598f8_desc-raw_ecephys.nwb,53655088919,ecc156fc-5f08-4d68-9925-3888157f0183,2026-02-10T07:01:58.142536Z,2026-03-09T13:24:21.442195Z,https://api.dandiarchive.org/api/assets/ecc156fc-5f08-4d68-9925-3888157f0183/download/
sub-PL030/sub-PL030_ses-283ecb4c-e529-409c-9f0a-8ea5191dcf50_desc-raw_ecephys.nwb,55191997647,73616bfd-86ab-4876-a8d2-2e27f6f8c2b0,2026-02-10T07:02:29.203684Z,2026-03-09T13:24:21.453807Z,https://api.dandiarchive.org/api/assets/73616bfd-86ab-4876-a8d2-2e27f6f8c2b0/download/
sub-PL031/sub-PL031_ses-ef38e503-dd79-4185-bf87-4712d4f274fe_ecephys+image/sub-PL031_ses-ef38e503-dd79-4185-bf87-4712d4f274fe_VideoRightCamera.mp4,7069970271,6a3673d2-98f9-4416-8459-dcbde4f433df,2026-02-10T07:03:16.024988Z,2026-03-09T13:24:21.465444Z,https://api.dandiarchive.org/api/assets/6a3673d2-98f9-4416-8459-dcbde4f433df/download/
sub-PL031/sub-PL031_ses-ef38e503-dd79-4185-bf87-4712d4f274fe_ecephys+image/sub-PL031_ses-ef38e503-dd79-4185-bf87-4712d4f274fe_VideoLeftCamera.mp4,9403786690,5a7120f6-ca11-4a32-a283-6e8f7b6285b6,2026-02-10T07:04:25.665506Z,2026-03-09T13:24:21.481876Z,https://api.dandiarchive.org/api/assets/5a7120f6-ca11-4a32-a283-6e8f7b6285b6/download/
sub-PL017/sub-PL017_ses-1b61b7f2-a599-4e40-abd6-3e758d2c9e25_ecephys+image/sub-PL017_ses-1b61b7f2-a599-4e40-abd6-3e758d2c9e25_VideoBodyCamera.mp4,1562552915,7f0a047e-f552-4ceb-9bf6-2ad12814e43e,2026-02-10T07:06:41.513348Z,2026-03-09T13:24:21.497953Z,https://api.dandiarchive.org/api/assets/7f0a047e-f552-4ceb-9bf6-2ad12814e43e/download/
sub-PL031/sub-PL031_ses-c8e11fd8-d130-4f06-abba-9aa20240ce7c_desc-raw_ecephys.nwb,55248275996,f2438acb-36b5-4733-a083-af42de065ec7,2026-02-10T07:07:19.995725Z,2026-03-09T13:24:21.510234Z,https://api.dandiarchive.org/api/assets/f2438acb-36b5-4733-a083-af42de065ec7/download/
sub-CSH-ZAD-024/sub-CSH-ZAD-024_ses-8207abc6-6b23-4762-92b4-82e05bed5143_desc-raw_ecephys.nwb,191655668117,e457a6bc-e8f7-4681-b499-66d4a64feae9,2026-02-10T07:07:35.892330Z,2026-03-09T13:24:21.521903Z,https://api.dandiarchive.org/api/assets/e457a6bc-e8f7-4681-b499-66d4a64feae9/download/
sub-PL030/sub-PL030_ses-c16d3557-b2c1-4545-93d0-112ac0915d93_desc-raw_ecephys.nwb,57547323470,04259029-a43e-4814-860f-55d8bbf8244d,2026-02-10T07:08:06.652962Z,2026-03-09T13:24:21.541550Z,https://api.dandiarchive.org/api/assets/04259029-a43e-4814-860f-55d8bbf8244d/download/
sub-PL033/sub-PL033_ses-62902992-8432-46fb-af12-6392012e58c7_desc-raw_ecephys.nwb,56552067152,f8341023-9221-458c-8f80-76cceeb13d64,2026-02-10T07:08:13.669213Z,2026-03-09T13:24:21.552951Z,https://api.dandiarchive.org/api/assets/f8341023-9221-458c-8f80-76cceeb13d64/download/
sub-PL017/sub-PL017_ses-1b61b7f2-a599-4e40-abd6-3e758d2c9e25_ecephys+image/sub-PL017_ses-1b61b7f2-a599-4e40-abd6-3e758d2c9e25_VideoRightCamera.mp4,7361370204,d5f1a1fe-4f93-41e1-9cb0-70a805f8b268,2026-02-10T07:08:53.939511Z,2026-03-09T13:24:21.564635Z,https://api.dandiarchive.org/api/assets/d5f1a1fe-4f93-41e1-9cb0-70a805f8b268/download/
sub-PL017/sub-PL017_ses-1b61b7f2-a599-4e40-abd6-3e758d2c9e25_ecephys+image/sub-PL017_ses-1b61b7f2-a599-4e40-abd6-3e758d2c9e25_VideoLeftCamera.mp4,11265774133,bc306ce3-146e-459d-a358-dce2d4099479,2026-02-10T07:09:53.486178Z,2026-03-09T13:24:21.576251Z,https://api.dandiarchive.org/api/assets/bc306ce3-146e-459d-a358-dce2d4099479/download/
sub-PL031/sub-PL031_ses-fbd28ea6-3251-48e0-b215-2c51ec5185f7_desc-raw_ecephys.nwb,56799881778,4460a43a-d348-403d-87d0-737050e769c0,2026-02-10T07:10:36.726681Z,2026-03-09T13:24:21.588013Z,https://api.dandiarchive.org/api/assets/4460a43a-d348-403d-87d0-737050e769c0/download/
sub-PL015/sub-PL015_ses-64977c74-9c04-437a-9ea1-50386c4996db_desc-raw_ecephys.nwb,59579660485,ccbb1594-d833-4039-9223-06a0086a142f,2026-02-10T07:10:41.941372Z,2026-03-09T13:24:21.599820Z,https://api.dandiarchive.org/api/assets/ccbb1594-d833-4039-9223-06a0086a142f/download/
sub-PL031/sub-PL031_ses-9fcbd1a0-77e6-4c41-9428-eeaee74becd5_desc-raw_ecephys.nwb,55547481788,cfe61919-fd49-4bd8-8c93-66c8d9ba669f,2026-02-10T07:11:16.663900Z,2026-03-09T13:24:21.613280Z,https://api.dandiarchive.org/api/assets/cfe61919-fd49-4bd8-8c93-66c8d9ba669f/download/
sub-PL017/sub-PL017_ses-8b1f4024-3d96-4ee7-95f9-8a1dfd4ce4ef_desc-raw_ecephys.nwb,58888536535,2e19de39-ea62-4ad7-8369-690a1aba87fc,2026-02-10T07:11:50.969302Z,2026-03-09T13:24:21.626711Z,https://api.dandiarchive.org/api/assets/2e19de39-ea62-4ad7-8369-690a1aba87fc/download/
sub-PL017/sub-PL017_ses-cea755db-4eee-4138-bdd6-fc23a572f5a1_desc-raw_ecephys.nwb,65797088700,bde1b5eb-5ce7-4b6c-bd37-e46844904acd,2026-02-10T07:13:45.423110Z,2026-03-09T13:24:21.638969Z,https://api.dandiarchive.org/api/assets/bde1b5eb-5ce7-4b6c-bd37-e46844904acd/download/
sub-PL017/sub-PL017_ses-68775ca0-b056-48d5-b6ae-a4c2a76ae48f_ecephys+image/sub-PL017_ses-68775ca0-b056-48d5-b6ae-a4c2a76ae48f_VideoBodyCamera.mp4,1237903509,17f34342-ab62-4aae-94f3-6c8211daab70,2026-02-10T07:15:38.252422Z,2026-03-09T13:24:21.650654Z,https://api.dandiarchive.org/api/assets/17f34342-ab62-4aae-94f3-6c8211daab70/download/
sub-PL017/sub-PL017_ses-68775ca0-b056-48d5-b6ae-a4c2a76ae48f_ecephys+image/sub-PL017_ses-68775ca0-b056-48d5-b6ae-a4c2a76ae48f_VideoRightCamera.mp4,6143495132,51a34953-2a6c-43dd-b8c6-e47f35d91631,2026-02-10T07:17:26.473467Z,2026-03-09T13:24:21.661618Z,https://api.dandiarchive.org/api/assets/51a34953-2a6c-43dd-b8c6-e47f35d91631/download/
sub-PL031/sub-PL031_ses-ef38e503-dd79-4185-bf87-4712d4f274fe_desc-raw_ecephys.nwb,60594102309,978d2343-3ba6-4316-a9be-21a25190445e,2026-02-10T07:17:40.138479Z,2026-03-09T13:24:21.672018Z,https://api.dandiarchive.org/api/assets/978d2343-3ba6-4316-a9be-21a25190445e/download/
sub-PL017/sub-PL017_ses-68775ca0-b056-48d5-b6ae-a4c2a76ae48f_ecephys+image/sub-PL017_ses-68775ca0-b056-48d5-b6ae-a4c2a76ae48f_VideoLeftCamera.mp4,9209652690,0e33db8a-0d71-442f-b7eb-b525223b0f71,2026-02-10T07:18:12.202829Z,2026-03-09T13:24:21.682202Z,https://api.dandiarchive.org/api/assets/0e33db8a-0d71-442f-b7eb-b525223b0f71/download/
sub-PL017/sub-PL017_ses-1b61b7f2-a599-4e40-abd6-3e758d2c9e25_desc-raw_ecephys.nwb,64276818439,9b9bcbcb-170e-4c59-872a-8233c8bafb50,2026-02-10T07:24:54.858339Z,2026-03-09T13:24:21.694066Z,https://api.dandiarchive.org/api/assets/9b9bcbcb-170e-4c59-872a-8233c8bafb50/download/
sub-PL017/sub-PL017_ses-68775ca0-b056-48d5-b6ae-a4c2a76ae48f_desc-raw_ecephys.nwb,70213712813,b76cdaa3-9738-40ae-8b1a-78a1dcc3207c,2026-02-10T07:35:00.215122Z,2026-03-09T13:24:21.705018Z,https://api.dandiarchive.org/api/assets/b76cdaa3-9738-40ae-8b1a-78a1dcc3207c/download/
sub-DY-020/sub-DY-020_ses-26aa51ff-968c-42e4-85c8-8ff47d19254d_ecephys+image/sub-DY-020_ses-26aa51ff-968c-42e4-85c8-8ff47d19254d_VideoBodyCamera.mp4,939086292,789298df-5f8d-4150-ba10-dbec0bc0080a,2026-02-10T07:54:38.565252Z,2026-03-09T13:24:21.715239Z,https://api.dandiarchive.org/api/assets/789298df-5f8d-4150-ba10-dbec0bc0080a/download/
sub-DY-020/sub-DY-020_ses-26aa51ff-968c-42e4-85c8-8ff47d19254d_ecephys+image/sub-DY-020_ses-26aa51ff-968c-42e4-85c8-8ff47d19254d_VideoRightCamera.mp4,5008609310,9a95a04b-dae3-4dc8-8b22-872f4bbf842a,2026-02-10T07:56:05.397338Z,2026-03-09T13:24:21.726844Z,https://api.dandiarchive.org/api/assets/9a95a04b-dae3-4dc8-8b22-872f4bbf842a/download/
sub-DY-020/sub-DY-020_ses-26aa51ff-968c-42e4-85c8-8ff47d19254d_ecephys+image/sub-DY-020_ses-26aa51ff-968c-42e4-85c8-8ff47d19254d_VideoLeftCamera.mp4,6059669849,2c24e306-ed8c-458a-814d-4fcbec66c310,2026-02-10T07:56:20.438631Z,2026-03-09T13:24:21.740896Z,https://api.dandiarchive.org/api/assets/2c24e306-ed8c-458a-814d-4fcbec66c310/download/
sub-PL017/sub-PL017_ses-d71e565d-4ddb-42df-849e-f99cfdeced52_ecephys+image/sub-PL017_ses-d71e565d-4ddb-42df-849e-f99cfdeced52_VideoBodyCamera.mp4,1376767210,f40bd800-7ec1-494a-92d4-8794e132afdb,2026-02-10T08:03:37.303783Z,2026-03-09T13:24:21.757276Z,https://api.dandiarchive.org/api/assets/f40bd800-7ec1-494a-92d4-8794e132afdb/download/
sub-PL017/sub-PL017_ses-d71e565d-4ddb-42df-849e-f99cfdeced52_ecephys+image/sub-PL017_ses-d71e565d-4ddb-42df-849e-f99cfdeced52_VideoRightCamera.mp4,4204801178,8f99bfc1-1d5d-4ed6-a9c6-3afccf930012,2026-02-10T08:04:54.186640Z,2026-03-09T13:24:21.768441Z,https://api.dandiarchive.org/api/assets/8f99bfc1-1d5d-4ed6-a9c6-3afccf930012/download/
sub-PL017/sub-PL017_ses-d71e565d-4ddb-42df-849e-f99cfdeced52_ecephys+image/sub-PL017_ses-d71e565d-4ddb-42df-849e-f99cfdeced52_VideoLeftCamera.mp4,7555377160,11dc63ad-b06f-46d5-8536-321cc23dc0a0,2026-02-10T08:06:32.616451Z,2026-03-09T13:24:21.778848Z,https://api.dandiarchive.org/api/assets/11dc63ad-b06f-46d5-8536-321cc23dc0a0/download/
sub-DY-020/sub-DY-020_ses-948fd27b-507b-41b3-bdf8-f9f5f0af8e0b_ecephys+image/sub-DY-020_ses-948fd27b-507b-41b3-bdf8-f9f5f0af8e0b_VideoBodyCamera.mp4,1066693562,671f4c40-732b-448f-a12b-8253fae41b1c,2026-02-10T08:08:18.037995Z,2026-03-09T13:24:21.788981Z,https://api.dandiarchive.org/api/assets/671f4c40-732b-448f-a12b-8253fae41b1c/download/
sub-DY-020/sub-DY-020_ses-948fd27b-507b-41b3-bdf8-f9f5f0af8e0b_ecephys+image/sub-DY-020_ses-948fd27b-507b-41b3-bdf8-f9f5f0af8e0b_VideoRightCamera.mp4,5104919616,9df56991-666a-49d9-b22a-333efedc3278,2026-02-10T08:09:42.066032Z,2026-03-09T13:24:21.800681Z,https://api.dandiarchive.org/api/assets/9df56991-666a-49d9-b22a-333efedc3278/download/
sub-DY-020/sub-DY-020_ses-2e22c1fc-eec6-4856-85a0-7dba8668f646_ecephys+image/sub-DY-020_ses-2e22c1fc-eec6-4856-85a0-7dba8668f646_VideoBodyCamera.mp4,1082702476,d2b541b2-5de0-407d-bfda-e548ec75c3ac,2026-02-10T08:10:08.606792Z,2026-03-09T13:24:21.811221Z,https://api.dandiarchive.org/api/assets/d2b541b2-5de0-407d-bfda-e548ec75c3ac/download/
sub-DY-020/sub-DY-020_ses-948fd27b-507b-41b3-bdf8-f9f5f0af8e0b_ecephys+image/sub-DY-020_ses-948fd27b-507b-41b3-bdf8-f9f5f0af8e0b_VideoLeftCamera.mp4,6965685030,43ef8c25-b475-4c1f-b419-246fb6b630a1,2026-02-10T08:10:11.752103Z,2026-03-09T13:24:21.821211Z,https://api.dandiarchive.org/api/assets/43ef8c25-b475-4c1f-b419-246fb6b630a1/download/
sub-DY-020/sub-DY-020_ses-2e22c1fc-eec6-4856-85a0-7dba8668f646_ecephys+image/sub-DY-020_ses-2e22c1fc-eec6-4856-85a0-7dba8668f646_VideoRightCamera.mp4,5269784946,290c649d-96e7-49f5-82d4-f8c1318836f8,2026-02-10T08:11:38.862530Z,2026-03-09T13:24:21.834548Z,https://api.dandiarchive.org/api/assets/290c649d-96e7-49f5-82d4-f8c1318836f8/download/
sub-DY-020/sub-DY-020_ses-2e22c1fc-eec6-4856-85a0-7dba8668f646_ecephys+image/sub-DY-020_ses-2e22c1fc-eec6-4856-85a0-7dba8668f646_VideoLeftCamera.mp4,7017816768,618ce506-a2b2-4c36-ba8f-f2dc9ae4294f,2026-02-10T08:12:05.289494Z,2026-03-09T13:24:21.845029Z,https://api.dandiarchive.org/api/assets/618ce506-a2b2-4c36-ba8f-f2dc9ae4294f/download/
sub-DY-020/sub-DY-020_ses-e012d3e3-fdbc-4661-9ffa-5fa284e4e706_ecephys+image/sub-DY-020_ses-e012d3e3-fdbc-4661-9ffa-5fa284e4e706_VideoBodyCamera.mp4,1094444723,8fef6546-aebf-4793-8502-fe1417061631,2026-02-10T08:18:54.715091Z,2026-03-09T13:24:21.857210Z,https://api.dandiarchive.org/api/assets/8fef6546-aebf-4793-8502-fe1417061631/download/
sub-DY-020/sub-DY-020_ses-e012d3e3-fdbc-4661-9ffa-5fa284e4e706_ecephys+image/sub-DY-020_ses-e012d3e3-fdbc-4661-9ffa-5fa284e4e706_VideoRightCamera.mp4,5579880437,c818ada7-89ea-4791-a10b-7746ca246407,2026-02-10T08:20:30.089279Z,2026-03-09T13:24:21.870690Z,https://api.dandiarchive.org/api/assets/c818ada7-89ea-4791-a10b-7746ca246407/download/
sub-DY-020/sub-DY-020_ses-e012d3e3-fdbc-4661-9ffa-5fa284e4e706_ecephys+image/sub-DY-020_ses-e012d3e3-fdbc-4661-9ffa-5fa284e4e706_VideoLeftCamera.mp4,7175241026,12dd8bf0-2229-48a9-8cb7-ffa673d57d58,2026-02-10T08:20:54.463111Z,2026-03-09T13:24:21.881306Z,https://api.dandiarchive.org/api/assets/12dd8bf0-2229-48a9-8cb7-ffa673d57d58/download/
sub-DY-020/sub-DY-020_ses-26aa51ff-968c-42e4-85c8-8ff47d19254d_desc-raw_ecephys.nwb,104563146803,2e2d9b0d-1657-4a44-9e99-833bb7dcb24f,2026-02-10T08:22:20.723893Z,2026-03-09T13:24:21.890382Z,https://api.dandiarchive.org/api/assets/2e2d9b0d-1657-4a44-9e99-833bb7dcb24f/download/
sub-DY-020/sub-DY-020_ses-9fe512b8-92a8-4642-83b6-01158ab66c3c_ecephys+image/sub-DY-020_ses-9fe512b8-92a8-4642-83b6-01158ab66c3c_VideoBodyCamera.mp4,1056389685,c228c4d3-e5e6-4df6-8f63-f842559da074,2026-02-10T08:26:24.817088Z,2026-03-09T13:24:21.904776Z,https://api.dandiarchive.org/api/assets/c228c4d3-e5e6-4df6-8f63-f842559da074/download/
sub-DY-020/sub-DY-020_ses-9fe512b8-92a8-4642-83b6-01158ab66c3c_ecephys+image/sub-DY-020_ses-9fe512b8-92a8-4642-83b6-01158ab66c3c_VideoRightCamera.mp4,5995312411,e98308aa-a86c-4d18-9459-d10400f56a2b,2026-02-10T08:28:10.868344Z,2026-03-09T13:24:21.914082Z,https://api.dandiarchive.org/api/assets/e98308aa-a86c-4d18-9459-d10400f56a2b/download/
sub-DY-020/sub-DY-020_ses-9fe512b8-92a8-4642-83b6-01158ab66c3c_ecephys+image/sub-DY-020_ses-9fe512b8-92a8-4642-83b6-01158ab66c3c_VideoLeftCamera.mp4,8062381605,56358e7c-13e3-4ba9-8e1c-3ec256d11024,2026-02-10T08:28:41.439158Z,2026-03-09T13:24:21.925913Z,https://api.dandiarchive.org/api/assets/56358e7c-13e3-4ba9-8e1c-3ec256d11024/download/
sub-PL017/sub-PL017_ses-d71e565d-4ddb-42df-849e-f99cfdeced52_desc-raw_ecephys.nwb,106887935891,3c72bc74-3523-45eb-a1a1-fa46b6faafe6,2026-02-10T08:32:20.280513Z,2026-03-09T13:24:21.936715Z,https://api.dandiarchive.org/api/assets/3c72bc74-3523-45eb-a1a1-fa46b6faafe6/download/
sub-DY-020/sub-DY-020_ses-9eec761e-9762-4897-b308-a3a08c311e69_ecephys+image/sub-DY-020_ses-9eec761e-9762-4897-b308-a3a08c311e69_VideoBodyCamera.mp4,1081855983,a361a5a2-7c81-4d0f-b1bf-6e26eac53cf8,2026-02-10T08:32:26.364794Z,2026-03-09T13:24:21.946170Z,https://api.dandiarchive.org/api/assets/a361a5a2-7c81-4d0f-b1bf-6e26eac53cf8/download/
sub-DY-020/sub-DY-020_ses-9eec761e-9762-4897-b308-a3a08c311e69_ecephys+image/sub-DY-020_ses-9eec761e-9762-4897-b308-a3a08c311e69_VideoRightCamera.mp4,6352274902,31feb72a-fab8-4e1b-a96e-dc9ab192bfcc,2026-02-10T08:34:19.103783Z,2026-03-09T13:24:21.956130Z,https://api.dandiarchive.org/api/assets/31feb72a-fab8-4e1b-a96e-dc9ab192bfcc/download/
sub-DY-020/sub-DY-020_ses-9eec761e-9762-4897-b308-a3a08c311e69_ecephys+image/sub-DY-020_ses-9eec761e-9762-4897-b308-a3a08c311e69_VideoLeftCamera.mp4,8289563112,311beb8b-403e-4d09-86f1-d6b9210740d4,2026-02-10T08:34:48.384267Z,2026-03-09T13:24:21.965913Z,https://api.dandiarchive.org/api/assets/311beb8b-403e-4d09-86f1-d6b9210740d4/download/
sub-DY-020/sub-DY-020_ses-948fd27b-507b-41b3-bdf8-f9f5f0af8e0b_desc-raw_ecephys.nwb,112631642152,550edf4d-c088-4ca8-ba8b-ec8feb4a2cc9,2026-02-10T08:37:55.617781Z,2026-03-09T13:24:21.975197Z,https://api.dandiarchive.org/api/assets/550edf4d-c088-4ca8-ba8b-ec8feb4a2cc9/download/
sub-DY-020/sub-DY-020_ses-2e22c1fc-eec6-4856-85a0-7dba8668f646_desc-raw_ecephys.nwb,114686699405,01f5dd7e-e260-4a78-aabd-4bf04194a898,2026-02-10T08:40:40.192761Z,2026-03-09T13:24:21.985057Z,https://api.dandiarchive.org/api/assets/01f5dd7e-e260-4a78-aabd-4bf04194a898/download/
sub-DY-020/sub-DY-020_ses-e012d3e3-fdbc-4661-9ffa-5fa284e4e706_desc-raw_ecephys.nwb,119291071806,6741399b-24fc-4c24-b72a-24d6886d178f,2026-02-10T08:50:41.969775Z,2026-03-09T13:24:21.994393Z,https://api.dandiarchive.org/api/assets/6741399b-24fc-4c24-b72a-24d6886d178f/download/
sub-DY-020/sub-DY-020_ses-9fe512b8-92a8-4642-83b6-01158ab66c3c_desc-raw_ecephys.nwb,125401716909,97c3a0cd-b9b7-4190-922d-0ad69e46453f,2026-02-10T08:59:53.101578Z,2026-03-09T13:24:22.004434Z,https://api.dandiarchive.org/api/assets/97c3a0cd-b9b7-4190-922d-0ad69e46453f/download/
sub-DY-020/sub-DY-020_ses-9eec761e-9762-4897-b308-a3a08c311e69_desc-raw_ecephys.nwb,128515209747,e9f28556-6eac-4fa9-9d79-116ba1e43f3a,2026-02-10T09:06:37.001455Z,2026-03-09T13:24:22.015136Z,https://api.dandiarchive.org/api/assets/e9f28556-6eac-4fa9-9d79-116ba1e43f3a/download/
sub-ZFM-01936/sub-ZFM-01936_ses-3f6e25ae-c007-4dc3-aa77-450fd5705046_ecephys+image/sub-ZFM-01936_ses-3f6e25ae-c007-4dc3-aa77-450fd5705046_VideoBodyCamera.mp4,770604330,f13d2e6f-96b9-4f3d-841b-b69756c8a834,2026-02-10T09:53:04.840375Z,2026-03-09T13:24:22.026483Z,https://api.dandiarchive.org/api/assets/f13d2e6f-96b9-4f3d-841b-b69756c8a834/download/
sub-ZFM-01936/sub-ZFM-01936_ses-3f6e25ae-c007-4dc3-aa77-450fd5705046_ecephys+image/sub-ZFM-01936_ses-3f6e25ae-c007-4dc3-aa77-450fd5705046_VideoRightCamera.mp4,2829661726,7d862a5e-c1ba-4092-be2d-608c704cd381,2026-02-10T09:53:49.527999Z,2026-03-09T13:24:22.038073Z,https://api.dandiarchive.org/api/assets/7d862a5e-c1ba-4092-be2d-608c704cd381/download/
sub-ZFM-01936/sub-ZFM-01936_ses-3f6e25ae-c007-4dc3-aa77-450fd5705046_ecephys+image/sub-ZFM-01936_ses-3f6e25ae-c007-4dc3-aa77-450fd5705046_VideoLeftCamera.mp4,4786698641,7d59cace-4223-4789-847b-35adb94d15d0,2026-02-10T09:54:18.887885Z,2026-03-09T13:24:22.049618Z,https://api.dandiarchive.org/api/assets/7d59cace-4223-4789-847b-35adb94d15d0/download/
sub-ZFM-01936/sub-ZFM-01936_ses-3f6e25ae-c007-4dc3-aa77-450fd5705046_desc-raw_ecephys.nwb,42988722712,c2077950-05c9-4b71-a65d-6f1cbd24b69e,2026-02-10T10:04:40.943980Z,2026-03-09T13:24:22.059396Z,https://api.dandiarchive.org/api/assets/c2077950-05c9-4b71-a65d-6f1cbd24b69e/download/
sub-ZM-2241/sub-ZM-2241_ses-e49d8ee7-24b9-416a-9d04-9be33b655f40_ecephys+image/sub-ZM-2241_ses-e49d8ee7-24b9-416a-9d04-9be33b655f40_VideoRightCamera.mp4,3397623249,9434a7fd-85ff-4ef7-80f3-3cfe815f4bf0,2026-02-10T10:05:19.784624Z,2026-03-09T13:24:22.068621Z,https://api.dandiarchive.org/api/assets/9434a7fd-85ff-4ef7-80f3-3cfe815f4bf0/download/
sub-ZM-2241/sub-ZM-2241_ses-e49d8ee7-24b9-416a-9d04-9be33b655f40_ecephys+image/sub-ZM-2241_ses-e49d8ee7-24b9-416a-9d04-9be33b655f40_VideoLeftCamera.mp4,3769133845,dc2a22bf-f4ad-4fc8-9d55-5075cf4c62ea,2026-02-10T10:05:25.025236Z,2026-03-09T13:24:22.081836Z,https://api.dandiarchive.org/api/assets/dc2a22bf-f4ad-4fc8-9d55-5075cf4c62ea/download/
sub-ZM-1898/sub-ZM-1898_ses-53738f95-bd08-4d9d-9133-483fdb19e8da_ecephys+image/sub-ZM-1898_ses-53738f95-bd08-4d9d-9133-483fdb19e8da_VideoRightCamera.mp4,2873510013,a59cebca-fe33-418e-9796-6241d33e207f,2026-02-10T10:07:52.622863Z,2026-03-09T13:24:22.097290Z,https://api.dandiarchive.org/api/assets/a59cebca-fe33-418e-9796-6241d33e207f/download/
sub-ZM-1898/sub-ZM-1898_ses-53738f95-bd08-4d9d-9133-483fdb19e8da_ecephys+image/sub-ZM-1898_ses-53738f95-bd08-4d9d-9133-483fdb19e8da_VideoLeftCamera.mp4,4472862059,24aaaf9c-2111-49dd-91aa-a637f5562a44,2026-02-10T10:08:16.426067Z,2026-03-09T13:24:22.108093Z,https://api.dandiarchive.org/api/assets/24aaaf9c-2111-49dd-91aa-a637f5562a44/download/
sub-ZM-1897/sub-ZM-1897_ses-e5fae088-ed96-4d9b-82f9-dfd13c259d52_desc-raw_ecephys.nwb,45304596492,980b106e-e2b9-42a4-ad7e-7eb8c8dfc8d4,2026-02-10T10:09:11.692161Z,2026-03-09T13:24:22.121045Z,https://api.dandiarchive.org/api/assets/980b106e-e2b9-42a4-ad7e-7eb8c8dfc8d4/download/
sub-ZFM-01937/sub-ZFM-01937_ses-113c5b6c-940e-4b21-b462-789b4c2be0e5_ecephys+image/sub-ZFM-01937_ses-113c5b6c-940e-4b21-b462-789b4c2be0e5_VideoBodyCamera.mp4,1233356160,626c5beb-aee3-4e0b-958a-f39c389a34dd,2026-02-10T10:11:52.951751Z,2026-03-09T13:24:22.131902Z,https://api.dandiarchive.org/api/assets/626c5beb-aee3-4e0b-958a-f39c389a34dd/download/
sub-ZFM-01937/sub-ZFM-01937_ses-113c5b6c-940e-4b21-b462-789b4c2be0e5_ecephys+image/sub-ZFM-01937_ses-113c5b6c-940e-4b21-b462-789b4c2be0e5_VideoRightCamera.mp4,4403018636,dc536ebd-8ac6-451e-aed9-96a832398e6d,2026-02-10T10:13:03.324429Z,2026-03-09T13:24:22.150511Z,https://api.dandiarchive.org/api/assets/dc536ebd-8ac6-451e-aed9-96a832398e6d/download/
sub-SWC-052/sub-SWC-052_ses-fc14c0d6-51cf-48ba-b326-56ed5a9420c3_ecephys+image/sub-SWC-052_ses-fc14c0d6-51cf-48ba-b326-56ed5a9420c3_VideoBodyCamera.mp4,757229666,c2da4473-7e40-420f-951f-693eef9dce8c,2026-02-10T10:13:16.292686Z,2026-03-09T13:24:22.160557Z,https://api.dandiarchive.org/api/assets/c2da4473-7e40-420f-951f-693eef9dce8c/download/
sub-ZFM-01937/sub-ZFM-01937_ses-113c5b6c-940e-4b21-b462-789b4c2be0e5_ecephys+image/sub-ZFM-01937_ses-113c5b6c-940e-4b21-b462-789b4c2be0e5_VideoLeftCamera.mp4,7236689097,96d58410-235c-4f99-8d81-bd70cc63150c,2026-02-10T10:13:46.511739Z,2026-03-09T13:24:22.174458Z,https://api.dandiarchive.org/api/assets/96d58410-235c-4f99-8d81-bd70cc63150c/download/
sub-SWC-052/sub-SWC-052_ses-fc14c0d6-51cf-48ba-b326-56ed5a9420c3_ecephys+image/sub-SWC-052_ses-fc14c0d6-51cf-48ba-b326-56ed5a9420c3_VideoRightCamera.mp4,4503989338,a6ad7137-9754-4f64-8acb-323ec34cc72c,2026-02-10T10:14:39.792186Z,2026-03-09T13:24:22.184853Z,https://api.dandiarchive.org/api/assets/a6ad7137-9754-4f64-8acb-323ec34cc72c/download/
sub-ZFM-02370/sub-ZFM-02370_ses-6f6d2c8e-28be-49f4-ae4d-06be2d3148c1_ecephys+image/sub-ZFM-02370_ses-6f6d2c8e-28be-49f4-ae4d-06be2d3148c1_VideoBodyCamera.mp4,1154420831,bcd6cd60-29a2-4848-9462-c6e9b07c7e99,2026-02-10T10:14:42.860989Z,2026-03-09T13:24:22.195986Z,https://api.dandiarchive.org/api/assets/bcd6cd60-29a2-4848-9462-c6e9b07c7e99/download/
sub-SWC-052/sub-SWC-052_ses-fc14c0d6-51cf-48ba-b326-56ed5a9420c3_ecephys+image/sub-SWC-052_ses-fc14c0d6-51cf-48ba-b326-56ed5a9420c3_VideoLeftCamera.mp4,8875293954,78afe1ad-0064-4c83-ad81-d0d28bd7b079,2026-02-10T10:15:45.755885Z,2026-03-09T13:24:22.207650Z,https://api.dandiarchive.org/api/assets/78afe1ad-0064-4c83-ad81-d0d28bd7b079/download/
sub-ZFM-02370/sub-ZFM-02370_ses-6f6d2c8e-28be-49f4-ae4d-06be2d3148c1_ecephys+image/sub-ZFM-02370_ses-6f6d2c8e-28be-49f4-ae4d-06be2d3148c1_VideoRightCamera.mp4,4844609754,1d8c7e82-8f60-4550-8e0e-dd97b2a9e272,2026-02-10T10:16:04.787483Z,2026-03-09T13:24:22.217331Z,https://api.dandiarchive.org/api/assets/1d8c7e82-8f60-4550-8e0e-dd97b2a9e272/download/
sub-ZFM-02370/sub-ZFM-02370_ses-6f6d2c8e-28be-49f4-ae4d-06be2d3148c1_ecephys+image/sub-ZFM-02370_ses-6f6d2c8e-28be-49f4-ae4d-06be2d3148c1_VideoLeftCamera.mp4,7071757310,66a08959-8ce3-46d1-9f8f-3757566253ac,2026-02-10T10:16:38.091627Z,2026-03-09T13:24:22.228182Z,https://api.dandiarchive.org/api/assets/66a08959-8ce3-46d1-9f8f-3757566253ac/download/
sub-ZM-2241/sub-ZM-2241_ses-e49d8ee7-24b9-416a-9d04-9be33b655f40_desc-raw_ecephys.nwb,48010008193,72a47208-dc39-464c-81cf-71601f6ea414,2026-02-10T10:17:15.055271Z,2026-03-09T13:24:22.238123Z,https://api.dandiarchive.org/api/assets/72a47208-dc39-464c-81cf-71601f6ea414/download/
sub-SWC-054/sub-SWC-054_ses-6bb5da8f-6858-4fdd-96d9-c34b3b841593_ecephys+image/sub-SWC-054_ses-6bb5da8f-6858-4fdd-96d9-c34b3b841593_VideoBodyCamera.mp4,926617374,63fa7002-0191-461f-ab9d-6c37ad05fb04,2026-02-10T10:18:21.076390Z,2026-03-09T13:24:22.247694Z,https://api.dandiarchive.org/api/assets/63fa7002-0191-461f-ab9d-6c37ad05fb04/download/
sub-SWC-054/sub-SWC-054_ses-6bb5da8f-6858-4fdd-96d9-c34b3b841593_ecephys+image/sub-SWC-054_ses-6bb5da8f-6858-4fdd-96d9-c34b3b841593_VideoRightCamera.mp4,5077691506,e918bc02-02f6-4a5d-bfcc-115d1710603c,2026-02-10T10:19:55.843482Z,2026-03-09T13:24:22.257806Z,https://api.dandiarchive.org/api/assets/e918bc02-02f6-4a5d-bfcc-115d1710603c/download/
sub-ZM-1898/sub-ZM-1898_ses-53738f95-bd08-4d9d-9133-483fdb19e8da_desc-raw_ecephys.nwb,49282426463,c5cd53ff-6f39-4945-894b-a4a93b71fc8f,2026-02-10T10:20:20.976529Z,2026-03-09T13:24:22.269326Z,https://api.dandiarchive.org/api/assets/c5cd53ff-6f39-4945-894b-a4a93b71fc8f/download/
sub-SWC-054/sub-SWC-054_ses-6bb5da8f-6858-4fdd-96d9-c34b3b841593_ecephys+image/sub-SWC-054_ses-6bb5da8f-6858-4fdd-96d9-c34b3b841593_VideoLeftCamera.mp4,9449863512,0f201359-191d-4cd1-91b9-68484d0ed43b,2026-02-10T10:21:02.406691Z,2026-03-09T13:24:22.278770Z,https://api.dandiarchive.org/api/assets/0f201359-191d-4cd1-91b9-68484d0ed43b/download/
sub-ZFM-02372/sub-ZFM-02372_ses-7cec9792-b8f9-4878-be7e-f08103dc0323_ecephys+image/sub-ZFM-02372_ses-7cec9792-b8f9-4878-be7e-f08103dc0323_VideoBodyCamera.mp4,966473703,bad2add0-8019-488d-95b9-1cb3c2159965,2026-02-10T10:21:32.503723Z,2026-03-09T13:24:22.287608Z,https://api.dandiarchive.org/api/assets/bad2add0-8019-488d-95b9-1cb3c2159965/download/
sub-ZFM-02372/sub-ZFM-02372_ses-7cec9792-b8f9-4878-be7e-f08103dc0323_ecephys+image/sub-ZFM-02372_ses-7cec9792-b8f9-4878-be7e-f08103dc0323_VideoRightCamera.mp4,4326136655,d9828218-2343-4ad9-bef1-9d2472b3cc95,2026-02-10T10:22:47.068801Z,2026-03-09T13:24:22.298330Z,https://api.dandiarchive.org/api/assets/d9828218-2343-4ad9-bef1-9d2472b3cc95/download/
sub-ZFM-02372/sub-ZFM-02372_ses-7cec9792-b8f9-4878-be7e-f08103dc0323_ecephys+image/sub-ZFM-02372_ses-7cec9792-b8f9-4878-be7e-f08103dc0323_VideoLeftCamera.mp4,6135505670,1fed4d9a-47aa-405f-9c44-770843013ad8,2026-02-10T10:23:14.621927Z,2026-03-09T13:24:22.309048Z,https://api.dandiarchive.org/api/assets/1fed4d9a-47aa-405f-9c44-770843013ad8/download/
sub-ZFM-01937/sub-ZFM-01937_ses-113c5b6c-940e-4b21-b462-789b4c2be0e5_desc-raw_ecephys.nwb,52897709353,eaef9f65-99d7-4d07-a378-1bdc0497e5b2,2026-02-10T10:26:31.165355Z,2026-03-09T13:24:22.322832Z,https://api.dandiarchive.org/api/assets/eaef9f65-99d7-4d07-a378-1bdc0497e5b2/download/
sub-ZFM-04308/sub-ZFM-04308_ses-9dd72e52-5393-4c08-9eca-f7dace2e59f6_ecephys+image/sub-ZFM-04308_ses-9dd72e52-5393-4c08-9eca-f7dace2e59f6_VideoBodyCamera.mp4,1034227286,a747071d-b299-4e09-b94d-a61bb69334a0,2026-02-10T10:27:23.368361Z,2026-03-09T13:24:22.332790Z,https://api.dandiarchive.org/api/assets/a747071d-b299-4e09-b94d-a61bb69334a0/download/
sub-SWC-052/sub-SWC-052_ses-fc14c0d6-51cf-48ba-b326-56ed5a9420c3_desc-raw_ecephys.nwb,52575290798,6d5bc1cf-dc8c-4a37-ba57-5b4ceda423eb,2026-02-10T10:28:13.232768Z,2026-03-09T13:24:22.342447Z,https://api.dandiarchive.org/api/assets/6d5bc1cf-dc8c-4a37-ba57-5b4ceda423eb/download/
sub-ZFM-04308/sub-ZFM-04308_ses-9dd72e52-5393-4c08-9eca-f7dace2e59f6_ecephys+image/sub-ZFM-04308_ses-9dd72e52-5393-4c08-9eca-f7dace2e59f6_VideoRightCamera.mp4,3668494619,59ca6201-4122-4929-8580-55c2379dfdf2,2026-02-10T10:28:33.609342Z,2026-03-09T13:24:22.351308Z,https://api.dandiarchive.org/api/assets/59ca6201-4122-4929-8580-55c2379dfdf2/download/
sub-ZFM-02370/sub-ZFM-02370_ses-6f6d2c8e-28be-49f4-ae4d-06be2d3148c1_desc-raw_ecephys.nwb,52866295835,325d5a93-5512-4863-aef9-36dbe9b2689b,2026-02-10T10:29:14.398571Z,2026-03-09T13:24:22.361942Z,https://api.dandiarchive.org/api/assets/325d5a93-5512-4863-aef9-36dbe9b2689b/download/
sub-ZFM-04308/sub-ZFM-04308_ses-9dd72e52-5393-4c08-9eca-f7dace2e59f6_ecephys+image/sub-ZFM-04308_ses-9dd72e52-5393-4c08-9eca-f7dace2e59f6_VideoLeftCamera.mp4,6265312572,2070e77a-5b2e-405e-bf5e-e5dd5fa1a401,2026-02-10T10:29:23.109180Z,2026-03-09T13:24:22.370717Z,https://api.dandiarchive.org/api/assets/2070e77a-5b2e-405e-bf5e-e5dd5fa1a401/download/
sub-SWC-054/sub-SWC-054_ses-91796ceb-e314-4859-9a1f-092f85cc846a_ecephys+image/sub-SWC-054_ses-91796ceb-e314-4859-9a1f-092f85cc846a_VideoBodyCamera.mp4,370178216,1db92c0c-37cc-483a-80fb-4f4e5fb15185,2026-02-10T10:33:15.751159Z,2026-03-09T13:24:22.380195Z,https://api.dandiarchive.org/api/assets/1db92c0c-37cc-483a-80fb-4f4e5fb15185/download/
sub-ZFM-02370/sub-ZFM-02370_ses-d0c91c3c-8cbb-4929-8657-31f18bffc294_ecephys+image/sub-ZFM-02370_ses-d0c91c3c-8cbb-4929-8657-31f18bffc294_VideoBodyCamera.mp4,956834264,8558834b-3d3a-4b2c-bd77-913f6e1eef8b,2026-02-10T10:33:25.581633Z,2026-03-09T13:24:22.392553Z,https://api.dandiarchive.org/api/assets/8558834b-3d3a-4b2c-bd77-913f6e1eef8b/download/
sub-ZFM-01937/sub-ZFM-01937_ses-0b7ee1b6-42db-46cd-a465-08f531366187_ecephys+image/sub-ZFM-01937_ses-0b7ee1b6-42db-46cd-a465-08f531366187_VideoBodyCamera.mp4,1274738276,f1ba6cbd-630b-46fb-918a-5eaab6336992,2026-02-10T10:33:42.331464Z,2026-03-09T13:24:22.402981Z,https://api.dandiarchive.org/api/assets/f1ba6cbd-630b-46fb-918a-5eaab6336992/download/
sub-SWC-054/sub-SWC-054_ses-6bb5da8f-6858-4fdd-96d9-c34b3b841593_desc-raw_ecephys.nwb,54665297361,065db2a1-e487-4518-a7c4-2b7133355399,2026-02-10T10:33:46.975372Z,2026-03-09T13:24:22.412741Z,https://api.dandiarchive.org/api/assets/065db2a1-e487-4518-a7c4-2b7133355399/download/
sub-ZFM-02370/sub-ZFM-02370_ses-d0c91c3c-8cbb-4929-8657-31f18bffc294_ecephys+image/sub-ZFM-02370_ses-d0c91c3c-8cbb-4929-8657-31f18bffc294_VideoRightCamera.mp4,3374346007,5e025c08-6c3b-4398-afab-7ab498e3567a,2026-02-10T10:34:17.491620Z,2026-03-09T13:24:22.421930Z,https://api.dandiarchive.org/api/assets/5e025c08-6c3b-4398-afab-7ab498e3567a/download/
sub-SWC-054/sub-SWC-054_ses-91796ceb-e314-4859-9a1f-092f85cc846a_ecephys+image/sub-SWC-054_ses-91796ceb-e314-4859-9a1f-092f85cc846a_VideoRightCamera.mp4,4616024735,cc55f8d9-8f59-4167-a2b9-400e726d3535,2026-02-10T10:34:46.430821Z,2026-03-09T13:24:22.430457Z,https://api.dandiarchive.org/api/assets/cc55f8d9-8f59-4167-a2b9-400e726d3535/download/
sub-ZFM-02370/sub-ZFM-02370_ses-d0c91c3c-8cbb-4929-8657-31f18bffc294_ecephys+image/sub-ZFM-02370_ses-d0c91c3c-8cbb-4929-8657-31f18bffc294_VideoLeftCamera.mp4,6448379242,924d2d62-034c-4e9c-a8fe-5e89efbcf62d,2026-02-10T10:35:04.189213Z,2026-03-09T13:24:22.440959Z,https://api.dandiarchive.org/api/assets/924d2d62-034c-4e9c-a8fe-5e89efbcf62d/download/
sub-ZFM-01937/sub-ZFM-01937_ses-0b7ee1b6-42db-46cd-a465-08f531366187_ecephys+image/sub-ZFM-01937_ses-0b7ee1b6-42db-46cd-a465-08f531366187_VideoRightCamera.mp4,5072423208,dcbe9f7d-188c-4c31-9aa2-0b8bd6332012,2026-02-10T10:35:05.935449Z,2026-03-09T13:24:22.451182Z,https://api.dandiarchive.org/api/assets/dcbe9f7d-188c-4c31-9aa2-0b8bd6332012/download/
sub-SWC-054/sub-SWC-054_ses-91796ceb-e314-4859-9a1f-092f85cc846a_ecephys+image/sub-SWC-054_ses-91796ceb-e314-4859-9a1f-092f85cc846a_VideoLeftCamera.mp4,9834696248,b63ad14f-6bad-4702-82c4-889b784b5128,2026-02-10T10:36:06.150637Z,2026-03-09T13:24:22.460489Z,https://api.dandiarchive.org/api/assets/b63ad14f-6bad-4702-82c4-889b784b5128/download/
sub-ZFM-01937/sub-ZFM-01937_ses-0b7ee1b6-42db-46cd-a465-08f531366187_ecephys+image/sub-ZFM-01937_ses-0b7ee1b6-42db-46cd-a465-08f531366187_VideoLeftCamera.mp4,9903991489,0f41225c-3570-4c3e-bd6c-d35a05196284,2026-02-10T10:36:18.880113Z,2026-03-09T13:24:22.468899Z,https://api.dandiarchive.org/api/assets/0f41225c-3570-4c3e-bd6c-d35a05196284/download/
sub-ZM-1898/sub-ZM-1898_ses-21e16736-fd59-44c7-b938-9b1333d25da8_ecephys+image/sub-ZM-1898_ses-21e16736-fd59-44c7-b938-9b1333d25da8_VideoRightCamera.mp4,4298575929,f19d0fd1-3ebf-4591-bfb4-f02b9062c968,2026-02-10T10:36:52.399408Z,2026-03-09T13:24:22.478672Z,https://api.dandiarchive.org/api/assets/f19d0fd1-3ebf-4591-bfb4-f02b9062c968/download/
sub-ZM-1898/sub-ZM-1898_ses-21e16736-fd59-44c7-b938-9b1333d25da8_ecephys+image/sub-ZM-1898_ses-21e16736-fd59-44c7-b938-9b1333d25da8_VideoLeftCamera.mp4,7194319520,11d3297a-6afe-47a6-bd12-303b65aefda9,2026-02-10T10:37:37.086403Z,2026-03-09T13:24:22.487418Z,https://api.dandiarchive.org/api/assets/11d3297a-6afe-47a6-bd12-303b65aefda9/download/
sub-ZFM-02372/sub-ZFM-02372_ses-7cec9792-b8f9-4878-be7e-f08103dc0323_desc-raw_ecephys.nwb,59348815088,f22bb404-5805-464e-ba8b-0375bea43785,2026-02-10T10:37:37.669165Z,2026-03-09T13:24:22.496033Z,https://api.dandiarchive.org/api/assets/f22bb404-5805-464e-ba8b-0375bea43785/download/
sub-SWC-053/sub-SWC-053_ses-032452e9-1886-449d-9c13-0f192572e19f_ecephys+image/sub-SWC-053_ses-032452e9-1886-449d-9c13-0f192572e19f_VideoBodyCamera.mp4,1112448797,0296d78d-4e69-473e-83e1-82ffc23bc7af,2026-02-10T10:38:51.343937Z,2026-03-09T13:24:22.505673Z,https://api.dandiarchive.org/api/assets/0296d78d-4e69-473e-83e1-82ffc23bc7af/download/
sub-SWC-053/sub-SWC-053_ses-032452e9-1886-449d-9c13-0f192572e19f_ecephys+image/sub-SWC-053_ses-032452e9-1886-449d-9c13-0f192572e19f_VideoRightCamera.mp4,6025435805,4722740e-29c0-4f8c-b490-6a7b628a358d,2026-02-10T10:40:39.882763Z,2026-03-09T13:24:22.514075Z,https://api.dandiarchive.org/api/assets/4722740e-29c0-4f8c-b490-6a7b628a358d/download/
sub-ZM-2240/sub-ZM-2240_ses-193fe7a8-4eb5-4f3e-815a-0c45864ddd77_ecephys+image/sub-ZM-2240_ses-193fe7a8-4eb5-4f3e-815a-0c45864ddd77_VideoRightCamera.mp4,5214007258,c98362f1-1f8f-4936-ada8-47138420342a,2026-02-10T10:40:57.715979Z,2026-03-09T13:24:22.522708Z,https://api.dandiarchive.org/api/assets/c98362f1-1f8f-4936-ada8-47138420342a/download/
sub-ZM-2240/sub-ZM-2240_ses-193fe7a8-4eb5-4f3e-815a-0c45864ddd77_ecephys+image/sub-ZM-2240_ses-193fe7a8-4eb5-4f3e-815a-0c45864ddd77_VideoLeftCamera.mp4,6238927179,283dc478-461b-4b5d-a1be-fcb4dc5c3ee2,2026-02-10T10:41:13.141455Z,2026-03-09T13:24:22.531890Z,https://api.dandiarchive.org/api/assets/283dc478-461b-4b5d-a1be-fcb4dc5c3ee2/download/
sub-SWC-053/sub-SWC-053_ses-032452e9-1886-449d-9c13-0f192572e19f_ecephys+image/sub-SWC-053_ses-032452e9-1886-449d-9c13-0f192572e19f_VideoLeftCamera.mp4,11885444564,87ecf285-7feb-45b0-8dd7-1eab76529017,2026-02-10T10:42:10.851374Z,2026-03-09T13:24:22.541237Z,https://api.dandiarchive.org/api/assets/87ecf285-7feb-45b0-8dd7-1eab76529017/download/
sub-ZM-1897/sub-ZM-1897_ses-dd4da095-4a99-4bf3-9727-f735077dba66_desc-raw_ecephys.nwb,67274211954,9d684599-8ded-4bbd-85b0-2917ef4fbc9d,2026-02-10T10:42:22.020654Z,2026-03-09T13:24:22.549947Z,https://api.dandiarchive.org/api/assets/9d684599-8ded-4bbd-85b0-2917ef4fbc9d/download/
sub-ZFM-04308/sub-ZFM-04308_ses-9dd72e52-5393-4c08-9eca-f7dace2e59f6_desc-raw_ecephys.nwb,62708343257,22114fd2-157c-4d68-ad7b-a25328b81173,2026-02-10T10:44:18.515457Z,2026-03-09T13:24:22.560279Z,https://api.dandiarchive.org/api/assets/22114fd2-157c-4d68-ad7b-a25328b81173/download/
sub-PL033/sub-PL033_ses-9fc31d79-b56f-46d0-92a0-e9563caf4a7a_ecephys+image/sub-PL033_ses-9fc31d79-b56f-46d0-92a0-e9563caf4a7a_VideoBodyCamera.mp4,1243918317,3571d872-e9d2-4161-8280-f3d182d2c77c,2026-02-10T10:48:16.903830Z,2026-03-09T13:24:22.569997Z,https://api.dandiarchive.org/api/assets/3571d872-e9d2-4161-8280-f3d182d2c77c/download/
sub-PL033/sub-PL033_ses-4546cd60-fa2a-4d20-a9b6-d091e01d16f2_ecephys+image/sub-PL033_ses-4546cd60-fa2a-4d20-a9b6-d091e01d16f2_VideoBodyCamera.mp4,1221605710,cef932e6-50c7-46ae-83e4-04b9b612b3f2,2026-02-10T10:49:53.299335Z,2026-03-09T13:24:22.581475Z,https://api.dandiarchive.org/api/assets/cef932e6-50c7-46ae-83e4-04b9b612b3f2/download/
sub-PL033/sub-PL033_ses-837b4e6a-ccfd-49b0-a1dd-3aa53fbf2ecb_ecephys+image/sub-PL033_ses-837b4e6a-ccfd-49b0-a1dd-3aa53fbf2ecb_VideoBodyCamera.mp4,1019740853,285b384e-f4f0-466a-9118-473a81849c7c,2026-02-10T10:50:24.422657Z,2026-03-09T13:24:22.591253Z,https://api.dandiarchive.org/api/assets/285b384e-f4f0-466a-9118-473a81849c7c/download/
sub-ZM-2240/sub-ZM-2240_ses-510b1a50-825d-44ce-86f6-9678f5396e02_ecephys+image/sub-ZM-2240_ses-510b1a50-825d-44ce-86f6-9678f5396e02_VideoRightCamera.mp4,5850892881,cf24b88a-35ae-4390-a123-63a0647ea730,2026-02-10T10:50:30.187180Z,2026-03-09T13:24:22.602124Z,https://api.dandiarchive.org/api/assets/cf24b88a-35ae-4390-a123-63a0647ea730/download/
sub-PL033/sub-PL033_ses-cef05f87-161b-4031-932c-6f47daf89698_ecephys+image/sub-PL033_ses-cef05f87-161b-4031-932c-6f47daf89698_VideoBodyCamera.mp4,1286691077,db85c058-230a-423c-be67-d13ed1a892b0,2026-02-10T10:50:45.428991Z,2026-03-09T13:24:22.612324Z,https://api.dandiarchive.org/api/assets/db85c058-230a-423c-be67-d13ed1a892b0/download/
sub-ZFM-02370/sub-ZFM-02370_ses-d0c91c3c-8cbb-4929-8657-31f18bffc294_desc-raw_ecephys.nwb,65126128204,7d6c9a18-892e-46b0-ae57-c3b362c7493c,2026-02-10T10:50:56.839810Z,2026-03-09T13:24:22.623981Z,https://api.dandiarchive.org/api/assets/7d6c9a18-892e-46b0-ae57-c3b362c7493c/download/
sub-ZM-2240/sub-ZM-2240_ses-510b1a50-825d-44ce-86f6-9678f5396e02_ecephys+image/sub-ZM-2240_ses-510b1a50-825d-44ce-86f6-9678f5396e02_VideoLeftCamera.mp4,7698839207,f66d4956-e7aa-4246-9fa6-d2e9fc73b86f,2026-02-10T10:50:58.710161Z,2026-03-09T13:24:22.638240Z,https://api.dandiarchive.org/api/assets/f66d4956-e7aa-4246-9fa6-d2e9fc73b86f/download/
sub-PL033/sub-PL033_ses-9fc31d79-b56f-46d0-92a0-e9563caf4a7a_ecephys+image/sub-PL033_ses-9fc31d79-b56f-46d0-92a0-e9563caf4a7a_VideoRightCamera.mp4,4711434722,a465b854-0313-43aa-8008-7fef164c6f59,2026-02-10T10:51:16.320260Z,2026-03-09T13:24:22.651719Z,https://api.dandiarchive.org/api/assets/a465b854-0313-43aa-8008-7fef164c6f59/download/
sub-ZFM-01937/sub-ZFM-01937_ses-0b7ee1b6-42db-46cd-a465-08f531366187_desc-raw_ecephys.nwb,63849640964,7c3e226b-1c32-4b5c-9f78-d05b13832b76,2026-02-10T10:51:20.495063Z,2026-03-09T13:24:22.661521Z,https://api.dandiarchive.org/api/assets/7c3e226b-1c32-4b5c-9f78-d05b13832b76/download/
sub-SWC-054/sub-SWC-054_ses-91796ceb-e314-4859-9a1f-092f85cc846a_desc-raw_ecephys.nwb,65238966336,8ba037de-9008-4e4e-a54b-88af91a7e34b,2026-02-10T10:51:34.746009Z,2026-03-09T13:24:22.671718Z,https://api.dandiarchive.org/api/assets/8ba037de-9008-4e4e-a54b-88af91a7e34b/download/
sub-PL033/sub-PL033_ses-9fc31d79-b56f-46d0-92a0-e9563caf4a7a_ecephys+image/sub-PL033_ses-9fc31d79-b56f-46d0-92a0-e9563caf4a7a_VideoLeftCamera.mp4,5363985673,81a8387f-2a64-4c45-a4a7-cecfe66ec755,2026-02-10T10:51:35.816000Z,2026-03-09T13:24:22.684051Z,https://api.dandiarchive.org/api/assets/81a8387f-2a64-4c45-a4a7-cecfe66ec755/download/
sub-PL033/sub-PL033_ses-75db708a-9952-4452-a5b1-a851d88f8e28_ecephys+image/sub-PL033_ses-75db708a-9952-4452-a5b1-a851d88f8e28_VideoBodyCamera.mp4,1116630226,f75e39e5-44d5-4d3c-ba5a-e8309feb21e4,2026-02-10T10:51:52.466229Z,2026-03-09T13:24:22.693949Z,https://api.dandiarchive.org/api/assets/f75e39e5-44d5-4d3c-ba5a-e8309feb21e4/download/
sub-ZFM-02368/sub-ZFM-02368_ses-a4a74102-2af5-45dc-9e41-ef7f5aed88be_ecephys+image/sub-ZFM-02368_ses-a4a74102-2af5-45dc-9e41-ef7f5aed88be_VideoBodyCamera.mp4,702764098,1f40ddfc-e240-4543-a550-3037e93232a6,2026-02-10T10:52:55.736422Z,2026-03-09T13:24:22.704746Z,https://api.dandiarchive.org/api/assets/1f40ddfc-e240-4543-a550-3037e93232a6/download/
sub-ZM-1898/sub-ZM-1898_ses-21e16736-fd59-44c7-b938-9b1333d25da8_desc-raw_ecephys.nwb,66141438650,53773a24-9695-4dbc-9735-a362235a3693,2026-02-10T10:53:38.653916Z,2026-03-09T13:24:22.715353Z,https://api.dandiarchive.org/api/assets/53773a24-9695-4dbc-9735-a362235a3693/download/
sub-PL033/sub-PL033_ses-837b4e6a-ccfd-49b0-a1dd-3aa53fbf2ecb_ecephys+image/sub-PL033_ses-837b4e6a-ccfd-49b0-a1dd-3aa53fbf2ecb_VideoRightCamera.mp4,5324498263,c64439d5-1904-4d8b-aa90-e223ac139ebc,2026-02-10T10:53:51.104154Z,2026-03-09T13:24:22.725247Z,https://api.dandiarchive.org/api/assets/c64439d5-1904-4d8b-aa90-e223ac139ebc/download/
sub-ZFM-02368/sub-ZFM-02368_ses-a4a74102-2af5-45dc-9e41-ef7f5aed88be_ecephys+image/sub-ZFM-02368_ses-a4a74102-2af5-45dc-9e41-ef7f5aed88be_VideoRightCamera.mp4,3439470187,277694f5-a717-4772-bbbc-5c94eaa4c931,2026-02-10T10:53:55.254368Z,2026-03-09T13:24:22.736456Z,https://api.dandiarchive.org/api/assets/277694f5-a717-4772-bbbc-5c94eaa4c931/download/
sub-PL033/sub-PL033_ses-4546cd60-fa2a-4d20-a9b6-d091e01d16f2_ecephys+image/sub-PL033_ses-4546cd60-fa2a-4d20-a9b6-d091e01d16f2_VideoRightCamera.mp4,6509712809,e6ea6cc9-51ef-44f2-b57d-b414c5e3a9b3,2026-02-10T10:54:11.012264Z,2026-03-09T13:24:22.747487Z,https://api.dandiarchive.org/api/assets/e6ea6cc9-51ef-44f2-b57d-b414c5e3a9b3/download/
sub-PL033/sub-PL033_ses-4546cd60-fa2a-4d20-a9b6-d091e01d16f2_ecephys+image/sub-PL033_ses-4546cd60-fa2a-4d20-a9b6-d091e01d16f2_VideoLeftCamera.mp4,6619758035,a607739e-4de6-484f-8cde-aaefb23ccc26,2026-02-10T10:54:12.951555Z,2026-03-09T13:24:22.756944Z,https://api.dandiarchive.org/api/assets/a607739e-4de6-484f-8cde-aaefb23ccc26/download/
sub-PL033/sub-PL033_ses-837b4e6a-ccfd-49b0-a1dd-3aa53fbf2ecb_ecephys+image/sub-PL033_ses-837b4e6a-ccfd-49b0-a1dd-3aa53fbf2ecb_VideoLeftCamera.mp4,6157222737,45c5aca1-fd92-47a4-9727-5e856c2ba130,2026-02-10T10:54:14.989639Z,2026-03-09T13:24:22.767615Z,https://api.dandiarchive.org/api/assets/45c5aca1-fd92-47a4-9727-5e856c2ba130/download/
sub-ZFM-02368/sub-ZFM-02368_ses-a4a74102-2af5-45dc-9e41-ef7f5aed88be_ecephys+image/sub-ZFM-02368_ses-a4a74102-2af5-45dc-9e41-ef7f5aed88be_VideoLeftCamera.mp4,4878335580,9ca4a31e-5655-4337-8c20-0cd3e6c1f089,2026-02-10T10:54:16.989770Z,2026-03-09T13:24:22.778205Z,https://api.dandiarchive.org/api/assets/9ca4a31e-5655-4337-8c20-0cd3e6c1f089/download/
sub-PL033/sub-PL033_ses-7f150b7c-c261-46e6-9edb-cc391c9d9f03_ecephys+image/sub-PL033_ses-7f150b7c-c261-46e6-9edb-cc391c9d9f03_VideoBodyCamera.mp4,1235588783,3d62a2ee-1bb3-4840-a94e-11b88b12ab4e,2026-02-10T10:54:41.758402Z,2026-03-09T13:24:22.789369Z,https://api.dandiarchive.org/api/assets/3d62a2ee-1bb3-4840-a94e-11b88b12ab4e/download/
sub-PL033/sub-PL033_ses-cef05f87-161b-4031-932c-6f47daf89698_ecephys+image/sub-PL033_ses-cef05f87-161b-4031-932c-6f47daf89698_VideoRightCamera.mp4,6135411184,6cb1cf00-f024-4374-9b7b-3fb94d8ff941,2026-02-10T10:54:47.626081Z,2026-03-09T13:24:22.798990Z,https://api.dandiarchive.org/api/assets/6cb1cf00-f024-4374-9b7b-3fb94d8ff941/download/
sub-PL033/sub-PL033_ses-cef05f87-161b-4031-932c-6f47daf89698_ecephys+image/sub-PL033_ses-cef05f87-161b-4031-932c-6f47daf89698_VideoLeftCamera.mp4,6683898592,4847c465-1bbb-4b38-9844-3c8f3e9e44fd,2026-02-10T10:55:03.356371Z,2026-03-09T13:24:22.811816Z,https://api.dandiarchive.org/api/assets/4847c465-1bbb-4b38-9844-3c8f3e9e44fd/download/
sub-PL033/sub-PL033_ses-75db708a-9952-4452-a5b1-a851d88f8e28_ecephys+image/sub-PL033_ses-75db708a-9952-4452-a5b1-a851d88f8e28_VideoRightCamera.mp4,6446769532,61baad88-865c-48f9-b0ef-5c90162fe496,2026-02-10T10:56:05.662901Z,2026-03-09T13:24:22.828218Z,https://api.dandiarchive.org/api/assets/61baad88-865c-48f9-b0ef-5c90162fe496/download/
sub-PL033/sub-PL033_ses-75db708a-9952-4452-a5b1-a851d88f8e28_ecephys+image/sub-PL033_ses-75db708a-9952-4452-a5b1-a851d88f8e28_VideoLeftCamera.mp4,6876080362,02e08c71-7999-42d8-b224-8df4edb2fed5,2026-02-10T10:56:18.073142Z,2026-03-09T13:24:22.838777Z,https://api.dandiarchive.org/api/assets/02e08c71-7999-42d8-b224-8df4edb2fed5/download/
sub-PL033/sub-PL033_ses-49250fba-801c-4867-a0a7-a1e19538cb61_ecephys+image/sub-PL033_ses-49250fba-801c-4867-a0a7-a1e19538cb61_VideoBodyCamera.mp4,1441301553,4c881e46-ec6e-443f-8605-d23bde122032,2026-02-10T10:56:30.514769Z,2026-03-09T13:24:22.849362Z,https://api.dandiarchive.org/api/assets/4c881e46-ec6e-443f-8605-d23bde122032/download/
sub-SWC-053/sub-SWC-053_ses-032452e9-1886-449d-9c13-0f192572e19f_desc-raw_ecephys.nwb,65038266916,a96cbafa-6bc2-46ea-a889-bb387eb0c1e6,2026-02-10T10:57:15.538687Z,2026-03-09T13:24:22.861696Z,https://api.dandiarchive.org/api/assets/a96cbafa-6bc2-46ea-a889-bb387eb0c1e6/download/
sub-ZM-2240/sub-ZM-2240_ses-193fe7a8-4eb5-4f3e-815a-0c45864ddd77_desc-raw_ecephys.nwb,69276707961,d8e6b32f-aea0-4bcd-a60a-9787f31d6e25,2026-02-10T10:58:10.294600Z,2026-03-09T13:24:22.873248Z,https://api.dandiarchive.org/api/assets/d8e6b32f-aea0-4bcd-a60a-9787f31d6e25/download/
sub-PL033/sub-PL033_ses-7f150b7c-c261-46e6-9edb-cc391c9d9f03_ecephys+image/sub-PL033_ses-7f150b7c-c261-46e6-9edb-cc391c9d9f03_VideoRightCamera.mp4,5503793139,6979b3e3-ed34-4646-9c05-208a32c2abe5,2026-02-10T10:58:12.272517Z,2026-03-09T13:24:22.885146Z,https://api.dandiarchive.org/api/assets/6979b3e3-ed34-4646-9c05-208a32c2abe5/download/
sub-PL033/sub-PL033_ses-7f150b7c-c261-46e6-9edb-cc391c9d9f03_ecephys+image/sub-PL033_ses-7f150b7c-c261-46e6-9edb-cc391c9d9f03_VideoLeftCamera.mp4,6713029195,3df41330-a37f-4c22-aba2-2236a72f6e78,2026-02-10T10:58:47.583357Z,2026-03-09T13:24:22.897184Z,https://api.dandiarchive.org/api/assets/3df41330-a37f-4c22-aba2-2236a72f6e78/download/
sub-PL033/sub-PL033_ses-49250fba-801c-4867-a0a7-a1e19538cb61_ecephys+image/sub-PL033_ses-49250fba-801c-4867-a0a7-a1e19538cb61_VideoRightCamera.mp4,5336533347,469eb384-5209-4dd0-aa00-99dfbb5c5d5d,2026-02-10T10:59:52.925842Z,2026-03-09T13:24:22.914741Z,https://api.dandiarchive.org/api/assets/469eb384-5209-4dd0-aa00-99dfbb5c5d5d/download/
sub-PL033/sub-PL033_ses-49250fba-801c-4867-a0a7-a1e19538cb61_ecephys+image/sub-PL033_ses-49250fba-801c-4867-a0a7-a1e19538cb61_VideoLeftCamera.mp4,7614574496,d6bddf97-ac26-4b70-949c-5d9aedd9b078,2026-02-10T11:00:59.723345Z,2026-03-09T13:24:22.928409Z,https://api.dandiarchive.org/api/assets/d6bddf97-ac26-4b70-949c-5d9aedd9b078/download/
sub-SWC-058/sub-SWC-058_ses-3638d102-e8b6-4230-8742-e548cd87a949_ecephys+image/sub-SWC-058_ses-3638d102-e8b6-4230-8742-e548cd87a949_VideoBodyCamera.mp4,926704461,54953b73-3018-49df-ab9b-fb1cea4371c8,2026-02-10T11:01:21.399472Z,2026-03-09T13:24:22.940979Z,https://api.dandiarchive.org/api/assets/54953b73-3018-49df-ab9b-fb1cea4371c8/download/
sub-ZM-2241/sub-ZM-2241_ses-465c44bd-2e67-4112-977b-36e1ac7e3f8c_ecephys+image/sub-ZM-2241_ses-465c44bd-2e67-4112-977b-36e1ac7e3f8c_VideoRightCamera.mp4,3032759462,9409f353-50be-42de-9571-cb89d12fe18f,2026-02-10T11:01:39.098528Z,2026-03-09T13:24:22.951539Z,https://api.dandiarchive.org/api/assets/9409f353-50be-42de-9571-cb89d12fe18f/download/
sub-ZM-2241/sub-ZM-2241_ses-465c44bd-2e67-4112-977b-36e1ac7e3f8c_ecephys+image/sub-ZM-2241_ses-465c44bd-2e67-4112-977b-36e1ac7e3f8c_VideoLeftCamera.mp4,3182222621,89650936-f9fa-4a72-93b7-799b2c01f485,2026-02-10T11:01:40.826908Z,2026-03-09T13:24:22.961120Z,https://api.dandiarchive.org/api/assets/89650936-f9fa-4a72-93b7-799b2c01f485/download/
sub-PL033/sub-PL033_ses-9fc31d79-b56f-46d0-92a0-e9563caf4a7a_desc-raw_ecephys.nwb,49341611678,4702725a-64bf-4122-9436-190a779ec1e7,2026-02-10T11:02:54.004448Z,2026-03-09T13:24:22.972734Z,https://api.dandiarchive.org/api/assets/4702725a-64bf-4122-9436-190a779ec1e7/download/
sub-SWC-058/sub-SWC-058_ses-3638d102-e8b6-4230-8742-e548cd87a949_ecephys+image/sub-SWC-058_ses-3638d102-e8b6-4230-8742-e548cd87a949_VideoRightCamera.mp4,7962321570,cfdf9409-e6da-45d6-b3e8-018bef7befff,2026-02-10T11:03:59.925217Z,2026-03-09T13:24:22.983960Z,https://api.dandiarchive.org/api/assets/cfdf9409-e6da-45d6-b3e8-018bef7befff/download/
sub-PL033/sub-PL033_ses-4546cd60-fa2a-4d20-a9b6-d091e01d16f2_desc-raw_ecephys.nwb,50716198111,1605e70d-4d49-4d2a-bc00-5c0ea83dc938,2026-02-10T11:05:33.277987Z,2026-03-09T13:24:22.997609Z,https://api.dandiarchive.org/api/assets/1605e70d-4d49-4d2a-bc00-5c0ea83dc938/download/
sub-PL033/sub-PL033_ses-837b4e6a-ccfd-49b0-a1dd-3aa53fbf2ecb_desc-raw_ecephys.nwb,52294786079,db2d5f1b-2b97-4c71-8fad-1e4a1ca18a1b,2026-02-10T11:06:06.770453Z,2026-03-09T13:24:23.008320Z,https://api.dandiarchive.org/api/assets/db2d5f1b-2b97-4c71-8fad-1e4a1ca18a1b/download/
sub-SWC-058/sub-SWC-058_ses-3638d102-e8b6-4230-8742-e548cd87a949_ecephys+image/sub-SWC-058_ses-3638d102-e8b6-4230-8742-e548cd87a949_VideoLeftCamera.mp4,16473417122,20b9763f-fb22-4b12-9342-68c1c99e700c,2026-02-10T11:06:09.372366Z,2026-03-09T13:24:23.019197Z,https://api.dandiarchive.org/api/assets/20b9763f-fb22-4b12-9342-68c1c99e700c/download/
sub-PL033/sub-PL033_ses-cef05f87-161b-4031-932c-6f47daf89698_desc-raw_ecephys.nwb,51701637192,9ed8a871-49ff-4aa4-9c94-c24af38dd2b2,2026-02-10T11:06:47.039791Z,2026-03-09T13:24:23.030190Z,https://api.dandiarchive.org/api/assets/9ed8a871-49ff-4aa4-9c94-c24af38dd2b2/download/
sub-PL033/sub-PL033_ses-75db708a-9952-4452-a5b1-a851d88f8e28_desc-raw_ecephys.nwb,52699986344,63218346-ed0d-4fd3-bab4-c3a235086d31,2026-02-10T11:08:08.731078Z,2026-03-09T13:24:23.040744Z,https://api.dandiarchive.org/api/assets/63218346-ed0d-4fd3-bab4-c3a235086d31/download/
sub-PL033/sub-PL033_ses-a34b4013-414b-42ed-9318-e93fbbc71e7b_ecephys+image/sub-PL033_ses-a34b4013-414b-42ed-9318-e93fbbc71e7b_VideoBodyCamera.mp4,1618197728,9a887fa9-58d2-418c-ae86-79587beb0db4,2026-02-10T11:08:16.780898Z,2026-03-09T13:24:23.050247Z,https://api.dandiarchive.org/api/assets/9a887fa9-58d2-418c-ae86-79587beb0db4/download/
sub-ZM-2240/sub-ZM-2240_ses-510b1a50-825d-44ce-86f6-9678f5396e02_desc-raw_ecephys.nwb,75092897472,5384aa88-5f6e-47b7-a178-96dd49988445,2026-02-10T11:09:26.263529Z,2026-03-09T13:24:23.061039Z,https://api.dandiarchive.org/api/assets/5384aa88-5f6e-47b7-a178-96dd49988445/download/
sub-PL033/sub-PL033_ses-7f150b7c-c261-46e6-9edb-cc391c9d9f03_desc-raw_ecephys.nwb,54398965154,538b3fc5-47fe-4ea5-9dfd-a021cfc75998,2026-02-10T11:11:04.138003Z,2026-03-09T13:24:23.077628Z,https://api.dandiarchive.org/api/assets/538b3fc5-47fe-4ea5-9dfd-a021cfc75998/download/
sub-PL033/sub-PL033_ses-a34b4013-414b-42ed-9318-e93fbbc71e7b_ecephys+image/sub-PL033_ses-a34b4013-414b-42ed-9318-e93fbbc71e7b_VideoRightCamera.mp4,6923954094,d23008ba-60ef-4fb7-8cbd-ae6a07bad168,2026-02-10T11:12:42.258686Z,2026-03-09T13:24:23.087417Z,https://api.dandiarchive.org/api/assets/d23008ba-60ef-4fb7-8cbd-ae6a07bad168/download/
sub-PL033/sub-PL033_ses-49250fba-801c-4867-a0a7-a1e19538cb61_desc-raw_ecephys.nwb,53636464439,dd081b7a-ccff-4d0c-828d-a270f18a6877,2026-02-10T11:12:53.110968Z,2026-03-09T13:24:23.098988Z,https://api.dandiarchive.org/api/assets/dd081b7a-ccff-4d0c-828d-a270f18a6877/download/
sub-PL033/sub-PL033_ses-a34b4013-414b-42ed-9318-e93fbbc71e7b_ecephys+image/sub-PL033_ses-a34b4013-414b-42ed-9318-e93fbbc71e7b_VideoLeftCamera.mp4,8884990204,104f8aa3-ace3-4cb4-9e62-1fe120e73e2b,2026-02-10T11:13:39.503904Z,2026-03-09T13:24:23.109354Z,https://api.dandiarchive.org/api/assets/104f8aa3-ace3-4cb4-9e62-1fe120e73e2b/download/
sub-ZFM-02368/sub-ZFM-02368_ses-a4a74102-2af5-45dc-9e41-ef7f5aed88be_desc-raw_ecephys.nwb,85359291312,669332ae-4490-4ec8-b18b-66c674ac1adc,2026-02-10T11:15:36.990637Z,2026-03-09T13:24:23.118413Z,https://api.dandiarchive.org/api/assets/669332ae-4490-4ec8-b18b-66c674ac1adc/download/
sub-ZFM-02373/sub-ZFM-02373_ses-0802ced5-33a3-405e-8336-b65ebc5cb07c_ecephys+image/sub-ZFM-02373_ses-0802ced5-33a3-405e-8336-b65ebc5cb07c_VideoBodyCamera.mp4,804572209,75e09f20-a4a5-42c0-9d49-35359082b114,2026-02-10T11:16:24.866719Z,2026-03-09T13:24:23.127506Z,https://api.dandiarchive.org/api/assets/75e09f20-a4a5-42c0-9d49-35359082b114/download/
sub-ZFM-02373/sub-ZFM-02373_ses-0802ced5-33a3-405e-8336-b65ebc5cb07c_ecephys+image/sub-ZFM-02373_ses-0802ced5-33a3-405e-8336-b65ebc5cb07c_VideoRightCamera.mp4,3877321926,e94e1cf6-bb17-4bac-9f57-e2e4bb47cff6,2026-02-10T11:17:31.064289Z,2026-03-09T13:24:23.138169Z,https://api.dandiarchive.org/api/assets/e94e1cf6-bb17-4bac-9f57-e2e4bb47cff6/download/
sub-ZFM-02373/sub-ZFM-02373_ses-0802ced5-33a3-405e-8336-b65ebc5cb07c_ecephys+image/sub-ZFM-02373_ses-0802ced5-33a3-405e-8336-b65ebc5cb07c_VideoLeftCamera.mp4,5246673950,45d2f15b-8df9-43ea-8a6a-1e1599cb7625,2026-02-10T11:17:50.719908Z,2026-03-09T13:24:23.147096Z,https://api.dandiarchive.org/api/assets/45d2f15b-8df9-43ea-8a6a-1e1599cb7625/download/
sub-SWC-058/sub-SWC-058_ses-3638d102-e8b6-4230-8742-e548cd87a949_desc-raw_ecephys.nwb,79065592433,f9ecb5c0-e341-4c17-a7ba-fe3589a3c455,2026-02-10T11:24:18.994065Z,2026-03-09T13:24:23.156583Z,https://api.dandiarchive.org/api/assets/f9ecb5c0-e341-4c17-a7ba-fe3589a3c455/download/
sub-SWC-052/sub-SWC-052_ses-22e04698-b974-4805-b241-3b547dbf37bf_ecephys+image/sub-SWC-052_ses-22e04698-b974-4805-b241-3b547dbf37bf_VideoBodyCamera.mp4,910100282,502821d3-e53c-44d3-9bf9-e82ebe904783,2026-02-10T11:24:26.141327Z,2026-03-09T13:24:23.166455Z,https://api.dandiarchive.org/api/assets/502821d3-e53c-44d3-9bf9-e82ebe904783/download/
sub-ZM-2241/sub-ZM-2241_ses-465c44bd-2e67-4112-977b-36e1ac7e3f8c_desc-raw_ecephys.nwb,91576707810,ed01b52e-c984-4b6a-ad9c-17893489f40e,2026-02-10T11:24:40.337943Z,2026-03-09T13:24:23.178537Z,https://api.dandiarchive.org/api/assets/ed01b52e-c984-4b6a-ad9c-17893489f40e/download/
sub-ZFM-01936/sub-ZFM-01936_ses-2c44a360-5a56-4971-8009-f469fb59de98_ecephys+image/sub-ZFM-01936_ses-2c44a360-5a56-4971-8009-f469fb59de98_VideoBodyCamera.mp4,1028026178,0228a543-f3b0-4402-9f78-d5341644b75f,2026-02-10T11:24:45.040270Z,2026-03-09T13:24:23.188421Z,https://api.dandiarchive.org/api/assets/0228a543-f3b0-4402-9f78-d5341644b75f/download/
sub-ZFM-01936/sub-ZFM-01936_ses-2c44a360-5a56-4971-8009-f469fb59de98_ecephys+image/sub-ZFM-01936_ses-2c44a360-5a56-4971-8009-f469fb59de98_VideoRightCamera.mp4,3647302845,3adc4b1e-4863-4917-b921-dd4823e58811,2026-02-10T11:25:39.467424Z,2026-03-09T13:24:23.199109Z,https://api.dandiarchive.org/api/assets/3adc4b1e-4863-4917-b921-dd4823e58811/download/
sub-SWC-052/sub-SWC-052_ses-22e04698-b974-4805-b241-3b547dbf37bf_ecephys+image/sub-SWC-052_ses-22e04698-b974-4805-b241-3b547dbf37bf_VideoRightCamera.mp4,4587189158,8b40501f-ea74-44de-8db1-f49d45c2f061,2026-02-10T11:25:45.080404Z,2026-03-09T13:24:23.214623Z,https://api.dandiarchive.org/api/assets/8b40501f-ea74-44de-8db1-f49d45c2f061/download/
sub-ZFM-01936/sub-ZFM-01936_ses-2c44a360-5a56-4971-8009-f469fb59de98_ecephys+image/sub-ZFM-01936_ses-2c44a360-5a56-4971-8009-f469fb59de98_VideoLeftCamera.mp4,6003682017,a9e10168-e30a-4dac-92e6-b6503bce3673,2026-02-10T11:26:15.632277Z,2026-03-09T13:24:23.225023Z,https://api.dandiarchive.org/api/assets/a9e10168-e30a-4dac-92e6-b6503bce3673/download/
sub-SWC-054/sub-SWC-054_ses-eebacd5a-7dcd-4ba6-9dff-ec2a4d2f19e0_ecephys+image/sub-SWC-054_ses-eebacd5a-7dcd-4ba6-9dff-ec2a4d2f19e0_VideoBodyCamera.mp4,1169722876,d3397a19-2d67-4bfb-b515-afe539baaf8e,2026-02-10T11:26:48.605934Z,2026-03-09T13:24:23.235664Z,https://api.dandiarchive.org/api/assets/d3397a19-2d67-4bfb-b515-afe539baaf8e/download/
sub-SWC-052/sub-SWC-052_ses-22e04698-b974-4805-b241-3b547dbf37bf_ecephys+image/sub-SWC-052_ses-22e04698-b974-4805-b241-3b547dbf37bf_VideoLeftCamera.mp4,9145311566,6086b704-48c4-4f44-982a-d7115929c669,2026-02-10T11:26:54.672055Z,2026-03-09T13:24:23.244775Z,https://api.dandiarchive.org/api/assets/6086b704-48c4-4f44-982a-d7115929c669/download/
sub-PL033/sub-PL033_ses-a34b4013-414b-42ed-9318-e93fbbc71e7b_desc-raw_ecephys.nwb,62177238225,80243433-dd40-4050-999b-06311cfd890d,2026-02-10T11:27:25.342894Z,2026-03-09T13:24:23.254554Z,https://api.dandiarchive.org/api/assets/80243433-dd40-4050-999b-06311cfd890d/download/
sub-SWC-054/sub-SWC-054_ses-eebacd5a-7dcd-4ba6-9dff-ec2a4d2f19e0_ecephys+image/sub-SWC-054_ses-eebacd5a-7dcd-4ba6-9dff-ec2a4d2f19e0_VideoRightCamera.mp4,4731851245,5900e4d5-cb28-43fe-aebd-2b3d0f8069b9,2026-02-10T11:28:05.158749Z,2026-03-09T13:24:23.262972Z,https://api.dandiarchive.org/api/assets/5900e4d5-cb28-43fe-aebd-2b3d0f8069b9/download/
sub-SWC-054/sub-SWC-054_ses-eebacd5a-7dcd-4ba6-9dff-ec2a4d2f19e0_ecephys+image/sub-SWC-054_ses-eebacd5a-7dcd-4ba6-9dff-ec2a4d2f19e0_VideoLeftCamera.mp4,8945957186,05442f4c-8304-432c-9fa6-3ac9ca7864b8,2026-02-10T11:29:09.031259Z,2026-03-09T13:24:23.274977Z,https://api.dandiarchive.org/api/assets/05442f4c-8304-432c-9fa6-3ac9ca7864b8/download/
sub-ZM-3003/sub-ZM-3003_ses-fe1fd79f-b051-411f-a0a9-2530a02cc78d_ecephys+image/sub-ZM-3003_ses-fe1fd79f-b051-411f-a0a9-2530a02cc78d_VideoRightCamera.mp4,4649933357,99d688e7-2f5d-4f99-97b1-e32e6a711809,2026-02-10T11:29:54.201574Z,2026-03-09T13:24:23.285401Z,https://api.dandiarchive.org/api/assets/99d688e7-2f5d-4f99-97b1-e32e6a711809/download/
sub-ZM-3003/sub-ZM-3003_ses-fe1fd79f-b051-411f-a0a9-2530a02cc78d_ecephys+image/sub-ZM-3003_ses-fe1fd79f-b051-411f-a0a9-2530a02cc78d_VideoLeftCamera.mp4,7392257041,62d14029-ba74-46cc-b7f5-1c234aab8c54,2026-02-10T11:30:36.492448Z,2026-03-09T13:24:23.295696Z,https://api.dandiarchive.org/api/assets/62d14029-ba74-46cc-b7f5-1c234aab8c54/download/
sub-SWC-039/sub-SWC-039_ses-768a371d-7e88-47f8-bf21-4a6a6570dd6e_ecephys+image/sub-SWC-039_ses-768a371d-7e88-47f8-bf21-4a6a6570dd6e_VideoBodyCamera.mp4,648135250,43962610-0f7c-4dd5-9b76-d59c85fa61f0,2026-02-10T11:30:39.025971Z,2026-03-09T13:24:23.307143Z,https://api.dandiarchive.org/api/assets/43962610-0f7c-4dd5-9b76-d59c85fa61f0/download/
sub-SWC-039/sub-SWC-039_ses-768a371d-7e88-47f8-bf21-4a6a6570dd6e_ecephys+image/sub-SWC-039_ses-768a371d-7e88-47f8-bf21-4a6a6570dd6e_VideoRightCamera.mp4,4020330678,8f81cc49-c3ad-4061-98d1-e35fcd5f500b,2026-02-10T11:31:48.647389Z,2026-03-09T13:24:23.318354Z,https://api.dandiarchive.org/api/assets/8f81cc49-c3ad-4061-98d1-e35fcd5f500b/download/
sub-SWC-039/sub-SWC-039_ses-768a371d-7e88-47f8-bf21-4a6a6570dd6e_ecephys+image/sub-SWC-039_ses-768a371d-7e88-47f8-bf21-4a6a6570dd6e_VideoLeftCamera.mp4,8354346292,75162adf-6361-414a-ba77-c29e3abb83c3,2026-02-10T11:32:55.575343Z,2026-03-09T13:24:23.330325Z,https://api.dandiarchive.org/api/assets/75162adf-6361-414a-ba77-c29e3abb83c3/download/
sub-SWC-054/sub-SWC-054_ses-56b57c38-2699-4091-90a8-aba35103155e_ecephys+image/sub-SWC-054_ses-56b57c38-2699-4091-90a8-aba35103155e_VideoBodyCamera.mp4,308665818,7292706c-1971-4c89-8823-dfd808975e2a,2026-02-10T11:36:10.454124Z,2026-03-09T13:24:23.344715Z,https://api.dandiarchive.org/api/assets/7292706c-1971-4c89-8823-dfd808975e2a/download/
sub-SWC-054/sub-SWC-054_ses-56b57c38-2699-4091-90a8-aba35103155e_ecephys+image/sub-SWC-054_ses-56b57c38-2699-4091-90a8-aba35103155e_VideoRightCamera.mp4,3696797489,3ed23198-0b0e-4c92-9818-870d84bbc714,2026-02-10T11:37:20.653370Z,2026-03-09T13:24:23.356901Z,https://api.dandiarchive.org/api/assets/3ed23198-0b0e-4c92-9818-870d84bbc714/download/
sub-SWC-054/sub-SWC-054_ses-56b57c38-2699-4091-90a8-aba35103155e_ecephys+image/sub-SWC-054_ses-56b57c38-2699-4091-90a8-aba35103155e_VideoLeftCamera.mp4,8257668113,10b1f3c7-05bc-43b4-a676-130231f81c2d,2026-02-10T11:38:30.491872Z,2026-03-09T13:24:23.365170Z,https://api.dandiarchive.org/api/assets/10b1f3c7-05bc-43b4-a676-130231f81c2d/download/
sub-ZFM-04308/sub-ZFM-04308_ses-239dd3c9-35f3-4462-95ee-91b822a22e6b_ecephys+image/sub-ZFM-04308_ses-239dd3c9-35f3-4462-95ee-91b822a22e6b_VideoBodyCamera.mp4,1037746309,78535d2e-8439-4bb3-aead-e61a8d7e8fe4,2026-02-10T11:38:59.245729Z,2026-03-09T13:24:23.373532Z,https://api.dandiarchive.org/api/assets/78535d2e-8439-4bb3-aead-e61a8d7e8fe4/download/
sub-ZFM-04308/sub-ZFM-04308_ses-239dd3c9-35f3-4462-95ee-91b822a22e6b_ecephys+image/sub-ZFM-04308_ses-239dd3c9-35f3-4462-95ee-91b822a22e6b_VideoRightCamera.mp4,3373636715,ea44a4c4-e8f4-40f0-93f2-f8fde2bb6422,2026-02-10T11:39:52.161501Z,2026-03-09T13:24:23.384086Z,https://api.dandiarchive.org/api/assets/ea44a4c4-e8f4-40f0-93f2-f8fde2bb6422/download/
sub-ZFM-04308/sub-ZFM-04308_ses-239dd3c9-35f3-4462-95ee-91b822a22e6b_ecephys+image/sub-ZFM-04308_ses-239dd3c9-35f3-4462-95ee-91b822a22e6b_VideoLeftCamera.mp4,6079936069,6cedbdff-b293-4273-be9f-7ae9431c4100,2026-02-10T11:40:47.124512Z,2026-03-09T13:24:23.393474Z,https://api.dandiarchive.org/api/assets/6cedbdff-b293-4273-be9f-7ae9431c4100/download/
sub-SWC-054/sub-SWC-054_ses-6c6983ef-7383-4989-9183-32b1a300d17a_ecephys+image/sub-SWC-054_ses-6c6983ef-7383-4989-9183-32b1a300d17a_VideoBodyCamera.mp4,370295885,a89afa48-6d3a-4647-b5fb-ceb989e0ee8f,2026-02-10T11:41:34.540078Z,2026-03-09T13:24:23.406346Z,https://api.dandiarchive.org/api/assets/a89afa48-6d3a-4647-b5fb-ceb989e0ee8f/download/
sub-ZFM-02373/sub-ZFM-02373_ses-0802ced5-33a3-405e-8336-b65ebc5cb07c_desc-raw_ecephys.nwb,99545511538,892371ed-4449-44b9-869b-3f5139c64e98,2026-02-10T11:42:37.264234Z,2026-03-09T13:24:23.418161Z,https://api.dandiarchive.org/api/assets/892371ed-4449-44b9-869b-3f5139c64e98/download/
sub-SWC-054/sub-SWC-054_ses-6c6983ef-7383-4989-9183-32b1a300d17a_ecephys+image/sub-SWC-054_ses-6c6983ef-7383-4989-9183-32b1a300d17a_VideoRightCamera.mp4,4090129783,7afb2830-7c92-4624-8bc6-ba7c37feceae,2026-02-10T11:42:51.816005Z,2026-03-09T13:24:23.430166Z,https://api.dandiarchive.org/api/assets/7afb2830-7c92-4624-8bc6-ba7c37feceae/download/
sub-SWC-054/sub-SWC-054_ses-6c6983ef-7383-4989-9183-32b1a300d17a_ecephys+image/sub-SWC-054_ses-6c6983ef-7383-4989-9183-32b1a300d17a_VideoLeftCamera.mp4,8701291794,70fe6719-0daf-4000-9b21-8bf8fcd8ac8a,2026-02-10T11:44:02.212411Z,2026-03-09T13:24:23.440673Z,https://api.dandiarchive.org/api/assets/70fe6719-0daf-4000-9b21-8bf8fcd8ac8a/download/
sub-ZM-2240/sub-ZM-2240_ses-259927fd-7563-4b03-bc5d-17b4d0fa7a55_ecephys+image/sub-ZM-2240_ses-259927fd-7563-4b03-bc5d-17b4d0fa7a55_VideoRightCamera.mp4,4525521785,fde91d3d-25ad-48ec-abd7-fc71cf498272,2026-02-10T11:45:02.401425Z,2026-03-09T13:24:23.450225Z,https://api.dandiarchive.org/api/assets/fde91d3d-25ad-48ec-abd7-fc71cf498272/download/
sub-ZM-2240/sub-ZM-2240_ses-259927fd-7563-4b03-bc5d-17b4d0fa7a55_ecephys+image/sub-ZM-2240_ses-259927fd-7563-4b03-bc5d-17b4d0fa7a55_VideoLeftCamera.mp4,5957628565,15aab5c5-f959-4abf-88e2-1f064147061a,2026-02-10T11:45:23.541375Z,2026-03-09T13:24:23.462267Z,https://api.dandiarchive.org/api/assets/15aab5c5-f959-4abf-88e2-1f064147061a/download/
sub-ZM-3003/sub-ZM-3003_ses-934dd7a4-fbdc-459c-8830-04fe9033bc28_ecephys+image/sub-ZM-3003_ses-934dd7a4-fbdc-459c-8830-04fe9033bc28_VideoRightCamera.mp4,5184977681,917c8aa4-38a3-4338-8665-a31f16e67fb8,2026-02-10T11:46:25.133776Z,2026-03-09T13:24:23.471579Z,https://api.dandiarchive.org/api/assets/917c8aa4-38a3-4338-8665-a31f16e67fb8/download/
sub-ZFM-02372/sub-ZFM-02372_ses-88224abb-5746-431f-9c17-17d7ef806e6a_ecephys+image/sub-ZFM-02372_ses-88224abb-5746-431f-9c17-17d7ef806e6a_VideoBodyCamera.mp4,1034263969,ef18c49b-08be-4165-9ff0-8612f0363b27,2026-02-10T11:48:42.102942Z,2026-03-09T13:24:23.481903Z,https://api.dandiarchive.org/api/assets/ef18c49b-08be-4165-9ff0-8612f0363b27/download/
sub-ZM-3003/sub-ZM-3003_ses-934dd7a4-fbdc-459c-8830-04fe9033bc28_ecephys+image/sub-ZM-3003_ses-934dd7a4-fbdc-459c-8830-04fe9033bc28_VideoLeftCamera.mp4,16081997956,8bdb0181-095f-4d6c-a8aa-7b6860ef0fcc,2026-02-10T11:49:11.069357Z,2026-03-09T13:24:23.491730Z,https://api.dandiarchive.org/api/assets/8bdb0181-095f-4d6c-a8aa-7b6860ef0fcc/download/
sub-ZM-2240/sub-ZM-2240_ses-d33baf74-263c-4b37-a0d0-b79dcb80a764_ecephys+image/sub-ZM-2240_ses-d33baf74-263c-4b37-a0d0-b79dcb80a764_VideoRightCamera.mp4,3649037840,a140efdf-7c89-4516-bb65-ba5222d2d424,2026-02-10T11:49:29.595910Z,2026-03-09T13:24:23.501154Z,https://api.dandiarchive.org/api/assets/a140efdf-7c89-4516-bb65-ba5222d2d424/download/
sub-ZM-2240/sub-ZM-2240_ses-d33baf74-263c-4b37-a0d0-b79dcb80a764_ecephys+image/sub-ZM-2240_ses-d33baf74-263c-4b37-a0d0-b79dcb80a764_VideoLeftCamera.mp4,4784482296,22a6fbeb-a422-4e84-8235-17cf8bb6048a,2026-02-10T11:49:47.317467Z,2026-03-09T13:24:23.510157Z,https://api.dandiarchive.org/api/assets/22a6fbeb-a422-4e84-8235-17cf8bb6048a/download/
sub-ZFM-02372/sub-ZFM-02372_ses-88224abb-5746-431f-9c17-17d7ef806e6a_ecephys+image/sub-ZFM-02372_ses-88224abb-5746-431f-9c17-17d7ef806e6a_VideoRightCamera.mp4,4688916650,295d6003-7e9b-4660-821c-b50266aebd96,2026-02-10T11:49:56.932292Z,2026-03-09T13:24:23.530766Z,https://api.dandiarchive.org/api/assets/295d6003-7e9b-4660-821c-b50266aebd96/download/
sub-ZFM-02372/sub-ZFM-02372_ses-88224abb-5746-431f-9c17-17d7ef806e6a_ecephys+image/sub-ZFM-02372_ses-88224abb-5746-431f-9c17-17d7ef806e6a_VideoLeftCamera.mp4,6499174279,a207d390-6cd6-4bbf-b860-e818f14424f7,2026-02-10T11:50:25.298384Z,2026-03-09T13:24:23.548730Z,https://api.dandiarchive.org/api/assets/a207d390-6cd6-4bbf-b860-e818f14424f7/download/
sub-SWC-052/sub-SWC-052_ses-7416f387-b302-4ca3-8daf-03b585a1b7ec_ecephys+image/sub-SWC-052_ses-7416f387-b302-4ca3-8daf-03b585a1b7ec_VideoBodyCamera.mp4,842754901,c5adbe3d-9ab9-476b-91d2-49c5d15dc602,2026-02-10T11:51:04.106469Z,2026-03-09T13:24:23.559245Z,https://api.dandiarchive.org/api/assets/c5adbe3d-9ab9-476b-91d2-49c5d15dc602/download/
sub-SWC-052/sub-SWC-052_ses-22e04698-b974-4805-b241-3b547dbf37bf_desc-raw_ecephys.nwb,102487205949,771ddc87-065c-4805-8b1f-7a7b0d746cb6,2026-02-10T11:51:49.473537Z,2026-03-09T13:24:23.569578Z,https://api.dandiarchive.org/api/assets/771ddc87-065c-4805-8b1f-7a7b0d746cb6/download/
sub-SWC-052/sub-SWC-052_ses-7416f387-b302-4ca3-8daf-03b585a1b7ec_ecephys+image/sub-SWC-052_ses-7416f387-b302-4ca3-8daf-03b585a1b7ec_VideoRightCamera.mp4,5653423973,cf86da13-317c-4d17-86ec-c337a456a575,2026-02-10T11:52:46.382650Z,2026-03-09T13:24:23.584695Z,https://api.dandiarchive.org/api/assets/cf86da13-317c-4d17-86ec-c337a456a575/download/
sub-ZFM-01936/sub-ZFM-01936_ses-2c44a360-5a56-4971-8009-f469fb59de98_desc-raw_ecephys.nwb,107181491510,a303683e-7373-4422-8b39-d755f882887f,2026-02-10T11:53:06.510250Z,2026-03-09T13:24:23.595948Z,https://api.dandiarchive.org/api/assets/a303683e-7373-4422-8b39-d755f882887f/download/
sub-SWC-052/sub-SWC-052_ses-45ef6691-7b80-4a43-bd1a-85fc00851ae8_ecephys+image/sub-SWC-052_ses-45ef6691-7b80-4a43-bd1a-85fc00851ae8_VideoBodyCamera.mp4,929825421,9edebe56-44be-46c3-b839-9288f16d0fbb,2026-02-10T11:54:05.035560Z,2026-03-09T13:24:23.605657Z,https://api.dandiarchive.org/api/assets/9edebe56-44be-46c3-b839-9288f16d0fbb/download/
sub-SWC-052/sub-SWC-052_ses-7416f387-b302-4ca3-8daf-03b585a1b7ec_ecephys+image/sub-SWC-052_ses-7416f387-b302-4ca3-8daf-03b585a1b7ec_VideoLeftCamera.mp4,10943393755,e629dfdb-4d28-4547-ac66-1410c60c01a0,2026-02-10T11:54:06.721403Z,2026-03-09T13:24:23.615234Z,https://api.dandiarchive.org/api/assets/e629dfdb-4d28-4547-ac66-1410c60c01a0/download/
sub-SWC-054/sub-SWC-054_ses-eebacd5a-7dcd-4ba6-9dff-ec2a4d2f19e0_desc-raw_ecephys.nwb,104376489480,22bffe86-7046-4504-9738-3322c1669429,2026-02-10T11:54:40.541538Z,2026-03-09T13:24:23.626249Z,https://api.dandiarchive.org/api/assets/22bffe86-7046-4504-9738-3322c1669429/download/
sub-ZM-2241/sub-ZM-2241_ses-f8d5c8b0-b931-4151-b86c-c471e2e80e5d_ecephys+image/sub-ZM-2241_ses-f8d5c8b0-b931-4151-b86c-c471e2e80e5d_VideoRightCamera.mp4,4890042516,9b2dc13f-62a6-4738-bb10-657a3438000d,2026-02-10T11:55:10.085535Z,2026-03-09T13:24:23.638240Z,https://api.dandiarchive.org/api/assets/9b2dc13f-62a6-4738-bb10-657a3438000d/download/
sub-ZM-2241/sub-ZM-2241_ses-f8d5c8b0-b931-4151-b86c-c471e2e80e5d_ecephys+image/sub-ZM-2241_ses-f8d5c8b0-b931-4151-b86c-c471e2e80e5d_VideoLeftCamera.mp4,5348675518,832c4336-8c79-485e-8220-0847ad202d70,2026-02-10T11:55:16.776537Z,2026-03-09T13:24:23.649732Z,https://api.dandiarchive.org/api/assets/832c4336-8c79-485e-8220-0847ad202d70/download/
sub-SWC-052/sub-SWC-052_ses-45ef6691-7b80-4a43-bd1a-85fc00851ae8_ecephys+image/sub-SWC-052_ses-45ef6691-7b80-4a43-bd1a-85fc00851ae8_VideoRightCamera.mp4,5564310159,14c166cf-5af5-4aa4-b479-7e3d7b264e76,2026-02-10T11:55:43.336232Z,2026-03-09T13:24:23.661864Z,https://api.dandiarchive.org/api/assets/14c166cf-5af5-4aa4-b479-7e3d7b264e76/download/
sub-SWC-052/sub-SWC-052_ses-45ef6691-7b80-4a43-bd1a-85fc00851ae8_ecephys+image/sub-SWC-052_ses-45ef6691-7b80-4a43-bd1a-85fc00851ae8_VideoLeftCamera.mp4,10934393652,5bfca3b5-e5e2-45b3-a923-9b160b1e2f8b,2026-02-10T11:57:05.510066Z,2026-03-09T13:24:23.673372Z,https://api.dandiarchive.org/api/assets/5bfca3b5-e5e2-45b3-a923-9b160b1e2f8b/download/
sub-ZM-3003/sub-ZM-3003_ses-fe1fd79f-b051-411f-a0a9-2530a02cc78d_desc-raw_ecephys.nwb,107987610811,02b89370-4934-472f-a431-c5a55604e640,2026-02-10T11:57:17.818173Z,2026-03-09T13:24:23.685322Z,https://api.dandiarchive.org/api/assets/02b89370-4934-472f-a431-c5a55604e640/download/
sub-ZM-2241/sub-ZM-2241_ses-ff4187b5-4176-4e39-8894-53a24b7cf36b_ecephys+image/sub-ZM-2241_ses-ff4187b5-4176-4e39-8894-53a24b7cf36b_VideoRightCamera.mp4,4923774640,f6e65951-eb9c-4640-966c-b8dde1c7b9f4,2026-02-10T11:58:25.667765Z,2026-03-09T13:24:23.693998Z,https://api.dandiarchive.org/api/assets/f6e65951-eb9c-4640-966c-b8dde1c7b9f4/download/
sub-ZM-2241/sub-ZM-2241_ses-ff4187b5-4176-4e39-8894-53a24b7cf36b_ecephys+image/sub-ZM-2241_ses-ff4187b5-4176-4e39-8894-53a24b7cf36b_VideoLeftCamera.mp4,5399592320,91fee28a-64b3-4d41-b4e1-c8def751072a,2026-02-10T11:58:32.702953Z,2026-03-09T13:24:23.702648Z,https://api.dandiarchive.org/api/assets/91fee28a-64b3-4d41-b4e1-c8def751072a/download/
sub-SWC-053/sub-SWC-053_ses-239cdbb1-68e2-4eb0-91d8-ae5ae4001c7a_ecephys+image/sub-SWC-053_ses-239cdbb1-68e2-4eb0-91d8-ae5ae4001c7a_VideoBodyCamera.mp4,1102298174,1fb9f075-d258-48fb-8173-d7f2305df282,2026-02-10T11:59:07.797571Z,2026-03-09T13:24:23.711645Z,https://api.dandiarchive.org/api/assets/1fb9f075-d258-48fb-8173-d7f2305df282/download/
sub-SWC-039/sub-SWC-039_ses-768a371d-7e88-47f8-bf21-4a6a6570dd6e_desc-raw_ecephys.nwb,107511026852,ea657d0b-83da-4b15-8e6f-0cac84b6307a,2026-02-10T11:59:21.385316Z,2026-03-09T13:24:23.721093Z,https://api.dandiarchive.org/api/assets/ea657d0b-83da-4b15-8e6f-0cac84b6307a/download/
sub-SWC-053/sub-SWC-053_ses-239cdbb1-68e2-4eb0-91d8-ae5ae4001c7a_ecephys+image/sub-SWC-053_ses-239cdbb1-68e2-4eb0-91d8-ae5ae4001c7a_VideoRightCamera.mp4,5640515024,76925cf4-e34b-4e97-b9fd-2215af365a0c,2026-02-10T12:00:45.514907Z,2026-03-09T13:24:23.730475Z,https://api.dandiarchive.org/api/assets/76925cf4-e34b-4e97-b9fd-2215af365a0c/download/
sub-SWC-053/sub-SWC-053_ses-75b6b132-d998-4fba-8482-961418ac957d_ecephys+image/sub-SWC-053_ses-75b6b132-d998-4fba-8482-961418ac957d_VideoBodyCamera.mp4,1272094989,b6c6b6c6-156d-4ab2-a158-b7c3a30f2e75,2026-02-10T12:01:18.895758Z,2026-03-09T13:24:23.741053Z,https://api.dandiarchive.org/api/assets/b6c6b6c6-156d-4ab2-a158-b7c3a30f2e75/download/
sub-SWC-053/sub-SWC-053_ses-239cdbb1-68e2-4eb0-91d8-ae5ae4001c7a_ecephys+image/sub-SWC-053_ses-239cdbb1-68e2-4eb0-91d8-ae5ae4001c7a_VideoLeftCamera.mp4,10571533648,4e189001-8ab6-427b-836c-fa9e1cb453aa,2026-02-10T12:02:00.585014Z,2026-03-09T13:24:23.750341Z,https://api.dandiarchive.org/api/assets/4e189001-8ab6-427b-836c-fa9e1cb453aa/download/
sub-SWC-053/sub-SWC-053_ses-75b6b132-d998-4fba-8482-961418ac957d_ecephys+image/sub-SWC-053_ses-75b6b132-d998-4fba-8482-961418ac957d_VideoRightCamera.mp4,5629122627,c31072de-08b4-40d0-bca8-453deab529f1,2026-02-10T12:02:51.123200Z,2026-03-09T13:24:23.760832Z,https://api.dandiarchive.org/api/assets/c31072de-08b4-40d0-bca8-453deab529f1/download/
sub-SWC-054/sub-SWC-054_ses-671c7ea7-6726-4fbe-adeb-f89c2c8e489b_ecephys+image/sub-SWC-054_ses-671c7ea7-6726-4fbe-adeb-f89c2c8e489b_VideoBodyCamera.mp4,1447812355,ffee5ed1-2b57-44c3-b611-652bb9eeb91e,2026-02-10T12:03:20.596279Z,2026-03-09T13:24:23.771561Z,https://api.dandiarchive.org/api/assets/ffee5ed1-2b57-44c3-b611-652bb9eeb91e/download/
sub-SWC-053/sub-SWC-053_ses-75b6b132-d998-4fba-8482-961418ac957d_ecephys+image/sub-SWC-053_ses-75b6b132-d998-4fba-8482-961418ac957d_VideoLeftCamera.mp4,10334770562,3bbcf4d1-aac0-43c8-9fc8-5b0a8a7fb530,2026-02-10T12:04:03.094296Z,2026-03-09T13:24:23.782080Z,https://api.dandiarchive.org/api/assets/3bbcf4d1-aac0-43c8-9fc8-5b0a8a7fb530/download/
sub-SWC-054/sub-SWC-054_ses-56b57c38-2699-4091-90a8-aba35103155e_desc-raw_ecephys.nwb,106516994703,1b585124-c01a-450e-9066-84f17c7b789e,2026-02-10T12:04:42.792123Z,2026-03-09T13:24:23.795785Z,https://api.dandiarchive.org/api/assets/1b585124-c01a-450e-9066-84f17c7b789e/download/
sub-SWC-054/sub-SWC-054_ses-671c7ea7-6726-4fbe-adeb-f89c2c8e489b_ecephys+image/sub-SWC-054_ses-671c7ea7-6726-4fbe-adeb-f89c2c8e489b_VideoRightCamera.mp4,5796030606,83abedc1-a1a4-4d97-b1df-b93b355cd9f4,2026-02-10T12:04:51.851028Z,2026-03-09T13:24:23.806167Z,https://api.dandiarchive.org/api/assets/83abedc1-a1a4-4d97-b1df-b93b355cd9f4/download/
sub-SWC-054/sub-SWC-054_ses-671c7ea7-6726-4fbe-adeb-f89c2c8e489b_ecephys+image/sub-SWC-054_ses-671c7ea7-6726-4fbe-adeb-f89c2c8e489b_VideoLeftCamera.mp4,10962875219,cf484c5e-3e54-4abd-9930-298d4aa673cf,2026-02-10T12:06:10.852991Z,2026-03-09T13:24:23.815812Z,https://api.dandiarchive.org/api/assets/cf484c5e-3e54-4abd-9930-298d4aa673cf/download/
sub-ZFM-04308/sub-ZFM-04308_ses-239dd3c9-35f3-4462-95ee-91b822a22e6b_desc-raw_ecephys.nwb,113117047743,2ac5ea70-c2f7-4ed9-8d41-ede8319dae6b,2026-02-10T12:08:36.260225Z,2026-03-09T13:24:23.830058Z,https://api.dandiarchive.org/api/assets/2ac5ea70-c2f7-4ed9-8d41-ede8319dae6b/download/
sub-SWC-052/sub-SWC-052_ses-f84045b0-ce09-4ace-9d11-5ea491620707_ecephys+image/sub-SWC-052_ses-f84045b0-ce09-4ace-9d11-5ea491620707_VideoBodyCamera.mp4,1395566761,bb33bf8e-fdeb-45fc-b85d-346f409a7d9e,2026-02-10T12:08:56.564427Z,2026-03-09T13:24:23.841576Z,https://api.dandiarchive.org/api/assets/bb33bf8e-fdeb-45fc-b85d-346f409a7d9e/download/
sub-SWC-052/sub-SWC-052_ses-7cb81727-2097-4b52-b480-c89867b5b34c_ecephys+image/sub-SWC-052_ses-7cb81727-2097-4b52-b480-c89867b5b34c_VideoBodyCamera.mp4,1389339608,f1b1737f-e3a7-41fb-bfc5-36973ae4cf50,2026-02-10T12:09:59.732035Z,2026-03-09T13:24:23.852649Z,https://api.dandiarchive.org/api/assets/f1b1737f-e3a7-41fb-bfc5-36973ae4cf50/download/
sub-SWC-052/sub-SWC-052_ses-f84045b0-ce09-4ace-9d11-5ea491620707_ecephys+image/sub-SWC-052_ses-f84045b0-ce09-4ace-9d11-5ea491620707_VideoRightCamera.mp4,5848593666,d984ecdd-9ab1-4351-b7f8-344ccbe04d8a,2026-02-10T12:10:30.772571Z,2026-03-09T13:24:23.863482Z,https://api.dandiarchive.org/api/assets/d984ecdd-9ab1-4351-b7f8-344ccbe04d8a/download/
sub-SWC-052/sub-SWC-052_ses-7cb81727-2097-4b52-b480-c89867b5b34c_ecephys+image/sub-SWC-052_ses-7cb81727-2097-4b52-b480-c89867b5b34c_VideoRightCamera.mp4,6391094734,fbb0576b-2bed-4f45-9f22-40f0d1b5ed41,2026-02-10T12:11:45.116557Z,2026-03-09T13:24:23.874843Z,https://api.dandiarchive.org/api/assets/fbb0576b-2bed-4f45-9f22-40f0d1b5ed41/download/
sub-SWC-052/sub-SWC-052_ses-f84045b0-ce09-4ace-9d11-5ea491620707_ecephys+image/sub-SWC-052_ses-f84045b0-ce09-4ace-9d11-5ea491620707_VideoLeftCamera.mp4,11948364322,d5dda39e-5ac3-4f36-9cb3-c6fc10612072,2026-02-10T12:12:04.016699Z,2026-03-09T13:24:23.884667Z,https://api.dandiarchive.org/api/assets/d5dda39e-5ac3-4f36-9cb3-c6fc10612072/download/
sub-SWC-054/sub-SWC-054_ses-6c6983ef-7383-4989-9183-32b1a300d17a_desc-raw_ecephys.nwb,115018239382,d027a461-bb36-489d-bcbb-7bc2e35f08f9,2026-02-10T12:12:19.818657Z,2026-03-09T13:24:23.893598Z,https://api.dandiarchive.org/api/assets/d027a461-bb36-489d-bcbb-7bc2e35f08f9/download/
sub-SWC-052/sub-SWC-052_ses-7cb81727-2097-4b52-b480-c89867b5b34c_ecephys+image/sub-SWC-052_ses-7cb81727-2097-4b52-b480-c89867b5b34c_VideoLeftCamera.mp4,12508464808,f846612f-f4ad-41b6-bd4b-7e738cca0db9,2026-02-10T12:13:18.140760Z,2026-03-09T13:24:23.904379Z,https://api.dandiarchive.org/api/assets/f846612f-f4ad-41b6-bd4b-7e738cca0db9/download/
sub-ZM-2240/sub-ZM-2240_ses-259927fd-7563-4b03-bc5d-17b4d0fa7a55_desc-raw_ecephys.nwb,117423384736,02447c99-03ad-460c-b2cc-53d407eb682d,2026-02-10T12:14:44.147605Z,2026-03-09T13:24:23.921518Z,https://api.dandiarchive.org/api/assets/02447c99-03ad-460c-b2cc-53d407eb682d/download/
sub-ZM-2245/sub-ZM-2245_ses-cb2ad999-a6cb-42ff-bf71-1774c57e5308_ecephys+image/sub-ZM-2245_ses-cb2ad999-a6cb-42ff-bf71-1774c57e5308_VideoRightCamera.mp4,4940954431,c78c644a-0f9b-4397-a638-6ae957429711,2026-02-10T12:16:33.638059Z,2026-03-09T13:24:23.933585Z,https://api.dandiarchive.org/api/assets/c78c644a-0f9b-4397-a638-6ae957429711/download/
sub-ZM-2245/sub-ZM-2245_ses-cb2ad999-a6cb-42ff-bf71-1774c57e5308_ecephys+image/sub-ZM-2245_ses-cb2ad999-a6cb-42ff-bf71-1774c57e5308_VideoLeftCamera.mp4,6509098538,6a640e8f-ad34-4297-ba53-0ddbb45c6b5e,2026-02-10T12:16:58.064390Z,2026-03-09T13:24:23.944741Z,https://api.dandiarchive.org/api/assets/6a640e8f-ad34-4297-ba53-0ddbb45c6b5e/download/
sub-ZM-3003/sub-ZM-3003_ses-934dd7a4-fbdc-459c-8830-04fe9033bc28_desc-raw_ecephys.nwb,116961511457,dfcbcc9c-9085-484b-b9a1-5e05d9e048fd,2026-02-10T12:17:03.286962Z,2026-03-09T13:24:23.955131Z,https://api.dandiarchive.org/api/assets/dfcbcc9c-9085-484b-b9a1-5e05d9e048fd/download/
sub-ZM-2240/sub-ZM-2240_ses-d33baf74-263c-4b37-a0d0-b79dcb80a764_desc-raw_ecephys.nwb,121074980964,81599271-fdbf-4de0-b11e-911fd2b43225,2026-02-10T12:20:16.544814Z,2026-03-09T13:24:23.965887Z,https://api.dandiarchive.org/api/assets/81599271-fdbf-4de0-b11e-911fd2b43225/download/
sub-ZFM-02372/sub-ZFM-02372_ses-88224abb-5746-431f-9c17-17d7ef806e6a_desc-raw_ecephys.nwb,120168409678,478ad14a-eccf-4400-b95e-90db80766229,2026-02-10T12:20:17.281179Z,2026-03-09T13:24:23.975900Z,https://api.dandiarchive.org/api/assets/478ad14a-eccf-4400-b95e-90db80766229/download/
sub-SWC-052/sub-SWC-052_ses-7416f387-b302-4ca3-8daf-03b585a1b7ec_desc-raw_ecephys.nwb,119494430518,f68f0192-dd9b-40c6-92cb-bbad45f01768,2026-02-10T12:23:36.098353Z,2026-03-09T13:24:23.986304Z,https://api.dandiarchive.org/api/assets/f68f0192-dd9b-40c6-92cb-bbad45f01768/download/
sub-SWC-052/sub-SWC-052_ses-1928bf72-2002-46a6-8930-728420402e01_ecephys+image/sub-SWC-052_ses-1928bf72-2002-46a6-8930-728420402e01_VideoBodyCamera.mp4,1265533929,2006ebb2-93a0-45aa-ae34-9067f0719f20,2026-02-10T12:25:53.536137Z,2026-03-09T13:24:23.995133Z,https://api.dandiarchive.org/api/assets/2006ebb2-93a0-45aa-ae34-9067f0719f20/download/
sub-ZM-2241/sub-ZM-2241_ses-f8d5c8b0-b931-4151-b86c-c471e2e80e5d_desc-raw_ecephys.nwb,124721158219,bbf2c539-50ad-4c94-9cc9-10bff29ab2f5,2026-02-10T12:26:32.369945Z,2026-03-09T13:24:24.004730Z,https://api.dandiarchive.org/api/assets/bbf2c539-50ad-4c94-9cc9-10bff29ab2f5/download/
sub-SWC-052/sub-SWC-052_ses-45ef6691-7b80-4a43-bd1a-85fc00851ae8_desc-raw_ecephys.nwb,122352560236,25e18aae-1eda-4f25-9845-d05ce4064bb5,2026-02-10T12:26:57.664321Z,2026-03-09T13:24:24.016311Z,https://api.dandiarchive.org/api/assets/25e18aae-1eda-4f25-9845-d05ce4064bb5/download/
sub-SWC-052/sub-SWC-052_ses-1928bf72-2002-46a6-8930-728420402e01_ecephys+image/sub-SWC-052_ses-1928bf72-2002-46a6-8930-728420402e01_VideoRightCamera.mp4,6579001166,03efa743-3553-4b57-bb50-10e8d1dd0e01,2026-02-10T12:27:46.299745Z,2026-03-09T13:24:24.026915Z,https://api.dandiarchive.org/api/assets/03efa743-3553-4b57-bb50-10e8d1dd0e01/download/
sub-SWC-052/sub-SWC-052_ses-1928bf72-2002-46a6-8930-728420402e01_ecephys+image/sub-SWC-052_ses-1928bf72-2002-46a6-8930-728420402e01_VideoLeftCamera.mp4,13099114764,483f1c49-9bfb-4722-9349-88444120c9fd,2026-02-10T12:29:26.092717Z,2026-03-09T13:24:24.036869Z,https://api.dandiarchive.org/api/assets/483f1c49-9bfb-4722-9349-88444120c9fd/download/
sub-ZM-2241/sub-ZM-2241_ses-ff4187b5-4176-4e39-8894-53a24b7cf36b_desc-raw_ecephys.nwb,126600307949,a081ad66-2ba1-4283-971c-9f9193d8a292,2026-02-10T12:30:25.243984Z,2026-03-09T13:24:24.046016Z,https://api.dandiarchive.org/api/assets/a081ad66-2ba1-4283-971c-9f9193d8a292/download/
sub-SWC-053/sub-SWC-053_ses-239cdbb1-68e2-4eb0-91d8-ae5ae4001c7a_desc-raw_ecephys.nwb,118902610171,a7840869-a432-404d-906d-ad1beb4f956f,2026-02-10T12:31:02.381345Z,2026-03-09T13:24:24.056260Z,https://api.dandiarchive.org/api/assets/a7840869-a432-404d-906d-ad1beb4f956f/download/
sub-SWC-053/sub-SWC-053_ses-75b6b132-d998-4fba-8482-961418ac957d_desc-raw_ecephys.nwb,118718919595,af8bb797-9540-49a5-a52d-27d006f984f0,2026-02-10T12:33:04.940049Z,2026-03-09T13:24:24.064732Z,https://api.dandiarchive.org/api/assets/af8bb797-9540-49a5-a52d-27d006f984f0/download/
sub-SWC-054/sub-SWC-054_ses-671c7ea7-6726-4fbe-adeb-f89c2c8e489b_desc-raw_ecephys.nwb,127784372055,6a445656-2023-4a64-a9a7-cf0f32e8d1b3,2026-02-10T12:37:27.628657Z,2026-03-09T13:24:24.073623Z,https://api.dandiarchive.org/api/assets/6a445656-2023-4a64-a9a7-cf0f32e8d1b3/download/
sub-SWC-052/sub-SWC-052_ses-f84045b0-ce09-4ace-9d11-5ea491620707_desc-raw_ecephys.nwb,124876161194,4fce1783-9874-48d8-9f85-70eae55709d7,2026-02-10T12:42:27.481062Z,2026-03-09T13:24:24.081621Z,https://api.dandiarchive.org/api/assets/4fce1783-9874-48d8-9f85-70eae55709d7/download/
sub-SWC-052/sub-SWC-052_ses-7cb81727-2097-4b52-b480-c89867b5b34c_desc-raw_ecephys.nwb,132094912935,16e21f17-dab8-462f-93a3-79f897b2b33b,2026-02-10T12:45:37.933817Z,2026-03-09T13:24:24.090810Z,https://api.dandiarchive.org/api/assets/16e21f17-dab8-462f-93a3-79f897b2b33b/download/
sub-SWC-038/sub-SWC-038_ses-03063955-2523-47bd-ae57-f7489dd40f15_ecephys+image/sub-SWC-038_ses-03063955-2523-47bd-ae57-f7489dd40f15_VideoRightCamera.mp4,7209351608,009af4ae-52c0-4600-b81a-066b0adffdbe,2026-02-10T12:50:31.241251Z,2026-03-09T13:24:24.100094Z,https://api.dandiarchive.org/api/assets/009af4ae-52c0-4600-b81a-066b0adffdbe/download/
sub-ZM-2241/sub-ZM-2241_ses-ee40aece-cffd-4edb-a4b6-155f158c666a_ecephys+image/sub-ZM-2241_ses-ee40aece-cffd-4edb-a4b6-155f158c666a_VideoRightCamera.mp4,6464467958,3d5f8f8b-7bd4-43bb-81d9-3035bf28e54c,2026-02-10T12:51:19.927888Z,2026-03-09T13:24:24.113398Z,https://api.dandiarchive.org/api/assets/3d5f8f8b-7bd4-43bb-81d9-3035bf28e54c/download/
sub-ZM-2245/sub-ZM-2245_ses-cb2ad999-a6cb-42ff-bf71-1774c57e5308_desc-raw_ecephys.nwb,138109240037,afd51eb0-d8cf-4331-a49c-077ec7931f09,2026-02-10T12:51:30.101348Z,2026-03-09T13:24:24.127166Z,https://api.dandiarchive.org/api/assets/afd51eb0-d8cf-4331-a49c-077ec7931f09/download/
sub-ZM-2241/sub-ZM-2241_ses-ee40aece-cffd-4edb-a4b6-155f158c666a_ecephys+image/sub-ZM-2241_ses-ee40aece-cffd-4edb-a4b6-155f158c666a_VideoLeftCamera.mp4,7267859567,6aebfab7-2b53-4a59-bc46-d23f40b9f9d8,2026-02-10T12:51:33.032416Z,2026-03-09T13:24:24.137405Z,https://api.dandiarchive.org/api/assets/6aebfab7-2b53-4a59-bc46-d23f40b9f9d8/download/
sub-SWC-038/sub-SWC-038_ses-03063955-2523-47bd-ae57-f7489dd40f15_ecephys+image/sub-SWC-038_ses-03063955-2523-47bd-ae57-f7489dd40f15_VideoLeftCamera.mp4,13501362681,367b5714-15aa-4c28-802a-443eb18fd4f5,2026-02-10T12:52:07.337147Z,2026-03-09T13:24:24.150506Z,https://api.dandiarchive.org/api/assets/367b5714-15aa-4c28-802a-443eb18fd4f5/download/
sub-ZFM-02369/sub-ZFM-02369_ses-72cb5550-43b4-4ef0-add5-e4adfdfb5e02_ecephys+image/sub-ZFM-02369_ses-72cb5550-43b4-4ef0-add5-e4adfdfb5e02_VideoBodyCamera.mp4,1354509189,a6777eec-bc05-44d6-a9e3-4a46044b703b,2026-02-10T12:58:37.369001Z,2026-03-09T13:24:24.160033Z,https://api.dandiarchive.org/api/assets/a6777eec-bc05-44d6-a9e3-4a46044b703b/download/
sub-SWC-038/sub-SWC-038_ses-1e45d992-c356-40e1-9be1-a506d944896f_ecephys+image/sub-SWC-038_ses-1e45d992-c356-40e1-9be1-a506d944896f_VideoRightCamera.mp4,6921019111,032c4b0a-dc06-4d20-b521-5d3b2fdf4ba2,2026-02-10T12:58:52.627640Z,2026-03-09T13:24:24.169807Z,https://api.dandiarchive.org/api/assets/032c4b0a-dc06-4d20-b521-5d3b2fdf4ba2/download/
sub-ZFM-02369/sub-ZFM-02369_ses-72cb5550-43b4-4ef0-add5-e4adfdfb5e02_ecephys+image/sub-ZFM-02369_ses-72cb5550-43b4-4ef0-add5-e4adfdfb5e02_VideoRightCamera.mp4,6779739514,dbb44661-09d0-451f-a475-cacf84de4e9a,2026-02-10T13:00:29.874798Z,2026-03-09T13:24:24.178603Z,https://api.dandiarchive.org/api/assets/dbb44661-09d0-451f-a475-cacf84de4e9a/download/
sub-ZFM-02369/sub-ZFM-02369_ses-72cb5550-43b4-4ef0-add5-e4adfdfb5e02_ecephys+image/sub-ZFM-02369_ses-72cb5550-43b4-4ef0-add5-e4adfdfb5e02_VideoLeftCamera.mp4,10394299186,1ede4445-7e3b-43e1-96e9-3a5931f7fbc4,2026-02-10T13:01:25.808096Z,2026-03-09T13:24:24.187795Z,https://api.dandiarchive.org/api/assets/1ede4445-7e3b-43e1-96e9-3a5931f7fbc4/download/
sub-SWC-038/sub-SWC-038_ses-1e45d992-c356-40e1-9be1-a506d944896f_ecephys+image/sub-SWC-038_ses-1e45d992-c356-40e1-9be1-a506d944896f_VideoLeftCamera.mp4,13645068690,a5d9f63d-ddb0-4839-9c70-398a5be1b592,2026-02-10T13:02:11.200971Z,2026-03-09T13:24:24.196315Z,https://api.dandiarchive.org/api/assets/a5d9f63d-ddb0-4839-9c70-398a5be1b592/download/
sub-SWC-052/sub-SWC-052_ses-1928bf72-2002-46a6-8930-728420402e01_desc-raw_ecephys.nwb,141678596574,07fdb90d-f934-4113-8ec4-417c79d1fc2b,2026-02-10T13:03:57.626324Z,2026-03-09T13:24:24.205924Z,https://api.dandiarchive.org/api/assets/07fdb90d-f934-4113-8ec4-417c79d1fc2b/download/
sub-SWC-038/sub-SWC-038_ses-4d8c7767-981c-4347-8e5e-5d5fffe38534_desc-raw_ecephys.nwb,142973964396,e81a7f1c-d774-4fba-a30a-a41e715ebf26,2026-02-10T13:08:14.632993Z,2026-03-09T13:24:24.214152Z,https://api.dandiarchive.org/api/assets/e81a7f1c-d774-4fba-a30a-a41e715ebf26/download/
sub-CSHL060/sub-CSHL060_ses-f10efe41-0dc0-44d0-8f26-5ff68dca23e9_ecephys+image/sub-CSHL060_ses-f10efe41-0dc0-44d0-8f26-5ff68dca23e9_VideoRightCamera.mp4,5678365975,ed25dd7d-8dbd-4ffc-bfc7-c2c2fad69e6d,2026-02-10T13:13:42.221154Z,2026-03-09T13:24:24.222054Z,https://api.dandiarchive.org/api/assets/ed25dd7d-8dbd-4ffc-bfc7-c2c2fad69e6d/download/
sub-CSHL060/sub-CSHL060_ses-f10efe41-0dc0-44d0-8f26-5ff68dca23e9_ecephys+image/sub-CSHL060_ses-f10efe41-0dc0-44d0-8f26-5ff68dca23e9_VideoLeftCamera.mp4,8946416876,2042e49c-fff0-44de-aa43-d263cecd8be4,2026-02-10T13:14:31.378488Z,2026-03-09T13:24:24.230738Z,https://api.dandiarchive.org/api/assets/2042e49c-fff0-44de-aa43-d263cecd8be4/download/
sub-SWC-038/sub-SWC-038_ses-03063955-2523-47bd-ae57-f7489dd40f15_desc-raw_ecephys.nwb,155972251932,668c649b-23f7-4649-9772-f15613d00536,2026-02-10T13:30:20.547882Z,2026-03-09T13:24:24.238573Z,https://api.dandiarchive.org/api/assets/668c649b-23f7-4649-9772-f15613d00536/download/
sub-ZM-2241/sub-ZM-2241_ses-ee40aece-cffd-4edb-a4b6-155f158c666a_desc-raw_ecephys.nwb,155418245695,d369ff7f-2346-4047-afee-793a28dc2dc0,2026-02-10T13:30:32.387913Z,2026-03-09T13:24:24.248349Z,https://api.dandiarchive.org/api/assets/d369ff7f-2346-4047-afee-793a28dc2dc0/download/
sub-SWC-038/sub-SWC-038_ses-1e45d992-c356-40e1-9be1-a506d944896f_desc-raw_ecephys.nwb,161620001491,7e39c4d6-5ef9-4adc-9a3c-5af64bf71f78,2026-02-10T13:40:22.419729Z,2026-03-09T13:24:24.259833Z,https://api.dandiarchive.org/api/assets/7e39c4d6-5ef9-4adc-9a3c-5af64bf71f78/download/
sub-ZFM-02369/sub-ZFM-02369_ses-72cb5550-43b4-4ef0-add5-e4adfdfb5e02_desc-raw_ecephys.nwb,166855490069,99f992ff-942e-4828-a7be-04e1c08c7e12,2026-02-10T13:42:39.991148Z,2026-03-09T13:24:24.269650Z,https://api.dandiarchive.org/api/assets/99f992ff-942e-4828-a7be-04e1c08c7e12/download/
sub-CSHL060/sub-CSHL060_ses-f10efe41-0dc0-44d0-8f26-5ff68dca23e9_desc-raw_ecephys.nwb,174851095323,5055baa6-524c-46e3-8662-a08125bba20f,2026-02-10T13:58:16.111839Z,2026-03-09T13:24:24.279614Z,https://api.dandiarchive.org/api/assets/5055baa6-524c-46e3-8662-a08125bba20f/download/
sub-SWC-066/sub-SWC-066_ses-a4747ac8-6a75-444f-b99b-696fff0243fd_ecephys+image/sub-SWC-066_ses-a4747ac8-6a75-444f-b99b-696fff0243fd_VideoBodyCamera.mp4,568894922,ff44428f-b7f0-4261-bcd5-0d4e644ad200,2026-02-10T16:00:17.056082Z,2026-03-09T13:24:24.289425Z,https://api.dandiarchive.org/api/assets/ff44428f-b7f0-4261-bcd5-0d4e644ad200/download/
sub-SWC-066/sub-SWC-066_ses-a4747ac8-6a75-444f-b99b-696fff0243fd_ecephys+image/sub-SWC-066_ses-a4747ac8-6a75-444f-b99b-696fff0243fd_VideoRightCamera.mp4,3123494958,fe5b974b-8c5f-482a-83ac-646931d8f9fc,2026-02-10T16:01:15.988878Z,2026-03-09T13:24:24.301953Z,https://api.dandiarchive.org/api/assets/fe5b974b-8c5f-482a-83ac-646931d8f9fc/download/
sub-SWC-066/sub-SWC-066_ses-a4747ac8-6a75-444f-b99b-696fff0243fd_ecephys+image/sub-SWC-066_ses-a4747ac8-6a75-444f-b99b-696fff0243fd_VideoLeftCamera.mp4,5871077443,0a7c48e5-8af1-4fc3-b80d-de8da1af6104,2026-02-10T16:01:58.301764Z,2026-03-09T13:24:24.310854Z,https://api.dandiarchive.org/api/assets/0a7c48e5-8af1-4fc3-b80d-de8da1af6104/download/
sub-SWC-066/sub-SWC-066_ses-a4747ac8-6a75-444f-b99b-696fff0243fd_desc-raw_ecephys.nwb,38658071817,2a078929-e509-472e-90cc-96f0052b52ee,2026-02-10T16:11:10.914054Z,2026-03-09T13:24:24.319338Z,https://api.dandiarchive.org/api/assets/2a078929-e509-472e-90cc-96f0052b52ee/download/
sub-PL035/sub-PL035_ses-5437ec1f-6535-470c-80b8-4c8806ee085d_ecephys+image/sub-PL035_ses-5437ec1f-6535-470c-80b8-4c8806ee085d_VideoBodyCamera.mp4,1081145155,f1edee4e-160c-4e7a-9dcf-dfc7c88a788b,2026-02-10T16:20:12.329762Z,2026-03-09T13:24:24.327941Z,https://api.dandiarchive.org/api/assets/f1edee4e-160c-4e7a-9dcf-dfc7c88a788b/download/
sub-PL034/sub-PL034_ses-6cbeead9-bb7a-40e1-8ccd-47ae60239654_ecephys+image/sub-PL034_ses-6cbeead9-bb7a-40e1-8ccd-47ae60239654_VideoBodyCamera.mp4,1189506931,590db353-3523-4d9a-82a7-679b4e88c5ee,2026-02-10T16:20:20.771605Z,2026-03-09T13:24:24.338700Z,https://api.dandiarchive.org/api/assets/590db353-3523-4d9a-82a7-679b4e88c5ee/download/
sub-PL050/sub-PL050_ses-2584ce3c-db10-4076-89cb-5d313138dd38_ecephys+image/sub-PL050_ses-2584ce3c-db10-4076-89cb-5d313138dd38_VideoBodyCamera.mp4,1278288194,b3177037-a8ec-4f08-a0a2-902ddfe18110,2026-02-10T16:20:47.702230Z,2026-03-09T13:24:24.351734Z,https://api.dandiarchive.org/api/assets/b3177037-a8ec-4f08-a0a2-902ddfe18110/download/
sub-PL050/sub-PL050_ses-e6de6c35-1508-4471-b7c3-f12a5c7a6d39_ecephys+image/sub-PL050_ses-e6de6c35-1508-4471-b7c3-f12a5c7a6d39_VideoBodyCamera.mp4,1128590448,ba80b424-2a70-4ac7-84d7-805b8e3f33c0,2026-02-10T16:20:57.940054Z,2026-03-09T13:24:24.361142Z,https://api.dandiarchive.org/api/assets/ba80b424-2a70-4ac7-84d7-805b8e3f33c0/download/
sub-PL035/sub-PL035_ses-a2b9fbbe-79fc-4166-a16e-b307813a2f06_ecephys+image/sub-PL035_ses-a2b9fbbe-79fc-4166-a16e-b307813a2f06_VideoBodyCamera.mp4,1109018994,3638727c-4198-44d4-96ec-8a689d50e8e5,2026-02-10T16:21:05.028195Z,2026-03-09T13:24:24.374088Z,https://api.dandiarchive.org/api/assets/3638727c-4198-44d4-96ec-8a689d50e8e5/download/
sub-PL033/sub-PL033_ses-be164a14-6e73-42c3-ab60-d29c48693c0f_ecephys+image/sub-PL033_ses-be164a14-6e73-42c3-ab60-d29c48693c0f_VideoBodyCamera.mp4,1356039043,ab28ea2b-0469-41fc-8e6f-9e99d133010b,2026-02-10T16:21:06.512358Z,2026-03-09T13:24:24.383689Z,https://api.dandiarchive.org/api/assets/ab28ea2b-0469-41fc-8e6f-9e99d133010b/download/
sub-PL037/sub-PL037_ses-fd03d365-91df-41e2-ad81-9e0e4b9f5c7b_ecephys+image/sub-PL037_ses-fd03d365-91df-41e2-ad81-9e0e4b9f5c7b_VideoBodyCamera.mp4,1277786326,12ff07a7-607e-40dd-959d-9a4ce53b81e4,2026-02-10T16:22:14.922618Z,2026-03-09T13:24:24.393125Z,https://api.dandiarchive.org/api/assets/12ff07a7-607e-40dd-959d-9a4ce53b81e4/download/
sub-PL050/sub-PL050_ses-0cf6d255-8f2f-463e-84fb-c54bacb79f51_ecephys+image/sub-PL050_ses-0cf6d255-8f2f-463e-84fb-c54bacb79f51_VideoBodyCamera.mp4,961264614,aa9847a8-28c4-4091-9063-247fc9d93e9e,2026-02-10T16:22:21.004606Z,2026-03-09T13:24:24.401985Z,https://api.dandiarchive.org/api/assets/aa9847a8-28c4-4091-9063-247fc9d93e9e/download/
sub-PL037/sub-PL037_ses-d23b005f-46f5-4fe1-870c-f55f6eb9533d_ecephys+image/sub-PL037_ses-d23b005f-46f5-4fe1-870c-f55f6eb9533d_VideoBodyCamera.mp4,1180872449,4a97e9a0-622b-4ace-a87e-5e0309baaa97,2026-02-10T16:22:22.203919Z,2026-03-09T13:24:24.410571Z,https://api.dandiarchive.org/api/assets/4a97e9a0-622b-4ace-a87e-5e0309baaa97/download/
sub-PL037/sub-PL037_ses-62ff920c-2fdd-4feb-9d9f-0d66f2e595a1_ecephys+image/sub-PL037_ses-62ff920c-2fdd-4feb-9d9f-0d66f2e595a1_VideoBodyCamera.mp4,1243694863,d5ef5ba8-5696-413d-82a7-31a2a096f68c,2026-02-10T16:22:44.423430Z,2026-03-09T13:24:24.419459Z,https://api.dandiarchive.org/api/assets/d5ef5ba8-5696-413d-82a7-31a2a096f68c/download/
sub-PL035/sub-PL035_ses-36573e0b-ddd6-4504-94ec-9a23c877486c_ecephys+image/sub-PL035_ses-36573e0b-ddd6-4504-94ec-9a23c877486c_VideoBodyCamera.mp4,1207262982,0268320b-fab3-4c29-b34d-63e72653311a,2026-02-10T16:22:53.433137Z,2026-03-09T13:24:24.428696Z,https://api.dandiarchive.org/api/assets/0268320b-fab3-4c29-b34d-63e72653311a/download/
sub-PL037/sub-PL037_ses-7235b10c-6621-44ea-abe9-01559633472d_ecephys+image/sub-PL037_ses-7235b10c-6621-44ea-abe9-01559633472d_VideoBodyCamera.mp4,1238346396,25c42f47-b86d-4c93-be56-8f4cee5c72b4,2026-02-10T16:22:53.639201Z,2026-03-09T13:24:24.436472Z,https://api.dandiarchive.org/api/assets/25c42f47-b86d-4c93-be56-8f4cee5c72b4/download/
sub-PL050/sub-PL050_ses-e6de6c35-1508-4471-b7c3-f12a5c7a6d39_ecephys+image/sub-PL050_ses-e6de6c35-1508-4471-b7c3-f12a5c7a6d39_VideoRightCamera.mp4,5620374018,2379981f-c41b-49df-87bb-163d9f35d5a0,2026-02-10T16:23:12.127573Z,2026-03-09T13:24:24.445179Z,https://api.dandiarchive.org/api/assets/2379981f-c41b-49df-87bb-163d9f35d5a0/download/
sub-PL033/sub-PL033_ses-2ab7d2c2-bcb7-4ae6-9626-f3786c22d970_ecephys+image/sub-PL033_ses-2ab7d2c2-bcb7-4ae6-9626-f3786c22d970_VideoBodyCamera.mp4,1359025245,bbab7374-d60d-44e9-bc6a-a170bb93f708,2026-02-10T16:23:45.798351Z,2026-03-09T13:24:24.454960Z,https://api.dandiarchive.org/api/assets/bbab7374-d60d-44e9-bc6a-a170bb93f708/download/
sub-PL034/sub-PL034_ses-6cbeead9-bb7a-40e1-8ccd-47ae60239654_ecephys+image/sub-PL034_ses-6cbeead9-bb7a-40e1-8ccd-47ae60239654_VideoRightCamera.mp4,5581638824,3a7fef81-4df6-4777-ab50-d3950b2dec0d,2026-02-10T16:23:52.451520Z,2026-03-09T13:24:24.464743Z,https://api.dandiarchive.org/api/assets/3a7fef81-4df6-4777-ab50-d3950b2dec0d/download/
sub-PL035/sub-PL035_ses-5437ec1f-6535-470c-80b8-4c8806ee085d_ecephys+image/sub-PL035_ses-5437ec1f-6535-470c-80b8-4c8806ee085d_VideoRightCamera.mp4,5716570965,1e5bb5f7-842a-4ef5-a81e-89cd7b0d217b,2026-02-10T16:23:52.681927Z,2026-03-09T13:24:24.475890Z,https://api.dandiarchive.org/api/assets/1e5bb5f7-842a-4ef5-a81e-89cd7b0d217b/download/
sub-PL050/sub-PL050_ses-e6de6c35-1508-4471-b7c3-f12a5c7a6d39_ecephys+image/sub-PL050_ses-e6de6c35-1508-4471-b7c3-f12a5c7a6d39_VideoLeftCamera.mp4,6701213844,0ec2bc66-3bf8-4ee9-97a8-04939d69a3ad,2026-02-10T16:23:55.535223Z,2026-03-09T13:24:24.484811Z,https://api.dandiarchive.org/api/assets/0ec2bc66-3bf8-4ee9-97a8-04939d69a3ad/download/
sub-PL033/sub-PL033_ses-37ac03f1-9831-4a30-90fc-a59e635b98bd_ecephys+image/sub-PL033_ses-37ac03f1-9831-4a30-90fc-a59e635b98bd_VideoBodyCamera.mp4,1426093069,0db944fd-56ec-4139-b31e-7ba0a793511e,2026-02-10T16:24:06.183921Z,2026-03-09T13:24:24.497424Z,https://api.dandiarchive.org/api/assets/0db944fd-56ec-4139-b31e-7ba0a793511e/download/
sub-PL033/sub-PL033_ses-be164a14-6e73-42c3-ab60-d29c48693c0f_ecephys+image/sub-PL033_ses-be164a14-6e73-42c3-ab60-d29c48693c0f_VideoRightCamera.mp4,5244391048,c0606456-6487-4750-bf14-2f5f0597d816,2026-02-10T16:24:22.189176Z,2026-03-09T13:24:24.507488Z,https://api.dandiarchive.org/api/assets/c0606456-6487-4750-bf14-2f5f0597d816/download/
sub-PL035/sub-PL035_ses-a2b9fbbe-79fc-4166-a16e-b307813a2f06_ecephys+image/sub-PL035_ses-a2b9fbbe-79fc-4166-a16e-b307813a2f06_VideoRightCamera.mp4,5544133321,a225ab1a-652f-45f3-b407-0af812169f41,2026-02-10T16:24:38.547194Z,2026-03-09T13:24:24.517870Z,https://api.dandiarchive.org/api/assets/a225ab1a-652f-45f3-b407-0af812169f41/download/
sub-PL034/sub-PL034_ses-6cbeead9-bb7a-40e1-8ccd-47ae60239654_ecephys+image/sub-PL034_ses-6cbeead9-bb7a-40e1-8ccd-47ae60239654_VideoLeftCamera.mp4,7327433101,0d73def4-5c7b-49a6-9339-a265c515c453,2026-02-10T16:24:43.541531Z,2026-03-09T13:24:24.529182Z,https://api.dandiarchive.org/api/assets/0d73def4-5c7b-49a6-9339-a265c515c453/download/
sub-PL050/sub-PL050_ses-2584ce3c-db10-4076-89cb-5d313138dd38_ecephys+image/sub-PL050_ses-2584ce3c-db10-4076-89cb-5d313138dd38_VideoRightCamera.mp4,6730896919,f200a09a-1603-431a-b081-f899a89f57f5,2026-02-10T16:25:12.754419Z,2026-03-09T13:24:24.538995Z,https://api.dandiarchive.org/api/assets/f200a09a-1603-431a-b081-f899a89f57f5/download/
sub-PL033/sub-PL033_ses-94dabed1-741c-4ddd-a6b7-70561e27b750_ecephys+image/sub-PL033_ses-94dabed1-741c-4ddd-a6b7-70561e27b750_VideoBodyCamera.mp4,1351327137,e66e23de-9064-4b52-a9af-1b1b6d7d82ad,2026-02-10T16:25:35.025669Z,2026-03-09T13:24:24.547785Z,https://api.dandiarchive.org/api/assets/e66e23de-9064-4b52-a9af-1b1b6d7d82ad/download/
sub-PL035/sub-PL035_ses-5437ec1f-6535-470c-80b8-4c8806ee085d_ecephys+image/sub-PL035_ses-5437ec1f-6535-470c-80b8-4c8806ee085d_VideoLeftCamera.mp4,9878134795,f469dead-c73e-4a81-882b-46dc55692b66,2026-02-10T16:25:54.493265Z,2026-03-09T13:24:24.560982Z,https://api.dandiarchive.org/api/assets/f469dead-c73e-4a81-882b-46dc55692b66/download/
sub-PL050/sub-PL050_ses-2584ce3c-db10-4076-89cb-5d313138dd38_ecephys+image/sub-PL050_ses-2584ce3c-db10-4076-89cb-5d313138dd38_VideoLeftCamera.mp4,8196096907,731bf409-1aba-4ae2-8764-d82349378400,2026-02-10T16:25:56.204183Z,2026-03-09T13:24:24.572341Z,https://api.dandiarchive.org/api/assets/731bf409-1aba-4ae2-8764-d82349378400/download/
sub-SWC-043/sub-SWC-043_ses-6fb1e12c-883b-46d1-a745-473cde3232c8_ecephys+image/sub-SWC-043_ses-6fb1e12c-883b-46d1-a745-473cde3232c8_VideoBodyCamera.mp4,706592449,a0ee1818-3ea2-4dd9-a696-13b126632d1d,2026-02-10T16:26:09.016117Z,2026-03-09T13:24:24.583597Z,https://api.dandiarchive.org/api/assets/a0ee1818-3ea2-4dd9-a696-13b126632d1d/download/
sub-PL033/sub-PL033_ses-be164a14-6e73-42c3-ab60-d29c48693c0f_ecephys+image/sub-PL033_ses-be164a14-6e73-42c3-ab60-d29c48693c0f_VideoLeftCamera.mp4,8804383800,65ad7557-688c-432a-b623-6181bb29c6ed,2026-02-10T16:26:09.749403Z,2026-03-09T13:24:24.596125Z,https://api.dandiarchive.org/api/assets/65ad7557-688c-432a-b623-6181bb29c6ed/download/
sub-PL037/sub-PL037_ses-fd03d365-91df-41e2-ad81-9e0e4b9f5c7b_ecephys+image/sub-PL037_ses-fd03d365-91df-41e2-ad81-9e0e4b9f5c7b_VideoRightCamera.mp4,6179262281,a2074922-0f3b-40db-8938-b64c26d6e71b,2026-02-10T16:26:10.555602Z,2026-03-09T13:24:24.611354Z,https://api.dandiarchive.org/api/assets/a2074922-0f3b-40db-8938-b64c26d6e71b/download/
sub-PL050/sub-PL050_ses-0cf6d255-8f2f-463e-84fb-c54bacb79f51_ecephys+image/sub-PL050_ses-0cf6d255-8f2f-463e-84fb-c54bacb79f51_VideoRightCamera.mp4,5898335216,a9219eec-3f52-48ff-bc6e-c27803533b61,2026-02-10T16:26:15.702606Z,2026-03-09T13:24:24.627274Z,https://api.dandiarchive.org/api/assets/a9219eec-3f52-48ff-bc6e-c27803533b61/download/
sub-PL037/sub-PL037_ses-d23b005f-46f5-4fe1-870c-f55f6eb9533d_ecephys+image/sub-PL037_ses-d23b005f-46f5-4fe1-870c-f55f6eb9533d_VideoRightCamera.mp4,5914872575,d871e487-0576-4d47-9c0b-83715a4172fd,2026-02-10T16:26:16.275006Z,2026-03-09T13:24:24.637432Z,https://api.dandiarchive.org/api/assets/d871e487-0576-4d47-9c0b-83715a4172fd/download/
sub-PL035/sub-PL035_ses-36573e0b-ddd6-4504-94ec-9a23c877486c_ecephys+image/sub-PL035_ses-36573e0b-ddd6-4504-94ec-9a23c877486c_VideoRightCamera.mp4,5525559679,f69a61d2-b474-4b4f-ad7a-7e7ef6267cae,2026-02-10T16:26:29.717879Z,2026-03-09T13:24:24.646572Z,https://api.dandiarchive.org/api/assets/f69a61d2-b474-4b4f-ad7a-7e7ef6267cae/download/
sub-PL035/sub-PL035_ses-a2b9fbbe-79fc-4166-a16e-b307813a2f06_ecephys+image/sub-PL035_ses-a2b9fbbe-79fc-4166-a16e-b307813a2f06_VideoLeftCamera.mp4,9784849309,87f88f87-cbe7-4612-8dac-ad3faec37158,2026-02-10T16:26:41.752766Z,2026-03-09T13:24:24.655835Z,https://api.dandiarchive.org/api/assets/87f88f87-cbe7-4612-8dac-ad3faec37158/download/
sub-PL037/sub-PL037_ses-62ff920c-2fdd-4feb-9d9f-0d66f2e595a1_ecephys+image/sub-PL037_ses-62ff920c-2fdd-4feb-9d9f-0d66f2e595a1_VideoRightCamera.mp4,6204208058,27d77820-4b0d-44e1-a0c1-0c4467c56236,2026-02-10T16:26:43.847429Z,2026-03-09T13:24:24.669501Z,https://api.dandiarchive.org/api/assets/27d77820-4b0d-44e1-a0c1-0c4467c56236/download/
sub-PL050/sub-PL050_ses-0cf6d255-8f2f-463e-84fb-c54bacb79f51_ecephys+image/sub-PL050_ses-0cf6d255-8f2f-463e-84fb-c54bacb79f51_VideoLeftCamera.mp4,7147278832,19db0668-c670-460c-ba87-0ae8cc7dabd9,2026-02-10T16:26:50.710913Z,2026-03-09T13:24:24.682095Z,https://api.dandiarchive.org/api/assets/19db0668-c670-460c-ba87-0ae8cc7dabd9/download/
sub-PL037/sub-PL037_ses-7235b10c-6621-44ea-abe9-01559633472d_ecephys+image/sub-PL037_ses-7235b10c-6621-44ea-abe9-01559633472d_VideoRightCamera.mp4,6228197988,c583ac45-70d8-436b-983f-9d5a61a5bc68,2026-02-10T16:26:54.172658Z,2026-03-09T13:24:24.696498Z,https://api.dandiarchive.org/api/assets/c583ac45-70d8-436b-983f-9d5a61a5bc68/download/
sub-SWC-043/sub-SWC-043_ses-88d24c31-52e4-49cc-9f32-6adbeb9eba87_ecephys+image/sub-SWC-043_ses-88d24c31-52e4-49cc-9f32-6adbeb9eba87_VideoBodyCamera.mp4,804341332,bf59ef5d-1718-4b83-9bd3-f71d3245f3e0,2026-02-10T16:27:19.450872Z,2026-03-09T13:24:24.707227Z,https://api.dandiarchive.org/api/assets/bf59ef5d-1718-4b83-9bd3-f71d3245f3e0/download/
sub-PL033/sub-PL033_ses-2ab7d2c2-bcb7-4ae6-9626-f3786c22d970_ecephys+image/sub-PL033_ses-2ab7d2c2-bcb7-4ae6-9626-f3786c22d970_VideoRightCamera.mp4,5777160306,e510bf45-a343-4c31-8c35-eb75f40352a7,2026-02-10T16:27:22.465626Z,2026-03-09T13:24:24.717692Z,https://api.dandiarchive.org/api/assets/e510bf45-a343-4c31-8c35-eb75f40352a7/download/
sub-PL037/sub-PL037_ses-7eeb8423-49e6-4d40-ab6f-703d17af231a_ecephys+image/sub-PL037_ses-7eeb8423-49e6-4d40-ab6f-703d17af231a_VideoBodyCamera.mp4,1285857137,2fc19742-6a5f-4f9d-8bb3-938fc2b0afec,2026-02-10T16:27:25.011113Z,2026-03-09T13:24:24.728774Z,https://api.dandiarchive.org/api/assets/2fc19742-6a5f-4f9d-8bb3-938fc2b0afec/download/
sub-PL033/sub-PL033_ses-37ac03f1-9831-4a30-90fc-a59e635b98bd_ecephys+image/sub-PL033_ses-37ac03f1-9831-4a30-90fc-a59e635b98bd_VideoRightCamera.mp4,5430671623,00868f2c-6b28-4f1d-a6b5-3ef647e8ee8f,2026-02-10T16:27:32.355543Z,2026-03-09T13:24:24.737970Z,https://api.dandiarchive.org/api/assets/00868f2c-6b28-4f1d-a6b5-3ef647e8ee8f/download/
sub-SWC-043/sub-SWC-043_ses-6fb1e12c-883b-46d1-a745-473cde3232c8_ecephys+image/sub-SWC-043_ses-6fb1e12c-883b-46d1-a745-473cde3232c8_VideoRightCamera.mp4,4502671762,2815c4e4-66f1-40e2-a507-0ac1ae7714a6,2026-02-10T16:27:33.725672Z,2026-03-09T13:24:24.750784Z,https://api.dandiarchive.org/api/assets/2815c4e4-66f1-40e2-a507-0ac1ae7714a6/download/
sub-PL037/sub-PL037_ses-fd03d365-91df-41e2-ad81-9e0e4b9f5c7b_ecephys+image/sub-PL037_ses-fd03d365-91df-41e2-ad81-9e0e4b9f5c7b_VideoLeftCamera.mp4,9370312875,c0b9b25f-39b9-4f69-8a72-3dd8eec308b4,2026-02-10T16:27:43.948148Z,2026-03-09T13:24:24.760550Z,https://api.dandiarchive.org/api/assets/c0b9b25f-39b9-4f69-8a72-3dd8eec308b4/download/
sub-PL037/sub-PL037_ses-d23b005f-46f5-4fe1-870c-f55f6eb9533d_ecephys+image/sub-PL037_ses-d23b005f-46f5-4fe1-870c-f55f6eb9533d_VideoLeftCamera.mp4,9030509776,89b27fe4-5592-4b5b-bbb1-3640dea3ea46,2026-02-10T16:27:47.297494Z,2026-03-09T13:24:24.770258Z,https://api.dandiarchive.org/api/assets/89b27fe4-5592-4b5b-bbb1-3640dea3ea46/download/
sub-PL033/sub-PL033_ses-2ab7d2c2-bcb7-4ae6-9626-f3786c22d970_ecephys+image/sub-PL033_ses-2ab7d2c2-bcb7-4ae6-9626-f3786c22d970_VideoLeftCamera.mp4,7739832702,41c48c21-9b88-41f0-add1-c1903272a2ae,2026-02-10T16:28:19.245579Z,2026-03-09T13:24:24.780112Z,https://api.dandiarchive.org/api/assets/41c48c21-9b88-41f0-add1-c1903272a2ae/download/
sub-PL037/sub-PL037_ses-62ff920c-2fdd-4feb-9d9f-0d66f2e595a1_ecephys+image/sub-PL037_ses-62ff920c-2fdd-4feb-9d9f-0d66f2e595a1_VideoLeftCamera.mp4,9584973377,1e4f9b36-75b2-4251-baef-6c95dea743f1,2026-02-10T16:28:23.051749Z,2026-03-09T13:24:24.790557Z,https://api.dandiarchive.org/api/assets/1e4f9b36-75b2-4251-baef-6c95dea743f1/download/
sub-PL037/sub-PL037_ses-7235b10c-6621-44ea-abe9-01559633472d_ecephys+image/sub-PL037_ses-7235b10c-6621-44ea-abe9-01559633472d_VideoLeftCamera.mp4,9259216200,62f29873-c6e2-4a3e-8f8f-de9c0cfbb3a4,2026-02-10T16:28:24.933132Z,2026-03-09T13:24:24.800274Z,https://api.dandiarchive.org/api/assets/62f29873-c6e2-4a3e-8f8f-de9c0cfbb3a4/download/
sub-PL035/sub-PL035_ses-36573e0b-ddd6-4504-94ec-9a23c877486c_ecephys+image/sub-PL035_ses-36573e0b-ddd6-4504-94ec-9a23c877486c_VideoLeftCamera.mp4,10007930409,4502f9c9-171f-48ee-b10c-f5ce477817e1,2026-02-10T16:28:38.722712Z,2026-03-09T13:24:24.812010Z,https://api.dandiarchive.org/api/assets/4502f9c9-171f-48ee-b10c-f5ce477817e1/download/
sub-SWC-043/sub-SWC-043_ses-88d24c31-52e4-49cc-9f32-6adbeb9eba87_ecephys+image/sub-SWC-043_ses-88d24c31-52e4-49cc-9f32-6adbeb9eba87_VideoRightCamera.mp4,4477446128,ee9df727-7da7-44c6-84b3-646e9c9fa1ea,2026-02-10T16:28:41.118437Z,2026-03-09T13:24:24.822213Z,https://api.dandiarchive.org/api/assets/ee9df727-7da7-44c6-84b3-646e9c9fa1ea/download/
sub-PL033/sub-PL033_ses-37ac03f1-9831-4a30-90fc-a59e635b98bd_ecephys+image/sub-PL033_ses-37ac03f1-9831-4a30-90fc-a59e635b98bd_VideoLeftCamera.mp4,7875064710,19f7a28e-8a1b-4600-bfe6-b150efe54eee,2026-02-10T16:28:41.951289Z,2026-03-09T13:24:24.833978Z,https://api.dandiarchive.org/api/assets/19f7a28e-8a1b-4600-bfe6-b150efe54eee/download/
sub-SWC-043/sub-SWC-043_ses-6fb1e12c-883b-46d1-a745-473cde3232c8_ecephys+image/sub-SWC-043_ses-6fb1e12c-883b-46d1-a745-473cde3232c8_VideoLeftCamera.mp4,9341495376,7b563588-25fe-4cc8-9a02-2f8ca36f7907,2026-02-10T16:28:47.198663Z,2026-03-09T13:24:24.850918Z,https://api.dandiarchive.org/api/assets/7b563588-25fe-4cc8-9a02-2f8ca36f7907/download/
sub-PL034/sub-PL034_ses-3bb54985-77b2-421d-9d1f-46185be51216_ecephys+image/sub-PL034_ses-3bb54985-77b2-421d-9d1f-46185be51216_VideoBodyCamera.mp4,1301519861,6b851330-e6de-4168-9c35-7d8cbda4b509,2026-02-10T16:28:59.840592Z,2026-03-09T13:24:24.861838Z,https://api.dandiarchive.org/api/assets/6b851330-e6de-4168-9c35-7d8cbda4b509/download/
sub-PL033/sub-PL033_ses-94dabed1-741c-4ddd-a6b7-70561e27b750_ecephys+image/sub-PL033_ses-94dabed1-741c-4ddd-a6b7-70561e27b750_VideoRightCamera.mp4,5763721928,40272b23-41c1-4dfd-8f0d-9b1f9778801c,2026-02-10T16:29:11.087144Z,2026-03-09T13:24:24.871259Z,https://api.dandiarchive.org/api/assets/40272b23-41c1-4dfd-8f0d-9b1f9778801c/download/
sub-SWC-043/sub-SWC-043_ses-88d24c31-52e4-49cc-9f32-6adbeb9eba87_ecephys+image/sub-SWC-043_ses-88d24c31-52e4-49cc-9f32-6adbeb9eba87_VideoLeftCamera.mp4,9620519322,378a20f4-cf83-4009-b73e-589e1bd8bc3d,2026-02-10T16:30:00.214145Z,2026-03-09T13:24:24.884855Z,https://api.dandiarchive.org/api/assets/378a20f4-cf83-4009-b73e-589e1bd8bc3d/download/
sub-PL033/sub-PL033_ses-94dabed1-741c-4ddd-a6b7-70561e27b750_ecephys+image/sub-PL033_ses-94dabed1-741c-4ddd-a6b7-70561e27b750_VideoLeftCamera.mp4,9803011734,70dbe3d2-e187-4159-968f-e7057ab036fd,2026-02-10T16:31:10.169317Z,2026-03-09T13:24:24.896440Z,https://api.dandiarchive.org/api/assets/70dbe3d2-e187-4159-968f-e7057ab036fd/download/
sub-PL037/sub-PL037_ses-7eeb8423-49e6-4d40-ab6f-703d17af231a_ecephys+image/sub-PL037_ses-7eeb8423-49e6-4d40-ab6f-703d17af231a_VideoRightCamera.mp4,5971887973,e8ac4348-88ba-4ef5-9366-78045ac95ece,2026-02-10T16:31:15.653597Z,2026-03-09T13:24:24.907442Z,https://api.dandiarchive.org/api/assets/e8ac4348-88ba-4ef5-9366-78045ac95ece/download/
sub-PL035/sub-PL035_ses-04749a70-ac63-477d-8392-d4d529184fab_ecephys+image/sub-PL035_ses-04749a70-ac63-477d-8392-d4d529184fab_VideoBodyCamera.mp4,1267162508,30b3d455-e0bb-4836-8c87-73e612c75bc7,2026-02-10T16:32:04.551489Z,2026-03-09T13:24:24.918855Z,https://api.dandiarchive.org/api/assets/30b3d455-e0bb-4836-8c87-73e612c75bc7/download/
sub-PL034/sub-PL034_ses-3bb54985-77b2-421d-9d1f-46185be51216_ecephys+image/sub-PL034_ses-3bb54985-77b2-421d-9d1f-46185be51216_VideoRightCamera.mp4,6142193038,2a258b2f-121f-4c60-8c89-479dc814eb57,2026-02-10T16:32:51.219382Z,2026-03-09T13:24:24.936684Z,https://api.dandiarchive.org/api/assets/2a258b2f-121f-4c60-8c89-479dc814eb57/download/
sub-PL037/sub-PL037_ses-7eeb8423-49e6-4d40-ab6f-703d17af231a_ecephys+image/sub-PL037_ses-7eeb8423-49e6-4d40-ab6f-703d17af231a_VideoLeftCamera.mp4,9617193883,0db533fa-3217-4148-99ce-2c3226d2b5de,2026-02-10T16:33:04.204353Z,2026-03-09T13:24:24.948470Z,https://api.dandiarchive.org/api/assets/0db533fa-3217-4148-99ce-2c3226d2b5de/download/
sub-ZFM-01577/sub-ZFM-01577_ses-63f3dbc1-1a5f-44e5-98dd-ce25cd2b7871_ecephys+image/sub-ZFM-01577_ses-63f3dbc1-1a5f-44e5-98dd-ce25cd2b7871_VideoRightCamera.mp4,3710742668,f0cfc960-cf45-4db1-8746-13454f80f2b2,2026-02-10T16:33:59.249845Z,2026-03-09T13:24:24.962286Z,https://api.dandiarchive.org/api/assets/f0cfc960-cf45-4db1-8746-13454f80f2b2/download/
sub-PL050/sub-PL050_ses-e6bdb1f4-b0bf-4451-8f23-4384f2102f91_ecephys+image/sub-PL050_ses-e6bdb1f4-b0bf-4451-8f23-4384f2102f91_VideoBodyCamera.mp4,1215663691,7098368e-b3dd-4ecf-85b1-2f7e3a7a0d01,2026-02-10T16:34:16.045377Z,2026-03-09T13:24:24.974580Z,https://api.dandiarchive.org/api/assets/7098368e-b3dd-4ecf-85b1-2f7e3a7a0d01/download/
sub-PL034/sub-PL034_ses-3bb54985-77b2-421d-9d1f-46185be51216_ecephys+image/sub-PL034_ses-3bb54985-77b2-421d-9d1f-46185be51216_VideoLeftCamera.mp4,9136437941,7a661dc5-8854-4a9e-99ca-d97e74e81cb0,2026-02-10T16:34:17.080388Z,2026-03-09T13:24:24.985992Z,https://api.dandiarchive.org/api/assets/7a661dc5-8854-4a9e-99ca-d97e74e81cb0/download/
sub-ZFM-01577/sub-ZFM-01577_ses-63f3dbc1-1a5f-44e5-98dd-ce25cd2b7871_ecephys+image/sub-ZFM-01577_ses-63f3dbc1-1a5f-44e5-98dd-ce25cd2b7871_VideoLeftCamera.mp4,6330164168,7f2bb33f-e02d-4373-a0d9-1020e0f940bf,2026-02-10T16:34:39.326125Z,2026-03-09T13:24:24.997860Z,https://api.dandiarchive.org/api/assets/7f2bb33f-e02d-4373-a0d9-1020e0f940bf/download/
sub-PL050/sub-PL050_ses-e6de6c35-1508-4471-b7c3-f12a5c7a6d39_desc-raw_ecephys.nwb,51984577113,0891076d-0c51-45ef-b285-335c73ff2845,2026-02-10T16:35:54.281210Z,2026-03-09T13:24:25.010008Z,https://api.dandiarchive.org/api/assets/0891076d-0c51-45ef-b285-335c73ff2845/download/
sub-PL035/sub-PL035_ses-04749a70-ac63-477d-8392-d4d529184fab_ecephys+image/sub-PL035_ses-04749a70-ac63-477d-8392-d4d529184fab_VideoRightCamera.mp4,6278971101,eaaba9ef-81fb-40bc-8aef-84545a8e56bb,2026-02-10T16:36:06.698213Z,2026-03-09T13:24:25.021126Z,https://api.dandiarchive.org/api/assets/eaaba9ef-81fb-40bc-8aef-84545a8e56bb/download/
sub-PL034/sub-PL034_ses-6cbeead9-bb7a-40e1-8ccd-47ae60239654_desc-raw_ecephys.nwb,52158546307,955575b1-c400-4524-a198-d6900c3ca1e3,2026-02-10T16:36:18.962215Z,2026-03-09T13:24:25.034734Z,https://api.dandiarchive.org/api/assets/955575b1-c400-4524-a198-d6900c3ca1e3/download/
sub-PL050/sub-PL050_ses-37bbc17f-8dec-4fa8-97fd-e23a5c6bad1f_ecephys+image/sub-PL050_ses-37bbc17f-8dec-4fa8-97fd-e23a5c6bad1f_VideoBodyCamera.mp4,1227772830,1f5186fd-d2e0-4b04-878f-8ff100d08d7b,2026-02-10T16:36:29.526183Z,2026-03-09T13:24:25.049057Z,https://api.dandiarchive.org/api/assets/1f5186fd-d2e0-4b04-878f-8ff100d08d7b/download/
sub-PL050/sub-PL050_ses-2584ce3c-db10-4076-89cb-5d313138dd38_desc-raw_ecephys.nwb,49821562667,b4c41831-1995-4394-8f31-34cfc8ad76bb,2026-02-10T16:36:41.142566Z,2026-03-09T13:24:25.061160Z,https://api.dandiarchive.org/api/assets/b4c41831-1995-4394-8f31-34cfc8ad76bb/download/
sub-PL035/sub-PL035_ses-5437ec1f-6535-470c-80b8-4c8806ee085d_desc-raw_ecephys.nwb,51502805282,5e3ac62b-31f3-4b4a-873f-7bc8210aeb37,2026-02-10T16:36:44.104215Z,2026-03-09T13:24:25.074014Z,https://api.dandiarchive.org/api/assets/5e3ac62b-31f3-4b4a-873f-7bc8210aeb37/download/
sub-PL050/sub-PL050_ses-6ab9d98c-b1e9-4574-b8fe-b9eec88097e0_ecephys+image/sub-PL050_ses-6ab9d98c-b1e9-4574-b8fe-b9eec88097e0_VideoBodyCamera.mp4,1225021324,fde20c06-b7ff-44dc-af8d-47cb30a2c4ac,2026-02-10T16:37:16.379208Z,2026-03-09T13:24:25.085348Z,https://api.dandiarchive.org/api/assets/fde20c06-b7ff-44dc-af8d-47cb30a2c4ac/download/
sub-PL033/sub-PL033_ses-be164a14-6e73-42c3-ab60-d29c48693c0f_desc-raw_ecephys.nwb,52605290718,9e2b45b7-4a63-422d-812d-b8e2ce50fc69,2026-02-10T16:37:28.049448Z,2026-03-09T13:24:25.096322Z,https://api.dandiarchive.org/api/assets/9e2b45b7-4a63-422d-812d-b8e2ce50fc69/download/
sub-PL035/sub-PL035_ses-a2b9fbbe-79fc-4166-a16e-b307813a2f06_desc-raw_ecephys.nwb,52577784315,20834a50-3f07-43d6-bcd6-f225f11d6065,2026-02-10T16:37:52.113214Z,2026-03-09T13:24:25.108240Z,https://api.dandiarchive.org/api/assets/20834a50-3f07-43d6-bcd6-f225f11d6065/download/
sub-PL050/sub-PL050_ses-e6bdb1f4-b0bf-4451-8f23-4384f2102f91_ecephys+image/sub-PL050_ses-e6bdb1f4-b0bf-4451-8f23-4384f2102f91_VideoRightCamera.mp4,6487329098,c19d9872-f5c8-4df3-a6f2-415604a8b46c,2026-02-10T16:38:24.086391Z,2026-03-09T13:24:25.118494Z,https://api.dandiarchive.org/api/assets/c19d9872-f5c8-4df3-a6f2-415604a8b46c/download/
sub-PL035/sub-PL035_ses-04749a70-ac63-477d-8392-d4d529184fab_ecephys+image/sub-PL035_ses-04749a70-ac63-477d-8392-d4d529184fab_VideoLeftCamera.mp4,11244034979,842c59bb-bb6b-4a0d-a308-884165359adf,2026-02-10T16:38:40.667143Z,2026-03-09T13:24:25.128291Z,https://api.dandiarchive.org/api/assets/842c59bb-bb6b-4a0d-a308-884165359adf/download/
sub-PL050/sub-PL050_ses-0cf6d255-8f2f-463e-84fb-c54bacb79f51_desc-raw_ecephys.nwb,53516083058,45fa00d4-c434-4f94-8907-efa64662c062,2026-02-10T16:38:48.513702Z,2026-03-09T13:24:25.139427Z,https://api.dandiarchive.org/api/assets/45fa00d4-c434-4f94-8907-efa64662c062/download/
sub-PL037/sub-PL037_ses-fd03d365-91df-41e2-ad81-9e0e4b9f5c7b_desc-raw_ecephys.nwb,52817055259,e122137c-28f9-4bfa-b5c3-20868f0cc385,2026-02-10T16:39:01.241880Z,2026-03-09T13:24:25.150145Z,https://api.dandiarchive.org/api/assets/e122137c-28f9-4bfa-b5c3-20868f0cc385/download/
sub-PL037/sub-PL037_ses-62ff920c-2fdd-4feb-9d9f-0d66f2e595a1_desc-raw_ecephys.nwb,50680512670,e58e6255-805d-45fa-af75-632147967e0f,2026-02-10T16:39:03.127292Z,2026-03-09T13:24:25.160004Z,https://api.dandiarchive.org/api/assets/e58e6255-805d-45fa-af75-632147967e0f/download/
sub-PL050/sub-PL050_ses-e6bdb1f4-b0bf-4451-8f23-4384f2102f91_ecephys+image/sub-PL050_ses-e6bdb1f4-b0bf-4451-8f23-4384f2102f91_VideoLeftCamera.mp4,8019408268,977d3fdc-e501-4221-b2d0-c9925751d698,2026-02-10T16:39:07.513122Z,2026-03-09T13:24:25.169484Z,https://api.dandiarchive.org/api/assets/977d3fdc-e501-4221-b2d0-c9925751d698/download/
sub-PL037/sub-PL037_ses-d23b005f-46f5-4fe1-870c-f55f6eb9533d_desc-raw_ecephys.nwb,53174854509,af4fedf8-c7f0-47e8-b6ae-99c26b825a67,2026-02-10T16:39:13.418897Z,2026-03-09T13:24:25.178552Z,https://api.dandiarchive.org/api/assets/af4fedf8-c7f0-47e8-b6ae-99c26b825a67/download/
sub-PL037/sub-PL037_ses-7235b10c-6621-44ea-abe9-01559633472d_desc-raw_ecephys.nwb,51231161387,ae6bfbe4-deba-473d-8c49-cb7ecaef0690,2026-02-10T16:39:16.344804Z,2026-03-09T13:24:25.190014Z,https://api.dandiarchive.org/api/assets/ae6bfbe4-deba-473d-8c49-cb7ecaef0690/download/
sub-PL035/sub-PL035_ses-36573e0b-ddd6-4504-94ec-9a23c877486c_desc-raw_ecephys.nwb,53138307236,626eac6d-eaad-42c6-873e-0d46c7db8e6d,2026-02-10T16:39:52.028222Z,2026-03-09T13:24:25.200068Z,https://api.dandiarchive.org/api/assets/626eac6d-eaad-42c6-873e-0d46c7db8e6d/download/
sub-PL033/sub-PL033_ses-2ab7d2c2-bcb7-4ae6-9626-f3786c22d970_desc-raw_ecephys.nwb,54884045346,cd931762-34bf-4f8b-a7eb-9b102da47b0d,2026-02-10T16:40:30.436174Z,2026-03-09T13:24:25.209968Z,https://api.dandiarchive.org/api/assets/cd931762-34bf-4f8b-a7eb-9b102da47b0d/download/
sub-PL050/sub-PL050_ses-c02e5155-8e8f-427e-873d-d61490bbb9c3_ecephys+image/sub-PL050_ses-c02e5155-8e8f-427e-873d-d61490bbb9c3_VideoBodyCamera.mp4,1380384534,a56be4f4-0402-4313-bf25-d6db712b241a,2026-02-10T16:40:36.852469Z,2026-03-09T13:24:25.220466Z,https://api.dandiarchive.org/api/assets/a56be4f4-0402-4313-bf25-d6db712b241a/download/
sub-PL033/sub-PL033_ses-37ac03f1-9831-4a30-90fc-a59e635b98bd_desc-raw_ecephys.nwb,54551714921,c8c540d6-d0cc-4d11-85fd-d515241e7125,2026-02-10T16:40:46.221874Z,2026-03-09T13:24:25.230425Z,https://api.dandiarchive.org/api/assets/c8c540d6-d0cc-4d11-85fd-d515241e7125/download/
sub-PL050/sub-PL050_ses-37bbc17f-8dec-4fa8-97fd-e23a5c6bad1f_ecephys+image/sub-PL050_ses-37bbc17f-8dec-4fa8-97fd-e23a5c6bad1f_VideoRightCamera.mp4,6703407062,7a42e817-5bc1-49e3-9b38-c5b87e4f008e,2026-02-10T16:40:58.099433Z,2026-03-09T13:24:25.239551Z,https://api.dandiarchive.org/api/assets/7a42e817-5bc1-49e3-9b38-c5b87e4f008e/download/
sub-SWC-043/sub-SWC-043_ses-6fb1e12c-883b-46d1-a745-473cde3232c8_desc-raw_ecephys.nwb,54457733579,d8deb1ae-dc74-42c2-a533-62dc774c7171,2026-02-10T16:41:32.270953Z,2026-03-09T13:24:25.248841Z,https://api.dandiarchive.org/api/assets/d8deb1ae-dc74-42c2-a533-62dc774c7171/download/
sub-PL050/sub-PL050_ses-37bbc17f-8dec-4fa8-97fd-e23a5c6bad1f_ecephys+image/sub-PL050_ses-37bbc17f-8dec-4fa8-97fd-e23a5c6bad1f_VideoLeftCamera.mp4,8334313093,b18cf8e8-7f0a-4d7a-8f2a-7b3c98cdaac9,2026-02-10T16:41:46.111734Z,2026-03-09T13:24:25.257655Z,https://api.dandiarchive.org/api/assets/b18cf8e8-7f0a-4d7a-8f2a-7b3c98cdaac9/download/
sub-PL050/sub-PL050_ses-6ab9d98c-b1e9-4574-b8fe-b9eec88097e0_ecephys+image/sub-PL050_ses-6ab9d98c-b1e9-4574-b8fe-b9eec88097e0_VideoRightCamera.mp4,7067673049,3aef97e2-89f8-4374-a639-b73575b20b54,2026-02-10T16:42:00.649280Z,2026-03-09T13:24:25.267653Z,https://api.dandiarchive.org/api/assets/3aef97e2-89f8-4374-a639-b73575b20b54/download/
sub-SWC-066/sub-SWC-066_ses-f4ffb731-8349-4fe4-806e-0232a84e52dd_ecephys+image/sub-SWC-066_ses-f4ffb731-8349-4fe4-806e-0232a84e52dd_VideoBodyCamera.mp4,957781556,7a90762c-902e-4d9f-84b4-cd47b3cbab02,2026-02-10T16:42:34.292216Z,2026-03-09T13:24:25.277922Z,https://api.dandiarchive.org/api/assets/7a90762c-902e-4d9f-84b4-cd47b3cbab02/download/
sub-PL033/sub-PL033_ses-94dabed1-741c-4ddd-a6b7-70561e27b750_desc-raw_ecephys.nwb,54500080859,e1f9e3ac-c7a9-4965-8579-4139dadeb48c,2026-02-10T16:42:46.093479Z,2026-03-09T13:24:25.287493Z,https://api.dandiarchive.org/api/assets/e1f9e3ac-c7a9-4965-8579-4139dadeb48c/download/
sub-SWC-043/sub-SWC-043_ses-88d24c31-52e4-49cc-9f32-6adbeb9eba87_desc-raw_ecephys.nwb,55439686923,03fddb76-34d0-4635-bca6-e3ef338cdfbe,2026-02-10T16:42:54.372717Z,2026-03-09T13:24:25.296701Z,https://api.dandiarchive.org/api/assets/03fddb76-34d0-4635-bca6-e3ef338cdfbe/download/
sub-PL050/sub-PL050_ses-6ab9d98c-b1e9-4574-b8fe-b9eec88097e0_ecephys+image/sub-PL050_ses-6ab9d98c-b1e9-4574-b8fe-b9eec88097e0_VideoLeftCamera.mp4,11179996550,120c6033-8c3f-4242-93b6-a58873f6cc79,2026-02-10T16:44:01.598380Z,2026-03-09T13:24:25.307621Z,https://api.dandiarchive.org/api/assets/120c6033-8c3f-4242-93b6-a58873f6cc79/download/
sub-SWC-066/sub-SWC-066_ses-f4ffb731-8349-4fe4-806e-0232a84e52dd_ecephys+image/sub-SWC-066_ses-f4ffb731-8349-4fe4-806e-0232a84e52dd_VideoRightCamera.mp4,5069621556,6c4c3e54-a161-4127-81c3-025dae7e10c3,2026-02-10T16:44:04.991099Z,2026-03-09T13:24:25.317550Z,https://api.dandiarchive.org/api/assets/6c4c3e54-a161-4127-81c3-025dae7e10c3/download/
sub-PL037/sub-PL037_ses-7eeb8423-49e6-4d40-ab6f-703d17af231a_desc-raw_ecephys.nwb,53045690030,6aa21ecb-f7e0-4bfc-bd1f-7a419d568d8f,2026-02-10T16:44:18.435712Z,2026-03-09T13:24:25.328097Z,https://api.dandiarchive.org/api/assets/6aa21ecb-f7e0-4bfc-bd1f-7a419d568d8f/download/
sub-SWC-043/sub-SWC-043_ses-c6db3304-c906-400c-aa0f-45dd3945b2ea_ecephys+image/sub-SWC-043_ses-c6db3304-c906-400c-aa0f-45dd3945b2ea_VideoBodyCamera.mp4,858323498,b1996be8-110b-4ba3-b556-4786a6a722ec,2026-02-10T16:44:46.035403Z,2026-03-09T13:24:25.338302Z,https://api.dandiarchive.org/api/assets/b1996be8-110b-4ba3-b556-4786a6a722ec/download/
sub-SWC-066/sub-SWC-066_ses-f4ffb731-8349-4fe4-806e-0232a84e52dd_ecephys+image/sub-SWC-066_ses-f4ffb731-8349-4fe4-806e-0232a84e52dd_VideoLeftCamera.mp4,8985682327,14c361d7-50c4-494b-a6a3-cfdc74d50f99,2026-02-10T16:45:04.644014Z,2026-03-09T13:24:25.350181Z,https://api.dandiarchive.org/api/assets/14c361d7-50c4-494b-a6a3-cfdc74d50f99/download/
sub-PL050/sub-PL050_ses-c02e5155-8e8f-427e-873d-d61490bbb9c3_ecephys+image/sub-PL050_ses-c02e5155-8e8f-427e-873d-d61490bbb9c3_VideoRightCamera.mp4,7222381224,ef290a6c-388f-4cd6-98a9-3995ab91f379,2026-02-10T16:45:07.158935Z,2026-03-09T13:24:25.363430Z,https://api.dandiarchive.org/api/assets/ef290a6c-388f-4cd6-98a9-3995ab91f379/download/
sub-PL034/sub-PL034_ses-87ad026d-5b95-4022-8d59-c260870d830f_ecephys+image/sub-PL034_ses-87ad026d-5b95-4022-8d59-c260870d830f_VideoBodyCamera.mp4,1622954682,4f060f4d-ca28-4b17-9bb2-5b3ba8cedc55,2026-02-10T16:45:26.668991Z,2026-03-09T13:24:25.373865Z,https://api.dandiarchive.org/api/assets/4f060f4d-ca28-4b17-9bb2-5b3ba8cedc55/download/
sub-PL037/sub-PL037_ses-14127fdb-2e66-4823-b124-f49c128ba94d_ecephys+image/sub-PL037_ses-14127fdb-2e66-4823-b124-f49c128ba94d_VideoBodyCamera.mp4,1490918571,620e1136-5298-4b5f-999b-fafd3589cee1,2026-02-10T16:45:48.315103Z,2026-03-09T13:24:25.384479Z,https://api.dandiarchive.org/api/assets/620e1136-5298-4b5f-999b-fafd3589cee1/download/
sub-PL050/sub-PL050_ses-c02e5155-8e8f-427e-873d-d61490bbb9c3_ecephys+image/sub-PL050_ses-c02e5155-8e8f-427e-873d-d61490bbb9c3_VideoLeftCamera.mp4,9065122696,4eb94968-20f4-425b-9d90-6a37026b6e7f,2026-02-10T16:46:02.412161Z,2026-03-09T13:24:25.394599Z,https://api.dandiarchive.org/api/assets/4eb94968-20f4-425b-9d90-6a37026b6e7f/download/
sub-PL034/sub-PL034_ses-3bb54985-77b2-421d-9d1f-46185be51216_desc-raw_ecephys.nwb,54540320268,0b2194be-bd80-494b-9476-80591416be34,2026-02-10T16:46:03.037486Z,2026-03-09T13:24:25.408830Z,https://api.dandiarchive.org/api/assets/0b2194be-bd80-494b-9476-80591416be34/download/
sub-SWC-043/sub-SWC-043_ses-c6db3304-c906-400c-aa0f-45dd3945b2ea_ecephys+image/sub-SWC-043_ses-c6db3304-c906-400c-aa0f-45dd3945b2ea_VideoRightCamera.mp4,5488008712,597836b1-b0c2-4a7d-8080-def0a9f1760e,2026-02-10T16:46:30.460085Z,2026-03-09T13:24:25.419939Z,https://api.dandiarchive.org/api/assets/597836b1-b0c2-4a7d-8080-def0a9f1760e/download/
sub-SWC-043/sub-SWC-043_ses-c6db3304-c906-400c-aa0f-45dd3945b2ea_ecephys+image/sub-SWC-043_ses-c6db3304-c906-400c-aa0f-45dd3945b2ea_VideoLeftCamera.mp4,11518091626,1e3cefd1-8a29-4493-87b3-9a188ffbe5ca,2026-02-10T16:48:02.830944Z,2026-03-09T13:24:25.430520Z,https://api.dandiarchive.org/api/assets/1e3cefd1-8a29-4493-87b3-9a188ffbe5ca/download/
sub-ZFM-01577/sub-ZFM-01577_ses-63f3dbc1-1a5f-44e5-98dd-ce25cd2b7871_desc-raw_ecephys.nwb,60633871872,1e6cd2ca-7ebb-4957-a2f2-ec3bde1af414,2026-02-10T16:49:21.569171Z,2026-03-09T13:24:25.440283Z,https://api.dandiarchive.org/api/assets/1e6cd2ca-7ebb-4957-a2f2-ec3bde1af414/download/
sub-ZFM-01936/sub-ZFM-01936_ses-d0ea3148-948d-4817-94f8-dcaf2342bbbe_ecephys+image/sub-ZFM-01936_ses-d0ea3148-948d-4817-94f8-dcaf2342bbbe_VideoBodyCamera.mp4,1297063685,c49fe378-8fb7-41db-aab2-ec9508cdfe2f,2026-02-10T16:49:35.417862Z,2026-03-09T13:24:25.450147Z,https://api.dandiarchive.org/api/assets/c49fe378-8fb7-41db-aab2-ec9508cdfe2f/download/
sub-PL034/sub-PL034_ses-87ad026d-5b95-4022-8d59-c260870d830f_ecephys+image/sub-PL034_ses-87ad026d-5b95-4022-8d59-c260870d830f_VideoRightCamera.mp4,7441546322,dd395a52-3de9-49f4-b260-3331a85946ed,2026-02-10T16:50:10.089123Z,2026-03-09T13:24:25.459345Z,https://api.dandiarchive.org/api/assets/dd395a52-3de9-49f4-b260-3331a85946ed/download/
sub-ZFM-01936/sub-ZFM-01936_ses-d0ea3148-948d-4817-94f8-dcaf2342bbbe_ecephys+image/sub-ZFM-01936_ses-d0ea3148-948d-4817-94f8-dcaf2342bbbe_VideoRightCamera.mp4,4051979743,5eff9e88-116a-43e2-9439-a204cb5436e3,2026-02-10T16:50:34.564448Z,2026-03-09T13:24:25.470968Z,https://api.dandiarchive.org/api/assets/5eff9e88-116a-43e2-9439-a204cb5436e3/download/
sub-PL035/sub-PL035_ses-04749a70-ac63-477d-8392-d4d529184fab_desc-raw_ecephys.nwb,58387427355,3cc19872-0c63-4da5-ad45-379f1a93e3c4,2026-02-10T16:50:55.549297Z,2026-03-09T13:24:25.482797Z,https://api.dandiarchive.org/api/assets/3cc19872-0c63-4da5-ad45-379f1a93e3c4/download/
sub-PL037/sub-PL037_ses-14127fdb-2e66-4823-b124-f49c128ba94d_ecephys+image/sub-PL037_ses-14127fdb-2e66-4823-b124-f49c128ba94d_VideoRightCamera.mp4,7887048577,898dc0e8-d3c9-4f19-ad1e-33e34d33e98a,2026-02-10T16:50:55.944018Z,2026-03-09T13:24:25.492912Z,https://api.dandiarchive.org/api/assets/898dc0e8-d3c9-4f19-ad1e-33e34d33e98a/download/
sub-ZFM-01936/sub-ZFM-01936_ses-d0ea3148-948d-4817-94f8-dcaf2342bbbe_ecephys+image/sub-ZFM-01936_ses-d0ea3148-948d-4817-94f8-dcaf2342bbbe_VideoLeftCamera.mp4,7295023137,b66f7a2f-211d-47f6-946b-d47edace181c,2026-02-10T16:51:24.592491Z,2026-03-09T13:24:25.503756Z,https://api.dandiarchive.org/api/assets/b66f7a2f-211d-47f6-946b-d47edace181c/download/
sub-ZFM-01935/sub-ZFM-01935_ses-f5591ac5-311d-4fa8-9bad-029d7be9c491_ecephys+image/sub-ZFM-01935_ses-f5591ac5-311d-4fa8-9bad-029d7be9c491_VideoBodyCamera.mp4,1171932256,2ba3120a-ee1c-4a54-9fb3-5562ba6d9f4a,2026-02-10T16:51:26.687534Z,2026-03-09T13:24:25.521752Z,https://api.dandiarchive.org/api/assets/2ba3120a-ee1c-4a54-9fb3-5562ba6d9f4a/download/
sub-PL034/sub-PL034_ses-87ad026d-5b95-4022-8d59-c260870d830f_ecephys+image/sub-PL034_ses-87ad026d-5b95-4022-8d59-c260870d830f_VideoLeftCamera.mp4,11063967242,e0de9012-5172-48cb-8403-0ee134722eaf,2026-02-10T16:51:56.447855Z,2026-03-09T13:24:25.532285Z,https://api.dandiarchive.org/api/assets/e0de9012-5172-48cb-8403-0ee134722eaf/download/
sub-PL050/sub-PL050_ses-e6bdb1f4-b0bf-4451-8f23-4384f2102f91_desc-raw_ecephys.nwb,57834064429,1e478dc9-15d3-4e32-acd4-524861a58ef9,2026-02-10T16:51:58.743997Z,2026-03-09T13:24:25.542485Z,https://api.dandiarchive.org/api/assets/1e478dc9-15d3-4e32-acd4-524861a58ef9/download/
sub-PL037/sub-PL037_ses-14127fdb-2e66-4823-b124-f49c128ba94d_ecephys+image/sub-PL037_ses-14127fdb-2e66-4823-b124-f49c128ba94d_VideoLeftCamera.mp4,11969286072,c927f7a1-e527-42e9-a156-9b8390233bac,2026-02-10T16:52:55.922027Z,2026-03-09T13:24:25.557841Z,https://api.dandiarchive.org/api/assets/c927f7a1-e527-42e9-a156-9b8390233bac/download/
sub-ZFM-01935/sub-ZFM-01935_ses-f5591ac5-311d-4fa8-9bad-029d7be9c491_ecephys+image/sub-ZFM-01935_ses-f5591ac5-311d-4fa8-9bad-029d7be9c491_VideoRightCamera.mp4,5727379906,09054b83-19cc-4183-a9fd-adf4b35aa5e8,2026-02-10T16:53:05.933531Z,2026-03-09T13:24:25.568035Z,https://api.dandiarchive.org/api/assets/09054b83-19cc-4183-a9fd-adf4b35aa5e8/download/
sub-ZFM-01935/sub-ZFM-01935_ses-f5591ac5-311d-4fa8-9bad-029d7be9c491_ecephys+image/sub-ZFM-01935_ses-f5591ac5-311d-4fa8-9bad-029d7be9c491_VideoLeftCamera.mp4,7518902909,6ac2e43b-587e-45bc-a992-01b69a9c9550,2026-02-10T16:53:35.088814Z,2026-03-09T13:24:25.579462Z,https://api.dandiarchive.org/api/assets/6ac2e43b-587e-45bc-a992-01b69a9c9550/download/
sub-ZFM-01935/sub-ZFM-01935_ses-ab8a0899-a59f-42e4-8807-95b14056104b_ecephys+image/sub-ZFM-01935_ses-ab8a0899-a59f-42e4-8807-95b14056104b_VideoBodyCamera.mp4,1680801827,1c76a13f-8d17-444a-9d2f-3bfe4c07b09c,2026-02-10T16:54:14.235389Z,2026-03-09T13:24:25.590194Z,https://api.dandiarchive.org/api/assets/1c76a13f-8d17-444a-9d2f-3bfe4c07b09c/download/
sub-PL050/sub-PL050_ses-37bbc17f-8dec-4fa8-97fd-e23a5c6bad1f_desc-raw_ecephys.nwb,58012809717,0e2f2b82-73f5-4503-af9b-409a0ee67001,2026-02-10T16:54:33.840119Z,2026-03-09T13:24:25.601321Z,https://api.dandiarchive.org/api/assets/0e2f2b82-73f5-4503-af9b-409a0ee67001/download/
sub-ZFM-01935/sub-ZFM-01935_ses-ab8a0899-a59f-42e4-8807-95b14056104b_ecephys+image/sub-ZFM-01935_ses-ab8a0899-a59f-42e4-8807-95b14056104b_VideoRightCamera.mp4,5914683612,ef0cee58-bc9f-4763-9ad3-6f65faaa210f,2026-02-10T16:55:48.683423Z,2026-03-09T13:24:25.613992Z,https://api.dandiarchive.org/api/assets/ef0cee58-bc9f-4763-9ad3-6f65faaa210f/download/
sub-ZFM-01935/sub-ZFM-01935_ses-ab8a0899-a59f-42e4-8807-95b14056104b_ecephys+image/sub-ZFM-01935_ses-ab8a0899-a59f-42e4-8807-95b14056104b_VideoLeftCamera.mp4,9520324210,9fc2cc56-bc46-4dd9-8a34-1a406bf08205,2026-02-10T16:56:43.545674Z,2026-03-09T13:24:25.626805Z,https://api.dandiarchive.org/api/assets/9fc2cc56-bc46-4dd9-8a34-1a406bf08205/download/
sub-PL050/sub-PL050_ses-6ab9d98c-b1e9-4574-b8fe-b9eec88097e0_desc-raw_ecephys.nwb,61836316462,c03de62f-01af-4e4b-b42c-6c350c9ed5b5,2026-02-10T16:57:15.273624Z,2026-03-09T13:24:25.639774Z,https://api.dandiarchive.org/api/assets/c03de62f-01af-4e4b-b42c-6c350c9ed5b5/download/
sub-ZFM-01935/sub-ZFM-01935_ses-71e03be6-b497-4991-a121-9416dcc1a6e7_ecephys+image/sub-ZFM-01935_ses-71e03be6-b497-4991-a121-9416dcc1a6e7_VideoBodyCamera.mp4,1570291166,1a73ad37-47f2-48fc-b001-e975c188f2c2,2026-02-10T16:58:37.752626Z,2026-03-09T13:24:25.652197Z,https://api.dandiarchive.org/api/assets/1a73ad37-47f2-48fc-b001-e975c188f2c2/download/
sub-PL050/sub-PL050_ses-c02e5155-8e8f-427e-873d-d61490bbb9c3_desc-raw_ecephys.nwb,61519010442,d6bfe9cb-bffe-4fb8-a594-9340d4e76daa,2026-02-10T16:59:41.146741Z,2026-03-09T13:24:25.664030Z,https://api.dandiarchive.org/api/assets/d6bfe9cb-bffe-4fb8-a594-9340d4e76daa/download/
sub-ZFM-01935/sub-ZFM-01935_ses-71e03be6-b497-4991-a121-9416dcc1a6e7_ecephys+image/sub-ZFM-01935_ses-71e03be6-b497-4991-a121-9416dcc1a6e7_VideoRightCamera.mp4,6468125962,43b3facd-dfdd-4ae4-a1f9-60bf4bcd2ae7,2026-02-10T17:00:25.837801Z,2026-03-09T13:24:25.674483Z,https://api.dandiarchive.org/api/assets/43b3facd-dfdd-4ae4-a1f9-60bf4bcd2ae7/download/
sub-SWC-066/sub-SWC-066_ses-f4ffb731-8349-4fe4-806e-0232a84e52dd_desc-raw_ecephys.nwb,64553985810,04169e4c-7770-4714-8436-c99bf810a88a,2026-02-10T17:00:31.275633Z,2026-03-09T13:24:25.686922Z,https://api.dandiarchive.org/api/assets/04169e4c-7770-4714-8436-c99bf810a88a/download/
sub-ZFM-01935/sub-ZFM-01935_ses-71e03be6-b497-4991-a121-9416dcc1a6e7_ecephys+image/sub-ZFM-01935_ses-71e03be6-b497-4991-a121-9416dcc1a6e7_VideoLeftCamera.mp4,9881935835,950474f3-d960-4919-bb58-f60082596aa9,2026-02-10T17:01:17.716731Z,2026-03-09T13:24:25.698043Z,https://api.dandiarchive.org/api/assets/950474f3-d960-4919-bb58-f60082596aa9/download/
sub-SWC-043/sub-SWC-043_ses-c6db3304-c906-400c-aa0f-45dd3945b2ea_desc-raw_ecephys.nwb,67251628733,8c0496ab-0b46-4756-8412-5509590c209b,2026-02-10T17:03:44.434148Z,2026-03-09T13:24:25.708083Z,https://api.dandiarchive.org/api/assets/8c0496ab-0b46-4756-8412-5509590c209b/download/
sub-PL034/sub-PL034_ses-87ad026d-5b95-4022-8d59-c260870d830f_desc-raw_ecephys.nwb,65767999105,67b6b141-a2ef-4f83-a10a-664c5645f732,2026-02-10T17:06:06.242172Z,2026-03-09T13:24:25.718411Z,https://api.dandiarchive.org/api/assets/67b6b141-a2ef-4f83-a10a-664c5645f732/download/
sub-PL037/sub-PL037_ses-14127fdb-2e66-4823-b124-f49c128ba94d_desc-raw_ecephys.nwb,63440100964,38892dee-bfa3-4b65-80fe-b1ce6d58d8ae,2026-02-10T17:06:20.137570Z,2026-03-09T13:24:25.727539Z,https://api.dandiarchive.org/api/assets/38892dee-bfa3-4b65-80fe-b1ce6d58d8ae/download/
sub-SWC-042/sub-SWC-042_ses-66d98e6e-bcd9-4e78-8fbb-636f7e808b29_ecephys+image/sub-SWC-042_ses-66d98e6e-bcd9-4e78-8fbb-636f7e808b29_VideoRightCamera.mp4,5864837695,a4ddfd65-1e02-403a-a8e7-5cba78088710,2026-02-10T17:06:28.218541Z,2026-03-09T13:24:25.738355Z,https://api.dandiarchive.org/api/assets/a4ddfd65-1e02-403a-a8e7-5cba78088710/download/
sub-SWC-042/sub-SWC-042_ses-66d98e6e-bcd9-4e78-8fbb-636f7e808b29_ecephys+image/sub-SWC-042_ses-66d98e6e-bcd9-4e78-8fbb-636f7e808b29_VideoLeftCamera.mp4,12935697961,3e5db3c5-c245-4de0-866e-4c27222093cf,2026-02-10T17:08:16.493640Z,2026-03-09T13:24:25.749923Z,https://api.dandiarchive.org/api/assets/3e5db3c5-c245-4de0-866e-4c27222093cf/download/
sub-ZFM-01936/sub-ZFM-01936_ses-d0ea3148-948d-4817-94f8-dcaf2342bbbe_desc-raw_ecephys.nwb,70075509505,d7d1c842-1b9e-4095-b1b7-a5d46b150e20,2026-02-10T17:08:23.762909Z,2026-03-09T13:24:25.759684Z,https://api.dandiarchive.org/api/assets/d7d1c842-1b9e-4095-b1b7-a5d46b150e20/download/
sub-ZFM-01935/sub-ZFM-01935_ses-f5591ac5-311d-4fa8-9bad-029d7be9c491_desc-raw_ecephys.nwb,69699811915,1295ac06-87be-45cf-9e6f-1d1b73712512,2026-02-10T17:10:36.506999Z,2026-03-09T13:24:25.769207Z,https://api.dandiarchive.org/api/assets/1295ac06-87be-45cf-9e6f-1d1b73712512/download/
sub-SWC-043/sub-SWC-043_ses-f3ce3197-d534-4618-bf81-b687555d1883_ecephys+image/sub-SWC-043_ses-f3ce3197-d534-4618-bf81-b687555d1883_VideoBodyCamera.mp4,1042177797,f390b092-4339-48e8-b474-92c4dae6d3ea,2026-02-10T17:13:16.353397Z,2026-03-09T13:24:25.779070Z,https://api.dandiarchive.org/api/assets/f390b092-4339-48e8-b474-92c4dae6d3ea/download/
sub-ZFM-01935/sub-ZFM-01935_ses-ab8a0899-a59f-42e4-8807-95b14056104b_desc-raw_ecephys.nwb,70668893457,2e7165d5-5117-41e6-aa3e-f77a6dfdf8a6,2026-02-10T17:13:35.485302Z,2026-03-09T13:24:25.789012Z,https://api.dandiarchive.org/api/assets/2e7165d5-5117-41e6-aa3e-f77a6dfdf8a6/download/
sub-ZFM-01576/sub-ZFM-01576_ses-9e9c6fc0-4769-4d83-9ea4-b59a1230510e_ecephys+image/sub-ZFM-01576_ses-9e9c6fc0-4769-4d83-9ea4-b59a1230510e_VideoRightCamera.mp4,5625715130,d011ca39-59ea-4708-89a0-c003fb6245b2,2026-02-10T17:14:45.497306Z,2026-03-09T13:24:25.798455Z,https://api.dandiarchive.org/api/assets/d011ca39-59ea-4708-89a0-c003fb6245b2/download/
sub-SWC-043/sub-SWC-043_ses-f3ce3197-d534-4618-bf81-b687555d1883_ecephys+image/sub-SWC-043_ses-f3ce3197-d534-4618-bf81-b687555d1883_VideoRightCamera.mp4,7047997412,4610e355-ba61-40f0-8da1-103551b0d672,2026-02-10T17:15:27.945914Z,2026-03-09T13:24:25.808651Z,https://api.dandiarchive.org/api/assets/4610e355-ba61-40f0-8da1-103551b0d672/download/
sub-ZFM-01576/sub-ZFM-01576_ses-9e9c6fc0-4769-4d83-9ea4-b59a1230510e_ecephys+image/sub-ZFM-01576_ses-9e9c6fc0-4769-4d83-9ea4-b59a1230510e_VideoLeftCamera.mp4,8984368274,af74d13e-d930-432a-bab6-8b6f944aaba0,2026-02-10T17:15:36.799556Z,2026-03-09T13:24:25.821828Z,https://api.dandiarchive.org/api/assets/af74d13e-d930-432a-bab6-8b6f944aaba0/download/
sub-SWC-043/sub-SWC-043_ses-f3ce3197-d534-4618-bf81-b687555d1883_ecephys+image/sub-SWC-043_ses-f3ce3197-d534-4618-bf81-b687555d1883_VideoLeftCamera.mp4,14082046389,2acd8d69-404d-461a-8d20-12d3c6d0e354,2026-02-10T17:17:15.935289Z,2026-03-09T13:24:25.831963Z,https://api.dandiarchive.org/api/assets/2acd8d69-404d-461a-8d20-12d3c6d0e354/download/
sub-ZFM-01935/sub-ZFM-01935_ses-71e03be6-b497-4991-a121-9416dcc1a6e7_desc-raw_ecephys.nwb,73160999760,34b506c2-38f9-42fb-8cae-86ab09fcca8a,2026-02-10T17:18:43.576567Z,2026-03-09T13:24:25.843270Z,https://api.dandiarchive.org/api/assets/34b506c2-38f9-42fb-8cae-86ab09fcca8a/download/
sub-ZFM-01592/sub-ZFM-01592_ses-56bc129c-6265-407a-a208-cc16d20a6c01_ecephys+image/sub-ZFM-01592_ses-56bc129c-6265-407a-a208-cc16d20a6c01_VideoRightCamera.mp4,5327259845,fdb2d77f-d0b3-4992-b0e6-611c8b701fd2,2026-02-10T17:22:22.290380Z,2026-03-09T13:24:25.855180Z,https://api.dandiarchive.org/api/assets/fdb2d77f-d0b3-4992-b0e6-611c8b701fd2/download/
sub-ZFM-01592/sub-ZFM-01592_ses-56bc129c-6265-407a-a208-cc16d20a6c01_ecephys+image/sub-ZFM-01592_ses-56bc129c-6265-407a-a208-cc16d20a6c01_VideoLeftCamera.mp4,9185778393,f189e777-c18e-42a5-bc61-d310b120d73a,2026-02-10T17:23:20.759380Z,2026-03-09T13:24:25.870061Z,https://api.dandiarchive.org/api/assets/f189e777-c18e-42a5-bc61-d310b120d73a/download/
sub-SWC-042/sub-SWC-042_ses-66d98e6e-bcd9-4e78-8fbb-636f7e808b29_desc-raw_ecephys.nwb,78465628243,2d19e12e-a98d-4bb7-999d-9d7baf6378f4,2026-02-10T17:26:57.624594Z,2026-03-09T13:24:25.880964Z,https://api.dandiarchive.org/api/assets/2d19e12e-a98d-4bb7-999d-9d7baf6378f4/download/
sub-PL050/sub-PL050_ses-1dbba733-24a4-4400-9436-53f1bd8428e8_ecephys+image/sub-PL050_ses-1dbba733-24a4-4400-9436-53f1bd8428e8_VideoBodyCamera.mp4,1092312001,a36a4a22-093b-4730-b9b4-3dd823356290,2026-02-10T17:33:53.429400Z,2026-03-09T13:24:25.890589Z,https://api.dandiarchive.org/api/assets/a36a4a22-093b-4730-b9b4-3dd823356290/download/
sub-SWC-043/sub-SWC-043_ses-f3ce3197-d534-4618-bf81-b687555d1883_desc-raw_ecephys.nwb,81636853459,0215e246-765f-4859-99ba-d53f56a57109,2026-02-10T17:36:25.356673Z,2026-03-09T13:24:25.901294Z,https://api.dandiarchive.org/api/assets/0215e246-765f-4859-99ba-d53f56a57109/download/
sub-ZFM-01576/sub-ZFM-01576_ses-9e9c6fc0-4769-4d83-9ea4-b59a1230510e_desc-raw_ecephys.nwb,85637290814,fcf7bf59-2c5b-4242-86ee-d0e29885a977,2026-02-10T17:36:34.985965Z,2026-03-09T13:24:25.910505Z,https://api.dandiarchive.org/api/assets/fcf7bf59-2c5b-4242-86ee-d0e29885a977/download/
sub-PL050/sub-PL050_ses-1dbba733-24a4-4400-9436-53f1bd8428e8_ecephys+image/sub-PL050_ses-1dbba733-24a4-4400-9436-53f1bd8428e8_VideoRightCamera.mp4,5664607057,7732d61c-afa0-4208-8879-3b629bccdea9,2026-02-10T17:37:26.893096Z,2026-03-09T13:24:25.920701Z,https://api.dandiarchive.org/api/assets/7732d61c-afa0-4208-8879-3b629bccdea9/download/
sub-PL050/sub-PL050_ses-1dbba733-24a4-4400-9436-53f1bd8428e8_ecephys+image/sub-PL050_ses-1dbba733-24a4-4400-9436-53f1bd8428e8_VideoLeftCamera.mp4,6784937199,97c4660b-fd2d-4aab-b69b-2927ca7adbb2,2026-02-10T17:37:59.879593Z,2026-03-09T13:24:25.932207Z,https://api.dandiarchive.org/api/assets/97c4660b-fd2d-4aab-b69b-2927ca7adbb2/download/
sub-SWC-043/sub-SWC-043_ses-4ecb5d24-f5cc-402c-be28-9d0f7cb14b3a_ecephys+image/sub-SWC-043_ses-4ecb5d24-f5cc-402c-be28-9d0f7cb14b3a_VideoBodyCamera.mp4,1214614838,d1bc5e06-efa7-4419-b5f8-d91e8fb07ec0,2026-02-10T17:43:08.452274Z,2026-03-09T13:24:25.942363Z,https://api.dandiarchive.org/api/assets/d1bc5e06-efa7-4419-b5f8-d91e8fb07ec0/download/
sub-ZFM-01592/sub-ZFM-01592_ses-56bc129c-6265-407a-a208-cc16d20a6c01_desc-raw_ecephys.nwb,89413475327,b3751e1c-5df8-4861-b153-657ec25eddce,2026-02-10T17:45:16.769873Z,2026-03-09T13:24:25.952024Z,https://api.dandiarchive.org/api/assets/b3751e1c-5df8-4861-b153-657ec25eddce/download/
sub-SWC-043/sub-SWC-043_ses-4ecb5d24-f5cc-402c-be28-9d0f7cb14b3a_ecephys+image/sub-SWC-043_ses-4ecb5d24-f5cc-402c-be28-9d0f7cb14b3a_VideoRightCamera.mp4,4165866277,6eafd98c-3757-4a7d-b3e0-6968cc6e716c,2026-02-10T17:45:35.810070Z,2026-03-09T13:24:25.961712Z,https://api.dandiarchive.org/api/assets/6eafd98c-3757-4a7d-b3e0-6968cc6e716c/download/
sub-SWC-043/sub-SWC-043_ses-4ecb5d24-f5cc-402c-be28-9d0f7cb14b3a_ecephys+image/sub-SWC-043_ses-4ecb5d24-f5cc-402c-be28-9d0f7cb14b3a_VideoLeftCamera.mp4,8934013457,7254e0f4-d9e2-4e84-82ab-8fde7c8d51a4,2026-02-10T17:47:55.233499Z,2026-03-09T13:24:25.971997Z,https://api.dandiarchive.org/api/assets/7254e0f4-d9e2-4e84-82ab-8fde7c8d51a4/download/
sub-SWC-060/sub-SWC-060_ses-dac3a4c1-b666-4de0-87e8-8c514483cacf_ecephys+image/sub-SWC-060_ses-dac3a4c1-b666-4de0-87e8-8c514483cacf_VideoBodyCamera.mp4,1271736484,f29c6a6c-2003-401b-8c2d-99dc29a39770,2026-02-10T17:52:46.647842Z,2026-03-09T13:24:25.982450Z,https://api.dandiarchive.org/api/assets/f29c6a6c-2003-401b-8c2d-99dc29a39770/download/
sub-SWC-060/sub-SWC-060_ses-dac3a4c1-b666-4de0-87e8-8c514483cacf_ecephys+image/sub-SWC-060_ses-dac3a4c1-b666-4de0-87e8-8c514483cacf_VideoRightCamera.mp4,5531913545,dadc6568-f508-4694-8d54-6996288e204a,2026-02-10T17:54:17.350108Z,2026-03-09T13:24:25.991686Z,https://api.dandiarchive.org/api/assets/dadc6568-f508-4694-8d54-6996288e204a/download/
sub-SWC-060/sub-SWC-060_ses-dac3a4c1-b666-4de0-87e8-8c514483cacf_ecephys+image/sub-SWC-060_ses-dac3a4c1-b666-4de0-87e8-8c514483cacf_VideoLeftCamera.mp4,10712475752,6027b400-290c-42a7-a600-e64d1d9b5399,2026-02-10T17:55:36.325877Z,2026-03-09T13:24:26.004561Z,https://api.dandiarchive.org/api/assets/6027b400-290c-42a7-a600-e64d1d9b5399/download/
sub-SWC-060/sub-SWC-060_ses-81a1dca0-cc90-47c5-afe3-c277319c47c8_ecephys+image/sub-SWC-060_ses-81a1dca0-cc90-47c5-afe3-c277319c47c8_VideoBodyCamera.mp4,1272659313,8f29e511-58ad-487f-866b-3ad4d907b4f1,2026-02-10T17:57:24.439717Z,2026-03-09T13:24:26.014941Z,https://api.dandiarchive.org/api/assets/8f29e511-58ad-487f-866b-3ad4d907b4f1/download/
sub-SWC-060/sub-SWC-060_ses-81a1dca0-cc90-47c5-afe3-c277319c47c8_ecephys+image/sub-SWC-060_ses-81a1dca0-cc90-47c5-afe3-c277319c47c8_VideoRightCamera.mp4,5544581244,6e243628-eb6b-46e3-884d-2eb9c9259aa0,2026-02-10T17:58:54.678891Z,2026-03-09T13:24:26.024998Z,https://api.dandiarchive.org/api/assets/6e243628-eb6b-46e3-884d-2eb9c9259aa0/download/
sub-SWC-060/sub-SWC-060_ses-81a1dca0-cc90-47c5-afe3-c277319c47c8_ecephys+image/sub-SWC-060_ses-81a1dca0-cc90-47c5-afe3-c277319c47c8_VideoLeftCamera.mp4,10768006358,369cfe83-cf80-49b1-9fba-bf7fa5b42105,2026-02-10T18:00:14.065506Z,2026-03-09T13:24:26.036615Z,https://api.dandiarchive.org/api/assets/369cfe83-cf80-49b1-9fba-bf7fa5b42105/download/
sub-PL050/sub-PL050_ses-1dbba733-24a4-4400-9436-53f1bd8428e8_desc-raw_ecephys.nwb,101535057562,a2444c5d-71e2-44db-acda-1d6d719b36b5,2026-02-10T18:02:20.951252Z,2026-03-09T13:24:26.045801Z,https://api.dandiarchive.org/api/assets/a2444c5d-71e2-44db-acda-1d6d719b36b5/download/
sub-SWC-043/sub-SWC-043_ses-695a6073-eae0-49e0-bb0f-e9e57a9275b9_ecephys+image/sub-SWC-043_ses-695a6073-eae0-49e0-bb0f-e9e57a9275b9_VideoBodyCamera.mp4,816742437,f24b9c91-ad5f-4ebb-9342-92fa8f04970c,2026-02-10T18:06:42.459414Z,2026-03-09T13:24:26.056687Z,https://api.dandiarchive.org/api/assets/f24b9c91-ad5f-4ebb-9342-92fa8f04970c/download/
sub-SWC-043/sub-SWC-043_ses-695a6073-eae0-49e0-bb0f-e9e57a9275b9_ecephys+image/sub-SWC-043_ses-695a6073-eae0-49e0-bb0f-e9e57a9275b9_VideoRightCamera.mp4,5067731839,bd074bf4-7ae7-4d65-9938-3199368849f4,2026-02-10T18:08:12.015319Z,2026-03-09T13:24:26.067493Z,https://api.dandiarchive.org/api/assets/bd074bf4-7ae7-4d65-9938-3199368849f4/download/
sub-SWC-043/sub-SWC-043_ses-695a6073-eae0-49e0-bb0f-e9e57a9275b9_ecephys+image/sub-SWC-043_ses-695a6073-eae0-49e0-bb0f-e9e57a9275b9_VideoLeftCamera.mp4,10708195832,a2a31fc7-2be1-4656-a791-6d178a035520,2026-02-10T18:09:38.463070Z,2026-03-09T13:24:26.077954Z,https://api.dandiarchive.org/api/assets/a2a31fc7-2be1-4656-a791-6d178a035520/download/
sub-SWC-061/sub-SWC-061_ses-493170a6-fd94-4ee4-884f-cc018c17eeb9_ecephys+image/sub-SWC-061_ses-493170a6-fd94-4ee4-884f-cc018c17eeb9_VideoBodyCamera.mp4,1093308712,5e52788f-5a1d-4fb3-9ac5-9958e03ce9a3,2026-02-10T18:10:22.014900Z,2026-03-09T13:24:26.087888Z,https://api.dandiarchive.org/api/assets/5e52788f-5a1d-4fb3-9ac5-9958e03ce9a3/download/
sub-SWC-061/sub-SWC-061_ses-493170a6-fd94-4ee4-884f-cc018c17eeb9_ecephys+image/sub-SWC-061_ses-493170a6-fd94-4ee4-884f-cc018c17eeb9_VideoRightCamera.mp4,6344887292,a91b2bf1-33bf-4b94-af8c-16208be41b7c,2026-02-10T18:12:14.178795Z,2026-03-09T13:24:26.101101Z,https://api.dandiarchive.org/api/assets/a91b2bf1-33bf-4b94-af8c-16208be41b7c/download/
sub-SWC-061/sub-SWC-061_ses-493170a6-fd94-4ee4-884f-cc018c17eeb9_ecephys+image/sub-SWC-061_ses-493170a6-fd94-4ee4-884f-cc018c17eeb9_VideoLeftCamera.mp4,11828632853,4b863261-a810-4cba-85fb-7f27dce2d044,2026-02-10T18:13:37.903317Z,2026-03-09T13:24:26.111311Z,https://api.dandiarchive.org/api/assets/4b863261-a810-4cba-85fb-7f27dce2d044/download/
sub-SWC-043/sub-SWC-043_ses-4ecb5d24-f5cc-402c-be28-9d0f7cb14b3a_desc-raw_ecephys.nwb,111394238241,f5d59b9f-ec24-40ad-820f-24844fb5b1cc,2026-02-10T18:14:15.966967Z,2026-03-09T13:24:26.121755Z,https://api.dandiarchive.org/api/assets/f5d59b9f-ec24-40ad-820f-24844fb5b1cc/download/
sub-PL050/sub-PL050_ses-98e0074c-706a-40e5-bbb5-223f97585a99_ecephys+image/sub-PL050_ses-98e0074c-706a-40e5-bbb5-223f97585a99_VideoBodyCamera.mp4,1445140506,8a131461-2dc9-4fb7-8227-d34ef97ad09d,2026-02-10T18:21:38.063046Z,2026-03-09T13:24:26.131315Z,https://api.dandiarchive.org/api/assets/8a131461-2dc9-4fb7-8227-d34ef97ad09d/download/
sub-SWC-060/sub-SWC-060_ses-dac3a4c1-b666-4de0-87e8-8c514483cacf_desc-raw_ecephys.nwb,114009299654,377a7d8b-ca16-4f09-9a47-2631cd0feabb,2026-02-10T18:23:24.921577Z,2026-03-09T13:24:26.142310Z,https://api.dandiarchive.org/api/assets/377a7d8b-ca16-4f09-9a47-2631cd0feabb/download/
sub-ZFM-01577/sub-ZFM-01577_ses-09b2c4d1-058d-4c84-9fd4-97530f85baf6_ecephys+image/sub-ZFM-01577_ses-09b2c4d1-058d-4c84-9fd4-97530f85baf6_VideoRightCamera.mp4,4649610866,c91eb5ce-91c8-46c4-84a2-ef240a705bc8,2026-02-10T18:25:12.674496Z,2026-03-09T13:24:26.152258Z,https://api.dandiarchive.org/api/assets/c91eb5ce-91c8-46c4-84a2-ef240a705bc8/download/
sub-SWC-061/sub-SWC-061_ses-d7e60cc3-6020-429e-a654-636c6cc677ea_ecephys+image/sub-SWC-061_ses-d7e60cc3-6020-429e-a654-636c6cc677ea_VideoBodyCamera.mp4,1052590794,5c2fff8c-7b68-4035-8f0f-862b7f9d1153,2026-02-10T18:25:16.512100Z,2026-03-09T13:24:26.163243Z,https://api.dandiarchive.org/api/assets/5c2fff8c-7b68-4035-8f0f-862b7f9d1153/download/
sub-ZFM-01577/sub-ZFM-01577_ses-09b2c4d1-058d-4c84-9fd4-97530f85baf6_ecephys+image/sub-ZFM-01577_ses-09b2c4d1-058d-4c84-9fd4-97530f85baf6_VideoLeftCamera.mp4,7514044256,88407f86-3948-4b7d-a99f-9632719a6f83,2026-02-10T18:25:56.954758Z,2026-03-09T13:24:26.173364Z,https://api.dandiarchive.org/api/assets/88407f86-3948-4b7d-a99f-9632719a6f83/download/
sub-PL050/sub-PL050_ses-98e0074c-706a-40e5-bbb5-223f97585a99_ecephys+image/sub-PL050_ses-98e0074c-706a-40e5-bbb5-223f97585a99_VideoRightCamera.mp4,7093297816,30396e17-443b-4cf8-b13f-f11b551b430f,2026-02-10T18:26:04.664212Z,2026-03-09T13:24:26.183332Z,https://api.dandiarchive.org/api/assets/30396e17-443b-4cf8-b13f-f11b551b430f/download/
sub-PL050/sub-PL050_ses-98e0074c-706a-40e5-bbb5-223f97585a99_ecephys+image/sub-PL050_ses-98e0074c-706a-40e5-bbb5-223f97585a99_VideoLeftCamera.mp4,8507798063,92977ed9-47ec-4fc6-872d-5d210ee6d9ed,2026-02-10T18:26:48.132138Z,2026-03-09T13:24:26.192994Z,https://api.dandiarchive.org/api/assets/92977ed9-47ec-4fc6-872d-5d210ee6d9ed/download/
sub-SWC-061/sub-SWC-061_ses-d7e60cc3-6020-429e-a654-636c6cc677ea_ecephys+image/sub-SWC-061_ses-d7e60cc3-6020-429e-a654-636c6cc677ea_VideoRightCamera.mp4,6661267621,d13bb162-a66d-422f-aa0d-354705563624,2026-02-10T18:27:15.207104Z,2026-03-09T13:24:26.203963Z,https://api.dandiarchive.org/api/assets/d13bb162-a66d-422f-aa0d-354705563624/download/
sub-SWC-060/sub-SWC-060_ses-81a1dca0-cc90-47c5-afe3-c277319c47c8_desc-raw_ecephys.nwb,116119609432,a36de3d3-d990-4c77-8c9b-7d25fcf84525,2026-02-10T18:28:32.818351Z,2026-03-09T13:24:26.215752Z,https://api.dandiarchive.org/api/assets/a36de3d3-d990-4c77-8c9b-7d25fcf84525/download/
sub-ZFM-01935/sub-ZFM-01935_ses-1a507308-c63a-4e02-8f32-3239a07dc578_ecephys+image/sub-ZFM-01935_ses-1a507308-c63a-4e02-8f32-3239a07dc578_VideoBodyCamera.mp4,1364733426,6c0fa9ad-b86a-4f24-8e3a-e0d561cb2c86,2026-02-10T18:28:53.747283Z,2026-03-09T13:24:26.226288Z,https://api.dandiarchive.org/api/assets/6c0fa9ad-b86a-4f24-8e3a-e0d561cb2c86/download/
sub-SWC-061/sub-SWC-061_ses-d7e60cc3-6020-429e-a654-636c6cc677ea_ecephys+image/sub-SWC-061_ses-d7e60cc3-6020-429e-a654-636c6cc677ea_VideoLeftCamera.mp4,13663267504,9ba9a3ef-e2f2-4e83-bead-675f1c92dd5c,2026-02-10T18:29:02.601310Z,2026-03-09T13:24:26.236118Z,https://api.dandiarchive.org/api/assets/9ba9a3ef-e2f2-4e83-bead-675f1c92dd5c/download/
sub-SWC-060/sub-SWC-060_ses-875c1e5c-f7ec-45ac-ab82-ecfe7276a707_ecephys+image/sub-SWC-060_ses-875c1e5c-f7ec-45ac-ab82-ecfe7276a707_VideoBodyCamera.mp4,1516965789,33c1b335-58a6-4c2c-866d-687f02843cda,2026-02-10T18:29:50.706006Z,2026-03-09T13:24:26.262937Z,https://api.dandiarchive.org/api/assets/33c1b335-58a6-4c2c-866d-687f02843cda/download/
sub-ZFM-01935/sub-ZFM-01935_ses-1a507308-c63a-4e02-8f32-3239a07dc578_ecephys+image/sub-ZFM-01935_ses-1a507308-c63a-4e02-8f32-3239a07dc578_VideoRightCamera.mp4,6526995372,76de9190-4231-4de6-b159-f4936e589ef6,2026-02-10T18:30:43.222044Z,2026-03-09T13:24:26.273340Z,https://api.dandiarchive.org/api/assets/76de9190-4231-4de6-b159-f4936e589ef6/download/
sub-ZFM-01935/sub-ZFM-01935_ses-1a507308-c63a-4e02-8f32-3239a07dc578_ecephys+image/sub-ZFM-01935_ses-1a507308-c63a-4e02-8f32-3239a07dc578_VideoLeftCamera.mp4,9511739219,c5da7c95-225a-4168-8d79-3a8646d95add,2026-02-10T18:31:28.593217Z,2026-03-09T13:24:26.291644Z,https://api.dandiarchive.org/api/assets/c5da7c95-225a-4168-8d79-3a8646d95add/download/
sub-ZFM-01576/sub-ZFM-01576_ses-c4432264-e1ae-446f-8a07-6280abade813_ecephys+image/sub-ZFM-01576_ses-c4432264-e1ae-446f-8a07-6280abade813_VideoRightCamera.mp4,4489270138,aba2d9d4-6e3b-4db0-a603-d6163b38f031,2026-02-10T18:31:33.268026Z,2026-03-09T13:24:26.300772Z,https://api.dandiarchive.org/api/assets/aba2d9d4-6e3b-4db0-a603-d6163b38f031/download/
sub-SWC-060/sub-SWC-060_ses-875c1e5c-f7ec-45ac-ab82-ecfe7276a707_ecephys+image/sub-SWC-060_ses-875c1e5c-f7ec-45ac-ab82-ecfe7276a707_VideoRightCamera.mp4,6785498121,2b550741-7cdb-4f88-b5a2-824eeb08bbb3,2026-02-10T18:31:42.301468Z,2026-03-09T13:24:26.323267Z,https://api.dandiarchive.org/api/assets/2b550741-7cdb-4f88-b5a2-824eeb08bbb3/download/
sub-ZFM-01576/sub-ZFM-01576_ses-c4432264-e1ae-446f-8a07-6280abade813_ecephys+image/sub-ZFM-01576_ses-c4432264-e1ae-446f-8a07-6280abade813_VideoLeftCamera.mp4,7256532104,e7160741-1d26-4ced-94d8-971767683887,2026-02-10T18:32:15.096908Z,2026-03-09T13:24:26.340804Z,https://api.dandiarchive.org/api/assets/e7160741-1d26-4ced-94d8-971767683887/download/
sub-SWC-060/sub-SWC-060_ses-875c1e5c-f7ec-45ac-ab82-ecfe7276a707_ecephys+image/sub-SWC-060_ses-875c1e5c-f7ec-45ac-ab82-ecfe7276a707_VideoLeftCamera.mp4,13276581635,46228a19-b45f-43f3-b72a-e6f0b4a80357,2026-02-10T18:33:21.884903Z,2026-03-09T13:24:26.353082Z,https://api.dandiarchive.org/api/assets/46228a19-b45f-43f3-b72a-e6f0b4a80357/download/
sub-ZFM-01592/sub-ZFM-01592_ses-746d1902-fa59-4cab-b0aa-013be36060d5_ecephys+image/sub-ZFM-01592_ses-746d1902-fa59-4cab-b0aa-013be36060d5_VideoRightCamera.mp4,4424408384,6b7453f4-11c9-4928-93be-976048ecf52e,2026-02-10T18:35:54.843687Z,2026-03-09T13:24:26.365472Z,https://api.dandiarchive.org/api/assets/6b7453f4-11c9-4928-93be-976048ecf52e/download/
sub-ZFM-01592/sub-ZFM-01592_ses-746d1902-fa59-4cab-b0aa-013be36060d5_ecephys+image/sub-ZFM-01592_ses-746d1902-fa59-4cab-b0aa-013be36060d5_VideoLeftCamera.mp4,7757989187,22271e30-0893-4357-86bd-ae03e8c8db8a,2026-02-10T18:36:45.720416Z,2026-03-09T13:24:26.375488Z,https://api.dandiarchive.org/api/assets/22271e30-0893-4357-86bd-ae03e8c8db8a/download/
sub-SWC-043/sub-SWC-043_ses-6f09ba7e-e3ce-44b0-932b-c003fb44fb89_ecephys+image/sub-SWC-043_ses-6f09ba7e-e3ce-44b0-932b-c003fb44fb89_VideoBodyCamera.mp4,1066846783,ce6292f8-af00-49e1-bccf-3e7cc6cdfc3a,2026-02-10T18:36:51.169406Z,2026-03-09T13:24:26.389556Z,https://api.dandiarchive.org/api/assets/ce6292f8-af00-49e1-bccf-3e7cc6cdfc3a/download/
sub-SWC-043/sub-SWC-043_ses-6f09ba7e-e3ce-44b0-932b-c003fb44fb89_ecephys+image/sub-SWC-043_ses-6f09ba7e-e3ce-44b0-932b-c003fb44fb89_VideoRightCamera.mp4,5960686410,66416e69-0574-4c42-a397-5a53964c9072,2026-02-10T18:38:34.004301Z,2026-03-09T13:24:26.400485Z,https://api.dandiarchive.org/api/assets/66416e69-0574-4c42-a397-5a53964c9072/download/
sub-SWC-043/sub-SWC-043_ses-6f09ba7e-e3ce-44b0-932b-c003fb44fb89_ecephys+image/sub-SWC-043_ses-6f09ba7e-e3ce-44b0-932b-c003fb44fb89_VideoLeftCamera.mp4,12734913306,29d223ce-86dc-404f-95e5-641ba3d59210,2026-02-10T18:40:17.216492Z,2026-03-09T13:24:26.413729Z,https://api.dandiarchive.org/api/assets/29d223ce-86dc-404f-95e5-641ba3d59210/download/
sub-SWC-043/sub-SWC-043_ses-695a6073-eae0-49e0-bb0f-e9e57a9275b9_desc-raw_ecephys.nwb,124310807434,ae31aa32-00b5-4fcc-9903-a299745a38ef,2026-02-10T18:40:19.783995Z,2026-03-09T13:24:26.428048Z,https://api.dandiarchive.org/api/assets/ae31aa32-00b5-4fcc-9903-a299745a38ef/download/
sub-SWC-061/sub-SWC-061_ses-360eac0c-7d2d-4cc1-9dcf-79fc7afc56e7_ecephys+image/sub-SWC-061_ses-360eac0c-7d2d-4cc1-9dcf-79fc7afc56e7_VideoBodyCamera.mp4,1061379929,b3e12fb5-d3a6-43eb-9b11-0fcfbe746f07,2026-02-10T18:40:35.879461Z,2026-03-09T13:24:26.440811Z,https://api.dandiarchive.org/api/assets/b3e12fb5-d3a6-43eb-9b11-0fcfbe746f07/download/
sub-SWC-061/sub-SWC-061_ses-360eac0c-7d2d-4cc1-9dcf-79fc7afc56e7_ecephys+image/sub-SWC-061_ses-360eac0c-7d2d-4cc1-9dcf-79fc7afc56e7_VideoRightCamera.mp4,7080453469,911d5d01-ed0a-4491-9e42-13708e85a348,2026-02-10T18:42:42.163022Z,2026-03-09T13:24:26.450674Z,https://api.dandiarchive.org/api/assets/911d5d01-ed0a-4491-9e42-13708e85a348/download/
sub-SWC-061/sub-SWC-061_ses-360eac0c-7d2d-4cc1-9dcf-79fc7afc56e7_ecephys+image/sub-SWC-061_ses-360eac0c-7d2d-4cc1-9dcf-79fc7afc56e7_VideoLeftCamera.mp4,13361117990,063a20f9-988e-45bb-b929-4baa2464ad31,2026-02-10T18:44:18.651895Z,2026-03-09T13:24:26.462519Z,https://api.dandiarchive.org/api/assets/063a20f9-988e-45bb-b929-4baa2464ad31/download/
sub-SWC-061/sub-SWC-061_ses-493170a6-fd94-4ee4-884f-cc018c17eeb9_desc-raw_ecephys.nwb,125868907744,202ec93a-e54e-4d5c-b130-433016f6849d,2026-02-10T18:44:33.776242Z,2026-03-09T13:24:26.476092Z,https://api.dandiarchive.org/api/assets/202ec93a-e54e-4d5c-b130-433016f6849d/download/
sub-SWC-042/sub-SWC-042_ses-f9860a11-24d3-452e-ab95-39e199f20a93_ecephys+image/sub-SWC-042_ses-f9860a11-24d3-452e-ab95-39e199f20a93_VideoRightCamera.mp4,6136779770,132194ec-fa61-45c5-8d02-767f2a9fac34,2026-02-10T18:54:02.080602Z,2026-03-09T13:24:26.490635Z,https://api.dandiarchive.org/api/assets/132194ec-fa61-45c5-8d02-767f2a9fac34/download/
sub-SWC-042/sub-SWC-042_ses-f9860a11-24d3-452e-ab95-39e199f20a93_ecephys+image/sub-SWC-042_ses-f9860a11-24d3-452e-ab95-39e199f20a93_VideoLeftCamera.mp4,13101928716,146c4ca8-caca-4883-a358-d30a080cc4ea,2026-02-10T18:55:46.687013Z,2026-03-09T13:24:26.506761Z,https://api.dandiarchive.org/api/assets/146c4ca8-caca-4883-a358-d30a080cc4ea/download/
sub-ZFM-01592/sub-ZFM-01592_ses-5b609f9b-75cb-43d3-9c39-b5b4b7a0db67_ecephys+image/sub-ZFM-01592_ses-5b609f9b-75cb-43d3-9c39-b5b4b7a0db67_VideoRightCamera.mp4,4778121987,e7c37469-06b9-4455-9656-c5bb8c6cd9fc,2026-02-10T18:58:06.547193Z,2026-03-09T13:24:26.518211Z,https://api.dandiarchive.org/api/assets/e7c37469-06b9-4455-9656-c5bb8c6cd9fc/download/
sub-PL050/sub-PL050_ses-98e0074c-706a-40e5-bbb5-223f97585a99_desc-raw_ecephys.nwb,135257639807,945a8ee1-5225-4b1f-9975-76b3a51ce321,2026-02-10T18:59:16.762204Z,2026-03-09T13:24:26.539955Z,https://api.dandiarchive.org/api/assets/945a8ee1-5225-4b1f-9975-76b3a51ce321/download/
sub-ZFM-01592/sub-ZFM-01592_ses-5b609f9b-75cb-43d3-9c39-b5b4b7a0db67_ecephys+image/sub-ZFM-01592_ses-5b609f9b-75cb-43d3-9c39-b5b4b7a0db67_VideoLeftCamera.mp4,10994895979,a39850a6-df90-45c8-aa42-6d978cc0138a,2026-02-10T18:59:38.789330Z,2026-03-09T13:24:26.555020Z,https://api.dandiarchive.org/api/assets/a39850a6-df90-45c8-aa42-6d978cc0138a/download/
sub-ZFM-01577/sub-ZFM-01577_ses-09b2c4d1-058d-4c84-9fd4-97530f85baf6_desc-raw_ecephys.nwb,140131927505,45c31946-7b46-49cc-b9d0-088a5a82ba5d,2026-02-10T19:01:11.163040Z,2026-03-09T13:24:26.570543Z,https://api.dandiarchive.org/api/assets/45c31946-7b46-49cc-b9d0-088a5a82ba5d/download/
sub-SWC-061/sub-SWC-061_ses-d7e60cc3-6020-429e-a654-636c6cc677ea_desc-raw_ecephys.nwb,134000050756,7bab7438-a5df-431b-bbff-8ce4f2d80a2a,2026-02-10T19:01:51.288196Z,2026-03-09T13:24:26.581051Z,https://api.dandiarchive.org/api/assets/7bab7438-a5df-431b-bbff-8ce4f2d80a2a/download/
sub-ZFM-01935/sub-ZFM-01935_ses-1a507308-c63a-4e02-8f32-3239a07dc578_desc-raw_ecephys.nwb,140120774066,f6c6f5f7-44bf-4c37-b876-a83204e82882,2026-02-10T19:06:19.389082Z,2026-03-09T13:24:26.594579Z,https://api.dandiarchive.org/api/assets/f6c6f5f7-44bf-4c37-b876-a83204e82882/download/
sub-SWC-060/sub-SWC-060_ses-875c1e5c-f7ec-45ac-ab82-ecfe7276a707_desc-raw_ecephys.nwb,137210414896,b8589d1b-7704-4381-adc7-c079d320243a,2026-02-10T19:07:02.700227Z,2026-03-09T13:24:26.607889Z,https://api.dandiarchive.org/api/assets/b8589d1b-7704-4381-adc7-c079d320243a/download/
sub-ZFM-01576/sub-ZFM-01576_ses-c4432264-e1ae-446f-8a07-6280abade813_desc-raw_ecephys.nwb,144232885894,bf14bb70-8168-43de-b7d1-e40f9fef1e7b,2026-02-10T19:08:32.379082Z,2026-03-09T13:24:26.619018Z,https://api.dandiarchive.org/api/assets/bf14bb70-8168-43de-b7d1-e40f9fef1e7b/download/
sub-ZFM-01592/sub-ZFM-01592_ses-746d1902-fa59-4cab-b0aa-013be36060d5_desc-raw_ecephys.nwb,146149152196,af445e51-e796-4d01-b043-2894c1083816,2026-02-10T19:13:18.454331Z,2026-03-09T13:24:26.633067Z,https://api.dandiarchive.org/api/assets/af445e51-e796-4d01-b043-2894c1083816/download/
sub-ZFM-01577/sub-ZFM-01577_ses-5d6aa933-4b00-4e99-ae2d-5003657592e9_ecephys+image/sub-ZFM-01577_ses-5d6aa933-4b00-4e99-ae2d-5003657592e9_VideoRightCamera.mp4,5924852318,46ce07fa-7f43-47c5-bc24-453678847347,2026-02-10T19:14:00.428581Z,2026-03-09T13:24:26.646484Z,https://api.dandiarchive.org/api/assets/46ce07fa-7f43-47c5-bc24-453678847347/download/
sub-ZFM-01577/sub-ZFM-01577_ses-5d6aa933-4b00-4e99-ae2d-5003657592e9_ecephys+image/sub-ZFM-01577_ses-5d6aa933-4b00-4e99-ae2d-5003657592e9_VideoLeftCamera.mp4,9554845834,e625cbdf-ea53-4cb2-a3a7-2d715c7306a7,2026-02-10T19:14:55.660682Z,2026-03-09T13:24:26.663089Z,https://api.dandiarchive.org/api/assets/e625cbdf-ea53-4cb2-a3a7-2d715c7306a7/download/
sub-SWC-043/sub-SWC-043_ses-6f09ba7e-e3ce-44b0-932b-c003fb44fb89_desc-raw_ecephys.nwb,144266592797,09ef663c-dc82-420f-883e-3607696bc0f8,2026-02-10T19:15:31.723952Z,2026-03-09T13:24:26.675764Z,https://api.dandiarchive.org/api/assets/09ef663c-dc82-420f-883e-3607696bc0f8/download/
sub-SWC-061/sub-SWC-061_ses-360eac0c-7d2d-4cc1-9dcf-79fc7afc56e7_desc-raw_ecephys.nwb,143989194120,801fcc33-3254-4e7e-810c-178ecc32db89,2026-02-10T19:19:33.595038Z,2026-03-09T13:24:26.688085Z,https://api.dandiarchive.org/api/assets/801fcc33-3254-4e7e-810c-178ecc32db89/download/
sub-SWC-042/sub-SWC-042_ses-f9860a11-24d3-452e-ab95-39e199f20a93_desc-raw_ecephys.nwb,154388025003,9e31d059-7427-4aa1-a568-881cadbb5dbe,2026-02-10T19:33:52.538543Z,2026-03-09T13:24:26.699300Z,https://api.dandiarchive.org/api/assets/9e31d059-7427-4aa1-a568-881cadbb5dbe/download/
sub-ZFM-01592/sub-ZFM-01592_ses-5b609f9b-75cb-43d3-9c39-b5b4b7a0db67_desc-raw_ecephys.nwb,162020870577,43aaea88-6eda-42eb-8ff0-8bed9de3d260,2026-02-10T19:40:03.191064Z,2026-03-09T13:24:26.710670Z,https://api.dandiarchive.org/api/assets/43aaea88-6eda-42eb-8ff0-8bed9de3d260/download/
sub-ZFM-01577/sub-ZFM-01577_ses-5d6aa933-4b00-4e99-ae2d-5003657592e9_desc-raw_ecephys.nwb,171303787373,f56afd72-8237-4186-8abf-4db688e31ec2,2026-02-10T19:57:32.830073Z,2026-03-09T13:24:26.724045Z,https://api.dandiarchive.org/api/assets/f56afd72-8237-4186-8abf-4db688e31ec2/download/
sub-NR-0031/sub-NR-0031_ses-caa5dddc-9290-4e27-9f5e-575ba3598614_ecephys+image/sub-NR-0031_ses-caa5dddc-9290-4e27-9f5e-575ba3598614_VideoBodyCamera.mp4,266120298,f2ce5989-8195-4699-892e-cf1aacdd76a2,2026-02-10T23:43:29.735912Z,2026-03-09T13:24:26.735150Z,https://api.dandiarchive.org/api/assets/f2ce5989-8195-4699-892e-cf1aacdd76a2/download/
sub-NR-0031/sub-NR-0031_ses-caa5dddc-9290-4e27-9f5e-575ba3598614_ecephys+image/sub-NR-0031_ses-caa5dddc-9290-4e27-9f5e-575ba3598614_VideoRightCamera.mp4,2559760784,8e8b1ae1-d56d-4f0e-8806-23eef6d9288e,2026-02-10T23:44:24.583727Z,2026-03-09T13:24:26.745966Z,https://api.dandiarchive.org/api/assets/8e8b1ae1-d56d-4f0e-8806-23eef6d9288e/download/
sub-NR-0031/sub-NR-0031_ses-caa5dddc-9290-4e27-9f5e-575ba3598614_ecephys+image/sub-NR-0031_ses-caa5dddc-9290-4e27-9f5e-575ba3598614_VideoLeftCamera.mp4,3520738493,95a15954-1be6-4918-ade5-738925f7e4f2,2026-02-10T23:44:41.117984Z,2026-03-09T13:24:26.757248Z,https://api.dandiarchive.org/api/assets/95a15954-1be6-4918-ade5-738925f7e4f2/download/
sub-NR-0019/sub-NR-0019_ses-9b528ad0-4599-4a55-9148-96cc1d93fb24_ecephys+image/sub-NR-0019_ses-9b528ad0-4599-4a55-9148-96cc1d93fb24_VideoBodyCamera.mp4,1398354229,eff69be7-25f2-40f5-88c6-0f444551d1ca,2026-02-10T23:47:58.072202Z,2026-03-09T13:24:26.767979Z,https://api.dandiarchive.org/api/assets/eff69be7-25f2-40f5-88c6-0f444551d1ca/download/
sub-NR-0019/sub-NR-0019_ses-9b528ad0-4599-4a55-9148-96cc1d93fb24_ecephys+image/sub-NR-0019_ses-9b528ad0-4599-4a55-9148-96cc1d93fb24_VideoRightCamera.mp4,4466933551,67fe4fc3-bf54-4eab-a955-29aea0087fe2,2026-02-10T23:49:08.086996Z,2026-03-09T13:24:26.778221Z,https://api.dandiarchive.org/api/assets/67fe4fc3-bf54-4eab-a955-29aea0087fe2/download/
sub-NR-0019/sub-NR-0019_ses-9b528ad0-4599-4a55-9148-96cc1d93fb24_ecephys+image/sub-NR-0019_ses-9b528ad0-4599-4a55-9148-96cc1d93fb24_VideoLeftCamera.mp4,7914561868,f4d42206-ec76-4c35-9df3-0d9b2cfdd5f0,2026-02-10T23:50:00.452806Z,2026-03-09T13:24:26.790760Z,https://api.dandiarchive.org/api/assets/f4d42206-ec76-4c35-9df3-0d9b2cfdd5f0/download/
sub-ibl-witten-13/sub-ibl-witten-13_ses-49368f16-de69-4647-9a7a-761e94517821_ecephys+image/sub-ibl-witten-13_ses-49368f16-de69-4647-9a7a-761e94517821_VideoLeftCamera.mp4,2430330344,b6b0f569-90ae-44f4-9be7-8b561eedb8c0,2026-02-10T23:56:25.507573Z,2026-03-09T13:24:26.801659Z,https://api.dandiarchive.org/api/assets/b6b0f569-90ae-44f4-9be7-8b561eedb8c0/download/
sub-ibl-witten-13/sub-ibl-witten-13_ses-49368f16-de69-4647-9a7a-761e94517821_ecephys+image/sub-ibl-witten-13_ses-49368f16-de69-4647-9a7a-761e94517821_VideoRightCamera.mp4,4205702920,fe7a0984-fd38-455b-baa5-7a385ea14e5d,2026-02-10T23:56:57.653638Z,2026-03-09T13:24:26.816641Z,https://api.dandiarchive.org/api/assets/fe7a0984-fd38-455b-baa5-7a385ea14e5d/download/
sub-NR-0031/sub-NR-0031_ses-caa5dddc-9290-4e27-9f5e-575ba3598614_desc-raw_ecephys.nwb,52524437431,cdb9e7aa-50fa-42ab-8cac-bfcbb9394479,2026-02-10T23:57:37.683501Z,2026-03-09T13:24:26.828911Z,https://api.dandiarchive.org/api/assets/cdb9e7aa-50fa-42ab-8cac-bfcbb9394479/download/
sub-NR-0019/sub-NR-0019_ses-b887df2c-bb9c-44c9-a9c0-538da87b2cab_ecephys+image/sub-NR-0019_ses-b887df2c-bb9c-44c9-a9c0-538da87b2cab_VideoBodyCamera.mp4,871668101,b21c95f2-2d10-4570-8a7e-430db43cb264,2026-02-11T00:00:46.647720Z,2026-03-09T13:24:26.838663Z,https://api.dandiarchive.org/api/assets/b21c95f2-2d10-4570-8a7e-430db43cb264/download/
sub-NR-0029/sub-NR-0029_ses-e6594a5b-552c-421a-b376-1a1baa9dc4fd_ecephys+image/sub-NR-0029_ses-e6594a5b-552c-421a-b376-1a1baa9dc4fd_VideoBodyCamera.mp4,818196605,b664a845-0aab-4239-a9a9-222a3c001c34,2026-02-11T00:01:23.333729Z,2026-03-09T13:24:26.850276Z,https://api.dandiarchive.org/api/assets/b664a845-0aab-4239-a9a9-222a3c001c34/download/
sub-NR-0019/sub-NR-0019_ses-b887df2c-bb9c-44c9-a9c0-538da87b2cab_ecephys+image/sub-NR-0019_ses-b887df2c-bb9c-44c9-a9c0-538da87b2cab_VideoRightCamera.mp4,2977011016,8c055ff3-1abf-482c-a0d8-09951e17139b,2026-02-11T00:01:39.820666Z,2026-03-09T13:24:26.860760Z,https://api.dandiarchive.org/api/assets/8c055ff3-1abf-482c-a0d8-09951e17139b/download/
sub-NR-0019/sub-NR-0019_ses-b887df2c-bb9c-44c9-a9c0-538da87b2cab_ecephys+image/sub-NR-0019_ses-b887df2c-bb9c-44c9-a9c0-538da87b2cab_VideoLeftCamera.mp4,5100862626,bdc5211f-d676-4e2d-925a-8254f8e3025c,2026-02-11T00:02:18.047977Z,2026-03-09T13:24:26.871446Z,https://api.dandiarchive.org/api/assets/bdc5211f-d676-4e2d-925a-8254f8e3025c/download/
sub-NR-0019/sub-NR-0019_ses-9b528ad0-4599-4a55-9148-96cc1d93fb24_desc-raw_ecephys.nwb,52290384680,97570969-e823-4033-b8c4-b28c837da400,2026-02-11T00:02:20.176308Z,2026-03-09T13:24:26.884133Z,https://api.dandiarchive.org/api/assets/97570969-e823-4033-b8c4-b28c837da400/download/
sub-NR-0020/sub-NR-0020_ses-5b49aca6-a6f4-4075-931a-617ad64c219c_ecephys+image/sub-NR-0020_ses-5b49aca6-a6f4-4075-931a-617ad64c219c_VideoBodyCamera.mp4,1459105894,91f2163c-5aae-4b78-88b6-13cc2ecfb6f4,2026-02-11T00:04:26.122819Z,2026-03-09T13:24:26.895898Z,https://api.dandiarchive.org/api/assets/91f2163c-5aae-4b78-88b6-13cc2ecfb6f4/download/
sub-NR-0029/sub-NR-0029_ses-e6594a5b-552c-421a-b376-1a1baa9dc4fd_ecephys+image/sub-NR-0029_ses-e6594a5b-552c-421a-b376-1a1baa9dc4fd_VideoRightCamera.mp4,4953254994,5d5a4b05-356a-495e-96fe-3b09041b184e,2026-02-11T00:04:47.940481Z,2026-03-09T13:24:26.906787Z,https://api.dandiarchive.org/api/assets/5d5a4b05-356a-495e-96fe-3b09041b184e/download/
sub-NR-0020/sub-NR-0020_ses-5b49aca6-a6f4-4075-931a-617ad64c219c_ecephys+image/sub-NR-0020_ses-5b49aca6-a6f4-4075-931a-617ad64c219c_VideoRightCamera.mp4,5706140750,7101c68a-bf14-4c08-8992-01b6ae7410e1,2026-02-11T00:06:02.817668Z,2026-03-09T13:24:26.919686Z,https://api.dandiarchive.org/api/assets/7101c68a-bf14-4c08-8992-01b6ae7410e1/download/
sub-NR-0029/sub-NR-0029_ses-e6594a5b-552c-421a-b376-1a1baa9dc4fd_ecephys+image/sub-NR-0029_ses-e6594a5b-552c-421a-b376-1a1baa9dc4fd_VideoLeftCamera.mp4,8129830834,5e0ccdf0-5acd-4ec7-a279-097e1dcb9877,2026-02-11T00:06:16.232699Z,2026-03-09T13:24:26.929850Z,https://api.dandiarchive.org/api/assets/5e0ccdf0-5acd-4ec7-a279-097e1dcb9877/download/
sub-NR-0020/sub-NR-0020_ses-5b49aca6-a6f4-4075-931a-617ad64c219c_ecephys+image/sub-NR-0020_ses-5b49aca6-a6f4-4075-931a-617ad64c219c_VideoLeftCamera.mp4,9978251282,bec02e6d-daac-4482-8756-db21c19d5421,2026-02-11T00:07:06.899321Z,2026-03-09T13:24:26.942818Z,https://api.dandiarchive.org/api/assets/bec02e6d-daac-4482-8756-db21c19d5421/download/
sub-ibl-witten-13/sub-ibl-witten-13_ses-49368f16-de69-4647-9a7a-761e94517821_desc-raw_ecephys.nwb,54702915792,c963131b-c0fa-4136-9833-07192d17c062,2026-02-11T00:10:13.350678Z,2026-03-09T13:24:26.957647Z,https://api.dandiarchive.org/api/assets/c963131b-c0fa-4136-9833-07192d17c062/download/
sub-NR-0024/sub-NR-0024_ses-2d9bfc10-59fb-424a-b699-7c42f86c7871_ecephys+image/sub-NR-0024_ses-2d9bfc10-59fb-424a-b699-7c42f86c7871_VideoBodyCamera.mp4,926037155,225f6862-f375-4f94-b012-2a9902249d87,2026-02-11T00:11:02.982891Z,2026-03-09T13:24:26.969581Z,https://api.dandiarchive.org/api/assets/225f6862-f375-4f94-b012-2a9902249d87/download/
sub-ibl-witten-19/sub-ibl-witten-19_ses-65f5c9b4-4440-48b9-b914-c593a5184a18_ecephys+image/sub-ibl-witten-19_ses-65f5c9b4-4440-48b9-b914-c593a5184a18_VideoRightCamera.mp4,1545413360,a411524c-8c4c-4e70-8c99-311f658dfc9e,2026-02-11T00:13:21.879601Z,2026-03-09T13:24:26.986273Z,https://api.dandiarchive.org/api/assets/a411524c-8c4c-4e70-8c99-311f658dfc9e/download/
sub-NR-0017/sub-NR-0017_ses-e6043c7d-8f6e-4b66-8309-2ec0abac0f79_ecephys+image/sub-NR-0017_ses-e6043c7d-8f6e-4b66-8309-2ec0abac0f79_VideoBodyCamera.mp4,1479322871,8607880d-e43a-4eb1-8db9-9d9f0c50879d,2026-02-11T00:14:05.344302Z,2026-03-09T13:24:26.996895Z,https://api.dandiarchive.org/api/assets/8607880d-e43a-4eb1-8db9-9d9f0c50879d/download/
sub-NR-0024/sub-NR-0024_ses-2d9bfc10-59fb-424a-b699-7c42f86c7871_ecephys+image/sub-NR-0024_ses-2d9bfc10-59fb-424a-b699-7c42f86c7871_VideoRightCamera.mp4,6434470066,cdf955c6-f831-40cd-bb5a-f7ec63aae5a2,2026-02-11T00:15:13.921580Z,2026-03-09T13:24:27.007153Z,https://api.dandiarchive.org/api/assets/cdf955c6-f831-40cd-bb5a-f7ec63aae5a2/download/
sub-NR-0017/sub-NR-0017_ses-e6043c7d-8f6e-4b66-8309-2ec0abac0f79_ecephys+image/sub-NR-0017_ses-e6043c7d-8f6e-4b66-8309-2ec0abac0f79_VideoLeftCamera.mp4,5125184191,97c38329-d835-46e5-a836-53778133c172,2026-02-11T00:15:25.408214Z,2026-03-09T13:24:27.017967Z,https://api.dandiarchive.org/api/assets/97c38329-d835-46e5-a836-53778133c172/download/
sub-NR-0017/sub-NR-0017_ses-e6043c7d-8f6e-4b66-8309-2ec0abac0f79_ecephys+image/sub-NR-0017_ses-e6043c7d-8f6e-4b66-8309-2ec0abac0f79_VideoRightCamera.mp4,5194111340,39148102-fa70-4389-a8c3-160fc950b899,2026-02-11T00:15:26.789646Z,2026-03-09T13:24:27.032456Z,https://api.dandiarchive.org/api/assets/39148102-fa70-4389-a8c3-160fc950b899/download/
sub-NR-0028/sub-NR-0028_ses-c958919c-2e75-435d-845d-5b62190b520e_ecephys+image/sub-NR-0028_ses-c958919c-2e75-435d-845d-5b62190b520e_VideoBodyCamera.mp4,1010164218,dc6ebe82-24d8-43a4-b4f0-8e3316014114,2026-02-11T00:16:24.433793Z,2026-03-09T13:24:27.045794Z,https://api.dandiarchive.org/api/assets/dc6ebe82-24d8-43a4-b4f0-8e3316014114/download/
sub-NR-0024/sub-NR-0024_ses-2d9bfc10-59fb-424a-b699-7c42f86c7871_ecephys+image/sub-NR-0024_ses-2d9bfc10-59fb-424a-b699-7c42f86c7871_VideoLeftCamera.mp4,9076994791,99ade24b-d724-4c04-ae2e-3bcb3e205aed,2026-02-11T00:16:35.427666Z,2026-03-09T13:24:27.057705Z,https://api.dandiarchive.org/api/assets/99ade24b-d724-4c04-ae2e-3bcb3e205aed/download/
sub-NR-0028/sub-NR-0028_ses-29a6def1-fc5c-4eea-ac48-47e9b053dcb5_ecephys+image/sub-NR-0028_ses-29a6def1-fc5c-4eea-ac48-47e9b053dcb5_VideoBodyCamera.mp4,998858761,90ec5e8f-53a1-4f97-b5c1-845bc56a5a33,2026-02-11T00:16:40.266108Z,2026-03-09T13:24:27.075466Z,https://api.dandiarchive.org/api/assets/90ec5e8f-53a1-4f97-b5c1-845bc56a5a33/download/
sub-NR-0028/sub-NR-0028_ses-28338153-4113-485b-835b-91cb96d984f2_ecephys+image/sub-NR-0028_ses-28338153-4113-485b-835b-91cb96d984f2_VideoBodyCamera.mp4,1006874015,25354d0b-79b3-4593-8b30-484d0a4dfb03,2026-02-11T00:17:23.668312Z,2026-03-09T13:24:27.087010Z,https://api.dandiarchive.org/api/assets/25354d0b-79b3-4593-8b30-484d0a4dfb03/download/
sub-NR-0019/sub-NR-0019_ses-b887df2c-bb9c-44c9-a9c0-538da87b2cab_desc-raw_ecephys.nwb,65549826331,343b1f6d-cca5-4d04-8a53-47adae860506,2026-02-11T00:18:14.177805Z,2026-03-09T13:24:27.098483Z,https://api.dandiarchive.org/api/assets/343b1f6d-cca5-4d04-8a53-47adae860506/download/
sub-ibl-witten-18/sub-ibl-witten-18_ses-4ef13091-1bc8-4f32-9619-107bdf48540c_ecephys+image/sub-ibl-witten-18_ses-4ef13091-1bc8-4f32-9619-107bdf48540c_VideoBodyCamera.mp4,1416775121,305b7c09-5926-4b2a-b4d5-8414137bf559,2026-02-11T00:19:00.146479Z,2026-03-09T13:24:27.110110Z,https://api.dandiarchive.org/api/assets/305b7c09-5926-4b2a-b4d5-8414137bf559/download/
sub-NR-0029/sub-NR-0029_ses-e6594a5b-552c-421a-b376-1a1baa9dc4fd_desc-raw_ecephys.nwb,60430391841,30e99d64-8941-48bb-a091-9cb829a2ca5f,2026-02-11T00:19:45.622785Z,2026-03-09T13:24:27.121575Z,https://api.dandiarchive.org/api/assets/30e99d64-8941-48bb-a091-9cb829a2ca5f/download/
sub-ibl-witten-18/sub-ibl-witten-18_ses-4ef13091-1bc8-4f32-9619-107bdf48540c_ecephys+image/sub-ibl-witten-18_ses-4ef13091-1bc8-4f32-9619-107bdf48540c_VideoRightCamera.mp4,3822564197,1994cbcb-9fb2-49d6-a8cb-aaa7651b7c99,2026-02-11T00:19:55.100674Z,2026-03-09T13:24:27.135498Z,https://api.dandiarchive.org/api/assets/1994cbcb-9fb2-49d6-a8cb-aaa7651b7c99/download/
sub-ibl-witten-18/sub-ibl-witten-18_ses-4ef13091-1bc8-4f32-9619-107bdf48540c_ecephys+image/sub-ibl-witten-18_ses-4ef13091-1bc8-4f32-9619-107bdf48540c_VideoLeftCamera.mp4,4329804495,60894390-ec27-489c-ada0-2d09bd245856,2026-02-11T00:20:02.491336Z,2026-03-09T13:24:27.150430Z,https://api.dandiarchive.org/api/assets/60894390-ec27-489c-ada0-2d09bd245856/download/
sub-ibl-witten-18/sub-ibl-witten-18_ses-cae5cd75-55e5-4277-8db3-cf4d6c5ff918_ecephys+image/sub-ibl-witten-18_ses-cae5cd75-55e5-4277-8db3-cf4d6c5ff918_VideoBodyCamera.mp4,1309833539,53bbb7c5-7bbd-4133-8420-e5d4e27265cf,2026-02-11T00:20:05.335578Z,2026-03-09T13:24:27.170234Z,https://api.dandiarchive.org/api/assets/53bbb7c5-7bbd-4133-8420-e5d4e27265cf/download/
sub-SWC-065/sub-SWC-065_ses-1425bd6f-c625-4f6a-b237-dc5bcfc42c87_ecephys+image/sub-SWC-065_ses-1425bd6f-c625-4f6a-b237-dc5bcfc42c87_VideoBodyCamera.mp4,1134264258,d9f04c81-77ac-4a16-b905-23dac07c4c7d,2026-02-11T00:20:21.474327Z,2026-03-09T13:24:27.181624Z,https://api.dandiarchive.org/api/assets/d9f04c81-77ac-4a16-b905-23dac07c4c7d/download/
sub-NR-0028/sub-NR-0028_ses-c958919c-2e75-435d-845d-5b62190b520e_ecephys+image/sub-NR-0028_ses-c958919c-2e75-435d-845d-5b62190b520e_VideoRightCamera.mp4,6425137712,80700d70-3d9c-4c23-8e8a-6a43cfb37778,2026-02-11T00:20:37.243332Z,2026-03-09T13:24:27.192068Z,https://api.dandiarchive.org/api/assets/80700d70-3d9c-4c23-8e8a-6a43cfb37778/download/
sub-NR-0028/sub-NR-0028_ses-29a6def1-fc5c-4eea-ac48-47e9b053dcb5_ecephys+image/sub-NR-0028_ses-29a6def1-fc5c-4eea-ac48-47e9b053dcb5_VideoRightCamera.mp4,6467998720,580f3cb0-ae62-47ee-8219-682e09bea230,2026-02-11T00:21:01.869955Z,2026-03-09T13:24:27.202636Z,https://api.dandiarchive.org/api/assets/580f3cb0-ae62-47ee-8219-682e09bea230/download/
sub-ibl-witten-18/sub-ibl-witten-18_ses-cae5cd75-55e5-4277-8db3-cf4d6c5ff918_ecephys+image/sub-ibl-witten-18_ses-cae5cd75-55e5-4277-8db3-cf4d6c5ff918_VideoRightCamera.mp4,3908546256,9799e835-5de6-48f0-bef0-641515e4952d,2026-02-11T00:21:04.505937Z,2026-03-09T13:24:27.214107Z,https://api.dandiarchive.org/api/assets/9799e835-5de6-48f0-bef0-641515e4952d/download/
sub-ibl-witten-18/sub-ibl-witten-18_ses-cae5cd75-55e5-4277-8db3-cf4d6c5ff918_ecephys+image/sub-ibl-witten-18_ses-cae5cd75-55e5-4277-8db3-cf4d6c5ff918_VideoLeftCamera.mp4,4093906216,2d2912d6-c4aa-4175-9ac8-1bade5b4a366,2026-02-11T00:21:07.931295Z,2026-03-09T13:24:27.224379Z,https://api.dandiarchive.org/api/assets/2d2912d6-c4aa-4175-9ac8-1bade5b4a366/download/
sub-NR-0028/sub-NR-0028_ses-28338153-4113-485b-835b-91cb96d984f2_ecephys+image/sub-NR-0028_ses-28338153-4113-485b-835b-91cb96d984f2_VideoRightCamera.mp4,6756253123,c6fcaa82-5ab7-4d15-a772-8b4637fa4c09,2026-02-11T00:21:52.367441Z,2026-03-09T13:24:27.235626Z,https://api.dandiarchive.org/api/assets/c6fcaa82-5ab7-4d15-a772-8b4637fa4c09/download/
sub-NR-0028/sub-NR-0028_ses-c958919c-2e75-435d-845d-5b62190b520e_ecephys+image/sub-NR-0028_ses-c958919c-2e75-435d-845d-5b62190b520e_VideoLeftCamera.mp4,9030620789,445636df-6ef9-4a87-bdd3-8cd221d6ccb2,2026-02-11T00:21:53.698739Z,2026-03-09T13:24:27.246522Z,https://api.dandiarchive.org/api/assets/445636df-6ef9-4a87-bdd3-8cd221d6ccb2/download/
sub-NR-0020/sub-NR-0020_ses-5b49aca6-a6f4-4075-931a-617ad64c219c_desc-raw_ecephys.nwb,63700245195,09b6430a-bbbe-481d-98a1-0a241ebc735b,2026-02-11T00:22:06.089170Z,2026-03-09T13:24:27.260706Z,https://api.dandiarchive.org/api/assets/09b6430a-bbbe-481d-98a1-0a241ebc735b/download/
sub-SWC-065/sub-SWC-065_ses-1425bd6f-c625-4f6a-b237-dc5bcfc42c87_ecephys+image/sub-SWC-065_ses-1425bd6f-c625-4f6a-b237-dc5bcfc42c87_VideoRightCamera.mp4,6012946759,de9eafb4-92fe-4c95-acac-f6e5c88d2688,2026-02-11T00:22:10.262939Z,2026-03-09T13:24:27.271455Z,https://api.dandiarchive.org/api/assets/de9eafb4-92fe-4c95-acac-f6e5c88d2688/download/
sub-NR-0028/sub-NR-0028_ses-29a6def1-fc5c-4eea-ac48-47e9b053dcb5_ecephys+image/sub-NR-0028_ses-29a6def1-fc5c-4eea-ac48-47e9b053dcb5_VideoLeftCamera.mp4,9077300454,98d01244-b651-48c7-8d5a-e3bc54b6e19a,2026-02-11T00:22:19.666766Z,2026-03-09T13:24:27.281973Z,https://api.dandiarchive.org/api/assets/98d01244-b651-48c7-8d5a-e3bc54b6e19a/download/
sub-NR-0028/sub-NR-0028_ses-28338153-4113-485b-835b-91cb96d984f2_ecephys+image/sub-NR-0028_ses-28338153-4113-485b-835b-91cb96d984f2_VideoLeftCamera.mp4,9664966991,cd0dfcb6-29f0-499c-8e65-3723fc15edba,2026-02-11T00:23:18.969720Z,2026-03-09T13:24:27.291766Z,https://api.dandiarchive.org/api/assets/cd0dfcb6-29f0-499c-8e65-3723fc15edba/download/
sub-SWC-065/sub-SWC-065_ses-1425bd6f-c625-4f6a-b237-dc5bcfc42c87_ecephys+image/sub-SWC-065_ses-1425bd6f-c625-4f6a-b237-dc5bcfc42c87_VideoLeftCamera.mp4,11582784996,574d8cc5-666a-4bd1-ba23-867351ad2ccd,2026-02-11T00:23:34.732722Z,2026-03-09T13:24:27.305743Z,https://api.dandiarchive.org/api/assets/574d8cc5-666a-4bd1-ba23-867351ad2ccd/download/
sub-NR-0024/sub-NR-0024_ses-2d9bfc10-59fb-424a-b699-7c42f86c7871_desc-raw_ecephys.nwb,62849642913,24095ddb-98c0-4eb2-8f51-33170260d622,2026-02-11T00:30:30.550610Z,2026-03-09T13:24:27.321330Z,https://api.dandiarchive.org/api/assets/24095ddb-98c0-4eb2-8f51-33170260d622/download/
sub-NR-0017/sub-NR-0017_ses-e6043c7d-8f6e-4b66-8309-2ec0abac0f79_desc-raw_ecephys.nwb,68356105073,41053459-7f55-4fbf-af15-f1f5eac6d405,2026-02-11T00:32:23.429148Z,2026-03-09T13:24:27.332211Z,https://api.dandiarchive.org/api/assets/41053459-7f55-4fbf-af15-f1f5eac6d405/download/
sub-ibl-witten-19/sub-ibl-witten-19_ses-65f5c9b4-4440-48b9-b914-c593a5184a18_desc-raw_ecephys.nwb,76264130024,1babec07-4dca-4c3b-84ce-3e934fd1e9c2,2026-02-11T00:32:40.909425Z,2026-03-09T13:24:27.341657Z,https://api.dandiarchive.org/api/assets/1babec07-4dca-4c3b-84ce-3e934fd1e9c2/download/
sub-ibl-witten-17/sub-ibl-witten-17_ses-b10ed1ba-2099-42c4-bee3-d053eb594f09_ecephys+image/sub-ibl-witten-17_ses-b10ed1ba-2099-42c4-bee3-d053eb594f09_VideoRightCamera.mp4,4804368426,7f6f3c31-af50-41c9-b7b1-d83eda01d30a,2026-02-11T00:34:43.027068Z,2026-03-09T13:24:27.350207Z,https://api.dandiarchive.org/api/assets/7f6f3c31-af50-41c9-b7b1-d83eda01d30a/download/
sub-NR-0028/sub-NR-0028_ses-c958919c-2e75-435d-845d-5b62190b520e_desc-raw_ecephys.nwb,68727819992,2c5b3f6e-e051-4d61-9f95-a13e8810b132,2026-02-11T00:37:19.016475Z,2026-03-09T13:24:27.362401Z,https://api.dandiarchive.org/api/assets/2c5b3f6e-e051-4d61-9f95-a13e8810b132/download/
sub-NR-0028/sub-NR-0028_ses-29a6def1-fc5c-4eea-ac48-47e9b053dcb5_desc-raw_ecephys.nwb,68866439036,d09fe2fe-847b-4041-9581-785125b48f1b,2026-02-11T00:37:56.260533Z,2026-03-09T13:24:27.371692Z,https://api.dandiarchive.org/api/assets/d09fe2fe-847b-4041-9581-785125b48f1b/download/
sub-NR-0028/sub-NR-0028_ses-28338153-4113-485b-835b-91cb96d984f2_desc-raw_ecephys.nwb,69598772295,cefe7c52-6170-4617-8743-9fa519383304,2026-02-11T00:38:47.513061Z,2026-03-09T13:24:27.380817Z,https://api.dandiarchive.org/api/assets/cefe7c52-6170-4617-8743-9fa519383304/download/
sub-ibl-witten-18/sub-ibl-witten-18_ses-4ef13091-1bc8-4f32-9619-107bdf48540c_desc-raw_ecephys.nwb,76241679133,8aff3359-a5c8-49a7-9409-3e994301e669,2026-02-11T00:38:57.701920Z,2026-03-09T13:24:27.390847Z,https://api.dandiarchive.org/api/assets/8aff3359-a5c8-49a7-9409-3e994301e669/download/
sub-ibl-witten-20/sub-ibl-witten-20_ses-037d75ca-c90a-43f2-aca6-e86611916779_ecephys+image/sub-ibl-witten-20_ses-037d75ca-c90a-43f2-aca6-e86611916779_VideoBodyCamera.mp4,1456970978,04dae948-f1d9-402c-920a-1bbc9c8bf004,2026-02-11T00:39:36.386093Z,2026-03-09T13:24:27.399983Z,https://api.dandiarchive.org/api/assets/04dae948-f1d9-402c-920a-1bbc9c8bf004/download/
sub-ibl-witten-18/sub-ibl-witten-18_ses-cae5cd75-55e5-4277-8db3-cf4d6c5ff918_desc-raw_ecephys.nwb,76678220019,43271623-a139-46c6-8bde-933fa04a455e,2026-02-11T00:40:11.264665Z,2026-03-09T13:24:27.409429Z,https://api.dandiarchive.org/api/assets/43271623-a139-46c6-8bde-933fa04a455e/download/
sub-SWC-065/sub-SWC-065_ses-1425bd6f-c625-4f6a-b237-dc5bcfc42c87_desc-raw_ecephys.nwb,72876855925,f23e5128-952d-4d08-a9e5-1c947ed94857,2026-02-11T00:40:43.787821Z,2026-03-09T13:24:27.420838Z,https://api.dandiarchive.org/api/assets/f23e5128-952d-4d08-a9e5-1c947ed94857/download/
sub-ibl-witten-20/sub-ibl-witten-20_ses-037d75ca-c90a-43f2-aca6-e86611916779_ecephys+image/sub-ibl-witten-20_ses-037d75ca-c90a-43f2-aca6-e86611916779_VideoRightCamera.mp4,3968431260,8729b286-b19d-4dbe-973c-e00d33b8c123,2026-02-11T00:41:52.683614Z,2026-03-09T13:24:27.434340Z,https://api.dandiarchive.org/api/assets/8729b286-b19d-4dbe-973c-e00d33b8c123/download/
sub-ibl-witten-20/sub-ibl-witten-20_ses-037d75ca-c90a-43f2-aca6-e86611916779_ecephys+image/sub-ibl-witten-20_ses-037d75ca-c90a-43f2-aca6-e86611916779_VideoLeftCamera.mp4,4686461978,9c26ab20-e4e7-45c2-b6c9-e6403f2f6bca,2026-02-11T00:42:12.806683Z,2026-03-09T13:24:27.444251Z,https://api.dandiarchive.org/api/assets/9c26ab20-e4e7-45c2-b6c9-e6403f2f6bca/download/
sub-ibl-witten-17/sub-ibl-witten-17_ses-dcceebe5-4589-44df-a1c1-9fa33e779727_ecephys+image/sub-ibl-witten-17_ses-dcceebe5-4589-44df-a1c1-9fa33e779727_VideoRightCamera.mp4,1652680546,bbac7b65-b02c-482a-b629-f0a7352dc49c,2026-02-11T00:45:53.843814Z,2026-03-09T13:24:27.453976Z,https://api.dandiarchive.org/api/assets/bbac7b65-b02c-482a-b629-f0a7352dc49c/download/
sub-ibl-witten-19/sub-ibl-witten-19_ses-f8041c1e-5ef4-4ae6-afec-ed82d7a74dc1_ecephys+image/sub-ibl-witten-19_ses-f8041c1e-5ef4-4ae6-afec-ed82d7a74dc1_VideoRightCamera.mp4,409947694,73ba88bd-6662-425a-a7ae-f2dea79ca0ac,2026-02-11T00:47:13.256374Z,2026-03-09T13:24:27.462249Z,https://api.dandiarchive.org/api/assets/73ba88bd-6662-425a-a7ae-f2dea79ca0ac/download/
sub-NR-0020/sub-NR-0020_ses-3e6a97d3-3991-49e2-b346-6948cb4580fb_ecephys+image/sub-NR-0020_ses-3e6a97d3-3991-49e2-b346-6948cb4580fb_VideoBodyCamera.mp4,1204128707,6f5e9d44-ddb8-49e0-a14d-c96166791851,2026-02-11T00:52:31.998404Z,2026-03-09T13:24:27.471656Z,https://api.dandiarchive.org/api/assets/6f5e9d44-ddb8-49e0-a14d-c96166791851/download/
sub-NR-0020/sub-NR-0020_ses-3e6a97d3-3991-49e2-b346-6948cb4580fb_ecephys+image/sub-NR-0020_ses-3e6a97d3-3991-49e2-b346-6948cb4580fb_VideoRightCamera.mp4,4044018074,36fdcfa4-9783-449a-abdd-808640db7f1b,2026-02-11T00:53:31.493253Z,2026-03-09T13:24:27.480585Z,https://api.dandiarchive.org/api/assets/36fdcfa4-9783-449a-abdd-808640db7f1b/download/
sub-ibl-witten-17/sub-ibl-witten-17_ses-b10ed1ba-2099-42c4-bee3-d053eb594f09_desc-raw_ecephys.nwb,79528924815,cfbff88f-4182-4a23-8f4b-de6086be7197,2026-02-11T00:54:20.332621Z,2026-03-09T13:24:27.492044Z,https://api.dandiarchive.org/api/assets/cfbff88f-4182-4a23-8f4b-de6086be7197/download/
sub-NR-0020/sub-NR-0020_ses-3e6a97d3-3991-49e2-b346-6948cb4580fb_ecephys+image/sub-NR-0020_ses-3e6a97d3-3991-49e2-b346-6948cb4580fb_VideoLeftCamera.mp4,7932436108,67ec18ca-8fd6-4b91-92a1-db590fa77a17,2026-02-11T00:54:30.993052Z,2026-03-09T13:24:27.503281Z,https://api.dandiarchive.org/api/assets/67ec18ca-8fd6-4b91-92a1-db590fa77a17/download/
sub-NR-0020/sub-NR-0020_ses-d901aff5-2250-467a-b4a1-0cb9729df9e2_ecephys+image/sub-NR-0020_ses-d901aff5-2250-467a-b4a1-0cb9729df9e2_VideoBodyCamera.mp4,1265827226,f5117086-9008-4806-ab5f-e779408fbdde,2026-02-11T00:54:54.146254Z,2026-03-09T13:24:27.514249Z,https://api.dandiarchive.org/api/assets/f5117086-9008-4806-ab5f-e779408fbdde/download/
sub-NR-0020/sub-NR-0020_ses-d901aff5-2250-467a-b4a1-0cb9729df9e2_ecephys+image/sub-NR-0020_ses-d901aff5-2250-467a-b4a1-0cb9729df9e2_VideoRightCamera.mp4,4346094984,a0d4f48c-8301-4daa-aa71-0feba44628c2,2026-02-11T00:56:00.426605Z,2026-03-09T13:24:27.531429Z,https://api.dandiarchive.org/api/assets/a0d4f48c-8301-4daa-aa71-0feba44628c2/download/
sub-NR-0020/sub-NR-0020_ses-d901aff5-2250-467a-b4a1-0cb9729df9e2_ecephys+image/sub-NR-0020_ses-d901aff5-2250-467a-b4a1-0cb9729df9e2_VideoLeftCamera.mp4,8093870097,4f1b2403-3f29-4aab-ac15-350c76f5f023,2026-02-11T00:56:57.630700Z,2026-03-09T13:24:27.541590Z,https://api.dandiarchive.org/api/assets/4f1b2403-3f29-4aab-ac15-350c76f5f023/download/
sub-ibl-witten-18/sub-ibl-witten-18_ses-25f77e81-c1af-46ab-8686-73ac3d67c4a7_ecephys+image/sub-ibl-witten-18_ses-25f77e81-c1af-46ab-8686-73ac3d67c4a7_VideoBodyCamera.mp4,2221640509,92e62490-5c6c-4b7a-b41f-e417adf0438e,2026-02-11T00:58:51.041526Z,2026-03-09T13:24:27.554531Z,https://api.dandiarchive.org/api/assets/92e62490-5c6c-4b7a-b41f-e417adf0438e/download/
sub-NR-0027/sub-NR-0027_ses-195443eb-08e9-4a18-a7e1-d105b2ce1429_ecephys+image/sub-NR-0027_ses-195443eb-08e9-4a18-a7e1-d105b2ce1429_VideoBodyCamera.mp4,1222791413,df1bb03f-1bb8-4c75-aa5e-ca80f6950b43,2026-02-11T00:59:11.862911Z,2026-03-09T13:24:27.565097Z,https://api.dandiarchive.org/api/assets/df1bb03f-1bb8-4c75-aa5e-ca80f6950b43/download/
sub-ZFM-01936/sub-ZFM-01936_ses-9b5a1754-ac99-4d53-97d3-35c2f6638507_ecephys+image/sub-ZFM-01936_ses-9b5a1754-ac99-4d53-97d3-35c2f6638507_VideoBodyCamera.mp4,926442584,22642b02-ff4f-4d59-83a8-5abfd1c8a989,2026-02-11T00:59:55.637537Z,2026-03-09T13:24:27.575705Z,https://api.dandiarchive.org/api/assets/22642b02-ff4f-4d59-83a8-5abfd1c8a989/download/
sub-ZFM-01936/sub-ZFM-01936_ses-9b5a1754-ac99-4d53-97d3-35c2f6638507_ecephys+image/sub-ZFM-01936_ses-9b5a1754-ac99-4d53-97d3-35c2f6638507_VideoRightCamera.mp4,3484418347,cd373bd6-2420-4213-a761-e7830b41d8ae,2026-02-11T01:00:50.697703Z,2026-03-09T13:24:27.594672Z,https://api.dandiarchive.org/api/assets/cd373bd6-2420-4213-a761-e7830b41d8ae/download/
sub-ibl-witten-18/sub-ibl-witten-18_ses-25f77e81-c1af-46ab-8686-73ac3d67c4a7_ecephys+image/sub-ibl-witten-18_ses-25f77e81-c1af-46ab-8686-73ac3d67c4a7_VideoLeftCamera.mp4,4911730701,5e0f8472-a9dc-4afe-a800-91f4192f9768,2026-02-11T01:01:29.176565Z,2026-03-09T13:24:27.609797Z,https://api.dandiarchive.org/api/assets/5e0f8472-a9dc-4afe-a800-91f4192f9768/download/
sub-ZFM-01936/sub-ZFM-01936_ses-9b5a1754-ac99-4d53-97d3-35c2f6638507_ecephys+image/sub-ZFM-01936_ses-9b5a1754-ac99-4d53-97d3-35c2f6638507_VideoLeftCamera.mp4,6149320947,756379f9-bfc9-4fab-81d1-c4e93fb16a53,2026-02-11T01:01:31.493006Z,2026-03-09T13:24:27.618996Z,https://api.dandiarchive.org/api/assets/756379f9-bfc9-4fab-81d1-c4e93fb16a53/download/
sub-ibl-witten-20/sub-ibl-witten-20_ses-e12fbe11-8a6b-4bf6-a955-e5f6cec31ef1_ecephys+image/sub-ibl-witten-20_ses-e12fbe11-8a6b-4bf6-a955-e5f6cec31ef1_VideoBodyCamera.mp4,1725515542,dba654e7-6cd4-42e8-ac78-73a071052f40,2026-02-11T01:01:54.521946Z,2026-03-09T13:24:27.628750Z,https://api.dandiarchive.org/api/assets/dba654e7-6cd4-42e8-ac78-73a071052f40/download/
sub-ibl-witten-20/sub-ibl-witten-20_ses-037d75ca-c90a-43f2-aca6-e86611916779_desc-raw_ecephys.nwb,82103178323,214ea7ca-8039-4713-9ae8-30d828d8c33b,2026-02-11T01:02:02.400892Z,2026-03-09T13:24:27.640817Z,https://api.dandiarchive.org/api/assets/214ea7ca-8039-4713-9ae8-30d828d8c33b/download/
sub-ibl-witten-18/sub-ibl-witten-18_ses-25f77e81-c1af-46ab-8686-73ac3d67c4a7_ecephys+image/sub-ibl-witten-18_ses-25f77e81-c1af-46ab-8686-73ac3d67c4a7_VideoRightCamera.mp4,6184413177,e44499fc-ece8-4338-ba03-4f288e877f26,2026-02-11T01:02:06.085825Z,2026-03-09T13:24:27.651074Z,https://api.dandiarchive.org/api/assets/e44499fc-ece8-4338-ba03-4f288e877f26/download/
sub-ibl-witten-20/sub-ibl-witten-20_ses-e12fbe11-8a6b-4bf6-a955-e5f6cec31ef1_ecephys+image/sub-ibl-witten-20_ses-e12fbe11-8a6b-4bf6-a955-e5f6cec31ef1_VideoRightCamera.mp4,4796008856,d0886c77-e78a-4fa3-a751-58f5ab18217c,2026-02-11T01:04:16.979513Z,2026-03-09T13:24:27.662003Z,https://api.dandiarchive.org/api/assets/d0886c77-e78a-4fa3-a751-58f5ab18217c/download/
sub-ibl-witten-20/sub-ibl-witten-20_ses-e12fbe11-8a6b-4bf6-a955-e5f6cec31ef1_ecephys+image/sub-ibl-witten-20_ses-e12fbe11-8a6b-4bf6-a955-e5f6cec31ef1_VideoLeftCamera.mp4,5505171603,677f991a-825a-4673-9dc1-abc9bb591883,2026-02-11T01:04:39.288790Z,2026-03-09T13:24:27.671280Z,https://api.dandiarchive.org/api/assets/677f991a-825a-4673-9dc1-abc9bb591883/download/
sub-NR-0027/sub-NR-0027_ses-195443eb-08e9-4a18-a7e1-d105b2ce1429_ecephys+image/sub-NR-0027_ses-195443eb-08e9-4a18-a7e1-d105b2ce1429_VideoRightCamera.mp4,8844957132,5af7b036-6598-4621-a81a-e6e6c2135f85,2026-02-11T01:05:11.631904Z,2026-03-09T13:24:27.679383Z,https://api.dandiarchive.org/api/assets/5af7b036-6598-4621-a81a-e6e6c2135f85/download/
sub-NR-0027/sub-NR-0027_ses-195443eb-08e9-4a18-a7e1-d105b2ce1429_ecephys+image/sub-NR-0027_ses-195443eb-08e9-4a18-a7e1-d105b2ce1429_VideoLeftCamera.mp4,11927194568,7d61809c-0d64-43ce-97f3-ada33e80f47a,2026-02-11T01:06:43.267840Z,2026-03-09T13:24:27.687031Z,https://api.dandiarchive.org/api/assets/7d61809c-0d64-43ce-97f3-ada33e80f47a/download/
sub-NR-0031/sub-NR-0031_ses-642c97ea-fe89-4ec9-8629-5e492ea4019d_ecephys+image/sub-NR-0031_ses-642c97ea-fe89-4ec9-8629-5e492ea4019d_VideoBodyCamera.mp4,543542053,a1c2c8be-96e7-4d1e-9295-70ff5bf20e63,2026-02-11T01:07:24.255919Z,2026-03-09T13:24:27.696540Z,https://api.dandiarchive.org/api/assets/a1c2c8be-96e7-4d1e-9295-70ff5bf20e63/download/
sub-ibl-witten-17/sub-ibl-witten-17_ses-dcceebe5-4589-44df-a1c1-9fa33e779727_desc-raw_ecephys.nwb,89558409403,2949bbf1-23e3-4b75-82d9-5fc2d596d7d7,2026-02-11T01:08:29.442391Z,2026-03-09T13:24:27.705485Z,https://api.dandiarchive.org/api/assets/2949bbf1-23e3-4b75-82d9-5fc2d596d7d7/download/
sub-NR-0031/sub-NR-0031_ses-642c97ea-fe89-4ec9-8629-5e492ea4019d_ecephys+image/sub-NR-0031_ses-642c97ea-fe89-4ec9-8629-5e492ea4019d_VideoRightCamera.mp4,4893040011,be70d516-3fd8-4ea0-aa6a-82d2892f5665,2026-02-11T01:09:11.508674Z,2026-03-09T13:24:27.714279Z,https://api.dandiarchive.org/api/assets/be70d516-3fd8-4ea0-aa6a-82d2892f5665/download/
sub-NR-0031/sub-NR-0031_ses-642c97ea-fe89-4ec9-8629-5e492ea4019d_ecephys+image/sub-NR-0031_ses-642c97ea-fe89-4ec9-8629-5e492ea4019d_VideoLeftCamera.mp4,6540774473,3254b2ce-6a63-460c-b6c7-4d018825e876,2026-02-11T01:10:13.443815Z,2026-03-09T13:24:27.724801Z,https://api.dandiarchive.org/api/assets/3254b2ce-6a63-460c-b6c7-4d018825e876/download/
sub-ibl-witten-19/sub-ibl-witten-19_ses-f8041c1e-5ef4-4ae6-afec-ed82d7a74dc1_desc-raw_ecephys.nwb,90239614092,326db29a-8970-4e36-90a5-bc6a1f9fa6b4,2026-02-11T01:10:25.229029Z,2026-03-09T13:24:27.734453Z,https://api.dandiarchive.org/api/assets/326db29a-8970-4e36-90a5-bc6a1f9fa6b4/download/
sub-NR-0021/sub-NR-0021_ses-e0928e11-2b86-4387-a203-80c77fab5d52_ecephys+image/sub-NR-0021_ses-e0928e11-2b86-4387-a203-80c77fab5d52_VideoBodyCamera.mp4,1372536256,7923a1d1-e410-4045-b3c6-6465230f4cbb,2026-02-11T01:12:00.690864Z,2026-03-09T13:24:27.743381Z,https://api.dandiarchive.org/api/assets/7923a1d1-e410-4045-b3c6-6465230f4cbb/download/
sub-NR-0021/sub-NR-0021_ses-e0928e11-2b86-4387-a203-80c77fab5d52_ecephys+image/sub-NR-0021_ses-e0928e11-2b86-4387-a203-80c77fab5d52_VideoRightCamera.mp4,4703740350,034c1c4d-3b6d-4a1e-98fa-aab3804ff5c4,2026-02-11T01:13:11.654747Z,2026-03-09T13:24:27.751250Z,https://api.dandiarchive.org/api/assets/034c1c4d-3b6d-4a1e-98fa-aab3804ff5c4/download/
sub-NR-0021/sub-NR-0021_ses-e0928e11-2b86-4387-a203-80c77fab5d52_ecephys+image/sub-NR-0021_ses-e0928e11-2b86-4387-a203-80c77fab5d52_VideoLeftCamera.mp4,7887381786,fa541838-5488-4545-81cd-ebff61bdb369,2026-02-11T01:13:59.791532Z,2026-03-09T13:24:27.759830Z,https://api.dandiarchive.org/api/assets/fa541838-5488-4545-81cd-ebff61bdb369/download/
sub-ZFM-01936/sub-ZFM-01936_ses-9b5a1754-ac99-4d53-97d3-35c2f6638507_desc-raw_ecephys.nwb,56035878203,43d9da94-6fdd-4630-b4fc-45eb076a0815,2026-02-11T01:15:08.575385Z,2026-03-09T13:24:27.768727Z,https://api.dandiarchive.org/api/assets/43d9da94-6fdd-4630-b4fc-45eb076a0815/download/
sub-SWC-058/sub-SWC-058_ses-9545aa05-3945-4054-a5c3-a259f7209d61_ecephys+image/sub-SWC-058_ses-9545aa05-3945-4054-a5c3-a259f7209d61_VideoBodyCamera.mp4,669776494,d15fe6e3-4b4c-45fd-a14d-337a49eb0d2a,2026-02-11T01:17:48.869449Z,2026-03-09T13:24:27.779102Z,https://api.dandiarchive.org/api/assets/d15fe6e3-4b4c-45fd-a14d-337a49eb0d2a/download/
sub-NR-0020/sub-NR-0020_ses-3e6a97d3-3991-49e2-b346-6948cb4580fb_desc-raw_ecephys.nwb,100391936059,bf18c0b0-a180-4189-988a-1fbec2bbfc83,2026-02-11T01:19:24.064757Z,2026-03-09T13:24:27.790561Z,https://api.dandiarchive.org/api/assets/bf18c0b0-a180-4189-988a-1fbec2bbfc83/download/
sub-SWC-058/sub-SWC-058_ses-9545aa05-3945-4054-a5c3-a259f7209d61_ecephys+image/sub-SWC-058_ses-9545aa05-3945-4054-a5c3-a259f7209d61_VideoRightCamera.mp4,5883152277,e28a40ed-d4e4-4801-a23a-08471e5939ea,2026-02-11T01:19:40.758682Z,2026-03-09T13:24:27.800769Z,https://api.dandiarchive.org/api/assets/e28a40ed-d4e4-4801-a23a-08471e5939ea/download/
sub-SWC-058/sub-SWC-058_ses-9545aa05-3945-4054-a5c3-a259f7209d61_ecephys+image/sub-SWC-058_ses-9545aa05-3945-4054-a5c3-a259f7209d61_VideoLeftCamera.mp4,11169028095,573ed18b-0636-4f52-a25d-e36807deabc0,2026-02-11T01:21:01.049759Z,2026-03-09T13:24:27.813826Z,https://api.dandiarchive.org/api/assets/573ed18b-0636-4f52-a25d-e36807deabc0/download/
sub-NR-0020/sub-NR-0020_ses-d901aff5-2250-467a-b4a1-0cb9729df9e2_desc-raw_ecephys.nwb,102784857384,0edd03d3-c57f-4feb-ad05-71923b50684e,2026-02-11T01:22:19.436784Z,2026-03-09T13:24:27.824807Z,https://api.dandiarchive.org/api/assets/0edd03d3-c57f-4feb-ad05-71923b50684e/download/
sub-NR-0021/sub-NR-0021_ses-1ca83b26-30fc-4350-a616-c38b7d00d240_ecephys+image/sub-NR-0021_ses-1ca83b26-30fc-4350-a616-c38b7d00d240_VideoBodyCamera.mp4,1557270112,081142d3-0dc3-4c24-9342-89bf80c24dab,2026-02-11T01:23:45.101630Z,2026-03-09T13:24:27.836689Z,https://api.dandiarchive.org/api/assets/081142d3-0dc3-4c24-9342-89bf80c24dab/download/
sub-ibl-witten-18/sub-ibl-witten-18_ses-25f77e81-c1af-46ab-8686-73ac3d67c4a7_desc-raw_ecephys.nwb,90746302667,8c8fe4fc-629f-4a7a-b5f2-3674af16c16a,2026-02-11T01:23:47.117206Z,2026-03-09T13:24:27.847041Z,https://api.dandiarchive.org/api/assets/8c8fe4fc-629f-4a7a-b5f2-3674af16c16a/download/
sub-NR-0021/sub-NR-0021_ses-1ca83b26-30fc-4350-a616-c38b7d00d240_ecephys+image/sub-NR-0021_ses-1ca83b26-30fc-4350-a616-c38b7d00d240_VideoRightCamera.mp4,5541074370,899e9687-1ddd-4717-98f0-fa4bfd216911,2026-02-11T01:25:11.968326Z,2026-03-09T13:24:27.857126Z,https://api.dandiarchive.org/api/assets/899e9687-1ddd-4717-98f0-fa4bfd216911/download/
sub-NR-0020/sub-NR-0020_ses-eacc49a9-f3a1-49f1-b87f-0972f90ee837_ecephys+image/sub-NR-0020_ses-eacc49a9-f3a1-49f1-b87f-0972f90ee837_VideoBodyCamera.mp4,1442815587,dfce11f4-28b0-4992-84c3-bb4f41400e26,2026-02-11T01:25:51.128153Z,2026-03-09T13:24:27.871432Z,https://api.dandiarchive.org/api/assets/dfce11f4-28b0-4992-84c3-bb4f41400e26/download/
sub-NR-0021/sub-NR-0021_ses-1ca83b26-30fc-4350-a616-c38b7d00d240_ecephys+image/sub-NR-0021_ses-1ca83b26-30fc-4350-a616-c38b7d00d240_VideoLeftCamera.mp4,8727081240,c4a0111d-b70c-489b-8214-b5e15c977b1d,2026-02-11T01:25:59.785589Z,2026-03-09T13:24:27.881710Z,https://api.dandiarchive.org/api/assets/c4a0111d-b70c-489b-8214-b5e15c977b1d/download/
sub-NR-0020/sub-NR-0020_ses-eacc49a9-f3a1-49f1-b87f-0972f90ee837_ecephys+image/sub-NR-0020_ses-eacc49a9-f3a1-49f1-b87f-0972f90ee837_VideoRightCamera.mp4,5526065417,fd91d2ec-40f4-45e4-b442-e1951bf9f8ab,2026-02-11T01:27:20.901399Z,2026-03-09T13:24:27.891487Z,https://api.dandiarchive.org/api/assets/fd91d2ec-40f4-45e4-b442-e1951bf9f8ab/download/
sub-ibl-witten-20/sub-ibl-witten-20_ses-e12fbe11-8a6b-4bf6-a955-e5f6cec31ef1_desc-raw_ecephys.nwb,94711728258,d0a52486-bb55-43fe-9557-f1b91dafc70e,2026-02-11T01:27:34.584162Z,2026-03-09T13:24:27.903315Z,https://api.dandiarchive.org/api/assets/d0a52486-bb55-43fe-9557-f1b91dafc70e/download/
sub-NR-0027/sub-NR-0027_ses-195443eb-08e9-4a18-a7e1-d105b2ce1429_desc-raw_ecephys.nwb,94452770429,dd3f452d-98a9-4a75-8b36-b51a28e08bd0,2026-02-11T01:28:05.796488Z,2026-03-09T13:24:27.913405Z,https://api.dandiarchive.org/api/assets/dd3f452d-98a9-4a75-8b36-b51a28e08bd0/download/
sub-NR-0020/sub-NR-0020_ses-eacc49a9-f3a1-49f1-b87f-0972f90ee837_ecephys+image/sub-NR-0020_ses-eacc49a9-f3a1-49f1-b87f-0972f90ee837_VideoLeftCamera.mp4,9425428219,e2a9e0bb-7b7f-4a32-a7c0-0634e3c723f8,2026-02-11T01:28:20.308583Z,2026-03-09T13:24:27.922661Z,https://api.dandiarchive.org/api/assets/e2a9e0bb-7b7f-4a32-a7c0-0634e3c723f8/download/
sub-NR-0021/sub-NR-0021_ses-27ef44c0-acb2-4220-b776-477d0d5abd35_ecephys+image/sub-NR-0021_ses-27ef44c0-acb2-4220-b776-477d0d5abd35_VideoBodyCamera.mp4,1574125595,5feeb7c3-b814-4eaf-aee4-8fab28d534fd,2026-02-11T01:28:28.414406Z,2026-03-09T13:24:27.932989Z,https://api.dandiarchive.org/api/assets/5feeb7c3-b814-4eaf-aee4-8fab28d534fd/download/
sub-NR-0021/sub-NR-0021_ses-27ef44c0-acb2-4220-b776-477d0d5abd35_ecephys+image/sub-NR-0021_ses-27ef44c0-acb2-4220-b776-477d0d5abd35_VideoRightCamera.mp4,5722310380,6ac750b6-7e00-4f6f-801a-ebcb1ba18f9b,2026-02-11T01:29:58.888088Z,2026-03-09T13:24:27.943619Z,https://api.dandiarchive.org/api/assets/6ac750b6-7e00-4f6f-801a-ebcb1ba18f9b/download/
sub-NR-0021/sub-NR-0021_ses-27ef44c0-acb2-4220-b776-477d0d5abd35_ecephys+image/sub-NR-0021_ses-27ef44c0-acb2-4220-b776-477d0d5abd35_VideoLeftCamera.mp4,8662569411,1060f383-0b59-4da7-bf5d-8699b4c6b64f,2026-02-11T01:30:43.284757Z,2026-03-09T13:24:27.952690Z,https://api.dandiarchive.org/api/assets/1060f383-0b59-4da7-bf5d-8699b4c6b64f/download/
sub-NR-0024/sub-NR-0024_ses-f4eb56a4-8bf8-4bbc-a8f3-6e6535134bad_ecephys+image/sub-NR-0024_ses-f4eb56a4-8bf8-4bbc-a8f3-6e6535134bad_VideoBodyCamera.mp4,1031645930,75efb9de-88c8-4262-a418-f5908e018cd6,2026-02-11T01:33:31.804260Z,2026-03-09T13:24:27.962658Z,https://api.dandiarchive.org/api/assets/75efb9de-88c8-4262-a418-f5908e018cd6/download/
sub-NR-0024/sub-NR-0024_ses-7cc74598-9c1b-436b-84fa-0bf89f31adf6_ecephys+image/sub-NR-0024_ses-7cc74598-9c1b-436b-84fa-0bf89f31adf6_VideoBodyCamera.mp4,905390829,c6322f66-fb48-4276-aa87-02e923bd270f,2026-02-11T01:33:57.942215Z,2026-03-09T13:24:27.971855Z,https://api.dandiarchive.org/api/assets/c6322f66-fb48-4276-aa87-02e923bd270f/download/
sub-NR-0031/sub-NR-0031_ses-642c97ea-fe89-4ec9-8629-5e492ea4019d_desc-raw_ecephys.nwb,110876581078,88f5405e-6a4d-482c-8ccf-22e1deeeb0a7,2026-02-11T01:37:17.320716Z,2026-03-09T13:24:27.984407Z,https://api.dandiarchive.org/api/assets/88f5405e-6a4d-482c-8ccf-22e1deeeb0a7/download/
sub-NR-0024/sub-NR-0024_ses-f4eb56a4-8bf8-4bbc-a8f3-6e6535134bad_ecephys+image/sub-NR-0024_ses-f4eb56a4-8bf8-4bbc-a8f3-6e6535134bad_VideoRightCamera.mp4,6299354235,0ad401e7-be7e-464e-b235-c17e0a4963bd,2026-02-11T01:37:36.921181Z,2026-03-09T13:24:27.994646Z,https://api.dandiarchive.org/api/assets/0ad401e7-be7e-464e-b235-c17e0a4963bd/download/
sub-NR-0024/sub-NR-0024_ses-7cc74598-9c1b-436b-84fa-0bf89f31adf6_ecephys+image/sub-NR-0024_ses-7cc74598-9c1b-436b-84fa-0bf89f31adf6_VideoRightCamera.mp4,6227521151,718b8f4a-2b0e-43dd-a849-1218fa24f0c7,2026-02-11T01:38:04.259717Z,2026-03-09T13:24:28.004393Z,https://api.dandiarchive.org/api/assets/718b8f4a-2b0e-43dd-a849-1218fa24f0c7/download/
sub-NR-0024/sub-NR-0024_ses-f4eb56a4-8bf8-4bbc-a8f3-6e6535134bad_ecephys+image/sub-NR-0024_ses-f4eb56a4-8bf8-4bbc-a8f3-6e6535134bad_VideoLeftCamera.mp4,8883628929,615711af-e00f-4a42-ae3b-de34787eb74b,2026-02-11T01:38:51.617064Z,2026-03-09T13:24:28.014475Z,https://api.dandiarchive.org/api/assets/615711af-e00f-4a42-ae3b-de34787eb74b/download/
sub-NR-0024/sub-NR-0024_ses-7cc74598-9c1b-436b-84fa-0bf89f31adf6_ecephys+image/sub-NR-0024_ses-7cc74598-9c1b-436b-84fa-0bf89f31adf6_VideoLeftCamera.mp4,8494347157,830a823e-d5cb-4a7c-8c72-61d0e39641ab,2026-02-11T01:39:10.403295Z,2026-03-09T13:24:28.024062Z,https://api.dandiarchive.org/api/assets/830a823e-d5cb-4a7c-8c72-61d0e39641ab/download/
sub-NR-0021/sub-NR-0021_ses-e0928e11-2b86-4387-a203-80c77fab5d52_desc-raw_ecephys.nwb,114674670820,c16a4947-a24e-4de5-8417-05b10f8fb8b7,2026-02-11T01:42:18.590058Z,2026-03-09T13:24:28.034305Z,https://api.dandiarchive.org/api/assets/c16a4947-a24e-4de5-8417-05b10f8fb8b7/download/
sub-NR-0028/sub-NR-0028_ses-f56194bc-8215-4ae8-bc6a-89781ad8e050_ecephys+image/sub-NR-0028_ses-f56194bc-8215-4ae8-bc6a-89781ad8e050_VideoBodyCamera.mp4,945706881,52e0f13d-ff16-4544-a286-1019b0385ea8,2026-02-11T01:43:28.640241Z,2026-03-09T13:24:28.043642Z,https://api.dandiarchive.org/api/assets/52e0f13d-ff16-4544-a286-1019b0385ea8/download/
sub-NR-0028/sub-NR-0028_ses-f56194bc-8215-4ae8-bc6a-89781ad8e050_ecephys+image/sub-NR-0028_ses-f56194bc-8215-4ae8-bc6a-89781ad8e050_VideoRightCamera.mp4,6308586229,1ec73171-1c71-469c-bde9-6d9d257d337f,2026-02-11T01:47:35.409640Z,2026-03-09T13:24:28.054580Z,https://api.dandiarchive.org/api/assets/1ec73171-1c71-469c-bde9-6d9d257d337f/download/
sub-NR-0028/sub-NR-0028_ses-f56194bc-8215-4ae8-bc6a-89781ad8e050_ecephys+image/sub-NR-0028_ses-f56194bc-8215-4ae8-bc6a-89781ad8e050_VideoLeftCamera.mp4,8783271499,9b0c5171-ef1f-4057-8564-65aa46949294,2026-02-11T01:48:48.923361Z,2026-03-09T13:24:28.066135Z,https://api.dandiarchive.org/api/assets/9b0c5171-ef1f-4057-8564-65aa46949294/download/
sub-SWC-058/sub-SWC-058_ses-9545aa05-3945-4054-a5c3-a259f7209d61_desc-raw_ecephys.nwb,115384209635,08d9e20e-9753-4e43-929f-04a25729d851,2026-02-11T01:49:05.455401Z,2026-03-09T13:24:28.078448Z,https://api.dandiarchive.org/api/assets/08d9e20e-9753-4e43-929f-04a25729d851/download/
sub-NR-0019/sub-NR-0019_ses-63c70ae8-4dfb-418b-b21b-f0b1e5fba6c9_ecephys+image/sub-NR-0019_ses-63c70ae8-4dfb-418b-b21b-f0b1e5fba6c9_VideoBodyCamera.mp4,1750819118,79604a2b-f496-4dd0-9809-9b1f901249a9,2026-02-11T01:53:05.604582Z,2026-03-09T13:24:28.087912Z,https://api.dandiarchive.org/api/assets/79604a2b-f496-4dd0-9809-9b1f901249a9/download/
sub-NR-0019/sub-NR-0019_ses-63c70ae8-4dfb-418b-b21b-f0b1e5fba6c9_ecephys+image/sub-NR-0019_ses-63c70ae8-4dfb-418b-b21b-f0b1e5fba6c9_VideoRightCamera.mp4,6160124187,1c9dc79b-efa2-44da-8c42-d869ba1972aa,2026-02-11T01:54:38.872045Z,2026-03-09T13:24:28.097898Z,https://api.dandiarchive.org/api/assets/1c9dc79b-efa2-44da-8c42-d869ba1972aa/download/
sub-NR-0019/sub-NR-0019_ses-63c70ae8-4dfb-418b-b21b-f0b1e5fba6c9_ecephys+image/sub-NR-0019_ses-63c70ae8-4dfb-418b-b21b-f0b1e5fba6c9_VideoLeftCamera.mp4,10221326913,5e90e862-96bc-4d72-896f-12f88f74bc1c,2026-02-11T01:55:41.374401Z,2026-03-09T13:24:28.108440Z,https://api.dandiarchive.org/api/assets/5e90e862-96bc-4d72-896f-12f88f74bc1c/download/
sub-NR-0021/sub-NR-0021_ses-1ca83b26-30fc-4350-a616-c38b7d00d240_desc-raw_ecephys.nwb,122513042229,a8f70bf4-085c-4cb3-8e7e-9e06d69330c5,2026-02-11T01:56:13.286880Z,2026-03-09T13:24:28.117644Z,https://api.dandiarchive.org/api/assets/a8f70bf4-085c-4cb3-8e7e-9e06d69330c5/download/
sub-NR-0020/sub-NR-0020_ses-eacc49a9-f3a1-49f1-b87f-0972f90ee837_desc-raw_ecephys.nwb,122611970302,69827618-22c2-4fc8-9596-67d2634acbd6,2026-02-11T01:58:33.033308Z,2026-03-09T13:24:28.127288Z,https://api.dandiarchive.org/api/assets/69827618-22c2-4fc8-9596-67d2634acbd6/download/
sub-NR-0027/sub-NR-0027_ses-ae8787b1-4229-4d56-b0c2-566b61a25b77_ecephys+image/sub-NR-0027_ses-ae8787b1-4229-4d56-b0c2-566b61a25b77_VideoBodyCamera.mp4,1209097503,fa124472-a0b9-4f3d-9668-4c2266c0d2e6,2026-02-11T01:58:52.127405Z,2026-03-09T13:24:28.136446Z,https://api.dandiarchive.org/api/assets/fa124472-a0b9-4f3d-9668-4c2266c0d2e6/download/
sub-SWC-058/sub-SWC-058_ses-f1db6257-85ef-4385-b415-2d078ec75df2_ecephys+image/sub-SWC-058_ses-f1db6257-85ef-4385-b415-2d078ec75df2_VideoBodyCamera.mp4,822857381,5e2ecac9-5eb2-4b96-985f-eb72ff283061,2026-02-11T01:59:26.971091Z,2026-03-09T13:24:28.148429Z,https://api.dandiarchive.org/api/assets/5e2ecac9-5eb2-4b96-985f-eb72ff283061/download/
sub-NR-0027/sub-NR-0027_ses-ae8787b1-4229-4d56-b0c2-566b61a25b77_ecephys+image/sub-NR-0027_ses-ae8787b1-4229-4d56-b0c2-566b61a25b77_VideoRightCamera.mp4,7173043026,a0d92a17-1416-4382-9f04-3c46b536f694,2026-02-11T02:01:02.261112Z,2026-03-09T13:24:28.161660Z,https://api.dandiarchive.org/api/assets/a0d92a17-1416-4382-9f04-3c46b536f694/download/
sub-NR-0027/sub-NR-0027_ses-ae8787b1-4229-4d56-b0c2-566b61a25b77_ecephys+image/sub-NR-0027_ses-ae8787b1-4229-4d56-b0c2-566b61a25b77_VideoLeftCamera.mp4,9430320168,e89f07a2-87bf-4aca-b6d7-b6d246caccd5,2026-02-11T02:01:36.595912Z,2026-03-09T13:24:28.171030Z,https://api.dandiarchive.org/api/assets/e89f07a2-87bf-4aca-b6d7-b6d246caccd5/download/
sub-SWC-058/sub-SWC-058_ses-f1db6257-85ef-4385-b415-2d078ec75df2_ecephys+image/sub-SWC-058_ses-f1db6257-85ef-4385-b415-2d078ec75df2_VideoRightCamera.mp4,7114872493,5a1885b9-14ab-4625-8424-fdd6e16b2b1c,2026-02-11T02:01:41.044431Z,2026-03-09T13:24:28.182446Z,https://api.dandiarchive.org/api/assets/5a1885b9-14ab-4625-8424-fdd6e16b2b1c/download/
sub-NR-0021/sub-NR-0021_ses-27ef44c0-acb2-4220-b776-477d0d5abd35_desc-raw_ecephys.nwb,125409292279,a70cbb43-187b-41ea-8018-7bab5d78755a,2026-02-11T02:01:45.129745Z,2026-03-09T13:24:28.193181Z,https://api.dandiarchive.org/api/assets/a70cbb43-187b-41ea-8018-7bab5d78755a/download/
sub-ibl-witten-13/sub-ibl-witten-13_ses-5139ce2c-7d52-44bf-8129-692d61dd6403_ecephys+image/sub-ibl-witten-13_ses-5139ce2c-7d52-44bf-8129-692d61dd6403_VideoLeftCamera.mp4,4781278298,bda4eba7-6397-4150-a2c4-fa74b5b527a5,2026-02-11T02:03:15.221535Z,2026-03-09T13:24:28.206208Z,https://api.dandiarchive.org/api/assets/bda4eba7-6397-4150-a2c4-fa74b5b527a5/download/
sub-SWC-058/sub-SWC-058_ses-f1db6257-85ef-4385-b415-2d078ec75df2_ecephys+image/sub-SWC-058_ses-f1db6257-85ef-4385-b415-2d078ec75df2_VideoLeftCamera.mp4,13954402525,f8f0def5-591d-4fa7-beee-13e42edfadd5,2026-02-11T02:03:25.643312Z,2026-03-09T13:24:28.216459Z,https://api.dandiarchive.org/api/assets/f8f0def5-591d-4fa7-beee-13e42edfadd5/download/
sub-ibl-witten-13/sub-ibl-witten-13_ses-5139ce2c-7d52-44bf-8129-692d61dd6403_ecephys+image/sub-ibl-witten-13_ses-5139ce2c-7d52-44bf-8129-692d61dd6403_VideoRightCamera.mp4,6354647090,bde431ce-2a22-4972-9b2a-b88b4d211f63,2026-02-11T02:03:59.519685Z,2026-03-09T13:24:28.226840Z,https://api.dandiarchive.org/api/assets/bde431ce-2a22-4972-9b2a-b88b4d211f63/download/
sub-NR-0024/sub-NR-0024_ses-f4eb56a4-8bf8-4bbc-a8f3-6e6535134bad_desc-raw_ecephys.nwb,123568281285,46c17762-1929-4d36-a37d-e129a6e26473,2026-02-11T02:08:18.901071Z,2026-03-09T13:24:28.236303Z,https://api.dandiarchive.org/api/assets/46c17762-1929-4d36-a37d-e129a6e26473/download/
sub-ibl-witten-19/sub-ibl-witten-19_ses-4ddb8a95-788b-48d0-8a0a-66c7c796da96_ecephys+image/sub-ibl-witten-19_ses-4ddb8a95-788b-48d0-8a0a-66c7c796da96_VideoRightCamera.mp4,2499846304,5da06eb6-8f16-4cac-8b97-23006aa4f153,2026-02-11T02:09:06.486221Z,2026-03-09T13:24:28.250624Z,https://api.dandiarchive.org/api/assets/5da06eb6-8f16-4cac-8b97-23006aa4f153/download/
sub-NR-0024/sub-NR-0024_ses-7cc74598-9c1b-436b-84fa-0bf89f31adf6_desc-raw_ecephys.nwb,125252853568,f338e5f9-1ea9-47d6-a1ef-8937a81bab4f,2026-02-11T02:09:09.232219Z,2026-03-09T13:24:28.260369Z,https://api.dandiarchive.org/api/assets/f338e5f9-1ea9-47d6-a1ef-8937a81bab4f/download/
sub-SWC-058/sub-SWC-058_ses-d3a2b25e-46d3-4f0b-ade6-4e32255f4c35_ecephys+image/sub-SWC-058_ses-d3a2b25e-46d3-4f0b-ade6-4e32255f4c35_VideoBodyCamera.mp4,854159911,a915c12d-6334-4b9d-bed6-271e93c30059,2026-02-11T02:12:29.741289Z,2026-03-09T13:24:28.271723Z,https://api.dandiarchive.org/api/assets/a915c12d-6334-4b9d-bed6-271e93c30059/download/
sub-ibl-witten-17/sub-ibl-witten-17_ses-d832d9f7-c96a-4f63-8921-516ba4a7b61f_desc-raw_ecephys.nwb,124106127083,827f5406-4ee3-4100-86d2-0c2f75094677,2026-02-11T02:13:47.085956Z,2026-03-09T13:24:28.286122Z,https://api.dandiarchive.org/api/assets/827f5406-4ee3-4100-86d2-0c2f75094677/download/
sub-SWC-058/sub-SWC-058_ses-d3a2b25e-46d3-4f0b-ade6-4e32255f4c35_ecephys+image/sub-SWC-058_ses-d3a2b25e-46d3-4f0b-ade6-4e32255f4c35_VideoRightCamera.mp4,7809800193,8a63d1bd-55a2-46ee-925a-4a5e71f49a91,2026-02-11T02:14:59.639831Z,2026-03-09T13:24:28.318237Z,https://api.dandiarchive.org/api/assets/8a63d1bd-55a2-46ee-925a-4a5e71f49a91/download/
sub-SWC-058/sub-SWC-058_ses-d3a2b25e-46d3-4f0b-ade6-4e32255f4c35_ecephys+image/sub-SWC-058_ses-d3a2b25e-46d3-4f0b-ade6-4e32255f4c35_VideoLeftCamera.mp4,14892363878,aacd59c9-f7e3-4e7c-816f-f0e4a1a1e3f3,2026-02-11T02:16:47.831544Z,2026-03-09T13:24:28.331076Z,https://api.dandiarchive.org/api/assets/aacd59c9-f7e3-4e7c-816f-f0e4a1a1e3f3/download/
sub-NR-0028/sub-NR-0028_ses-f56194bc-8215-4ae8-bc6a-89781ad8e050_desc-raw_ecephys.nwb,129147395601,234d4f25-ee6a-4990-bf32-10df3764e46c,2026-02-11T02:19:58.789661Z,2026-03-09T13:24:28.350907Z,https://api.dandiarchive.org/api/assets/234d4f25-ee6a-4990-bf32-10df3764e46c/download/
sub-NR-0019/sub-NR-0019_ses-63c70ae8-4dfb-418b-b21b-f0b1e5fba6c9_desc-raw_ecephys.nwb,135491549971,09b3b91a-9eb8-43ea-bb89-9727a5690ebf,2026-02-11T02:29:18.262174Z,2026-03-09T13:24:28.371394Z,https://api.dandiarchive.org/api/assets/09b3b91a-9eb8-43ea-bb89-9727a5690ebf/download/
sub-NR-0027/sub-NR-0027_ses-6c6b0d06-6039-4525-a74b-58cfaa1d3a60_ecephys+image/sub-NR-0027_ses-6c6b0d06-6039-4525-a74b-58cfaa1d3a60_VideoBodyCamera.mp4,1014432159,53c8c4b6-0963-4ed8-9750-7b0a1fb274fd,2026-02-11T02:35:43.087392Z,2026-03-09T13:24:28.384991Z,https://api.dandiarchive.org/api/assets/53c8c4b6-0963-4ed8-9750-7b0a1fb274fd/download/
sub-NR-0027/sub-NR-0027_ses-ae8787b1-4229-4d56-b0c2-566b61a25b77_desc-raw_ecephys.nwb,145018109782,47d86cd2-07e3-4ec0-b25f-db8c2715e63b,2026-02-11T02:37:36.484972Z,2026-03-09T13:24:28.395710Z,https://api.dandiarchive.org/api/assets/47d86cd2-07e3-4ec0-b25f-db8c2715e63b/download/
sub-SWC-058/sub-SWC-058_ses-f1db6257-85ef-4385-b415-2d078ec75df2_desc-raw_ecephys.nwb,142862313198,177efa23-c26a-4337-9bad-0d1b9ad53d12,2026-02-11T02:38:10.761454Z,2026-03-09T13:24:28.405249Z,https://api.dandiarchive.org/api/assets/177efa23-c26a-4337-9bad-0d1b9ad53d12/download/
sub-NR-0027/sub-NR-0027_ses-6c6b0d06-6039-4525-a74b-58cfaa1d3a60_ecephys+image/sub-NR-0027_ses-6c6b0d06-6039-4525-a74b-58cfaa1d3a60_VideoRightCamera.mp4,8362868930,c864694e-ac6b-488f-b928-1e22a5013b56,2026-02-11T02:38:21.701647Z,2026-03-09T13:24:28.416606Z,https://api.dandiarchive.org/api/assets/c864694e-ac6b-488f-b928-1e22a5013b56/download/
sub-ibl-witten-13/sub-ibl-witten-13_ses-5139ce2c-7d52-44bf-8129-692d61dd6403_desc-raw_ecephys.nwb,141383578462,7ee3c962-a6fd-4acb-9068-449b2310dc0d,2026-02-11T02:38:35.859798Z,2026-03-09T13:24:28.426368Z,https://api.dandiarchive.org/api/assets/7ee3c962-a6fd-4acb-9068-449b2310dc0d/download/
sub-NR-0028/sub-NR-0028_ses-5c0c560e-9e1f-45e9-b66e-e4ee7855be84_ecephys+image/sub-NR-0028_ses-5c0c560e-9e1f-45e9-b66e-e4ee7855be84_VideoBodyCamera.mp4,1198976608,fe2c9c5b-6040-48dd-86dc-be8aefb41561,2026-02-11T02:38:45.921810Z,2026-03-09T13:24:28.435615Z,https://api.dandiarchive.org/api/assets/fe2c9c5b-6040-48dd-86dc-be8aefb41561/download/
sub-NR-0027/sub-NR-0027_ses-6c6b0d06-6039-4525-a74b-58cfaa1d3a60_ecephys+image/sub-NR-0027_ses-6c6b0d06-6039-4525-a74b-58cfaa1d3a60_VideoLeftCamera.mp4,11153209219,72398be1-8e32-42a9-8651-ef5d0fb187ae,2026-02-11T02:39:03.679661Z,2026-03-09T13:24:28.448719Z,https://api.dandiarchive.org/api/assets/72398be1-8e32-42a9-8651-ef5d0fb187ae/download/
sub-NR-0024/sub-NR-0024_ses-3bcb81b4-d9ca-4fc9-a1cd-353a966239ca_ecephys+image/sub-NR-0024_ses-3bcb81b4-d9ca-4fc9-a1cd-353a966239ca_VideoBodyCamera.mp4,1256497436,af204751-51f5-41c3-bc56-d814caaacc10,2026-02-11T02:41:03.514628Z,2026-03-09T13:24:28.458413Z,https://api.dandiarchive.org/api/assets/af204751-51f5-41c3-bc56-d814caaacc10/download/
sub-NR-0028/sub-NR-0028_ses-5c0c560e-9e1f-45e9-b66e-e4ee7855be84_ecephys+image/sub-NR-0028_ses-5c0c560e-9e1f-45e9-b66e-e4ee7855be84_VideoRightCamera.mp4,8169449306,fe2e06e1-ba2a-48dd-a8d2-d54b42a292cd,2026-02-11T02:44:07.218778Z,2026-03-09T13:24:28.467347Z,https://api.dandiarchive.org/api/assets/fe2e06e1-ba2a-48dd-a8d2-d54b42a292cd/download/
sub-NR-0028/sub-NR-0028_ses-5c0c560e-9e1f-45e9-b66e-e4ee7855be84_ecephys+image/sub-NR-0028_ses-5c0c560e-9e1f-45e9-b66e-e4ee7855be84_VideoLeftCamera.mp4,11333187218,eb24c8ea-8188-4b49-a47d-297ba13dc692,2026-02-11T02:45:39.549735Z,2026-03-09T13:24:28.482093Z,https://api.dandiarchive.org/api/assets/eb24c8ea-8188-4b49-a47d-297ba13dc692/download/
sub-NR-0024/sub-NR-0024_ses-3bcb81b4-d9ca-4fc9-a1cd-353a966239ca_ecephys+image/sub-NR-0024_ses-3bcb81b4-d9ca-4fc9-a1cd-353a966239ca_VideoRightCamera.mp4,8527840892,6718fce6-f0a8-432e-b654-7ca33e7e8b13,2026-02-11T02:46:39.996791Z,2026-03-09T13:24:28.492099Z,https://api.dandiarchive.org/api/assets/6718fce6-f0a8-432e-b654-7ca33e7e8b13/download/
sub-ibl-witten-19/sub-ibl-witten-19_ses-4ddb8a95-788b-48d0-8a0a-66c7c796da96_desc-raw_ecephys.nwb,149538700229,486079bc-9178-4e3d-9d57-cf5e8d9c87f3,2026-02-11T02:47:07.287913Z,2026-03-09T13:24:28.502009Z,https://api.dandiarchive.org/api/assets/486079bc-9178-4e3d-9d57-cf5e8d9c87f3/download/
sub-NR-0027/sub-NR-0027_ses-0f77ca5d-73c2-45bd-aa4c-4c5ed275dbde_ecephys+image/sub-NR-0027_ses-0f77ca5d-73c2-45bd-aa4c-4c5ed275dbde_VideoBodyCamera.mp4,1050651417,3a51a3ca-a17d-4433-a9b0-f28deb848338,2026-02-11T02:47:45.946929Z,2026-03-09T13:24:28.514577Z,https://api.dandiarchive.org/api/assets/3a51a3ca-a17d-4433-a9b0-f28deb848338/download/
sub-NR-0024/sub-NR-0024_ses-3bcb81b4-d9ca-4fc9-a1cd-353a966239ca_ecephys+image/sub-NR-0024_ses-3bcb81b4-d9ca-4fc9-a1cd-353a966239ca_VideoLeftCamera.mp4,11664179532,9d238544-b86c-46d8-a041-3dde4fb132f7,2026-02-11T02:48:13.657655Z,2026-03-09T13:24:28.524653Z,https://api.dandiarchive.org/api/assets/9d238544-b86c-46d8-a041-3dde4fb132f7/download/
sub-NR-0027/sub-NR-0027_ses-0f77ca5d-73c2-45bd-aa4c-4c5ed275dbde_ecephys+image/sub-NR-0027_ses-0f77ca5d-73c2-45bd-aa4c-4c5ed275dbde_VideoRightCamera.mp4,8918090595,6048fd92-dce3-4395-b925-94c9f31756e9,2026-02-11T02:50:35.061022Z,2026-03-09T13:24:28.543839Z,https://api.dandiarchive.org/api/assets/6048fd92-dce3-4395-b925-94c9f31756e9/download/
sub-NR-0027/sub-NR-0027_ses-0f77ca5d-73c2-45bd-aa4c-4c5ed275dbde_ecephys+image/sub-NR-0027_ses-0f77ca5d-73c2-45bd-aa4c-4c5ed275dbde_VideoLeftCamera.mp4,12091146257,b715ef62-3518-4b40-ab02-3b84f9a2fd80,2026-02-11T02:51:23.141691Z,2026-03-09T13:24:28.557330Z,https://api.dandiarchive.org/api/assets/b715ef62-3518-4b40-ab02-3b84f9a2fd80/download/
sub-SWC-058/sub-SWC-058_ses-d3a2b25e-46d3-4f0b-ade6-4e32255f4c35_desc-raw_ecephys.nwb,150916829923,38372d9e-252d-4e66-8aeb-7dea072ee1bc,2026-02-11T02:53:27.551307Z,2026-03-09T13:24:28.569233Z,https://api.dandiarchive.org/api/assets/38372d9e-252d-4e66-8aeb-7dea072ee1bc/download/
sub-ibl-witten-20/sub-ibl-witten-20_ses-a7763417-e0d6-4f2a-aa55-e382fd9b5fb8_ecephys+image/sub-ibl-witten-20_ses-a7763417-e0d6-4f2a-aa55-e382fd9b5fb8_VideoBodyCamera.mp4,1585244496,c0d02136-cabf-4d46-a75d-77d6ab79bd20,2026-02-11T03:08:44.914485Z,2026-03-09T13:24:28.583347Z,https://api.dandiarchive.org/api/assets/c0d02136-cabf-4d46-a75d-77d6ab79bd20/download/
sub-ibl-witten-20/sub-ibl-witten-20_ses-a7763417-e0d6-4f2a-aa55-e382fd9b5fb8_ecephys+image/sub-ibl-witten-20_ses-a7763417-e0d6-4f2a-aa55-e382fd9b5fb8_VideoLeftCamera.mp4,4934456663,32934df5-065b-4366-9830-dcc346e2a4b8,2026-02-11T03:09:50.974239Z,2026-03-09T13:24:28.594506Z,https://api.dandiarchive.org/api/assets/32934df5-065b-4366-9830-dcc346e2a4b8/download/
sub-ibl-witten-20/sub-ibl-witten-20_ses-a7763417-e0d6-4f2a-aa55-e382fd9b5fb8_ecephys+image/sub-ibl-witten-20_ses-a7763417-e0d6-4f2a-aa55-e382fd9b5fb8_VideoRightCamera.mp4,4955309510,e1ffb711-b3e4-448d-84fe-c370223b5e25,2026-02-11T03:09:52.204774Z,2026-03-09T13:24:28.607488Z,https://api.dandiarchive.org/api/assets/e1ffb711-b3e4-448d-84fe-c370223b5e25/download/
sub-NR-0027/sub-NR-0027_ses-6c6b0d06-6039-4525-a74b-58cfaa1d3a60_desc-raw_ecephys.nwb,170786698824,a3dff7cd-4e10-4d5e-ac27-54d4af69561e,2026-02-11T03:21:39.839369Z,2026-03-09T13:24:28.618283Z,https://api.dandiarchive.org/api/assets/a3dff7cd-4e10-4d5e-ac27-54d4af69561e/download/
sub-NR-0028/sub-NR-0028_ses-5c0c560e-9e1f-45e9-b66e-e4ee7855be84_desc-raw_ecephys.nwb,165090406177,39e4cf19-e850-4183-b775-9e3d6e97f607,2026-02-11T03:25:10.776055Z,2026-03-09T13:24:28.629778Z,https://api.dandiarchive.org/api/assets/39e4cf19-e850-4183-b775-9e3d6e97f607/download/
sub-NR-0024/sub-NR-0024_ses-3bcb81b4-d9ca-4fc9-a1cd-353a966239ca_desc-raw_ecephys.nwb,173118662040,ef54ee7a-e54f-4782-825a-36fa25f60e3f,2026-02-11T03:29:41.984067Z,2026-03-09T13:24:28.639174Z,https://api.dandiarchive.org/api/assets/ef54ee7a-e54f-4782-825a-36fa25f60e3f/download/
sub-NR-0027/sub-NR-0027_ses-0f77ca5d-73c2-45bd-aa4c-4c5ed275dbde_desc-raw_ecephys.nwb,177732924846,569ff811-3ec3-486d-b32f-83a08d878c8b,2026-02-11T03:35:18.477909Z,2026-03-09T13:24:28.648769Z,https://api.dandiarchive.org/api/assets/569ff811-3ec3-486d-b32f-83a08d878c8b/download/
sub-ibl-witten-20/sub-ibl-witten-20_ses-a7763417-e0d6-4f2a-aa55-e382fd9b5fb8_desc-raw_ecephys.nwb,197288812862,a03062d9-0f88-4b59-a817-2d25e82d09a8,2026-02-11T03:59:37.525769Z,2026-03-09T13:24:28.657917Z,https://api.dandiarchive.org/api/assets/a03062d9-0f88-4b59-a817-2d25e82d09a8/download/
sub-NR-0029/sub-NR-0029_ses-d85c454e-8737-4cba-b6ad-b2339429d99b_ecephys+image/sub-NR-0029_ses-d85c454e-8737-4cba-b6ad-b2339429d99b_VideoRightCamera.mp4,3978711499,c0b23677-752a-452b-b637-ca0d207538ec,2026-02-26T18:04:56.682813Z,2026-03-09T13:24:28.670443Z,https://api.dandiarchive.org/api/assets/c0b23677-752a-452b-b637-ca0d207538ec/download/
sub-NR-0029/sub-NR-0029_ses-d85c454e-8737-4cba-b6ad-b2339429d99b_ecephys+image/sub-NR-0029_ses-d85c454e-8737-4cba-b6ad-b2339429d99b_VideoLeftCamera.mp4,6272332877,90992dd9-763b-4e6a-9ce4-cdf9be6f38a5,2026-02-26T18:05:35.871284Z,2026-03-09T13:24:28.679995Z,https://api.dandiarchive.org/api/assets/90992dd9-763b-4e6a-9ce4-cdf9be6f38a5/download/
sub-NR-0029/sub-NR-0029_ses-de905562-31c6-4c31-9ece-3ee87b97eab4_ecephys+image/sub-NR-0029_ses-de905562-31c6-4c31-9ece-3ee87b97eab4_VideoRightCamera.mp4,4357922407,e9a4e95b-23bc-4a9b-a9b9-00d99973089e,2026-02-26T18:08:09.479323Z,2026-03-09T13:24:28.698813Z,https://api.dandiarchive.org/api/assets/e9a4e95b-23bc-4a9b-a9b9-00d99973089e/download/
sub-NR-0029/sub-NR-0029_ses-d85c454e-8737-4cba-b6ad-b2339429d99b_desc-raw_ecephys.nwb,18225093316,58ebdea8-b82f-43c6-8d78-496b570f43bb,2026-02-26T18:09:12.193640Z,2026-03-09T13:24:28.710179Z,https://api.dandiarchive.org/api/assets/58ebdea8-b82f-43c6-8d78-496b570f43bb/download/
sub-NR-0029/sub-NR-0029_ses-de905562-31c6-4c31-9ece-3ee87b97eab4_ecephys+image/sub-NR-0029_ses-de905562-31c6-4c31-9ece-3ee87b97eab4_VideoLeftCamera.mp4,7029351137,73f3c54b-f23b-45b0-8366-6a9c04869207,2026-02-26T18:10:10.411590Z,2026-03-09T13:24:28.721679Z,https://api.dandiarchive.org/api/assets/73f3c54b-f23b-45b0-8366-6a9c04869207/download/
sub-NR-0029/sub-NR-0029_ses-de905562-31c6-4c31-9ece-3ee87b97eab4_desc-raw_ecephys.nwb,19866416919,dd3fa216-c9ab-42b6-998a-eec152f794e4,2026-02-26T18:13:39.142156Z,2026-03-09T13:24:28.730945Z,https://api.dandiarchive.org/api/assets/dd3fa216-c9ab-42b6-998a-eec152f794e4/download/
sub-NR-0029/sub-NR-0029_ses-4e560423-5caf-4cda-8511-d1ab4cd2bf7d_ecephys+image/sub-NR-0029_ses-4e560423-5caf-4cda-8511-d1ab4cd2bf7d_VideoBodyCamera.mp4,877279795,e8112692-073e-421e-b8ce-5b9d7d5fabf2,2026-02-26T18:15:41.497085Z,2026-03-09T13:24:28.740613Z,https://api.dandiarchive.org/api/assets/e8112692-073e-421e-b8ce-5b9d7d5fabf2/download/
sub-NR-0029/sub-NR-0029_ses-3a3ea015-b5f4-4e8b-b189-9364d1fc7435_ecephys+image/sub-NR-0029_ses-3a3ea015-b5f4-4e8b-b189-9364d1fc7435_VideoBodyCamera.mp4,861189893,944d923a-0382-4d72-810c-c76a1c681e28,2026-02-26T18:17:12.233356Z,2026-03-09T13:24:28.751072Z,https://api.dandiarchive.org/api/assets/944d923a-0382-4d72-810c-c76a1c681e28/download/
sub-NR-0029/sub-NR-0029_ses-4e560423-5caf-4cda-8511-d1ab4cd2bf7d_ecephys+image/sub-NR-0029_ses-4e560423-5caf-4cda-8511-d1ab4cd2bf7d_VideoRightCamera.mp4,4782805905,e804ac4e-b216-4fa7-841b-261e0b21ad83,2026-02-26T18:18:48.980826Z,2026-03-09T13:24:28.760677Z,https://api.dandiarchive.org/api/assets/e804ac4e-b216-4fa7-841b-261e0b21ad83/download/
sub-NR-0029/sub-NR-0029_ses-3a3ea015-b5f4-4e8b-b189-9364d1fc7435_ecephys+image/sub-NR-0029_ses-3a3ea015-b5f4-4e8b-b189-9364d1fc7435_VideoRightCamera.mp4,5106247843,e9f1c105-14ef-4918-a4fb-fe3670d5e09f,2026-02-26T18:20:37.353059Z,2026-03-09T13:24:28.772945Z,https://api.dandiarchive.org/api/assets/e9f1c105-14ef-4918-a4fb-fe3670d5e09f/download/
sub-NR-0029/sub-NR-0029_ses-4e560423-5caf-4cda-8511-d1ab4cd2bf7d_ecephys+image/sub-NR-0029_ses-4e560423-5caf-4cda-8511-d1ab4cd2bf7d_VideoLeftCamera.mp4,8660929891,76305172-b10e-4704-ba3a-7763c55964b4,2026-02-26T18:20:43.293130Z,2026-03-09T13:24:28.783138Z,https://api.dandiarchive.org/api/assets/76305172-b10e-4704-ba3a-7763c55964b4/download/
sub-NR-0029/sub-NR-0029_ses-3a3ea015-b5f4-4e8b-b189-9364d1fc7435_ecephys+image/sub-NR-0029_ses-3a3ea015-b5f4-4e8b-b189-9364d1fc7435_VideoLeftCamera.mp4,8048543745,78645ef5-405c-4526-a835-6eed4a703d52,2026-02-26T18:22:03.816504Z,2026-03-09T13:24:28.799820Z,https://api.dandiarchive.org/api/assets/78645ef5-405c-4526-a835-6eed4a703d52/download/
sub-NR-0029/sub-NR-0029_ses-4e560423-5caf-4cda-8511-d1ab4cd2bf7d_desc-raw_ecephys.nwb,22517612155,ba6b028c-2daa-4988-ab25-f4f95c1d60bf,2026-02-26T18:24:34.746769Z,2026-03-09T13:24:28.812656Z,https://api.dandiarchive.org/api/assets/ba6b028c-2daa-4988-ab25-f4f95c1d60bf/download/
sub-NR-0029/sub-NR-0029_ses-3a3ea015-b5f4-4e8b-b189-9364d1fc7435_desc-raw_ecephys.nwb,24435756438,26769c0b-5c6b-451a-9019-a4cd1ca7e222,2026-02-26T18:26:25.477638Z,2026-03-09T13:24:28.823025Z,https://api.dandiarchive.org/api/assets/26769c0b-5c6b-451a-9019-a4cd1ca7e222/download/
sub-ibl-witten-13/sub-ibl-witten-13_ses-ebe090af-5922-4fcd-8fc6-17b8ba7bad6d_desc-raw_ecephys.nwb,64604951538,0a416008-6554-43fe-83f3-228003701942,2026-02-26T19:44:57.210311Z,2026-03-09T13:24:28.838608Z,https://api.dandiarchive.org/api/assets/0a416008-6554-43fe-83f3-228003701942/download/
sub-NYU-11/sub-NYU-11_ses-6713a4a7-faed-4df2-acab-ee4e63326f8d_desc-processed_behavior+ecephys.nwb,457992622,388c82a6-94fe-4055-af61-4dfc05035633,2026-03-03T09:07:40.717487Z,2026-03-09T13:24:28.848644Z,https://api.dandiarchive.org/api/assets/388c82a6-94fe-4055-af61-4dfc05035633/download/
sub-NYU-30/sub-NYU-30_ses-77e6dc6a-66ed-433c-b1a2-778c914f523c_desc-processed_behavior+ecephys.nwb,550415365,b0de82ba-79da-4e4b-89a8-d3a7bef50719,2026-03-03T09:08:30.866351Z,2026-03-09T13:24:28.858517Z,https://api.dandiarchive.org/api/assets/b0de82ba-79da-4e4b-89a8-d3a7bef50719/download/
sub-NYU-30/sub-NYU-30_ses-5569f363-0934-464e-9a5b-77c8e67791a1_desc-processed_behavior+ecephys.nwb,515840906,02a64be5-ab2d-455a-9074-610fb11debeb,2026-03-03T09:08:42.436260Z,2026-03-09T13:24:28.868600Z,https://api.dandiarchive.org/api/assets/02a64be5-ab2d-455a-9074-610fb11debeb/download/
sub-NYU-37/sub-NYU-37_ses-21d21fc3-4201-4edc-802a-c67b61952548_desc-processed_behavior+ecephys.nwb,385181169,73c3cf70-88a0-43ae-b7fd-03a0ac156222,2026-03-03T09:08:48.162629Z,2026-03-09T13:24:28.880112Z,https://api.dandiarchive.org/api/assets/73c3cf70-88a0-43ae-b7fd-03a0ac156222/download/
sub-NYU-12/sub-NYU-12_ses-4364a246-f8d7-4ce7-ba23-a098104b96e4_desc-processed_behavior+ecephys.nwb,795454207,b0af11bd-4c9b-4c0e-94de-7f4110bd18f0,2026-03-03T09:08:58.891012Z,2026-03-09T13:24:28.891488Z,https://api.dandiarchive.org/api/assets/b0af11bd-4c9b-4c0e-94de-7f4110bd18f0/download/
sub-NYU-12/sub-NYU-12_ses-b182b754-3c3e-4942-8144-6ee790926b58_desc-processed_behavior+ecephys.nwb,885857731,89037054-ca84-4baa-bb5a-a05bcbb1355f,2026-03-03T09:09:03.322589Z,2026-03-09T13:24:28.901206Z,https://api.dandiarchive.org/api/assets/89037054-ca84-4baa-bb5a-a05bcbb1355f/download/
sub-NYU-11/sub-NYU-11_ses-56956777-dca5-468c-87cb-78150432cc57_desc-processed_behavior+ecephys.nwb,892148676,4e6de8f7-ea27-45f4-831a-b85ff08d411d,2026-03-03T09:09:39.955785Z,2026-03-09T13:24:28.912650Z,https://api.dandiarchive.org/api/assets/4e6de8f7-ea27-45f4-831a-b85ff08d411d/download/
sub-NYU-21/sub-NYU-21_ses-ebe2efe3-e8a1-451a-8947-76ef42427cc9_desc-processed_behavior+ecephys.nwb,980082444,6bde3e04-af4b-415a-af30-ee7179d1a1ae,2026-03-03T09:10:04.820922Z,2026-03-09T13:24:28.924132Z,https://api.dandiarchive.org/api/assets/6bde3e04-af4b-415a-af30-ee7179d1a1ae/download/
sub-NYU-46/sub-NYU-46_ses-d32876dd-8303-4720-8e7e-20678dc2fd71_desc-processed_behavior+ecephys.nwb,454309174,853fe5c8-f916-4d03-9071-5bc535ffa34a,2026-03-03T09:10:10.454642Z,2026-03-09T13:24:28.934612Z,https://api.dandiarchive.org/api/assets/853fe5c8-f916-4d03-9071-5bc535ffa34a/download/
sub-NYU-40/sub-NYU-40_ses-8ca740c5-e7fe-430a-aa10-e74e9c3cbbe8_desc-processed_behavior+ecephys.nwb,648154086,0e257709-1338-4b88-ace9-a469675da73d,2026-03-03T09:10:25.049452Z,2026-03-09T13:24:28.944426Z,https://api.dandiarchive.org/api/assets/0e257709-1338-4b88-ace9-a469675da73d/download/
sub-NYU-37/sub-NYU-37_ses-83d85891-bd75-4557-91b4-1cbb5f8bfc9d_desc-processed_behavior+ecephys.nwb,904711678,b7372c36-b0e8-4b7e-ab25-e3221a7c32f6,2026-03-03T09:10:28.253487Z,2026-03-09T13:24:28.955607Z,https://api.dandiarchive.org/api/assets/b7372c36-b0e8-4b7e-ab25-e3221a7c32f6/download/
sub-NYU-39/sub-NYU-39_ses-91a3353a-2da1-420d-8c7c-fad2fedfdd18_desc-processed_behavior+ecephys.nwb,714358729,6b27d9d2-c757-492d-9cfb-1c7d6673f137,2026-03-03T09:10:28.884785Z,2026-03-09T13:24:28.966783Z,https://api.dandiarchive.org/api/assets/6b27d9d2-c757-492d-9cfb-1c7d6673f137/download/
sub-NYU-46/sub-NYU-46_ses-6434f2f5-6bce-42b8-8563-d93d493613a2_desc-processed_behavior+ecephys.nwb,505818302,161e8276-c26c-44d8-90a7-99dfc342c5fb,2026-03-03T09:10:31.177741Z,2026-03-09T13:24:28.977053Z,https://api.dandiarchive.org/api/assets/161e8276-c26c-44d8-90a7-99dfc342c5fb/download/
sub-NYU-37/sub-NYU-37_ses-f88d4dd4-ccd7-400e-9035-fa00be3bcfa8_desc-processed_behavior+ecephys.nwb,969291992,249c3d06-e25c-482f-99a6-775c3f8b1619,2026-03-03T09:10:33.263009Z,2026-03-09T13:24:28.988929Z,https://api.dandiarchive.org/api/assets/249c3d06-e25c-482f-99a6-775c3f8b1619/download/
sub-NYU-30/sub-NYU-30_ses-5ec72172-3901-4771-8777-6e9490ca51fc_desc-processed_behavior+ecephys.nwb,1094630983,b9cd3e39-f1cd-4875-aba0-6a59f9f0fdd0,2026-03-03T09:10:36.217440Z,2026-03-09T13:24:28.999355Z,https://api.dandiarchive.org/api/assets/b9cd3e39-f1cd-4875-aba0-6a59f9f0fdd0/download/
sub-NYU-46/sub-NYU-46_ses-64e3fb86-928c-4079-865c-b364205b502e_desc-processed_behavior+ecephys.nwb,527169852,196aa923-79c8-4524-a1b2-344fc30d8cb2,2026-03-03T09:10:41.630147Z,2026-03-09T13:24:29.010666Z,https://api.dandiarchive.org/api/assets/196aa923-79c8-4524-a1b2-344fc30d8cb2/download/
sub-NYU-12/sub-NYU-12_ses-032ffcdf-7692-40b3-b9ff-8def1fc18b2e_desc-processed_behavior+ecephys.nwb,1184868265,c28a733b-195a-4353-88c0-5c0efd4ac792,2026-03-03T09:10:47.266934Z,2026-03-09T13:24:29.022230Z,https://api.dandiarchive.org/api/assets/c28a733b-195a-4353-88c0-5c0efd4ac792/download/
sub-NYU-37/sub-NYU-37_ses-7af49c00-63dd-4fed-b2e0-1b3bd945b20b_desc-processed_behavior+ecephys.nwb,1028624294,b19ba133-c1a6-4b0e-9cda-821553124ed3,2026-03-03T09:10:47.500107Z,2026-03-09T13:24:29.039012Z,https://api.dandiarchive.org/api/assets/b19ba133-c1a6-4b0e-9cda-821553124ed3/download/
sub-NYU-39/sub-NYU-39_ses-fa1f26a1-eb49-4b24-917e-19f02a18ac61_desc-processed_behavior+ecephys.nwb,889202693,591722b7-fcba-4459-9cb4-a5d61d7bd6be,2026-03-03T09:10:47.767970Z,2026-03-09T13:24:29.049069Z,https://api.dandiarchive.org/api/assets/591722b7-fcba-4459-9cb4-a5d61d7bd6be/download/
sub-NYU-39/sub-NYU-39_ses-6ed57216-498d-48a6-b48b-a243a34710ea_desc-processed_behavior+ecephys.nwb,916510907,882e2ff6-1fde-4518-8797-5d5892379739,2026-03-03T09:10:48.502305Z,2026-03-09T13:24:29.060104Z,https://api.dandiarchive.org/api/assets/882e2ff6-1fde-4518-8797-5d5892379739/download/
sub-NYU-12/sub-NYU-12_ses-a8a8af78-16de-4841-ab07-fde4b5281a03_desc-processed_behavior+ecephys.nwb,1207622287,a87ac90a-3d62-4a37-be95-5d4d2f46a236,2026-03-03T09:10:53.382546Z,2026-03-09T13:24:29.072370Z,https://api.dandiarchive.org/api/assets/a87ac90a-3d62-4a37-be95-5d4d2f46a236/download/
sub-NYU-39/sub-NYU-39_ses-35ed605c-1a1a-47b1-86ff-2b56144f55af_desc-processed_behavior+ecephys.nwb,979325262,f6ed805b-14b9-4319-85fb-82bc610f5bea,2026-03-03T09:11:02.370302Z,2026-03-09T13:24:29.087121Z,https://api.dandiarchive.org/api/assets/f6ed805b-14b9-4319-85fb-82bc610f5bea/download/
sub-NYU-39/sub-NYU-39_ses-ee212778-3903-4f5b-ac4b-a72f22debf03_desc-processed_behavior+ecephys.nwb,1049453231,dce4c022-6652-4498-ac41-d9637a558485,2026-03-03T09:11:14.436603Z,2026-03-09T13:24:29.096761Z,https://api.dandiarchive.org/api/assets/dce4c022-6652-4498-ac41-d9637a558485/download/
sub-NYU-21/sub-NYU-21_ses-8c33abef-3d3e-4d42-9f27-445e9def08f9_desc-processed_behavior+ecephys.nwb,1564028830,e6d534d2-2af8-4cdd-bf7c-ff7b5f392ee4,2026-03-03T09:11:45.795266Z,2026-03-09T13:24:29.106194Z,https://api.dandiarchive.org/api/assets/e6d534d2-2af8-4cdd-bf7c-ff7b5f392ee4/download/
sub-NYU-40/sub-NYU-40_ses-f359281f-6941-4bfd-90d4-940be22ed3c3_desc-processed_behavior+ecephys.nwb,1249905077,7694ba52-043b-491c-ac59-0a38df15dd13,2026-03-03T09:12:06.852869Z,2026-03-09T13:24:29.116420Z,https://api.dandiarchive.org/api/assets/7694ba52-043b-491c-ac59-0a38df15dd13/download/
sub-NYU-40/sub-NYU-40_ses-5157810e-0fff-4bcf-b19d-32d4e39c7dfc_desc-processed_behavior+ecephys.nwb,1399140497,e5a522ec-dfb6-4866-a388-e7632db3f930,2026-03-03T09:12:17.719055Z,2026-03-09T13:24:29.129505Z,https://api.dandiarchive.org/api/assets/e5a522ec-dfb6-4866-a388-e7632db3f930/download/
sub-NYU-48/sub-NYU-48_ses-a405053a-eb13-4aa4-850c-5a337e5dc7fd_desc-processed_behavior+ecephys.nwb,765135846,6ec1d00a-da60-4cd3-bada-b881ec483dc4,2026-03-03T09:12:21.826570Z,2026-03-09T13:24:29.139777Z,https://api.dandiarchive.org/api/assets/6ec1d00a-da60-4cd3-bada-b881ec483dc4/download/
sub-NYU-45/sub-NYU-45_ses-51e53aff-1d5d-4182-a684-aba783d50ae5_desc-processed_behavior+ecephys.nwb,1351832987,f718154b-105b-4318-9995-8f7cbe84e326,2026-03-03T09:12:23.350833Z,2026-03-09T13:24:29.150680Z,https://api.dandiarchive.org/api/assets/f718154b-105b-4318-9995-8f7cbe84e326/download/
sub-NYU-47/sub-NYU-47_ses-288bfbf3-3700-4abe-b6e4-130b5c541e61_desc-processed_behavior+ecephys.nwb,960281252,6bcc030b-44d9-4ece-b268-0a9a10a70d52,2026-03-03T09:12:35.355307Z,2026-03-09T13:24:29.160871Z,https://api.dandiarchive.org/api/assets/6bcc030b-44d9-4ece-b268-0a9a10a70d52/download/
sub-NYU-46/sub-NYU-46_ses-72982282-e493-45ee-87ce-aa45cb3a3ec1_desc-processed_behavior+ecephys.nwb,1164294191,fe147427-e644-47a5-b217-73464f34ff88,2026-03-03T09:12:39.307222Z,2026-03-09T13:24:29.173023Z,https://api.dandiarchive.org/api/assets/fe147427-e644-47a5-b217-73464f34ff88/download/
sub-NYU-45/sub-NYU-45_ses-537677fe-1e24-4755-948c-fa4a4e8ecce5_desc-processed_behavior+ecephys.nwb,1393625467,004acd34-772e-46e7-8ca1-01779921a9eb,2026-03-03T09:12:51.331554Z,2026-03-09T13:24:29.183779Z,https://api.dandiarchive.org/api/assets/004acd34-772e-46e7-8ca1-01779921a9eb/download/
sub-NYU-37/sub-NYU-37_ses-aec5d3cc-4bb2-4349-80a9-0395b76f04e2_desc-processed_behavior+ecephys.nwb,1644269925,2aae73b3-9c83-4d68-bac6-b547d070cdb6,2026-03-03T09:13:04.728774Z,2026-03-09T13:24:29.194652Z,https://api.dandiarchive.org/api/assets/2aae73b3-9c83-4d68-bac6-b547d070cdb6/download/
sub-CSHL049/sub-CSHL049_ses-c99d53e6-c317-4c53-99ba-070b26673ac4_desc-processed_behavior+ecephys.nwb,609925603,837ced29-d7fc-4966-b42b-df5ae0388e85,2026-03-03T09:13:07.229290Z,2026-03-09T13:24:29.205924Z,https://api.dandiarchive.org/api/assets/837ced29-d7fc-4966-b42b-df5ae0388e85/download/
sub-NYU-45/sub-NYU-45_ses-5bcafa14-71cb-42fa-8265-ce5cda1b89e0_desc-processed_behavior+ecephys.nwb,1608446750,1de74522-ff3e-443f-9774-43af6341311e,2026-03-03T09:13:21.868705Z,2026-03-09T13:24:29.218051Z,https://api.dandiarchive.org/api/assets/1de74522-ff3e-443f-9774-43af6341311e/download/
sub-NYU-40/sub-NYU-40_ses-71855308-7e54-41d7-a7a4-b042e78e3b4f_desc-processed_behavior+ecephys.nwb,1737681795,a4a7e2af-d4e0-46e5-99b4-c9dcbccb146a,2026-03-03T09:13:28.322934Z,2026-03-09T13:24:29.227689Z,https://api.dandiarchive.org/api/assets/a4a7e2af-d4e0-46e5-99b4-c9dcbccb146a/download/
sub-NYU-48/sub-NYU-48_ses-3d59aa1a-b4ba-47fe-b9cf-741b5fdb0c7b_desc-processed_behavior+ecephys.nwb,1162388930,c80842fd-16fe-4fa6-9b31-b29ab0d83a0d,2026-03-03T09:13:29.050395Z,2026-03-09T13:24:29.237104Z,https://api.dandiarchive.org/api/assets/c80842fd-16fe-4fa6-9b31-b29ab0d83a0d/download/
sub-NYU-47/sub-NYU-47_ses-fc43390d-457e-463a-9fd4-b94a0a8b48f5_desc-processed_behavior+ecephys.nwb,1254302351,8b14ca5c-205d-43cb-99d2-61aa0a410729,2026-03-03T09:13:36.341910Z,2026-03-09T13:24:29.247385Z,https://api.dandiarchive.org/api/assets/8b14ca5c-205d-43cb-99d2-61aa0a410729/download/
sub-CSHL045/sub-CSHL045_ses-dfd8e7df-dc51-4589-b6ca-7baccfeb94b4_desc-processed_behavior+ecephys.nwb,1047573396,a71e28e2-1514-4db2-93de-db9fe67c468c,2026-03-03T09:13:38.244107Z,2026-03-09T13:24:29.258156Z,https://api.dandiarchive.org/api/assets/a71e28e2-1514-4db2-93de-db9fe67c468c/download/
sub-CSHL049/sub-CSHL049_ses-d2918f52-8280-43c0-924b-029b2317e62c_desc-processed_behavior+ecephys.nwb,811136122,9e27ec60-e8d9-4dcf-a9a4-4b8acb6265ef,2026-03-03T09:13:42.503394Z,2026-03-09T13:24:29.268981Z,https://api.dandiarchive.org/api/assets/9e27ec60-e8d9-4dcf-a9a4-4b8acb6265ef/download/
sub-CSHL045/sub-CSHL045_ses-034e726f-b35f-41e0-8d6c-a22cc32391fb_desc-processed_behavior+ecephys.nwb,947882305,773516a9-bd20-4b46-adad-2a1d5772be5d,2026-03-03T09:13:49.236679Z,2026-03-09T13:24:29.279157Z,https://api.dandiarchive.org/api/assets/773516a9-bd20-4b46-adad-2a1d5772be5d/download/
sub-CSHL045/sub-CSHL045_ses-46794e05-3f6a-4d35-afb3-9165091a5a74_desc-processed_behavior+ecephys.nwb,1017687483,00cab48e-f9e2-497e-b1a8-cc19a019ee07,2026-03-03T09:13:52.787650Z,2026-03-09T13:24:29.289934Z,https://api.dandiarchive.org/api/assets/00cab48e-f9e2-497e-b1a8-cc19a019ee07/download/
sub-CSHL053/sub-CSHL053_ses-12dc8b34-b18e-4cdd-90a9-da134a9be79c_desc-processed_behavior+ecephys.nwb,775634712,ef06651c-604d-4ab4-9e54-dd5b7c42a80c,2026-03-03T09:14:02.794757Z,2026-03-09T13:24:29.300096Z,https://api.dandiarchive.org/api/assets/ef06651c-604d-4ab4-9e54-dd5b7c42a80c/download/
sub-CSHL049/sub-CSHL049_ses-d839491f-55d8-4cbe-a298-7839208ba12b_desc-processed_behavior+ecephys.nwb,844894815,c87a1945-2a4c-47c1-a4c1-e3214b3424a9,2026-03-03T09:14:10.255037Z,2026-03-09T13:24:29.315125Z,https://api.dandiarchive.org/api/assets/c87a1945-2a4c-47c1-a4c1-e3214b3424a9/download/
sub-CSHL047/sub-CSHL047_ses-b52182e7-39f6-4914-9717-136db589706e_desc-processed_behavior+ecephys.nwb,1007317488,0ac962dc-6228-418f-b8fb-864ec688b06e,2026-03-03T09:14:27.551179Z,2026-03-09T13:24:29.326181Z,https://api.dandiarchive.org/api/assets/0ac962dc-6228-418f-b8fb-864ec688b06e/download/
sub-NYU-48/sub-NYU-48_ses-93ad879a-aa42-4150-83e1-38773c9785e4_desc-processed_behavior+ecephys.nwb,1548641513,25ab8c8b-6174-40f9-b653-43eb55df343b,2026-03-03T09:14:31.124690Z,2026-03-09T13:24:29.337677Z,https://api.dandiarchive.org/api/assets/25ab8c8b-6174-40f9-b653-43eb55df343b/download/
sub-CSHL051/sub-CSHL051_ses-ecb5520d-1358-434c-95ec-93687ecd1396_desc-processed_behavior+ecephys.nwb,858444838,e4ec2342-5b4a-4a31-af29-0a9031ceec94,2026-03-03T09:14:33.293350Z,2026-03-09T13:24:29.347660Z,https://api.dandiarchive.org/api/assets/e4ec2342-5b4a-4a31-af29-0a9031ceec94/download/
sub-CSHL053/sub-CSHL053_ses-0deb75fb-9088-42d9-b744-012fb8fc4afb_desc-processed_behavior+ecephys.nwb,937365102,e10e4241-812f-4874-9bbc-dcc2a78210d9,2026-03-03T09:14:34.038276Z,2026-03-09T13:24:29.356891Z,https://api.dandiarchive.org/api/assets/e10e4241-812f-4874-9bbc-dcc2a78210d9/download/
sub-CSHL052/sub-CSHL052_ses-85dc2ebd-8aaf-46b0-9284-a197aee8b16f_desc-processed_behavior+ecephys.nwb,1008157031,2bf1e46b-ba81-40dc-bc2b-bcb16509d772,2026-03-03T09:14:40.821845Z,2026-03-09T13:24:29.366667Z,https://api.dandiarchive.org/api/assets/2bf1e46b-ba81-40dc-bc2b-bcb16509d772/download/
sub-CSHL047/sub-CSHL047_ses-2d5f6d81-38c4-4bdc-ac3c-302ea4d5f46e_desc-processed_behavior+ecephys.nwb,1187359985,f83e382e-4086-4a27-a72e-f74021bfe104,2026-03-03T09:14:49.550016Z,2026-03-09T13:24:29.375933Z,https://api.dandiarchive.org/api/assets/f83e382e-4086-4a27-a72e-f74021bfe104/download/
sub-CSHL059/sub-CSHL059_ses-d16a9a8d-5f42-4b49-ba58-1746f807fcc1_desc-processed_behavior+ecephys.nwb,374095182,e44413c5-d880-4a3f-ac81-1b95210be45a,2026-03-03T09:14:57.059706Z,2026-03-09T13:24:29.385844Z,https://api.dandiarchive.org/api/assets/e44413c5-d880-4a3f-ac81-1b95210be45a/download/
sub-NYU-47/sub-NYU-47_ses-15948667-747b-4702-9d53-354ac70e9119_desc-processed_behavior+ecephys.nwb,1854641580,382390a1-4cf5-45d9-af1e-b6c218bfd4e9,2026-03-03T09:15:04.461845Z,2026-03-09T13:24:29.395781Z,https://api.dandiarchive.org/api/assets/382390a1-4cf5-45d9-af1e-b6c218bfd4e9/download/
sub-CSHL053/sub-CSHL053_ses-eef82e27-c20e-48da-b4b7-c443031649e3_desc-processed_behavior+ecephys.nwb,924850675,c0d71d74-28b4-4084-af8e-34db34fceaed,2026-03-03T09:15:08.546548Z,2026-03-09T13:24:29.405812Z,https://api.dandiarchive.org/api/assets/c0d71d74-28b4-4084-af8e-34db34fceaed/download/
sub-CSHL045/sub-CSHL045_ses-fa704052-147e-46f6-b190-a65b837e605e_desc-processed_behavior+ecephys.nwb,1474000738,89e63891-13ac-441c-8b04-c0e16118e439,2026-03-03T09:15:11.159814Z,2026-03-09T13:24:29.415907Z,https://api.dandiarchive.org/api/assets/89e63891-13ac-441c-8b04-c0e16118e439/download/
sub-CSHL049/sub-CSHL049_ses-4b7fbad4-f6de-43b4-9b15-c7c7ef44db4b_desc-processed_behavior+ecephys.nwb,1217536534,10dd669e-3db8-4f67-8ca7-6dcbd77af7ae,2026-03-03T09:15:13.448916Z,2026-03-09T13:24:29.425668Z,https://api.dandiarchive.org/api/assets/10dd669e-3db8-4f67-8ca7-6dcbd77af7ae/download/
sub-CSHL052/sub-CSHL052_ses-83e77b4b-dfa0-4af9-968b-7ea0c7a0c7e4_desc-processed_behavior+ecephys.nwb,1070851644,524f6c2f-05af-4735-be50-325f3fce6ab2,2026-03-03T09:15:19.315595Z,2026-03-09T13:24:29.435809Z,https://api.dandiarchive.org/api/assets/524f6c2f-05af-4735-be50-325f3fce6ab2/download/
sub-CSHL052/sub-CSHL052_ses-4b00df29-3769-43be-bb40-128b1cba6d35_desc-processed_behavior+ecephys.nwb,1013857435,ffe1f040-6c89-4304-b032-9ab4e916a66f,2026-03-03T09:15:19.611883Z,2026-03-09T13:24:29.445871Z,https://api.dandiarchive.org/api/assets/ffe1f040-6c89-4304-b032-9ab4e916a66f/download/
sub-NYU-65/sub-NYU-65_ses-a2ec6341-c55f-48a0-a23b-0ef2f5b1d71e_desc-processed_behavior+ecephys.nwb,1779088531,96094fd6-1550-45f3-9e2e-2720ce0cc83d,2026-03-03T09:15:28.692856Z,2026-03-09T13:24:29.457057Z,https://api.dandiarchive.org/api/assets/96094fd6-1550-45f3-9e2e-2720ce0cc83d/download/
sub-CSHL045/sub-CSHL045_ses-7939711b-8b4d-4251-b698-b97c1eaa846e_desc-processed_behavior+ecephys.nwb,1693422231,b816bcd5-0cbc-4b6d-879e-0c3cdf13d8a7,2026-03-03T09:15:34.517833Z,2026-03-09T13:24:29.466542Z,https://api.dandiarchive.org/api/assets/b816bcd5-0cbc-4b6d-879e-0c3cdf13d8a7/download/
sub-CSHL052/sub-CSHL052_ses-5386aba9-9b97-4557-abcd-abc2da66b863_desc-processed_behavior+ecephys.nwb,1323623186,8e67b62f-7174-43f0-9fef-e04aed98603e,2026-03-03T09:15:39.566129Z,2026-03-09T13:24:29.476215Z,https://api.dandiarchive.org/api/assets/8e67b62f-7174-43f0-9fef-e04aed98603e/download/
sub-CSHL058/sub-CSHL058_ses-fb70ebf7-8175-42b0-9b7a-7c6e8612226e_desc-processed_behavior+ecephys.nwb,1099756691,d73bceb9-a019-4d1c-aa36-41edef0022a0,2026-03-03T09:16:28.084581Z,2026-03-09T13:24:29.485961Z,https://api.dandiarchive.org/api/assets/d73bceb9-a019-4d1c-aa36-41edef0022a0/download/
sub-CSHL058/sub-CSHL058_ses-f312aaec-3b6f-44b3-86b4-3a0c119c0438_desc-processed_behavior+ecephys.nwb,1230409120,eeba1a0b-ce5e-4c2f-a62d-3bd927f0905d,2026-03-03T09:16:35.667835Z,2026-03-09T13:24:29.496372Z,https://api.dandiarchive.org/api/assets/eeba1a0b-ce5e-4c2f-a62d-3bd927f0905d/download/
sub-CSHL060/sub-CSHL060_ses-6364ff7f-6471-415a-ab9e-632a12052690_desc-processed_behavior+ecephys.nwb,964715208,d2658add-8250-4399-8c15-8d14e3596373,2026-03-03T09:16:48.908594Z,2026-03-09T13:24:29.508568Z,https://api.dandiarchive.org/api/assets/d2658add-8250-4399-8c15-8d14e3596373/download/
sub-CSHL058/sub-CSHL058_ses-28741f91-c837-4147-939e-918d38d849f2_desc-processed_behavior+ecephys.nwb,1172951396,01f3a30f-8460-4da9-a431-222ca5e74ce2,2026-03-03T09:16:50.732191Z,2026-03-09T13:24:29.520049Z,https://api.dandiarchive.org/api/assets/01f3a30f-8460-4da9-a431-222ca5e74ce2/download/
sub-NYU-65/sub-NYU-65_ses-bb8d9451-fdbd-4f46-b52e-9290e8f84d2e_desc-processed_behavior+ecephys.nwb,2290025932,018cb040-1628-452d-905a-7885497c5bc8,2026-03-03T09:16:53.458979Z,2026-03-09T13:24:29.529895Z,https://api.dandiarchive.org/api/assets/018cb040-1628-452d-905a-7885497c5bc8/download/
sub-CSHL059/sub-CSHL059_ses-d2f5a130-b981-4546-8858-c94ae1da75ff_desc-processed_behavior+ecephys.nwb,1170669243,1d4223f6-0390-462c-a2f8-228bab00ee45,2026-03-03T09:16:59.476887Z,2026-03-09T13:24:29.539882Z,https://api.dandiarchive.org/api/assets/1d4223f6-0390-462c-a2f8-228bab00ee45/download/
sub-MFD-06/sub-MFD-06_ses-35eeb752-8f4f-4040-9714-ba0f5b7ccdfe_desc-processed_behavior+ecephys.nwb,853459738,c4f9e20b-709b-4350-898b-f020c1e2316b,2026-03-03T09:17:04.984045Z,2026-03-09T13:24:29.550329Z,https://api.dandiarchive.org/api/assets/c4f9e20b-709b-4350-898b-f020c1e2316b/download/
sub-CSHL054/sub-CSHL054_ses-a71175be-d1fd-47a3-aa93-b830ea3634a1_desc-processed_behavior+ecephys.nwb,1617299514,a32c1224-fb9a-4fa8-a9d0-2dbfb83902af,2026-03-03T09:17:12.412564Z,2026-03-09T13:24:29.561812Z,https://api.dandiarchive.org/api/assets/a32c1224-fb9a-4fa8-a9d0-2dbfb83902af/download/
sub-MFD-06/sub-MFD-06_ses-a1782f4f-86b0-480c-a7f2-3d8f1ab482ab_desc-processed_behavior+ecephys.nwb,844910322,eaeb1753-c787-4efd-9eee-8d8c17d78648,2026-03-03T09:17:13.758946Z,2026-03-09T13:24:29.571898Z,https://api.dandiarchive.org/api/assets/eaeb1753-c787-4efd-9eee-8d8c17d78648/download/
sub-MFD-06/sub-MFD-06_ses-97c1d08d-57b4-4595-8052-91eb84ebfd74_desc-processed_behavior+ecephys.nwb,908572428,a83611cd-23c9-4207-936f-a2e2439fa0da,2026-03-03T09:17:15.605028Z,2026-03-09T13:24:29.585917Z,https://api.dandiarchive.org/api/assets/a83611cd-23c9-4207-936f-a2e2439fa0da/download/
sub-MFD-05/sub-MFD-05_ses-ca4ecb4c-4b60-4723-9b9e-2c54a6290a53_desc-processed_behavior+ecephys.nwb,946557281,fbebc211-ffbe-4243-a9d6-8985b583f4ae,2026-03-03T09:17:15.981013Z,2026-03-09T13:24:29.598027Z,https://api.dandiarchive.org/api/assets/fbebc211-ffbe-4243-a9d6-8985b583f4ae/download/
sub-CSHL052/sub-CSHL052_ses-3663d82b-f197-4e8b-b299-7b803a155b84_desc-processed_behavior+ecephys.nwb,1939400147,3f2cfbd4-46eb-4efc-ba3b-65f9e83c8f61,2026-03-03T09:17:19.160864Z,2026-03-09T13:24:29.610092Z,https://api.dandiarchive.org/api/assets/3f2cfbd4-46eb-4efc-ba3b-65f9e83c8f61/download/
sub-CSHL059/sub-CSHL059_ses-57b5ae8f-d446-4161-b439-b191c5e3e77b_desc-processed_behavior+ecephys.nwb,1307940622,c8b0edb0-05f5-4c6a-a40d-6778b0a7b305,2026-03-03T09:17:20.883369Z,2026-03-09T13:24:29.620340Z,https://api.dandiarchive.org/api/assets/c8b0edb0-05f5-4c6a-a40d-6778b0a7b305/download/
sub-CSHL055/sub-CSHL055_ses-0cbeae00-e229-4b7d-bdcc-1b0569d7e0c3_desc-processed_behavior+ecephys.nwb,1431375978,d27072fd-0723-43c1-878a-85aba48f308b,2026-03-03T09:17:21.713842Z,2026-03-09T13:24:29.630400Z,https://api.dandiarchive.org/api/assets/d27072fd-0723-43c1-878a-85aba48f308b/download/
sub-UCLA005/sub-UCLA005_ses-d57df551-6dcb-4242-9c72-b806cff5613a_desc-processed_behavior+ecephys.nwb,629762476,6b49fb10-8868-4ce9-9827-11837c36fe2e,2026-03-03T09:17:23.863753Z,2026-03-09T13:24:29.640559Z,https://api.dandiarchive.org/api/assets/6b49fb10-8868-4ce9-9827-11837c36fe2e/download/
sub-UCLA015/sub-UCLA015_ses-0c828385-6dd6-4842-a702-c5075f5f5e81_desc-processed_behavior+ecephys.nwb,534111357,c6bfe1cf-21ba-474f-89b6-0a7ddaa95dbb,2026-03-03T09:17:26.830253Z,2026-03-09T13:24:29.650536Z,https://api.dandiarchive.org/api/assets/c6bfe1cf-21ba-474f-89b6-0a7ddaa95dbb/download/
sub-UCLA011/sub-UCLA011_ses-824cf03d-4012-4ab1-b499-c83a92c5589e_desc-processed_behavior+ecephys.nwb,631742761,ea183595-cbfd-4e41-aa1f-3950debad048,2026-03-03T09:17:31.946756Z,2026-03-09T13:24:29.660867Z,https://api.dandiarchive.org/api/assets/ea183595-cbfd-4e41-aa1f-3950debad048/download/
sub-MFD-07/sub-MFD-07_ses-15b69921-d471-4ded-8814-2adad954bcd8_desc-processed_behavior+ecephys.nwb,893018278,e520b4c1-6749-48c5-926c-b74f47165a36,2026-03-03T09:17:33.715809Z,2026-03-09T13:24:29.672467Z,https://api.dandiarchive.org/api/assets/e520b4c1-6749-48c5-926c-b74f47165a36/download/
sub-MFD-05/sub-MFD-05_ses-7dd27c2f-9544-448d-918d-be0f9837b0e0_desc-processed_behavior+ecephys.nwb,1125098390,85e30151-347c-42d3-8e33-f9d831f73b83,2026-03-03T09:17:36.868658Z,2026-03-09T13:24:29.686450Z,https://api.dandiarchive.org/api/assets/85e30151-347c-42d3-8e33-f9d831f73b83/download/
sub-CSHL053/sub-CSHL053_ses-810b1e07-009e-4ebe-930a-915e4cd8ece4_desc-processed_behavior+ecephys.nwb,1703345504,2465240f-9ca1-4d03-bde3-2cdbe6dd2890,2026-03-03T09:17:40.080898Z,2026-03-09T13:24:29.696029Z,https://api.dandiarchive.org/api/assets/2465240f-9ca1-4d03-bde3-2cdbe6dd2890/download/
sub-UCLA033/sub-UCLA033_ses-5455a21c-1be7-4cae-ae8e-8853a8d5f55e_desc-processed_behavior+ecephys.nwb,471124556,bc594d93-eecf-4f9a-88fa-b02bc76145fa,2026-03-03T09:17:42.846607Z,2026-03-09T13:24:29.715234Z,https://api.dandiarchive.org/api/assets/bc594d93-eecf-4f9a-88fa-b02bc76145fa/download/
sub-MFD-07/sub-MFD-07_ses-11163613-a6c9-4975-9586-84dc00481547_desc-processed_behavior+ecephys.nwb,920802083,d6a13d22-090e-4ca1-bc70-b1fa9af08c33,2026-03-03T09:17:45.616360Z,2026-03-09T13:24:29.724820Z,https://api.dandiarchive.org/api/assets/d6a13d22-090e-4ca1-bc70-b1fa9af08c33/download/
sub-MFD-06/sub-MFD-06_ses-3f71aa98-08c6-4e79-b4c8-00eae4f03eff_desc-processed_behavior+ecephys.nwb,906915158,7f44c8b7-54f5-479a-b099-c5bb23052ead,2026-03-03T09:17:48.492515Z,2026-03-09T13:24:29.736377Z,https://api.dandiarchive.org/api/assets/7f44c8b7-54f5-479a-b099-c5bb23052ead/download/
sub-CSHL060/sub-CSHL060_ses-2e6e179c-fccc-4e8f-9448-ce5b6858a183_desc-processed_behavior+ecephys.nwb,1297029092,5a66e6f2-bf16-43b8-9c78-65875dd0c401,2026-03-03T09:17:48.727103Z,2026-03-09T13:24:29.746888Z,https://api.dandiarchive.org/api/assets/5a66e6f2-bf16-43b8-9c78-65875dd0c401/download/
sub-MFD-05/sub-MFD-05_ses-004d8fd5-41e7-4f1b-a45b-0d4ad76fe446_desc-processed_behavior+ecephys.nwb,1172841084,60b6c5e2-6299-49f4-a199-20884c9b25c3,2026-03-03T09:17:57.058360Z,2026-03-09T13:24:29.761621Z,https://api.dandiarchive.org/api/assets/60b6c5e2-6299-49f4-a199-20884c9b25c3/download/
sub-CSHL059/sub-CSHL059_ses-37e96d0b-5b4b-4c6e-9b29-7edbdc94bbd0_desc-processed_behavior+ecephys.nwb,1302740275,14be04c4-3383-43d0-a42a-bbea778d92c0,2026-03-03T09:17:57.085234Z,2026-03-09T13:24:29.772411Z,https://api.dandiarchive.org/api/assets/14be04c4-3383-43d0-a42a-bbea778d92c0/download/
sub-CSHL060/sub-CSHL060_ses-7be8fec4-406b-4e74-8548-d2885dcc3d5e_desc-processed_behavior+ecephys.nwb,1191388840,5650c89b-b515-4d85-963d-651c358192e9,2026-03-03T09:18:11.589780Z,2026-03-09T13:24:29.783894Z,https://api.dandiarchive.org/api/assets/5650c89b-b515-4d85-963d-651c358192e9/download/
sub-MFD-08/sub-MFD-08_ses-5ae68c54-2897-4d3a-8120-426150704385_desc-processed_behavior+ecephys.nwb,1173025724,a71b50e7-2c57-44f9-b8a1-57fb59c674d9,2026-03-03T09:18:20.337453Z,2026-03-09T13:24:29.802524Z,https://api.dandiarchive.org/api/assets/a71b50e7-2c57-44f9-b8a1-57fb59c674d9/download/
sub-UCLA014/sub-UCLA014_ses-03d9a098-07bf-4765-88b7-85f8d8f620cc_desc-processed_behavior+ecephys.nwb,871804835,c4aabc9c-cfc8-4594-bd29-339fafa06933,2026-03-03T09:18:24.038090Z,2026-03-09T13:24:29.812574Z,https://api.dandiarchive.org/api/assets/c4aabc9c-cfc8-4594-bd29-339fafa06933/download/
sub-UCLA030/sub-UCLA030_ses-7f5df7eb-cf36-4589-a20a-14b535441142_desc-processed_behavior+ecephys.nwb,859805513,519a1887-e2d8-4e84-a134-d74f052bbb40,2026-03-03T09:18:24.946300Z,2026-03-09T13:24:29.825850Z,https://api.dandiarchive.org/api/assets/519a1887-e2d8-4e84-a134-d74f052bbb40/download/
sub-NYU-65/sub-NYU-65_ses-8c025071-c4f3-426c-9aed-f149e8f75b7b_desc-processed_behavior+ecephys.nwb,2964499206,d00498aa-d977-4905-b143-abdb95f0e39f,2026-03-03T09:18:36.244867Z,2026-03-09T13:24:29.835726Z,https://api.dandiarchive.org/api/assets/d00498aa-d977-4905-b143-abdb95f0e39f/download/
sub-CSHL059/sub-CSHL059_ses-dda5fc59-f09a-4256-9fb5-66c67667a466_desc-processed_behavior+ecephys.nwb,1620009308,0a79c633-6fad-445a-ad05-f6edfd722b80,2026-03-03T09:18:36.408647Z,2026-03-09T13:24:29.845304Z,https://api.dandiarchive.org/api/assets/0a79c633-6fad-445a-ad05-f6edfd722b80/download/
sub-MFD-07/sub-MFD-07_ses-c46b8def-620d-4d70-9397-be5694255f73_desc-processed_behavior+ecephys.nwb,1372015752,5f968fba-4a9f-496c-83a3-cc7e0343519a,2026-03-03T09:18:40.495575Z,2026-03-09T13:24:29.854153Z,https://api.dandiarchive.org/api/assets/5f968fba-4a9f-496c-83a3-cc7e0343519a/download/
sub-UCLA012/sub-UCLA012_ses-1f095590-6669-46c9-986b-ccaf0620c5e9_desc-processed_behavior+ecephys.nwb,1115523476,4e8334a0-8dac-4b32-a61b-7ead4901b5d1,2026-03-03T09:18:59.972982Z,2026-03-09T13:24:29.863376Z,https://api.dandiarchive.org/api/assets/4e8334a0-8dac-4b32-a61b-7ead4901b5d1/download/
sub-UCLA006/sub-UCLA006_ses-19e66dc9-bf9f-430b-9d6a-acfa85de6fb7_desc-processed_behavior+ecephys.nwb,1337226871,b6383e91-c155-4d67-a639-e668386876c7,2026-03-03T09:19:25.279516Z,2026-03-09T13:24:29.872947Z,https://api.dandiarchive.org/api/assets/b6383e91-c155-4d67-a639-e668386876c7/download/
sub-MFD-08/sub-MFD-08_ses-a7eba2cf-427f-4df9-879b-e53e962eae18_desc-processed_behavior+ecephys.nwb,1432511239,378f1572-6c64-426d-9c5f-fda2b5c2be5b,2026-03-03T09:19:45.630409Z,2026-03-09T13:24:29.883578Z,https://api.dandiarchive.org/api/assets/378f1572-6c64-426d-9c5f-fda2b5c2be5b/download/
sub-CSHL060/sub-CSHL060_ses-1191f865-b10a-45c8-9c48-24a980fd9402_desc-processed_behavior+ecephys.nwb,1911153218,ab359d13-4f4d-4c4e-9a5a-91c599f03742,2026-03-03T09:19:47.932674Z,2026-03-09T13:24:29.893414Z,https://api.dandiarchive.org/api/assets/ab359d13-4f4d-4c4e-9a5a-91c599f03742/download/
sub-UCLA017/sub-UCLA017_ses-bb099402-fb31-4cfd-824e-1c97530a0875_desc-processed_behavior+ecephys.nwb,1462045066,47cd20d4-4bfc-40f2-a1d5-6cf93182c13d,2026-03-03T09:20:12.752430Z,2026-03-09T13:24:29.903070Z,https://api.dandiarchive.org/api/assets/47cd20d4-4bfc-40f2-a1d5-6cf93182c13d/download/
sub-UCLA033/sub-UCLA033_ses-111c1762-7908-47e0-9f40-2f2ee55b6505_desc-processed_behavior+ecephys.nwb,1272788953,faca19fd-e2a5-45ec-9927-97b47e618189,2026-03-03T09:20:18.187820Z,2026-03-09T13:24:29.916490Z,https://api.dandiarchive.org/api/assets/faca19fd-e2a5-45ec-9927-97b47e618189/download/
sub-MFD-09/sub-MFD-09_ses-ebce500b-c530-47de-8cb1-963c552703ea_desc-processed_behavior+ecephys.nwb,1849238834,e52b7724-6943-4555-9123-c525c9880c69,2026-03-03T09:20:53.581938Z,2026-03-09T13:24:29.927030Z,https://api.dandiarchive.org/api/assets/e52b7724-6943-4555-9123-c525c9880c69/download/
sub-CSHL060/sub-CSHL060_ses-f10efe41-0dc0-44d0-8f26-5ff68dca23e9_desc-processed_behavior+ecephys.nwb,2767959124,5c0e9a3d-d381-4dd3-9a56-dfe32e69ad24,2026-03-03T09:22:51.550311Z,2026-03-09T13:24:29.936714Z,https://api.dandiarchive.org/api/assets/5c0e9a3d-d381-4dd3-9a56-dfe32e69ad24/download/
sub-UCLA037/sub-UCLA037_ses-fa8ad50d-76f2-45fa-a52f-08fe3d942345_desc-processed_behavior+ecephys.nwb,311503048,ef19d7b4-f57e-41d7-80d4-fea48f7bf869,2026-03-03T09:28:02.023456Z,2026-03-09T13:24:29.945531Z,https://api.dandiarchive.org/api/assets/ef19d7b4-f57e-41d7-80d4-fea48f7bf869/download/
sub-UCLA037/sub-UCLA037_ses-bda2faf5-9563-4940-a80f-ce444259e47b_desc-processed_behavior+ecephys.nwb,479166795,c04a3528-c2ad-45d0-a443-bbd73529e4d5,2026-03-03T09:28:45.809210Z,2026-03-09T13:24:29.954954Z,https://api.dandiarchive.org/api/assets/c04a3528-c2ad-45d0-a443-bbd73529e4d5/download/
sub-UCLA037/sub-UCLA037_ses-8d316998-28c3-4265-b029-e2ca82375b2f_desc-processed_behavior+ecephys.nwb,552875372,c9cf3c09-94a0-4251-92c5-9593c29d05f2,2026-03-03T09:28:50.847129Z,2026-03-09T13:24:29.964636Z,https://api.dandiarchive.org/api/assets/c9cf3c09-94a0-4251-92c5-9593c29d05f2/download/
sub-UCLA034/sub-UCLA034_ses-3537d970-f515-4786-853f-23de525e110f_desc-processed_behavior+ecephys.nwb,773562822,ccc7b2b1-b8a4-4407-b793-3025080d2a11,2026-03-03T09:29:09.091369Z,2026-03-09T13:24:29.973739Z,https://api.dandiarchive.org/api/assets/ccc7b2b1-b8a4-4407-b793-3025080d2a11/download/
sub-UCLA034/sub-UCLA034_ses-ebc9392c-1ecb-4b4b-a545-4e3d70d23611_desc-processed_behavior+ecephys.nwb,867666028,2eb0defe-169f-4892-b072-ebc17ff4df44,2026-03-03T09:29:10.903414Z,2026-03-09T13:24:29.983244Z,https://api.dandiarchive.org/api/assets/2eb0defe-169f-4892-b072-ebc17ff4df44/download/
sub-UCLA033/sub-UCLA033_ses-32d27583-56aa-4510-bc03-669036edad20_desc-processed_behavior+ecephys.nwb,975429892,54a0a5cd-c058-482e-9508-863d9bb6a2ee,2026-03-03T09:29:14.811173Z,2026-03-09T13:24:29.992544Z,https://api.dandiarchive.org/api/assets/54a0a5cd-c058-482e-9508-863d9bb6a2ee/download/
sub-UCLA044/sub-UCLA044_ses-91bac580-76ed-41ab-ac07-89051f8d7f6e_desc-processed_behavior+ecephys.nwb,734948073,c0a278a1-1239-41ab-aa0a-3b24986e5a2e,2026-03-03T09:29:21.785615Z,2026-03-09T13:24:30.002080Z,https://api.dandiarchive.org/api/assets/c0a278a1-1239-41ab-aa0a-3b24986e5a2e/download/
sub-KS014/sub-KS014_ses-b9c205c3-feac-485b-a89d-afc96d9cb280_desc-processed_behavior+ecephys.nwb,700602037,4c9e2669-80d8-41cf-94ad-95739915e0ae,2026-03-03T09:29:53.576667Z,2026-03-09T13:24:30.017848Z,https://api.dandiarchive.org/api/assets/4c9e2669-80d8-41cf-94ad-95739915e0ae/download/
sub-UCLA052/sub-UCLA052_ses-687017d4-c9fc-458f-a7d5-0979fe1a7470_desc-processed_behavior+ecephys.nwb,815290748,d58d2b99-7cfa-4713-9bff-6914b99917d2,2026-03-03T09:30:02.610497Z,2026-03-09T13:24:30.028983Z,https://api.dandiarchive.org/api/assets/d58d2b99-7cfa-4713-9bff-6914b99917d2/download/
sub-KS016/sub-KS016_ses-6cf2a88a-515b-4f7f-89a2-7d53eab9b5f4_desc-processed_behavior+ecephys.nwb,565230480,1e6488ef-c9f8-4ec9-a3c9-8e32cd39d913,2026-03-03T09:30:06.881831Z,2026-03-09T13:24:30.039144Z,https://api.dandiarchive.org/api/assets/1e6488ef-c9f8-4ec9-a3c9-8e32cd39d913/download/
sub-UCLA044/sub-UCLA044_ses-23c75e0b-05d8-452e-8efb-a3687ab94079_desc-processed_behavior+ecephys.nwb,1017567968,c5ed4631-c501-4249-a16b-0aaa0e6eba39,2026-03-03T09:30:12.678268Z,2026-03-09T13:24:30.049986Z,https://api.dandiarchive.org/api/assets/c5ed4631-c501-4249-a16b-0aaa0e6eba39/download/
sub-UCLA035/sub-UCLA035_ses-f99ac31f-171b-4208-a55d-5644c0ad51c3_desc-processed_behavior+ecephys.nwb,1085186894,82dacf1e-2d77-40f2-88ae-2ff1e032881c,2026-03-03T09:30:26.678582Z,2026-03-09T13:24:30.060661Z,https://api.dandiarchive.org/api/assets/82dacf1e-2d77-40f2-88ae-2ff1e032881c/download/
sub-KS022/sub-KS022_ses-15f742e1-1043-45c9-9504-f1e8a53c1744_desc-processed_behavior+ecephys.nwb,854639219,1d2938c7-0385-4900-95e6-00699c61f92c,2026-03-03T09:30:51.872500Z,2026-03-09T13:24:30.071764Z,https://api.dandiarchive.org/api/assets/1d2938c7-0385-4900-95e6-00699c61f92c/download/
sub-UCLA049/sub-UCLA049_ses-8a1cf4ef-06e3-4c72-9bc7-e1baa189841b_desc-processed_behavior+ecephys.nwb,930360566,6fe2817f-bfce-4712-82b5-7acf528ecb1f,2026-03-03T09:30:52.121168Z,2026-03-09T13:24:30.084329Z,https://api.dandiarchive.org/api/assets/6fe2817f-bfce-4712-82b5-7acf528ecb1f/download/
sub-UCLA034/sub-UCLA034_ses-19b44992-d527-4a12-8bda-aa11379cb08c_desc-processed_behavior+ecephys.nwb,1312627166,d3a5df06-64f4-415a-b1ed-de0b5bc498fd,2026-03-03T09:30:53.809397Z,2026-03-09T13:24:30.094884Z,https://api.dandiarchive.org/api/assets/d3a5df06-64f4-415a-b1ed-de0b5bc498fd/download/
sub-KS023/sub-KS023_ses-a92c4b1d-46bd-457e-a1f4-414265f0e2d4_desc-processed_behavior+ecephys.nwb,794902788,633c5612-5906-491d-bd3c-4589a03c83e8,2026-03-03T09:30:53.849992Z,2026-03-09T13:24:30.105683Z,https://api.dandiarchive.org/api/assets/633c5612-5906-491d-bd3c-4589a03c83e8/download/
sub-KS016/sub-KS016_ses-16c3667b-e0ea-43fb-9ad4-8dcd1e6c40e1_desc-processed_behavior+ecephys.nwb,873015819,140bb79b-2c87-4305-b04b-3e705be841ec,2026-03-03T09:30:53.871882Z,2026-03-09T13:24:30.114957Z,https://api.dandiarchive.org/api/assets/140bb79b-2c87-4305-b04b-3e705be841ec/download/
sub-KS023/sub-KS023_ses-a4000c2f-fa75-4b3e-8f06-a7cf599b87ad_desc-processed_behavior+ecephys.nwb,852520913,6eafd292-d036-496e-9d11-5110620b6bec,2026-03-03T09:30:54.393241Z,2026-03-09T13:24:30.124889Z,https://api.dandiarchive.org/api/assets/6eafd292-d036-496e-9d11-5110620b6bec/download/
sub-UCLA048/sub-UCLA048_ses-dc962048-89bb-4e6a-96a9-b062a2be1426_desc-processed_behavior+ecephys.nwb,1069024995,7b43547b-3962-4be3-8a41-b3eb83071d73,2026-03-03T09:30:56.804830Z,2026-03-09T13:24:30.135252Z,https://api.dandiarchive.org/api/assets/7b43547b-3962-4be3-8a41-b3eb83071d73/download/
sub-KS023/sub-KS023_ses-cc45c568-c3b9-4f74-836e-c87762e898c8_desc-processed_behavior+ecephys.nwb,845558790,0083b8a2-1c87-4904-9285-c47080dbfcab,2026-03-03T09:30:58.094686Z,2026-03-09T13:24:30.146557Z,https://api.dandiarchive.org/api/assets/0083b8a2-1c87-4904-9285-c47080dbfcab/download/
sub-KS014/sub-KS014_ses-16693458-0801-4d35-a3f1-9115c7e5acfd_desc-processed_behavior+ecephys.nwb,990334344,bbed3c3a-c131-4a26-bc50-eb8672fe5a9a,2026-03-03T09:31:04.138476Z,2026-03-09T13:24:30.155740Z,https://api.dandiarchive.org/api/assets/bbed3c3a-c131-4a26-bc50-eb8672fe5a9a/download/
sub-UCLA049/sub-UCLA049_ses-0841d188-8ef2-4f20-9828-76a94d5343a4_desc-processed_behavior+ecephys.nwb,1191098567,1f2f7a66-50fd-4efa-9d3d-9d721eab4553,2026-03-03T09:31:14.403440Z,2026-03-09T13:24:30.171694Z,https://api.dandiarchive.org/api/assets/1f2f7a66-50fd-4efa-9d3d-9d721eab4553/download/
sub-UCLA035/sub-UCLA035_ses-6f36868f-5cc1-450c-82fa-6b9829ce0cfe_desc-processed_behavior+ecephys.nwb,1385934378,7f772d1c-9653-4abc-8203-ee6bdbfd4621,2026-03-03T09:31:14.404236Z,2026-03-09T13:24:30.181621Z,https://api.dandiarchive.org/api/assets/7f772d1c-9653-4abc-8203-ee6bdbfd4621/download/
sub-KS023/sub-KS023_ses-aad23144-0e52-4eac-80c5-c4ee2decb198_desc-processed_behavior+ecephys.nwb,763079409,ba4f5b3c-6a58-47b5-a719-379da1b3878e,2026-03-03T09:31:20.314954Z,2026-03-09T13:24:30.192771Z,https://api.dandiarchive.org/api/assets/ba4f5b3c-6a58-47b5-a719-379da1b3878e/download/
sub-UCLA034/sub-UCLA034_ses-8a3a0197-b40a-449f-be55-c00b23253bbf_desc-processed_behavior+ecephys.nwb,1541609570,f2f596d6-16a3-4cf9-9625-a35d6f4b1e8b,2026-03-03T09:31:24.986164Z,2026-03-09T13:24:30.202673Z,https://api.dandiarchive.org/api/assets/f2f596d6-16a3-4cf9-9625-a35d6f4b1e8b/download/
sub-KS014/sub-KS014_ses-e1931de1-cf7b-49af-af33-2ade15e8abe7_desc-processed_behavior+ecephys.nwb,1159186752,398fa808-962e-4425-9aa0-ef49186a6669,2026-03-03T09:31:26.075167Z,2026-03-09T13:24:30.211761Z,https://api.dandiarchive.org/api/assets/398fa808-962e-4425-9aa0-ef49186a6669/download/
sub-KS016/sub-KS016_ses-dd87e278-999d-478b-8cbd-b5bf92b84763_desc-processed_behavior+ecephys.nwb,1105698187,8723ad29-d76a-497b-8c64-34dba0dd8ca4,2026-03-03T09:31:34.475489Z,2026-03-09T13:24:30.221180Z,https://api.dandiarchive.org/api/assets/8723ad29-d76a-497b-8c64-34dba0dd8ca4/download/
sub-UCLA036/sub-UCLA036_ses-e2b845a1-e313-4a08-bc61-a5f662ed295e_desc-processed_behavior+ecephys.nwb,1428970827,51c301f7-10c4-492e-a9db-5b006e926db0,2026-03-03T09:31:39.897715Z,2026-03-09T13:24:30.231929Z,https://api.dandiarchive.org/api/assets/51c301f7-10c4-492e-a9db-5b006e926db0/download/
sub-UCLA037/sub-UCLA037_ses-2bdf206a-820f-402f-920a-9e86cd5388a4_desc-processed_behavior+ecephys.nwb,1601346562,c5ce87ca-5cdc-495f-83f0-4159fff1084f,2026-03-03T09:32:03.824033Z,2026-03-09T13:24:30.242297Z,https://api.dandiarchive.org/api/assets/c5ce87ca-5cdc-495f-83f0-4159fff1084f/download/
sub-KS042/sub-KS042_ses-8c552ddc-813e-4035-81cc-3971b57efe65_desc-processed_behavior+ecephys.nwb,998054646,7e05fe0f-8b02-4add-a5b9-52a66eb7202a,2026-03-03T09:32:07.056768Z,2026-03-09T13:24:30.251443Z,https://api.dandiarchive.org/api/assets/7e05fe0f-8b02-4add-a5b9-52a66eb7202a/download/
sub-KS051/sub-KS051_ses-4503697e-af44-47d9-898d-4924be990240_desc-processed_behavior+ecephys.nwb,515946191,24ec2f04-83df-4f6c-a5cb-cb775e0b1657,2026-03-03T09:32:23.799353Z,2026-03-09T13:24:30.261316Z,https://api.dandiarchive.org/api/assets/24ec2f04-83df-4f6c-a5cb-cb775e0b1657/download/
sub-KS051/sub-KS051_ses-0a018f12-ee06-4b11-97aa-bbbff5448e9f_desc-processed_behavior+ecephys.nwb,634694506,c97cb465-7a07-47ef-84fe-2dc45e2f3885,2026-03-03T09:32:48.410135Z,2026-03-09T13:24:30.271769Z,https://api.dandiarchive.org/api/assets/c97cb465-7a07-47ef-84fe-2dc45e2f3885/download/
sub-KS046/sub-KS046_ses-0ac8d013-b91e-4732-bc7b-a1164ff3e445_desc-processed_behavior+ecephys.nwb,908509028,e7bc5946-8025-488f-bd33-098375dd87a2,2026-03-03T09:32:54.862833Z,2026-03-09T13:24:30.280788Z,https://api.dandiarchive.org/api/assets/e7bc5946-8025-488f-bd33-098375dd87a2/download/
sub-KS051/sub-KS051_ses-7082d8ff-255a-47d7-a839-bf093483ec30_desc-processed_behavior+ecephys.nwb,518555308,24275b91-593a-49c1-bd18-cc9aba8a96c6,2026-03-03T09:32:58.240327Z,2026-03-09T13:24:30.290329Z,https://api.dandiarchive.org/api/assets/24275b91-593a-49c1-bd18-cc9aba8a96c6/download/
sub-KS043/sub-KS043_ses-e5c75b62-6871-4135-b3d0-f6464c2d90c0_desc-processed_behavior+ecephys.nwb,1097310538,2a1e6215-be90-44cb-9a04-2b1f839e0f59,2026-03-03T09:33:02.932610Z,2026-03-09T13:24:30.300208Z,https://api.dandiarchive.org/api/assets/2a1e6215-be90-44cb-9a04-2b1f839e0f59/download/
sub-KS043/sub-KS043_ses-9468fa93-21ae-4984-955c-e8402e280c83_desc-processed_behavior+ecephys.nwb,1226335238,4c20f70a-4721-42d0-955e-46868c14da87,2026-03-03T09:33:10.048971Z,2026-03-09T13:24:30.310920Z,https://api.dandiarchive.org/api/assets/4c20f70a-4721-42d0-955e-46868c14da87/download/
sub-KS052/sub-KS052_ses-ac7d3064-7f09-48a3-88d2-e86a4eb86461_desc-processed_behavior+ecephys.nwb,611337437,8787edba-ca8c-4a2d-84c1-0f669ce2eaae,2026-03-03T09:33:13.747783Z,2026-03-09T13:24:30.320631Z,https://api.dandiarchive.org/api/assets/8787edba-ca8c-4a2d-84c1-0f669ce2eaae/download/
sub-KS086/sub-KS086_ses-ffef0311-8ffa-49e3-a857-b3adf6d86e12_desc-processed_behavior+ecephys.nwb,730763948,efe02e0d-fd6a-4781-95fe-1536614f092f,2026-03-03T09:33:19.065808Z,2026-03-09T13:24:30.332666Z,https://api.dandiarchive.org/api/assets/efe02e0d-fd6a-4781-95fe-1536614f092f/download/
sub-KS044/sub-KS044_ses-781b35fd-e1f0-4d14-b2bb-95b7263082bb_desc-processed_behavior+ecephys.nwb,981210993,dc6792a8-d726-4cc5-bf68-2ae5c188e14b,2026-03-03T09:33:22.722273Z,2026-03-09T13:24:30.342121Z,https://api.dandiarchive.org/api/assets/dc6792a8-d726-4cc5-bf68-2ae5c188e14b/download/
sub-KS042/sub-KS042_ses-07dc4b76-5b93-4a03-82a0-b3d9cc73f412_desc-processed_behavior+ecephys.nwb,1542919809,58834f11-dcea-484e-a0d0-690db24a8b1c,2026-03-03T09:33:44.768147Z,2026-03-09T13:24:30.354294Z,https://api.dandiarchive.org/api/assets/58834f11-dcea-484e-a0d0-690db24a8b1c/download/
sub-KS094/sub-KS094_ses-c8d46ee6-eb68-4535-8756-7c9aa32f10e4_desc-processed_behavior+ecephys.nwb,540711951,fc8a38b4-42d7-4483-ba0f-bc2bee31a433,2026-03-03T09:33:56.750362Z,2026-03-09T13:24:30.364309Z,https://api.dandiarchive.org/api/assets/fc8a38b4-42d7-4483-ba0f-bc2bee31a433/download/
sub-KS091/sub-KS091_ses-196a2adf-ff83-49b2-823a-33f990049c2e_desc-processed_behavior+ecephys.nwb,729759616,2e7eb2e2-991e-4daf-a455-2d806e7dfa72,2026-03-03T09:34:05.201532Z,2026-03-09T13:24:30.373462Z,https://api.dandiarchive.org/api/assets/2e7eb2e2-991e-4daf-a455-2d806e7dfa72/download/
sub-KS044/sub-KS044_ses-a6fe44a8-07ab-49b8-81f9-e18575aa85cc_desc-processed_behavior+ecephys.nwb,1409396067,48d61170-0377-4671-ba99-55e0e5a89cfe,2026-03-03T09:34:09.079933Z,2026-03-09T13:24:30.382151Z,https://api.dandiarchive.org/api/assets/48d61170-0377-4671-ba99-55e0e5a89cfe/download/
sub-KS055/sub-KS055_ses-b22f694e-4a34-4142-ab9d-2556c3487086_desc-processed_behavior+ecephys.nwb,913850419,06331a79-79b7-4f91-8fab-d1d4896b5854,2026-03-03T09:34:12.345763Z,2026-03-09T13:24:30.391547Z,https://api.dandiarchive.org/api/assets/06331a79-79b7-4f91-8fab-d1d4896b5854/download/
sub-KS055/sub-KS055_ses-872ce8ff-9fb3-485c-be00-bc5479e0095b_desc-processed_behavior+ecephys.nwb,943477740,6429ccee-e7b8-470e-a84d-d74df1fcf773,2026-03-03T09:34:19.168977Z,2026-03-09T13:24:30.400679Z,https://api.dandiarchive.org/api/assets/6429ccee-e7b8-470e-a84d-d74df1fcf773/download/
sub-KS045/sub-KS045_ses-571d3ffe-54a5-473d-a265-5dc373eb7efc_desc-processed_behavior+ecephys.nwb,1377429220,213da674-6551-4ab2-9612-9280d38e213c,2026-03-03T09:34:20.828437Z,2026-03-09T13:24:30.411879Z,https://api.dandiarchive.org/api/assets/213da674-6551-4ab2-9612-9280d38e213c/download/
sub-KS046/sub-KS046_ses-aa3432cd-62bd-40bc-bc1c-a12d53bcbdcf_desc-processed_behavior+ecephys.nwb,1190270358,e16448ef-7b32-4622-a0d2-dac10dee1722,2026-03-03T09:34:21.016060Z,2026-03-09T13:24:30.425239Z,https://api.dandiarchive.org/api/assets/e16448ef-7b32-4622-a0d2-dac10dee1722/download/
sub-KS046/sub-KS046_ses-dfbe628d-365b-461c-a07f-8b9911ba83aa_desc-processed_behavior+ecephys.nwb,1295554586,1acbfd2a-3076-47ef-8147-22eb95cb53fe,2026-03-03T09:34:27.567535Z,2026-03-09T13:24:30.436107Z,https://api.dandiarchive.org/api/assets/1acbfd2a-3076-47ef-8147-22eb95cb53fe/download/
sub-KS084/sub-KS084_ses-1b715600-0cbc-442c-bd00-5b0ac2865de1_desc-processed_behavior+ecephys.nwb,1055268962,2848b491-0c44-4f71-bd8c-9591073a3680,2026-03-03T09:34:32.577011Z,2026-03-09T13:24:30.446193Z,https://api.dandiarchive.org/api/assets/2848b491-0c44-4f71-bd8c-9591073a3680/download/
sub-KS096/sub-KS096_ses-a2701b93-d8e1-47e9-a819-f1063046f3e7_desc-processed_behavior+ecephys.nwb,492845223,42ad43a2-3913-492d-bd1f-51c5cd7b5375,2026-03-03T09:34:33.235455Z,2026-03-09T13:24:30.455528Z,https://api.dandiarchive.org/api/assets/42ad43a2-3913-492d-bd1f-51c5cd7b5375/download/
sub-KS046/sub-KS046_ses-69c9a415-f7fa-4208-887b-1417c1479b48_desc-processed_behavior+ecephys.nwb,1376667496,dc25397c-4fe3-4c8e-85d9-f492647af87c,2026-03-03T09:34:42.777646Z,2026-03-09T13:24:30.466055Z,https://api.dandiarchive.org/api/assets/dc25397c-4fe3-4c8e-85d9-f492647af87c/download/
sub-KS094/sub-KS094_ses-752456f3-9f47-4fbf-bd44-9d131c0f41aa_desc-processed_behavior+ecephys.nwb,1015091197,fcc77af5-f53b-40d4-b521-b4622a70cf46,2026-03-03T09:34:49.308152Z,2026-03-09T13:24:30.475736Z,https://api.dandiarchive.org/api/assets/fcc77af5-f53b-40d4-b521-b4622a70cf46/download/
sub-DY-009/sub-DY-009_ses-db4df448-e449-4a6f-a0e7-288711e7a75a_desc-processed_behavior+ecephys.nwb,487811289,4a9e1f83-9132-4aff-b36b-01bb8a2c9e4f,2026-03-03T09:34:53.793581Z,2026-03-09T13:24:30.484795Z,https://api.dandiarchive.org/api/assets/4a9e1f83-9132-4aff-b36b-01bb8a2c9e4f/download/
sub-KS096/sub-KS096_ses-446f4724-1690-49f9-819a-2bd8e2ea88ce_desc-processed_behavior+ecephys.nwb,713613514,73d1a67e-344b-4754-84ea-5ccb9bbb8f36,2026-03-03T09:34:59.185145Z,2026-03-09T13:24:30.493554Z,https://api.dandiarchive.org/api/assets/73d1a67e-344b-4754-84ea-5ccb9bbb8f36/download/
sub-KS094/sub-KS094_ses-6b0b5d24-bcda-4053-a59c-beaa1fe03b8f_desc-processed_behavior+ecephys.nwb,1109207713,3332a008-a3a9-4cae-a2c8-d65581e5eed6,2026-03-03T09:35:04.556811Z,2026-03-09T13:24:30.502642Z,https://api.dandiarchive.org/api/assets/3332a008-a3a9-4cae-a2c8-d65581e5eed6/download/
sub-DY-009/sub-DY-009_ses-3c851386-e92d-4533-8d55-89a46f0e7384_desc-processed_behavior+ecephys.nwb,541489746,e6b744f6-dad7-4185-9603-f5a1895cf1ad,2026-03-03T09:35:11.699193Z,2026-03-09T13:24:30.511543Z,https://api.dandiarchive.org/api/assets/e6b744f6-dad7-4185-9603-f5a1895cf1ad/download/
sub-DY-008/sub-DY-008_ses-0f25376f-2b78-4ddc-8c39-b6cdbe7bf5b9_desc-processed_behavior+ecephys.nwb,694652180,2a3bbcf9-3d2f-4c65-b680-fde105f5f255,2026-03-03T09:35:14.223365Z,2026-03-09T13:24:30.521088Z,https://api.dandiarchive.org/api/assets/2a3bbcf9-3d2f-4c65-b680-fde105f5f255/download/
sub-KS091/sub-KS091_ses-78b4fff5-c5ec-44d9-b5f9-d59493063f00_desc-processed_behavior+ecephys.nwb,1272021766,7121b899-1b36-4c4f-b557-4aa0e2847d4d,2026-03-03T09:35:17.846293Z,2026-03-09T13:24:30.530532Z,https://api.dandiarchive.org/api/assets/7121b899-1b36-4c4f-b557-4aa0e2847d4d/download/
sub-KS094/sub-KS094_ses-3f859b5c-e73a-4044-b49e-34bb81e96715_desc-processed_behavior+ecephys.nwb,960642328,6ceeae4e-cf2e-493c-963a-1401520ff2f9,2026-03-03T09:35:20.782859Z,2026-03-09T13:24:30.540727Z,https://api.dandiarchive.org/api/assets/6ceeae4e-cf2e-493c-963a-1401520ff2f9/download/
sub-DY-009/sub-DY-009_ses-30e5937e-e86a-47e6-93ae-d2ae3877ff8e_desc-processed_behavior+ecephys.nwb,499039595,b050ea83-5007-4e81-a990-c0dc1839f0ff,2026-03-03T09:35:22.861569Z,2026-03-09T13:24:30.550541Z,https://api.dandiarchive.org/api/assets/b050ea83-5007-4e81-a990-c0dc1839f0ff/download/
sub-DY-008/sub-DY-008_ses-ee13c19e-2790-4418-97ca-48f02e8013bb_desc-processed_behavior+ecephys.nwb,814842528,9d915512-1b3f-485d-bbe7-d7decb19e57e,2026-03-03T09:35:24.088439Z,2026-03-09T13:24:30.560716Z,https://api.dandiarchive.org/api/assets/9d915512-1b3f-485d-bbe7-d7decb19e57e/download/
sub-KS086/sub-KS086_ses-e45481fa-be22-4365-972c-e7404ed8ab5a_desc-processed_behavior+ecephys.nwb,1414705878,87926e41-a998-4044-9f49-68d69d27c72f,2026-03-03T09:35:24.680395Z,2026-03-09T13:24:30.570034Z,https://api.dandiarchive.org/api/assets/87926e41-a998-4044-9f49-68d69d27c72f/download/
sub-DY-009/sub-DY-009_ses-158d5d35-a2ab-4a76-87b0-51048c5d5283_desc-processed_behavior+ecephys.nwb,653623617,71eb6dc7-1a44-4458-b17d-c3d30a9c3963,2026-03-03T09:35:26.942533Z,2026-03-09T13:24:30.579546Z,https://api.dandiarchive.org/api/assets/71eb6dc7-1a44-4458-b17d-c3d30a9c3963/download/
sub-DY-009/sub-DY-009_ses-413a6825-2144-4a50-b3fc-cf38ddd6fd1a_desc-processed_behavior+ecephys.nwb,523576217,9c6bc203-47cb-4adc-82ec-2b067df405ea,2026-03-03T09:35:30.295755Z,2026-03-09T13:24:30.589539Z,https://api.dandiarchive.org/api/assets/9c6bc203-47cb-4adc-82ec-2b067df405ea/download/
sub-DY-009/sub-DY-009_ses-a19c7a3a-7261-42ce-95d5-1f4ca46007ed_desc-processed_behavior+ecephys.nwb,541512675,14013a48-0963-45e2-9013-06ed24fe8504,2026-03-03T09:35:33.634271Z,2026-03-09T13:24:30.598910Z,https://api.dandiarchive.org/api/assets/14013a48-0963-45e2-9013-06ed24fe8504/download/
sub-DY-010/sub-DY-010_ses-bb6a5aae-2431-401d-8f6a-9fdd6de655a9_desc-processed_behavior+ecephys.nwb,426321941,99189ca0-a605-4dd5-95f8-1c394f40a01c,2026-03-03T09:35:36.773747Z,2026-03-09T13:24:30.608821Z,https://api.dandiarchive.org/api/assets/99189ca0-a605-4dd5-95f8-1c394f40a01c/download/
sub-DY-010/sub-DY-010_ses-4fa70097-8101-4f10-b585-db39429c5ed0_desc-processed_behavior+ecephys.nwb,540933206,ecd5dc4b-9e09-4602-a25a-f9ceb2781610,2026-03-03T09:35:42.530408Z,2026-03-09T13:24:30.618759Z,https://api.dandiarchive.org/api/assets/ecd5dc4b-9e09-4602-a25a-f9ceb2781610/download/
sub-DY-011/sub-DY-011_ses-cf43dbb1-6992-40ec-a5f9-e8e838d0f643_desc-processed_behavior+ecephys.nwb,345355377,8622da04-cf5c-4596-a973-dd81234765e3,2026-03-03T09:35:51.272568Z,2026-03-09T13:24:30.627492Z,https://api.dandiarchive.org/api/assets/8622da04-cf5c-4596-a973-dd81234765e3/download/
sub-DY-009/sub-DY-009_ses-3dd347df-f14e-40d5-9ff2-9c49f84d2157_desc-processed_behavior+ecephys.nwb,897306882,95cddec2-dedd-463f-b04c-4f5e14239043,2026-03-03T09:35:52.362300Z,2026-03-09T13:24:30.637126Z,https://api.dandiarchive.org/api/assets/95cddec2-dedd-463f-b04c-4f5e14239043/download/
sub-DY-011/sub-DY-011_ses-7bee9f09-a238-42cf-b499-f51f765c6ded_desc-processed_behavior+ecephys.nwb,414881761,46261060-1579-4d85-a530-29c5863508fe,2026-03-03T09:35:53.997504Z,2026-03-09T13:24:30.646566Z,https://api.dandiarchive.org/api/assets/46261060-1579-4d85-a530-29c5863508fe/download/
sub-DY-011/sub-DY-011_ses-36280321-555b-446d-9b7d-c2e17991e090_desc-processed_behavior+ecephys.nwb,442029289,e46c8827-2788-41e5-aab1-b3567ba63338,2026-03-03T09:35:54.914581Z,2026-03-09T13:24:30.655494Z,https://api.dandiarchive.org/api/assets/e46c8827-2788-41e5-aab1-b3567ba63338/download/
sub-DY-010/sub-DY-010_ses-90d1e82c-c96f-496c-ad4e-ee3f02067f25_desc-processed_behavior+ecephys.nwb,590316379,fd25a403-ddee-4f25-a641-846bffb3386b,2026-03-03T09:35:57.714633Z,2026-03-09T13:24:30.664753Z,https://api.dandiarchive.org/api/assets/fd25a403-ddee-4f25-a641-846bffb3386b/download/
sub-DY-010/sub-DY-010_ses-931a70ae-90ee-448e-bedb-9d41f3eda647_desc-processed_behavior+ecephys.nwb,541942506,e90667f5-b785-4037-904b-aed0f4f323ee,2026-03-03T09:35:59.942339Z,2026-03-09T13:24:30.674514Z,https://api.dandiarchive.org/api/assets/e90667f5-b785-4037-904b-aed0f4f323ee/download/
sub-DY-011/sub-DY-011_ses-741979ce-3f10-443a-8526-2275620c8473_desc-processed_behavior+ecephys.nwb,544551252,812906bc-2539-482c-a44f-4e4f2e293260,2026-03-03T09:36:14.837964Z,2026-03-09T13:24:30.683500Z,https://api.dandiarchive.org/api/assets/812906bc-2539-482c-a44f-4e4f2e293260/download/
sub-DY-013/sub-DY-013_ses-9a629642-3a9c-42ed-b70a-532db0e86199_desc-processed_behavior+ecephys.nwb,501344234,5898be11-4f75-4d38-970a-a5627ff40dfa,2026-03-03T09:36:16.042579Z,2026-03-09T13:24:30.692580Z,https://api.dandiarchive.org/api/assets/5898be11-4f75-4d38-970a-a5627ff40dfa/download/
sub-DY-010/sub-DY-010_ses-02fbb6da-3034-47d6-a61b-7d06c796a830_desc-processed_behavior+ecephys.nwb,656264187,8571cb9e-03c3-4c36-a890-1d8fd6d2d397,2026-03-03T09:36:23.238191Z,2026-03-09T13:24:30.702884Z,https://api.dandiarchive.org/api/assets/8571cb9e-03c3-4c36-a890-1d8fd6d2d397/download/
sub-DY-009/sub-DY-009_ses-e5c772cd-9c92-47ab-9525-d618b66a9b5d_desc-processed_behavior+ecephys.nwb,877803751,ae7bbda1-a568-4b87-8615-90643d8dd957,2026-03-03T09:36:32.171583Z,2026-03-09T13:24:30.716642Z,https://api.dandiarchive.org/api/assets/ae7bbda1-a568-4b87-8615-90643d8dd957/download/
sub-KS096/sub-KS096_ses-f819d499-8bf7-4da0-a431-15377a8319d5_desc-processed_behavior+ecephys.nwb,1366125591,1b984da4-21fa-4b82-815b-bc873bfa1824,2026-03-03T09:36:54.863237Z,2026-03-09T13:24:30.726444Z,https://api.dandiarchive.org/api/assets/1b984da4-21fa-4b82-815b-bc873bfa1824/download/
sub-DY-009/sub-DY-009_ses-6668c4a0-70a4-4012-a7da-709660971d7a_desc-processed_behavior+ecephys.nwb,1003143046,a5163a5c-cb2d-4c42-be4c-23bd56177138,2026-03-03T09:36:55.286428Z,2026-03-09T13:24:30.736443Z,https://api.dandiarchive.org/api/assets/a5163a5c-cb2d-4c42-be4c-23bd56177138/download/
sub-DY-014/sub-DY-014_ses-f25642c6-27a5-4a97-9ea0-06652db79fbd_desc-processed_behavior+ecephys.nwb,683281442,70cfd453-3d8f-44cc-8531-5992feeb5593,2026-03-03T09:37:13.304568Z,2026-03-09T13:24:30.747045Z,https://api.dandiarchive.org/api/assets/70cfd453-3d8f-44cc-8531-5992feeb5593/download/
sub-DY-013/sub-DY-013_ses-2f63c555-eb74-4d8d-ada5-5c3ecf3b46be_desc-processed_behavior+ecephys.nwb,952686773,02866e78-5330-4324-b2b7-2393168e64d8,2026-03-03T09:37:20.115216Z,2026-03-09T13:24:30.755990Z,https://api.dandiarchive.org/api/assets/02866e78-5330-4324-b2b7-2393168e64d8/download/
sub-KS096/sub-KS096_ses-8928f98a-b411-497e-aa4b-aa752434686d_desc-processed_behavior+ecephys.nwb,1521422385,9cfc6c99-3cb5-4c84-b62d-fb05bc2cafa7,2026-03-03T09:37:25.373319Z,2026-03-09T13:24:30.765552Z,https://api.dandiarchive.org/api/assets/9cfc6c99-3cb5-4c84-b62d-fb05bc2cafa7/download/
sub-DY-014/sub-DY-014_ses-7622da34-51b6-4661-98ae-a57d40806008_desc-processed_behavior+ecephys.nwb,763956658,7e209f7f-d301-40d3-9b0b-e9ab236fd64e,2026-03-03T09:37:35.692612Z,2026-03-09T13:24:30.775111Z,https://api.dandiarchive.org/api/assets/7e209f7f-d301-40d3-9b0b-e9ab236fd64e/download/
sub-DY-013/sub-DY-013_ses-e535fb62-e245-4a48-b119-88ce62a6fe67_desc-processed_behavior+ecephys.nwb,777019923,0b377002-571b-4f88-948b-f484165dba5d,2026-03-03T09:37:37.479051Z,2026-03-09T13:24:30.784712Z,https://api.dandiarchive.org/api/assets/0b377002-571b-4f88-948b-f484165dba5d/download/
sub-DY-014/sub-DY-014_ses-b658bc7d-07cd-4203-8a25-7b16b549851b_desc-processed_behavior+ecephys.nwb,954082761,7d40ec10-8518-43de-b882-4cef8edb03b6,2026-03-03T09:38:21.111413Z,2026-03-09T13:24:30.793594Z,https://api.dandiarchive.org/api/assets/7d40ec10-8518-43de-b882-4cef8edb03b6/download/
sub-DY-014/sub-DY-014_ses-4720c98a-a305-4fba-affb-bbfa00a724a4_desc-processed_behavior+ecephys.nwb,1091989755,4ab75951-3a79-4cc1-9e06-9e3a90a74bc1,2026-03-03T09:38:22.104560Z,2026-03-09T13:24:30.803479Z,https://api.dandiarchive.org/api/assets/4ab75951-3a79-4cc1-9e06-9e3a90a74bc1/download/
sub-DY-014/sub-DY-014_ses-b39752db-abdb-47ab-ae78-e8608bbf50ed_desc-processed_behavior+ecephys.nwb,836731093,6745ea9f-a9e1-49c1-b9f5-466932ae396c,2026-03-03T09:38:26.535485Z,2026-03-09T13:24:30.813932Z,https://api.dandiarchive.org/api/assets/6745ea9f-a9e1-49c1-b9f5-466932ae396c/download/
sub-DY-014/sub-DY-014_ses-bd456d8f-d36e-434a-8051-ff3997253802_desc-processed_behavior+ecephys.nwb,1098887451,2e3f74d0-75f8-47cf-b3b0-2d4e7a5c0e7d,2026-03-03T09:38:48.514317Z,2026-03-09T13:24:30.823649Z,https://api.dandiarchive.org/api/assets/2e3f74d0-75f8-47cf-b3b0-2d4e7a5c0e7d/download/
sub-DY-014/sub-DY-014_ses-ee8b36de-779f-4dea-901f-e0141c95722b_desc-processed_behavior+ecephys.nwb,1063202945,9ab8b6c7-7340-4bfd-87e6-5d477741e978,2026-03-03T09:38:51.395884Z,2026-03-09T13:24:30.834196Z,https://api.dandiarchive.org/api/assets/9ab8b6c7-7340-4bfd-87e6-5d477741e978/download/
sub-DY-018/sub-DY-018_ses-cde63527-7f5a-4cc3-8ac2-215d82e7da26_desc-processed_behavior+ecephys.nwb,587665568,84fdb807-6d2d-4a7a-b83a-aca7167dc5d0,2026-03-03T09:39:00.446759Z,2026-03-09T13:24:30.843969Z,https://api.dandiarchive.org/api/assets/84fdb807-6d2d-4a7a-b83a-aca7167dc5d0/download/
sub-DY-018/sub-DY-018_ses-e8b4fda3-7fe4-4706-8ec2-91036cfee6bd_desc-processed_behavior+ecephys.nwb,836713688,f399d38c-ee01-4ad5-8791-111c2f81fbe6,2026-03-03T09:39:35.581554Z,2026-03-09T13:24:30.852836Z,https://api.dandiarchive.org/api/assets/f399d38c-ee01-4ad5-8791-111c2f81fbe6/download/
sub-KS096/sub-KS096_ses-1b9e349e-93f2-41cc-a4b5-b212d7ddc8df_desc-processed_behavior+ecephys.nwb,2559294477,de9e4678-42a5-4d6e-85c5-bf6171117579,2026-03-03T09:39:50.895580Z,2026-03-09T13:24:30.862195Z,https://api.dandiarchive.org/api/assets/de9e4678-42a5-4d6e-85c5-bf6171117579/download/
sub-DY-016/sub-DY-016_ses-aa20388b-9ea3-4506-92f1-3c2be84b85db_desc-processed_behavior+ecephys.nwb,1176045393,ab00e1e8-2252-4f91-9417-f695880b74b6,2026-03-03T09:40:02.498579Z,2026-03-09T13:24:30.871465Z,https://api.dandiarchive.org/api/assets/ab00e1e8-2252-4f91-9417-f695880b74b6/download/
sub-DY-016/sub-DY-016_ses-d23a44ef-1402-4ed7-97f5-47e9a7a504d9_desc-processed_behavior+ecephys.nwb,1324212443,ecf201ee-c535-4371-a2bd-b6da93c0fbb5,2026-03-03T09:40:22.375907Z,2026-03-09T13:24:30.881920Z,https://api.dandiarchive.org/api/assets/ecf201ee-c535-4371-a2bd-b6da93c0fbb5/download/
sub-DY-020/sub-DY-020_ses-f7335a49-4a98-46d2-a8ce-d041d2eac1d6_desc-processed_behavior+ecephys.nwb,1145260805,ee39d5eb-4539-4e57-9617-ee76127b2155,2026-03-03T09:40:36.131325Z,2026-03-09T13:24:30.892853Z,https://api.dandiarchive.org/api/assets/ee39d5eb-4539-4e57-9617-ee76127b2155/download/
sub-DY-018/sub-DY-018_ses-54238fd6-d2d0-4408-b1a9-d19d24fd29ce_desc-processed_behavior+ecephys.nwb,1308660814,d15ac613-70b7-4595-ad5e-39cdba653966,2026-03-03T09:40:44.728819Z,2026-03-09T13:24:30.901876Z,https://api.dandiarchive.org/api/assets/d15ac613-70b7-4595-ad5e-39cdba653966/download/
sub-DY-016/sub-DY-016_ses-5339812f-8b91-40ba-9d8f-a559563cc46b_desc-processed_behavior+ecephys.nwb,1596969161,63c66b87-fe70-4708-bb8f-7ec89550cbd1,2026-03-03T09:41:01.534542Z,2026-03-09T13:24:30.912866Z,https://api.dandiarchive.org/api/assets/63c66b87-fe70-4708-bb8f-7ec89550cbd1/download/
sub-DY-016/sub-DY-016_ses-c3d9b6fb-7fa9-4413-a364-92a54df0fc5d_desc-processed_behavior+ecephys.nwb,1567272848,2e8aa164-ee4a-4c3d-8995-d78e447204db,2026-03-03T09:41:04.913427Z,2026-03-09T13:24:30.923273Z,https://api.dandiarchive.org/api/assets/2e8aa164-ee4a-4c3d-8995-d78e447204db/download/
sub-PL015/sub-PL015_ses-9a6e127b-bb07-4be2-92e2-53dd858c2762_desc-processed_behavior+ecephys.nwb,545978173,ea6b40f4-bc44-4ff3-8e16-54ddbf1a0361,2026-03-03T09:41:22.109421Z,2026-03-09T13:24:30.934059Z,https://api.dandiarchive.org/api/assets/ea6b40f4-bc44-4ff3-8e16-54ddbf1a0361/download/
sub-PL015/sub-PL015_ses-64977c74-9c04-437a-9ea1-50386c4996db_desc-processed_behavior+ecephys.nwb,606634039,e646af42-bf12-46a7-b2a2-10c9feaad9f4,2026-03-03T09:41:23.591453Z,2026-03-09T13:24:30.950638Z,https://api.dandiarchive.org/api/assets/e646af42-bf12-46a7-b2a2-10c9feaad9f4/download/
sub-PL015/sub-PL015_ses-09156021-9a1d-4e1d-ae59-48cbde3c5d42_desc-processed_behavior+ecephys.nwb,487297691,7e680b9b-099d-4eec-a393-5340ef6d917a,2026-03-03T09:41:27.094805Z,2026-03-09T13:24:30.961618Z,https://api.dandiarchive.org/api/assets/7e680b9b-099d-4eec-a393-5340ef6d917a/download/
sub-DY-016/sub-DY-016_ses-251ece37-7798-477c-8a06-2845d4aa270c_desc-processed_behavior+ecephys.nwb,1703206479,0530f6bd-3017-438d-b5bb-bf6bb080e823,2026-03-03T09:41:42.603613Z,2026-03-09T13:24:30.973082Z,https://api.dandiarchive.org/api/assets/0530f6bd-3017-438d-b5bb-bf6bb080e823/download/
sub-PL015/sub-PL015_ses-90e524a2-aa63-47ce-b5b8-1b1941a1223a_desc-processed_behavior+ecephys.nwb,616009658,fac8dac6-8dbf-41dd-964e-16fa62d287b3,2026-03-03T09:41:46.497419Z,2026-03-09T13:24:30.983382Z,https://api.dandiarchive.org/api/assets/fac8dac6-8dbf-41dd-964e-16fa62d287b3/download/
sub-PL017/sub-PL017_ses-10fac7a1-919d-4ca7-83c4-4675bd8d9416_desc-processed_behavior+ecephys.nwb,640100845,23576ebb-0f72-4c0d-b8a7-7ea106f44e11,2026-03-03T09:41:59.548754Z,2026-03-09T13:24:30.993914Z,https://api.dandiarchive.org/api/assets/23576ebb-0f72-4c0d-b8a7-7ea106f44e11/download/
sub-PL015/sub-PL015_ses-1d4a7bd6-296a-48b9-b20e-bd0ac80750a5_desc-processed_behavior+ecephys.nwb,756905195,38682a9c-f261-4771-9869-7733d039ece4,2026-03-03T09:42:16.485861Z,2026-03-09T13:24:31.004110Z,https://api.dandiarchive.org/api/assets/38682a9c-f261-4771-9869-7733d039ece4/download/
sub-PL024/sub-PL024_ses-30af8629-7b96-45b7-8778-374720ddbc5e_desc-processed_behavior+ecephys.nwb,539929784,882ca278-4d90-4e39-92a9-54c96fd2347c,2026-03-03T09:42:24.031865Z,2026-03-09T13:24:31.015254Z,https://api.dandiarchive.org/api/assets/882ca278-4d90-4e39-92a9-54c96fd2347c/download/
sub-PL016/sub-PL016_ses-58c4bf97-ec3b-45b4-9db4-d5d9515d5b00_desc-processed_behavior+ecephys.nwb,686377178,b5e3af99-43c7-404f-abbb-0f98f4c8089e,2026-03-03T09:42:25.862149Z,2026-03-09T13:24:31.028909Z,https://api.dandiarchive.org/api/assets/b5e3af99-43c7-404f-abbb-0f98f4c8089e/download/
sub-PL017/sub-PL017_ses-f27e6cd6-cdd3-4524-b8e3-8146046e2a7d_desc-processed_behavior+ecephys.nwb,727363703,5568f4c4-14f0-4961-899a-08fd5f526d20,2026-03-03T09:42:30.170467Z,2026-03-09T13:24:31.039030Z,https://api.dandiarchive.org/api/assets/5568f4c4-14f0-4961-899a-08fd5f526d20/download/
sub-PL017/sub-PL017_ses-8b1f4024-3d96-4ee7-95f9-8a1dfd4ce4ef_desc-processed_behavior+ecephys.nwb,783673127,cfba9cf4-64a3-4b54-b675-7b4e7159a5a8,2026-03-03T09:42:31.532778Z,2026-03-09T13:24:31.053250Z,https://api.dandiarchive.org/api/assets/cfba9cf4-64a3-4b54-b675-7b4e7159a5a8/download/
sub-DY-020/sub-DY-020_ses-4a45c8ba-db6f-4f11-9403-56e06a33dfa4_desc-processed_behavior+ecephys.nwb,1895334807,9ed19c8c-ec0d-42d0-ab3a-96c383222001,2026-03-03T09:42:35.744742Z,2026-03-09T13:24:31.062916Z,https://api.dandiarchive.org/api/assets/9ed19c8c-ec0d-42d0-ab3a-96c383222001/download/
sub-PL031/sub-PL031_ses-c23b4118-db40-4333-af1d-933154b533c6_desc-processed_behavior+ecephys.nwb,495463533,8a655f1c-88d4-4baa-b5d5-72d5a0df3742,2026-03-03T09:42:40.407550Z,2026-03-09T13:24:31.074323Z,https://api.dandiarchive.org/api/assets/8a655f1c-88d4-4baa-b5d5-72d5a0df3742/download/
sub-PL017/sub-PL017_ses-cea755db-4eee-4138-bdd6-fc23a572f5a1_desc-processed_behavior+ecephys.nwb,734073052,aaa6a7e0-1666-4f6a-b8d9-558f531aa830,2026-03-03T09:42:42.640058Z,2026-03-09T13:24:31.084991Z,https://api.dandiarchive.org/api/assets/aaa6a7e0-1666-4f6a-b8d9-558f531aa830/download/
sub-PL030/sub-PL030_ses-233617ec-c5cf-4eda-afc8-3b1d94f36d73_desc-processed_behavior+ecephys.nwb,526363917,b6f3c78c-3052-4b0e-a198-c18ae4f421ec,2026-03-03T09:42:46.971683Z,2026-03-09T13:24:31.094637Z,https://api.dandiarchive.org/api/assets/b6f3c78c-3052-4b0e-a198-c18ae4f421ec/download/
sub-PL031/sub-PL031_ses-9fcbd1a0-77e6-4c41-9428-eeaee74becd5_desc-processed_behavior+ecephys.nwb,617397521,337a5583-2ebe-4715-9cf8-0cc02d4b100d,2026-03-03T09:42:54.751282Z,2026-03-09T13:24:31.105898Z,https://api.dandiarchive.org/api/assets/337a5583-2ebe-4715-9cf8-0cc02d4b100d/download/
sub-PL031/sub-PL031_ses-fbd28ea6-3251-48e0-b215-2c51ec5185f7_desc-processed_behavior+ecephys.nwb,622371186,bf393c39-3049-4bb7-96b3-36ec703c92c7,2026-03-03T09:42:58.762680Z,2026-03-09T13:24:31.117763Z,https://api.dandiarchive.org/api/assets/bf393c39-3049-4bb7-96b3-36ec703c92c7/download/
sub-PL033/sub-PL033_ses-4546cd60-fa2a-4d20-a9b6-d091e01d16f2_desc-processed_behavior+ecephys.nwb,478905909,3ebbf8a3-ba0c-410d-916d-fecc8ba1e5de,2026-03-03T09:43:09.169309Z,2026-03-09T13:24:31.132610Z,https://api.dandiarchive.org/api/assets/3ebbf8a3-ba0c-410d-916d-fecc8ba1e5de/download/
sub-DY-020/sub-DY-020_ses-26aa51ff-968c-42e4-85c8-8ff47d19254d_desc-processed_behavior+ecephys.nwb,1247410489,729d63fd-6ae3-4517-a46a-97774855e3a7,2026-03-03T09:43:10.271183Z,2026-03-09T13:24:31.142610Z,https://api.dandiarchive.org/api/assets/729d63fd-6ae3-4517-a46a-97774855e3a7/download/
sub-PL030/sub-PL030_ses-2038e95d-64d4-4ecb-83d0-1308d3c598f8_desc-processed_behavior+ecephys.nwb,760327981,8afe809e-472e-4cde-855d-33cb74bae7d6,2026-03-03T09:43:11.184751Z,2026-03-09T13:24:31.153367Z,https://api.dandiarchive.org/api/assets/8afe809e-472e-4cde-855d-33cb74bae7d6/download/
sub-PL030/sub-PL030_ses-500a71dd-8768-4211-a1fe-1fafc9fcbf29_desc-processed_behavior+ecephys.nwb,761170700,801c00e6-74fe-4970-bb42-a2edd35a0d08,2026-03-03T09:43:12.802865Z,2026-03-09T13:24:31.165586Z,https://api.dandiarchive.org/api/assets/801c00e6-74fe-4970-bb42-a2edd35a0d08/download/
sub-DY-020/sub-DY-020_ses-e012d3e3-fdbc-4661-9ffa-5fa284e4e706_desc-processed_behavior+ecephys.nwb,1290912242,95259d76-ff29-43d2-bfcc-60158b925db6,2026-03-03T09:43:22.460939Z,2026-03-09T13:24:31.176261Z,https://api.dandiarchive.org/api/assets/95259d76-ff29-43d2-bfcc-60158b925db6/download/
sub-PL017/sub-PL017_ses-68775ca0-b056-48d5-b6ae-a4c2a76ae48f_desc-processed_behavior+ecephys.nwb,1061332381,f949dfca-28d0-4883-9931-dc75da1136ce,2026-03-03T09:43:28.249382Z,2026-03-09T13:24:31.186001Z,https://api.dandiarchive.org/api/assets/f949dfca-28d0-4883-9931-dc75da1136ce/download/
sub-DY-020/sub-DY-020_ses-9eec761e-9762-4897-b308-a3a08c311e69_desc-processed_behavior+ecephys.nwb,1554821951,cd24bcc6-91d4-4986-b490-8c56b76ee7c6,2026-03-03T09:43:30.927349Z,2026-03-09T13:24:31.196099Z,https://api.dandiarchive.org/api/assets/cd24bcc6-91d4-4986-b490-8c56b76ee7c6/download/
sub-PL030/sub-PL030_ses-283ecb4c-e529-409c-9f0a-8ea5191dcf50_desc-processed_behavior+ecephys.nwb,927265473,2826fe96-e50b-48b1-a436-fc8c26999575,2026-03-03T09:43:33.855733Z,2026-03-09T13:24:31.206313Z,https://api.dandiarchive.org/api/assets/2826fe96-e50b-48b1-a436-fc8c26999575/download/
sub-DY-020/sub-DY-020_ses-9fe512b8-92a8-4642-83b6-01158ab66c3c_desc-processed_behavior+ecephys.nwb,1459956470,62409970-0a03-48de-8ba9-798c8a7bbab8,2026-03-03T09:43:34.397289Z,2026-03-09T13:24:31.216970Z,https://api.dandiarchive.org/api/assets/62409970-0a03-48de-8ba9-798c8a7bbab8/download/
sub-PL031/sub-PL031_ses-c8e11fd8-d130-4f06-abba-9aa20240ce7c_desc-processed_behavior+ecephys.nwb,760600542,a6a2ee90-2e63-4d8e-bc3a-4afddc392945,2026-03-03T09:43:36.650369Z,2026-03-09T13:24:31.227697Z,https://api.dandiarchive.org/api/assets/a6a2ee90-2e63-4d8e-bc3a-4afddc392945/download/
sub-PL030/sub-PL030_ses-6bf810fd-fbeb-4eea-9ea7-b6791d002b22_desc-processed_behavior+ecephys.nwb,944436349,c2059cb9-8420-48cd-bd9e-1a470f9a8244,2026-03-03T09:43:39.708039Z,2026-03-09T13:24:31.237830Z,https://api.dandiarchive.org/api/assets/c2059cb9-8420-48cd-bd9e-1a470f9a8244/download/
sub-PL017/sub-PL017_ses-1b61b7f2-a599-4e40-abd6-3e758d2c9e25_desc-processed_behavior+ecephys.nwb,1172802501,49788718-479a-4af3-a33c-0abd7a07b241,2026-03-03T09:43:41.768238Z,2026-03-09T13:24:31.248398Z,https://api.dandiarchive.org/api/assets/49788718-479a-4af3-a33c-0abd7a07b241/download/
sub-PL030/sub-PL030_ses-61caa69d-088b-465a-b9d0-d75341dabac6_desc-processed_behavior+ecephys.nwb,990056753,1f9c32ba-82bd-4ee1-9406-e0ab4a3dfe5a,2026-03-03T09:43:52.624165Z,2026-03-09T13:24:31.258867Z,https://api.dandiarchive.org/api/assets/1f9c32ba-82bd-4ee1-9406-e0ab4a3dfe5a/download/
sub-PL030/sub-PL030_ses-bd07e3a7-09c3-4b67-996b-42b6d5cedf1c_desc-processed_behavior+ecephys.nwb,1055349031,1e54ac0d-bf0a-488b-9be2-efeab2cec295,2026-03-03T09:43:52.811595Z,2026-03-09T13:24:31.268812Z,https://api.dandiarchive.org/api/assets/1e54ac0d-bf0a-488b-9be2-efeab2cec295/download/
sub-PL031/sub-PL031_ses-ef38e503-dd79-4185-bf87-4712d4f274fe_desc-processed_behavior+ecephys.nwb,1002457962,9b976f38-7ce2-45ce-8e5a-e376fe716961,2026-03-03T09:43:53.398820Z,2026-03-09T13:24:31.278304Z,https://api.dandiarchive.org/api/assets/9b976f38-7ce2-45ce-8e5a-e376fe716961/download/
sub-PL033/sub-PL033_ses-cef05f87-161b-4031-932c-6f47daf89698_desc-processed_behavior+ecephys.nwb,672143717,9cbe909c-417d-461d-8888-b340ab449c4e,2026-03-03T09:44:00.158241Z,2026-03-09T13:24:31.287438Z,https://api.dandiarchive.org/api/assets/9cbe909c-417d-461d-8888-b340ab449c4e/download/
sub-DY-020/sub-DY-020_ses-948fd27b-507b-41b3-bdf8-f9f5f0af8e0b_desc-processed_behavior+ecephys.nwb,1444903512,68a56150-6800-4073-ac14-5053f5888cb7,2026-03-03T09:44:01.343332Z,2026-03-09T13:24:31.297656Z,https://api.dandiarchive.org/api/assets/68a56150-6800-4073-ac14-5053f5888cb7/download/
sub-PL017/sub-PL017_ses-d71e565d-4ddb-42df-849e-f99cfdeced52_desc-processed_behavior+ecephys.nwb,1150724644,988fee95-28e5-44af-85cd-c502f853d52c,2026-03-03T09:44:08.341264Z,2026-03-09T13:24:31.307032Z,https://api.dandiarchive.org/api/assets/988fee95-28e5-44af-85cd-c502f853d52c/download/
sub-PL033/sub-PL033_ses-62902992-8432-46fb-af12-6392012e58c7_desc-processed_behavior+ecephys.nwb,917898856,6699b3f9-155a-4a6c-898a-7ba47bd61249,2026-03-03T09:44:12.646786Z,2026-03-09T13:24:31.318066Z,https://api.dandiarchive.org/api/assets/6699b3f9-155a-4a6c-898a-7ba47bd61249/download/
sub-PL033/sub-PL033_ses-9fc31d79-b56f-46d0-92a0-e9563caf4a7a_desc-processed_behavior+ecephys.nwb,476178665,44545757-a0ef-446d-a7df-e8b82328da6f,2026-03-03T09:44:13.048847Z,2026-03-09T13:24:31.327750Z,https://api.dandiarchive.org/api/assets/44545757-a0ef-446d-a7df-e8b82328da6f/download/
sub-PL030/sub-PL030_ses-c16d3557-b2c1-4545-93d0-112ac0915d93_desc-processed_behavior+ecephys.nwb,1133553995,08a5f545-e584-4bd6-8efb-39bc1fe6df08,2026-03-03T09:44:19.119643Z,2026-03-09T13:24:31.339637Z,https://api.dandiarchive.org/api/assets/08a5f545-e584-4bd6-8efb-39bc1fe6df08/download/
sub-PL033/sub-PL033_ses-7f150b7c-c261-46e6-9edb-cc391c9d9f03_desc-processed_behavior+ecephys.nwb,720426104,e79240c6-9fdc-408a-b218-74c6ff868aa5,2026-03-03T09:44:33.853714Z,2026-03-09T13:24:31.349613Z,https://api.dandiarchive.org/api/assets/e79240c6-9fdc-408a-b218-74c6ff868aa5/download/
sub-PL033/sub-PL033_ses-a34b4013-414b-42ed-9318-e93fbbc71e7b_desc-processed_behavior+ecephys.nwb,597618210,17151180-7db4-4d72-8eef-8c7b616e67bc,2026-03-03T09:44:41.305746Z,2026-03-09T13:24:31.360845Z,https://api.dandiarchive.org/api/assets/17151180-7db4-4d72-8eef-8c7b616e67bc/download/
sub-PL033/sub-PL033_ses-75db708a-9952-4452-a5b1-a851d88f8e28_desc-processed_behavior+ecephys.nwb,915666093,8a545674-b93c-49f1-b224-ff031bbe1d45,2026-03-03T09:44:46.208695Z,2026-03-09T13:24:31.371508Z,https://api.dandiarchive.org/api/assets/8a545674-b93c-49f1-b224-ff031bbe1d45/download/
sub-PL033/sub-PL033_ses-49250fba-801c-4867-a0a7-a1e19538cb61_desc-processed_behavior+ecephys.nwb,657500025,6f40672f-279b-419b-946d-d608691b6703,2026-03-03T09:44:58.178558Z,2026-03-09T13:24:31.381538Z,https://api.dandiarchive.org/api/assets/6f40672f-279b-419b-946d-d608691b6703/download/
sub-PL033/sub-PL033_ses-2ab7d2c2-bcb7-4ae6-9626-f3786c22d970_desc-processed_behavior+ecephys.nwb,613305129,9c5c7ce7-51b8-4c1b-b54e-c6ff0ffda07d,2026-03-03T09:44:58.828686Z,2026-03-09T13:24:31.392626Z,https://api.dandiarchive.org/api/assets/9c5c7ce7-51b8-4c1b-b54e-c6ff0ffda07d/download/
sub-DY-020/sub-DY-020_ses-2e22c1fc-eec6-4856-85a0-7dba8668f646_desc-processed_behavior+ecephys.nwb,1743825639,972c258e-04f5-48ac-8961-1d6266195e61,2026-03-03T09:44:59.651322Z,2026-03-09T13:24:31.403025Z,https://api.dandiarchive.org/api/assets/972c258e-04f5-48ac-8961-1d6266195e61/download/
sub-PL033/sub-PL033_ses-94dabed1-741c-4ddd-a6b7-70561e27b750_desc-processed_behavior+ecephys.nwb,659805909,200c9046-c6ae-4fea-aca5-0d14d41c6a1b,2026-03-03T09:45:13.545666Z,2026-03-09T13:24:31.417652Z,https://api.dandiarchive.org/api/assets/200c9046-c6ae-4fea-aca5-0d14d41c6a1b/download/
sub-PL034/sub-PL034_ses-87ad026d-5b95-4022-8d59-c260870d830f_desc-processed_behavior+ecephys.nwb,570352388,5158c21b-2b2d-48c2-b70d-ee433a5f3571,2026-03-03T09:45:15.943184Z,2026-03-09T13:24:31.427856Z,https://api.dandiarchive.org/api/assets/5158c21b-2b2d-48c2-b70d-ee433a5f3571/download/
sub-PL033/sub-PL033_ses-37ac03f1-9831-4a30-90fc-a59e635b98bd_desc-processed_behavior+ecephys.nwb,604502407,51056675-cca4-43ae-bab1-3ab181fe14df,2026-03-03T09:45:19.451802Z,2026-03-09T13:24:31.437719Z,https://api.dandiarchive.org/api/assets/51056675-cca4-43ae-bab1-3ab181fe14df/download/
sub-PL034/sub-PL034_ses-6cbeead9-bb7a-40e1-8ccd-47ae60239654_desc-processed_behavior+ecephys.nwb,540573758,13e608eb-6ef0-48f5-a2b6-3754dc961f56,2026-03-03T09:45:29.397521Z,2026-03-09T13:24:31.451627Z,https://api.dandiarchive.org/api/assets/13e608eb-6ef0-48f5-a2b6-3754dc961f56/download/
sub-PL033/sub-PL033_ses-be164a14-6e73-42c3-ab60-d29c48693c0f_desc-processed_behavior+ecephys.nwb,683747132,0086385e-0c2f-433b-a847-8b0495286d44,2026-03-03T09:45:30.942913Z,2026-03-09T13:24:31.462182Z,https://api.dandiarchive.org/api/assets/0086385e-0c2f-433b-a847-8b0495286d44/download/
sub-PL035/sub-PL035_ses-5437ec1f-6535-470c-80b8-4c8806ee085d_desc-processed_behavior+ecephys.nwb,513798620,392b560a-4d2c-4daf-84a8-19f8f95b8856,2026-03-03T09:45:36.181762Z,2026-03-09T13:24:31.474218Z,https://api.dandiarchive.org/api/assets/392b560a-4d2c-4daf-84a8-19f8f95b8856/download/
sub-PL035/sub-PL035_ses-a2b9fbbe-79fc-4166-a16e-b307813a2f06_desc-processed_behavior+ecephys.nwb,629767393,4c8d45b2-d66e-4990-a6be-d2270909146a,2026-03-03T09:45:49.393914Z,2026-03-09T13:24:31.487253Z,https://api.dandiarchive.org/api/assets/4c8d45b2-d66e-4990-a6be-d2270909146a/download/
sub-PL033/sub-PL033_ses-837b4e6a-ccfd-49b0-a1dd-3aa53fbf2ecb_desc-processed_behavior+ecephys.nwb,1071142918,715301c9-fdfe-4824-84b4-50d2178d6cff,2026-03-03T09:45:51.421902Z,2026-03-09T13:24:31.497757Z,https://api.dandiarchive.org/api/assets/715301c9-fdfe-4824-84b4-50d2178d6cff/download/
sub-PL034/sub-PL034_ses-3bb54985-77b2-421d-9d1f-46185be51216_desc-processed_behavior+ecephys.nwb,880504628,aaa3c9d1-daf9-4e19-b817-54395f1f07ee,2026-03-03T09:46:07.079764Z,2026-03-09T13:24:31.508320Z,https://api.dandiarchive.org/api/assets/aaa3c9d1-daf9-4e19-b817-54395f1f07ee/download/
sub-PL035/sub-PL035_ses-36573e0b-ddd6-4504-94ec-9a23c877486c_desc-processed_behavior+ecephys.nwb,737657399,5613f02c-94b2-423d-8f7b-683cbb517660,2026-03-03T09:46:12.011389Z,2026-03-09T13:24:31.517704Z,https://api.dandiarchive.org/api/assets/5613f02c-94b2-423d-8f7b-683cbb517660/download/
sub-PL035/sub-PL035_ses-04749a70-ac63-477d-8392-d4d529184fab_desc-processed_behavior+ecephys.nwb,856975712,7f2666de-abf0-4d9c-922e-0ca605073b6b,2026-03-03T09:46:29.387612Z,2026-03-09T13:24:31.527159Z,https://api.dandiarchive.org/api/assets/7f2666de-abf0-4d9c-922e-0ca605073b6b/download/
sub-PL037/sub-PL037_ses-7eeb8423-49e6-4d40-ab6f-703d17af231a_desc-processed_behavior+ecephys.nwb,686630351,105f598f-94be-4803-ab41-b3100f374f60,2026-03-03T09:46:40.859398Z,2026-03-09T13:24:31.537655Z,https://api.dandiarchive.org/api/assets/105f598f-94be-4803-ab41-b3100f374f60/download/
sub-PL050/sub-PL050_ses-0cf6d255-8f2f-463e-84fb-c54bacb79f51_desc-processed_behavior+ecephys.nwb,625431497,5a368a20-9cf0-4a01-947b-059ae2f742a8,2026-03-03T09:46:45.149371Z,2026-03-09T13:24:31.547739Z,https://api.dandiarchive.org/api/assets/5a368a20-9cf0-4a01-947b-059ae2f742a8/download/
sub-PL037/sub-PL037_ses-62ff920c-2fdd-4feb-9d9f-0d66f2e595a1_desc-processed_behavior+ecephys.nwb,826752775,791940e2-7cf0-45eb-ba82-69aab99c35ff,2026-03-03T09:46:47.324694Z,2026-03-09T13:24:31.557524Z,https://api.dandiarchive.org/api/assets/791940e2-7cf0-45eb-ba82-69aab99c35ff/download/
sub-PL050/sub-PL050_ses-2584ce3c-db10-4076-89cb-5d313138dd38_desc-processed_behavior+ecephys.nwb,476365618,fc66281f-72be-4c27-bd86-25d7e564f941,2026-03-03T09:46:54.231556Z,2026-03-09T13:24:31.568051Z,https://api.dandiarchive.org/api/assets/fc66281f-72be-4c27-bd86-25d7e564f941/download/
sub-PL037/sub-PL037_ses-d23b005f-46f5-4fe1-870c-f55f6eb9533d_desc-processed_behavior+ecephys.nwb,893874086,b14345a6-b3e8-403c-af07-b0cb9767c719,2026-03-03T09:46:58.139673Z,2026-03-09T13:24:31.578582Z,https://api.dandiarchive.org/api/assets/b14345a6-b3e8-403c-af07-b0cb9767c719/download/
sub-PL037/sub-PL037_ses-7235b10c-6621-44ea-abe9-01559633472d_desc-processed_behavior+ecephys.nwb,885247923,8e48b7fe-4ce0-4bc3-aa6c-b12792a4f561,2026-03-03T09:46:58.787165Z,2026-03-09T13:24:31.592203Z,https://api.dandiarchive.org/api/assets/8e48b7fe-4ce0-4bc3-aa6c-b12792a4f561/download/
sub-PL037/sub-PL037_ses-fd03d365-91df-41e2-ad81-9e0e4b9f5c7b_desc-processed_behavior+ecephys.nwb,917886788,19f704e9-5ce9-4ded-b856-2106c80f9a79,2026-03-03T09:47:03.919595Z,2026-03-09T13:24:31.601618Z,https://api.dandiarchive.org/api/assets/19f704e9-5ce9-4ded-b856-2106c80f9a79/download/
sub-PL050/sub-PL050_ses-c02e5155-8e8f-427e-873d-d61490bbb9c3_desc-processed_behavior+ecephys.nwb,738890032,412a0c33-ea16-433a-8da4-72100c9b3cc6,2026-03-03T09:47:05.972291Z,2026-03-09T13:24:31.611291Z,https://api.dandiarchive.org/api/assets/412a0c33-ea16-433a-8da4-72100c9b3cc6/download/
sub-PL050/sub-PL050_ses-e6de6c35-1508-4471-b7c3-f12a5c7a6d39_desc-processed_behavior+ecephys.nwb,734622180,93bbb8bd-f1b7-4ea3-b844-fead9212c648,2026-03-03T09:47:19.308570Z,2026-03-09T13:24:31.620100Z,https://api.dandiarchive.org/api/assets/93bbb8bd-f1b7-4ea3-b844-fead9212c648/download/
sub-PL037/sub-PL037_ses-14127fdb-2e66-4823-b124-f49c128ba94d_desc-processed_behavior+ecephys.nwb,1075963154,c4a583f8-3df5-4099-971a-47fbbce89ed3,2026-03-03T09:47:33.252042Z,2026-03-09T13:24:31.629843Z,https://api.dandiarchive.org/api/assets/c4a583f8-3df5-4099-971a-47fbbce89ed3/download/
sub-PL050/sub-PL050_ses-6ab9d98c-b1e9-4574-b8fe-b9eec88097e0_desc-processed_behavior+ecephys.nwb,944864423,6023d1a1-ad08-4012-b777-80f5d6d5039e,2026-03-03T09:47:39.541323Z,2026-03-09T13:24:31.642041Z,https://api.dandiarchive.org/api/assets/6023d1a1-ad08-4012-b777-80f5d6d5039e/download/
sub-ZFM-01936/sub-ZFM-01936_ses-3f6e25ae-c007-4dc3-aa77-450fd5705046_desc-processed_behavior+ecephys.nwb,535915168,452fe9eb-625f-43ac-85d2-7c63fd194a81,2026-03-03T09:47:40.282635Z,2026-03-09T13:24:31.653730Z,https://api.dandiarchive.org/api/assets/452fe9eb-625f-43ac-85d2-7c63fd194a81/download/
sub-PL050/sub-PL050_ses-37bbc17f-8dec-4fa8-97fd-e23a5c6bad1f_desc-processed_behavior+ecephys.nwb,951818213,aa413c60-bd54-4f64-a9be-533adc864157,2026-03-03T09:47:44.067206Z,2026-03-09T13:24:31.671743Z,https://api.dandiarchive.org/api/assets/aa413c60-bd54-4f64-a9be-533adc864157/download/
sub-ZFM-01937/sub-ZFM-01937_ses-113c5b6c-940e-4b21-b462-789b4c2be0e5_desc-processed_behavior+ecephys.nwb,586385668,a4316c4c-9688-4cd1-b1d5-874b826ea8c4,2026-03-03T09:47:51.370312Z,2026-03-09T13:24:31.681849Z,https://api.dandiarchive.org/api/assets/a4316c4c-9688-4cd1-b1d5-874b826ea8c4/download/
sub-SWC-043/sub-SWC-043_ses-f3ce3197-d534-4618-bf81-b687555d1883_desc-processed_behavior+ecephys.nwb,730896768,4d2dd812-b279-49aa-bf0b-799078816b7d,2026-03-03T09:48:08.216587Z,2026-03-09T13:24:31.694184Z,https://api.dandiarchive.org/api/assets/4d2dd812-b279-49aa-bf0b-799078816b7d/download/
sub-SWC-043/sub-SWC-043_ses-6fb1e12c-883b-46d1-a745-473cde3232c8_desc-processed_behavior+ecephys.nwb,452411602,2ff04aef-c8a4-4dce-8312-4ff588e1f20b,2026-03-03T09:48:13.685559Z,2026-03-09T13:24:31.704283Z,https://api.dandiarchive.org/api/assets/2ff04aef-c8a4-4dce-8312-4ff588e1f20b/download/
sub-PL050/sub-PL050_ses-e6bdb1f4-b0bf-4451-8f23-4384f2102f91_desc-processed_behavior+ecephys.nwb,1078119912,199defe7-5d4b-4fe0-b67c-35b29e644482,2026-03-03T09:48:29.495358Z,2026-03-09T13:24:31.714979Z,https://api.dandiarchive.org/api/assets/199defe7-5d4b-4fe0-b67c-35b29e644482/download/
sub-SWC-043/sub-SWC-043_ses-88d24c31-52e4-49cc-9f32-6adbeb9eba87_desc-processed_behavior+ecephys.nwb,549323739,53159db7-34ee-4567-b762-055c877ab7dd,2026-03-03T09:48:33.508157Z,2026-03-09T13:24:31.725049Z,https://api.dandiarchive.org/api/assets/53159db7-34ee-4567-b762-055c877ab7dd/download/
sub-ZFM-02370/sub-ZFM-02370_ses-d0c91c3c-8cbb-4929-8657-31f18bffc294_desc-processed_behavior+ecephys.nwb,639448600,f436ca07-7dd7-43f4-a7d2-b448ffde496f,2026-03-03T09:48:41.831418Z,2026-03-09T13:24:31.739858Z,https://api.dandiarchive.org/api/assets/f436ca07-7dd7-43f4-a7d2-b448ffde496f/download/
sub-ZFM-01937/sub-ZFM-01937_ses-0b7ee1b6-42db-46cd-a465-08f531366187_desc-processed_behavior+ecephys.nwb,967267156,90fd918a-f064-494b-beaf-56650c256ad2,2026-03-03T09:48:50.357438Z,2026-03-09T13:24:31.749803Z,https://api.dandiarchive.org/api/assets/90fd918a-f064-494b-beaf-56650c256ad2/download/
sub-SWC-042/sub-SWC-042_ses-66d98e6e-bcd9-4e78-8fbb-636f7e808b29_desc-processed_behavior+ecephys.nwb,1080163689,58e2c44b-7148-4f16-a7fd-eb5d51763d23,2026-03-03T09:48:56.371881Z,2026-03-09T13:24:31.759817Z,https://api.dandiarchive.org/api/assets/58e2c44b-7148-4f16-a7fd-eb5d51763d23/download/
sub-ZFM-02370/sub-ZFM-02370_ses-6f6d2c8e-28be-49f4-ae4d-06be2d3148c1_desc-processed_behavior+ecephys.nwb,677212149,8ef42f03-99df-4f46-a312-5253ed48ccb8,2026-03-03T09:48:59.728214Z,2026-03-09T13:24:31.770369Z,https://api.dandiarchive.org/api/assets/8ef42f03-99df-4f46-a312-5253ed48ccb8/download/
sub-ZFM-01936/sub-ZFM-01936_ses-2c44a360-5a56-4971-8009-f469fb59de98_desc-processed_behavior+ecephys.nwb,954443886,6dfaad1f-848f-4878-9559-111a67cdbb4f,2026-03-03T09:49:02.521928Z,2026-03-09T13:24:31.780425Z,https://api.dandiarchive.org/api/assets/6dfaad1f-848f-4878-9559-111a67cdbb4f/download/
sub-SWC-043/sub-SWC-043_ses-c6db3304-c906-400c-aa0f-45dd3945b2ea_desc-processed_behavior+ecephys.nwb,692305562,b1a1c9cb-af96-439d-b607-b384d0473497,2026-03-03T09:49:02.837493Z,2026-03-09T13:24:31.793142Z,https://api.dandiarchive.org/api/assets/b1a1c9cb-af96-439d-b607-b384d0473497/download/
sub-ZFM-02372/sub-ZFM-02372_ses-7cec9792-b8f9-4878-be7e-f08103dc0323_desc-processed_behavior+ecephys.nwb,685526757,a4296d36-aa03-4242-bfbb-de1c82ea7d57,2026-03-03T09:49:17.579245Z,2026-03-09T13:24:31.804611Z,https://api.dandiarchive.org/api/assets/a4296d36-aa03-4242-bfbb-de1c82ea7d57/download/
sub-PL050/sub-PL050_ses-1dbba733-24a4-4400-9436-53f1bd8428e8_desc-processed_behavior+ecephys.nwb,1246365484,0e06cf91-f6d4-41f8-bbd6-a37a58db3df5,2026-03-03T09:49:20.486876Z,2026-03-09T13:24:31.815288Z,https://api.dandiarchive.org/api/assets/0e06cf91-f6d4-41f8-bbd6-a37a58db3df5/download/
sub-ZM-1897/sub-ZM-1897_ses-e5fae088-ed96-4d9b-82f9-dfd13c259d52_desc-processed_behavior+ecephys.nwb,426753456,b42d291e-bbf6-40df-b6fc-044b6cf73862,2026-03-03T09:49:44.284979Z,2026-03-09T13:24:31.830510Z,https://api.dandiarchive.org/api/assets/b42d291e-bbf6-40df-b6fc-044b6cf73862/download/
sub-SWC-066/sub-SWC-066_ses-a4747ac8-6a75-444f-b99b-696fff0243fd_desc-processed_behavior+ecephys.nwb,208909920,fdd57f36-3973-45cc-9bb6-15b09e0e2769,2026-03-03T09:49:51.058613Z,2026-03-09T13:24:31.839597Z,https://api.dandiarchive.org/api/assets/fdd57f36-3973-45cc-9bb6-15b09e0e2769/download/
sub-ZFM-02368/sub-ZFM-02368_ses-a4a74102-2af5-45dc-9e41-ef7f5aed88be_desc-processed_behavior+ecephys.nwb,1129142933,212dfbb5-f029-44d0-b333-d12a09f5c546,2026-03-03T09:50:11.377150Z,2026-03-09T13:24:31.858425Z,https://api.dandiarchive.org/api/assets/212dfbb5-f029-44d0-b333-d12a09f5c546/download/
sub-ZM-1897/sub-ZM-1897_ses-dd4da095-4a99-4bf3-9727-f735077dba66_desc-processed_behavior+ecephys.nwb,618874558,3cb6af2c-8e9d-4b16-8c5b-d44ad80ead7b,2026-03-03T09:50:36.755438Z,2026-03-09T13:24:31.873949Z,https://api.dandiarchive.org/api/assets/3cb6af2c-8e9d-4b16-8c5b-d44ad80ead7b/download/
sub-SWC-042/sub-SWC-042_ses-f9860a11-24d3-452e-ab95-39e199f20a93_desc-processed_behavior+ecephys.nwb,1543273666,fcc549ce-b476-41f2-b2fc-1a9ab4ace438,2026-03-03T09:50:43.808405Z,2026-03-09T13:24:31.885261Z,https://api.dandiarchive.org/api/assets/fcc549ce-b476-41f2-b2fc-1a9ab4ace438/download/
sub-SWC-043/sub-SWC-043_ses-6f09ba7e-e3ce-44b0-932b-c003fb44fb89_desc-processed_behavior+ecephys.nwb,1379965050,646fc905-2030-40b0-9806-30c2131fedec,2026-03-03T09:50:44.382415Z,2026-03-09T13:24:31.900090Z,https://api.dandiarchive.org/api/assets/646fc905-2030-40b0-9806-30c2131fedec/download/
sub-ZM-1898/sub-ZM-1898_ses-53738f95-bd08-4d9d-9133-483fdb19e8da_desc-processed_behavior+ecephys.nwb,555472399,5306f235-4955-4037-9d3e-b9e4d6c222ea,2026-03-03T09:50:46.838869Z,2026-03-09T13:24:31.913101Z,https://api.dandiarchive.org/api/assets/5306f235-4955-4037-9d3e-b9e4d6c222ea/download/
sub-SWC-043/sub-SWC-043_ses-695a6073-eae0-49e0-bb0f-e9e57a9275b9_desc-processed_behavior+ecephys.nwb,1392660611,ff185877-5891-4276-ba18-838f6180b2d5,2026-03-03T09:50:47.156922Z,2026-03-09T13:24:31.933273Z,https://api.dandiarchive.org/api/assets/ff185877-5891-4276-ba18-838f6180b2d5/download/
sub-SWC-060/sub-SWC-060_ses-dac3a4c1-b666-4de0-87e8-8c514483cacf_desc-processed_behavior+ecephys.nwb,905644314,d8b5db93-a9cb-43bb-9ad9-83c337b401e0,2026-03-03T09:50:54.754333Z,2026-03-09T13:24:31.945714Z,https://api.dandiarchive.org/api/assets/d8b5db93-a9cb-43bb-9ad9-83c337b401e0/download/
sub-SWC-060/sub-SWC-060_ses-875c1e5c-f7ec-45ac-ab82-ecfe7276a707_desc-processed_behavior+ecephys.nwb,983773654,3e76d7ab-9e2c-4a1c-b64c-680ecdb7aea0,2026-03-03T09:51:09.960992Z,2026-03-09T13:24:31.956013Z,https://api.dandiarchive.org/api/assets/3e76d7ab-9e2c-4a1c-b64c-680ecdb7aea0/download/
sub-PL050/sub-PL050_ses-98e0074c-706a-40e5-bbb5-223f97585a99_desc-processed_behavior+ecephys.nwb,1975032434,e2266247-5906-4af6-8e67-7a08819cddce,2026-03-03T09:51:14.177625Z,2026-03-09T13:24:31.967763Z,https://api.dandiarchive.org/api/assets/e2266247-5906-4af6-8e67-7a08819cddce/download/
sub-ZFM-02372/sub-ZFM-02372_ses-88224abb-5746-431f-9c17-17d7ef806e6a_desc-processed_behavior+ecephys.nwb,1212777413,a9d69643-5a2f-4931-a76b-42d722eadaec,2026-03-03T09:51:14.346545Z,2026-03-09T13:24:31.977424Z,https://api.dandiarchive.org/api/assets/a9d69643-5a2f-4931-a76b-42d722eadaec/download/
sub-ZM-2241/sub-ZM-2241_ses-e49d8ee7-24b9-416a-9d04-9be33b655f40_desc-processed_behavior+ecephys.nwb,410589446,c23650dd-55e5-4e7d-a496-51db841eccac,2026-03-03T09:51:16.115804Z,2026-03-09T13:24:31.986795Z,https://api.dandiarchive.org/api/assets/c23650dd-55e5-4e7d-a496-51db841eccac/download/
sub-SWC-066/sub-SWC-066_ses-f4ffb731-8349-4fe4-806e-0232a84e52dd_desc-processed_behavior+ecephys.nwb,829125620,67e9f23d-8ccc-49a9-be97-b480ffd778c3,2026-03-03T09:51:21.577996Z,2026-03-09T13:24:31.996750Z,https://api.dandiarchive.org/api/assets/67e9f23d-8ccc-49a9-be97-b480ffd778c3/download/
sub-ZFM-01576/sub-ZFM-01576_ses-9e9c6fc0-4769-4d83-9ea4-b59a1230510e_desc-processed_behavior+ecephys.nwb,808025814,a987cc91-5fc7-4b64-9820-d57b5d7153c7,2026-03-03T09:51:30.990390Z,2026-03-09T13:24:32.006402Z,https://api.dandiarchive.org/api/assets/a987cc91-5fc7-4b64-9820-d57b5d7153c7/download/
sub-ZM-2240/sub-ZM-2240_ses-193fe7a8-4eb5-4f3e-815a-0c45864ddd77_desc-processed_behavior+ecephys.nwb,753289204,f5813a6d-8bdc-4ae4-9646-00090e1c4145,2026-03-03T09:51:34.939926Z,2026-03-09T13:24:32.016499Z,https://api.dandiarchive.org/api/assets/f5813a6d-8bdc-4ae4-9646-00090e1c4145/download/
sub-ZM-1898/sub-ZM-1898_ses-21e16736-fd59-44c7-b938-9b1333d25da8_desc-processed_behavior+ecephys.nwb,1060165597,ee79cb3f-ec66-4acd-9117-119923370d0c,2026-03-03T09:51:44.625958Z,2026-03-09T13:24:32.026658Z,https://api.dandiarchive.org/api/assets/ee79cb3f-ec66-4acd-9117-119923370d0c/download/
sub-SWC-061/sub-SWC-061_ses-360eac0c-7d2d-4cc1-9dcf-79fc7afc56e7_desc-processed_behavior+ecephys.nwb,1116107762,672abfb1-26cc-40a8-b205-daa16f0e1c7c,2026-03-03T09:52:10.557891Z,2026-03-09T13:24:32.035762Z,https://api.dandiarchive.org/api/assets/672abfb1-26cc-40a8-b205-daa16f0e1c7c/download/
sub-ZFM-02373/sub-ZFM-02373_ses-0802ced5-33a3-405e-8336-b65ebc5cb07c_desc-processed_behavior+ecephys.nwb,1235805314,5c37e786-8249-42f9-be4b-aaf227373193,2026-03-03T09:52:13.048716Z,2026-03-09T13:24:32.044245Z,https://api.dandiarchive.org/api/assets/5c37e786-8249-42f9-be4b-aaf227373193/download/
sub-SWC-061/sub-SWC-061_ses-d7e60cc3-6020-429e-a654-636c6cc677ea_desc-processed_behavior+ecephys.nwb,1035834522,7413ddab-98cc-430f-ab70-9b096ec14230,2026-03-03T09:52:20.811556Z,2026-03-09T13:24:32.053054Z,https://api.dandiarchive.org/api/assets/7413ddab-98cc-430f-ab70-9b096ec14230/download/
sub-ZFM-01935/sub-ZFM-01935_ses-f5591ac5-311d-4fa8-9bad-029d7be9c491_desc-processed_behavior+ecephys.nwb,623252529,1f81d43f-aab1-4765-8d86-4f9475526c23,2026-03-03T09:52:22.126263Z,2026-03-09T13:24:32.062331Z,https://api.dandiarchive.org/api/assets/1f81d43f-aab1-4765-8d86-4f9475526c23/download/
sub-ZFM-01577/sub-ZFM-01577_ses-63f3dbc1-1a5f-44e5-98dd-ce25cd2b7871_desc-processed_behavior+ecephys.nwb,900087130,26ce0fef-d1db-4a94-b926-110485dce9f4,2026-03-03T09:52:26.542304Z,2026-03-09T13:24:32.071138Z,https://api.dandiarchive.org/api/assets/26ce0fef-d1db-4a94-b926-110485dce9f4/download/
sub-SWC-043/sub-SWC-043_ses-4ecb5d24-f5cc-402c-be28-9d0f7cb14b3a_desc-processed_behavior+ecephys.nwb,1573982177,0cef8001-6352-4231-b2e5-7d7b36e8878f,2026-03-03T09:52:29.917780Z,2026-03-09T13:24:32.079900Z,https://api.dandiarchive.org/api/assets/0cef8001-6352-4231-b2e5-7d7b36e8878f/download/
sub-ZFM-04308/sub-ZFM-04308_ses-239dd3c9-35f3-4462-95ee-91b822a22e6b_desc-processed_behavior+ecephys.nwb,1358250140,545490bc-5c8f-408a-8d06-9c338f7cfd1c,2026-03-03T09:52:30.838606Z,2026-03-09T13:24:32.088704Z,https://api.dandiarchive.org/api/assets/545490bc-5c8f-408a-8d06-9c338f7cfd1c/download/
sub-ZM-2240/sub-ZM-2240_ses-510b1a50-825d-44ce-86f6-9678f5396e02_desc-processed_behavior+ecephys.nwb,1136345807,8880a190-33f8-4944-8f10-93a92334025b,2026-03-03T09:52:37.080565Z,2026-03-09T13:24:32.101856Z,https://api.dandiarchive.org/api/assets/8880a190-33f8-4944-8f10-93a92334025b/download/
sub-ZM-2241/sub-ZM-2241_ses-465c44bd-2e67-4112-977b-36e1ac7e3f8c_desc-processed_behavior+ecephys.nwb,955912086,cb43cb8a-a551-40cd-bcc3-d880efa06993,2026-03-03T09:53:12.665758Z,2026-03-09T13:24:32.112576Z,https://api.dandiarchive.org/api/assets/cb43cb8a-a551-40cd-bcc3-d880efa06993/download/
sub-ZFM-01935/sub-ZFM-01935_ses-ab8a0899-a59f-42e4-8807-95b14056104b_desc-processed_behavior+ecephys.nwb,967096079,3a616775-6eb9-4cb2-9da3-a433358bad75,2026-03-03T09:53:20.781163Z,2026-03-09T13:24:32.123257Z,https://api.dandiarchive.org/api/assets/3a616775-6eb9-4cb2-9da3-a433358bad75/download/
sub-ZFM-01936/sub-ZFM-01936_ses-d0ea3148-948d-4817-94f8-dcaf2342bbbe_desc-processed_behavior+ecephys.nwb,834111013,e043a82d-a523-482e-954f-bf5e13b82c1f,2026-03-03T09:53:29.176494Z,2026-03-09T13:24:32.132866Z,https://api.dandiarchive.org/api/assets/e043a82d-a523-482e-954f-bf5e13b82c1f/download/
sub-ZFM-01936/sub-ZFM-01936_ses-4aa1d525-5c7d-4c50-a147-ec53a9014812_desc-processed_behavior+ecephys.nwb,694078400,f83cc3e6-1285-496c-aa28-b0621fdf4067,2026-03-03T09:53:32.671289Z,2026-03-09T13:24:32.147326Z,https://api.dandiarchive.org/api/assets/f83cc3e6-1285-496c-aa28-b0621fdf4067/download/
sub-ZM-2240/sub-ZM-2240_ses-259927fd-7563-4b03-bc5d-17b4d0fa7a55_desc-processed_behavior+ecephys.nwb,1364389280,3a42a7ca-977f-4a33-9363-5b6f20af94e8,2026-03-03T09:53:33.124473Z,2026-03-09T13:24:32.159653Z,https://api.dandiarchive.org/api/assets/3a42a7ca-977f-4a33-9363-5b6f20af94e8/download/
sub-ZFM-01935/sub-ZFM-01935_ses-71e03be6-b497-4991-a121-9416dcc1a6e7_desc-processed_behavior+ecephys.nwb,1001054953,1051bb7b-30b7-43a4-a310-79ec498d6cfb,2026-03-03T09:53:37.035208Z,2026-03-09T13:24:32.169911Z,https://api.dandiarchive.org/api/assets/1051bb7b-30b7-43a4-a310-79ec498d6cfb/download/
sub-ZM-3003/sub-ZM-3003_ses-934dd7a4-fbdc-459c-8830-04fe9033bc28_desc-processed_behavior+ecephys.nwb,925893493,1d9932eb-55ba-417e-801f-c3c5f0c58620,2026-03-03T09:53:37.838104Z,2026-03-09T13:24:32.181790Z,https://api.dandiarchive.org/api/assets/1d9932eb-55ba-417e-801f-c3c5f0c58620/download/
sub-ZFM-01936/sub-ZFM-01936_ses-9b5a1754-ac99-4d53-97d3-35c2f6638507_desc-processed_behavior+ecephys.nwb,697435395,d5b94770-c29e-4042-9f02-e474804a292c,2026-03-03T09:53:37.859178Z,2026-03-09T13:24:32.201877Z,https://api.dandiarchive.org/api/assets/d5b94770-c29e-4042-9f02-e474804a292c/download/
sub-ZFM-02369/sub-ZFM-02369_ses-72cb5550-43b4-4ef0-add5-e4adfdfb5e02_desc-processed_behavior+ecephys.nwb,2292951020,5faacd7e-1954-4ca6-84d9-fda4cbb775cf,2026-03-03T09:53:41.726323Z,2026-03-09T13:24:32.218157Z,https://api.dandiarchive.org/api/assets/5faacd7e-1954-4ca6-84d9-fda4cbb775cf/download/
sub-ZM-3003/sub-ZM-3003_ses-fe1fd79f-b051-411f-a0a9-2530a02cc78d_desc-processed_behavior+ecephys.nwb,1009215430,510490c0-1273-4f5a-8df1-59fea000145f,2026-03-03T09:54:02.322703Z,2026-03-09T13:24:32.230587Z,https://api.dandiarchive.org/api/assets/510490c0-1273-4f5a-8df1-59fea000145f/download/
sub-ZM-2240/sub-ZM-2240_ses-d33baf74-263c-4b37-a0d0-b79dcb80a764_desc-processed_behavior+ecephys.nwb,1565969943,46f233d8-d0f6-4af9-8934-3eb57687914c,2026-03-03T09:54:11.063957Z,2026-03-09T13:24:32.252721Z,https://api.dandiarchive.org/api/assets/46f233d8-d0f6-4af9-8934-3eb57687914c/download/
sub-ZM-2245/sub-ZM-2245_ses-cb2ad999-a6cb-42ff-bf71-1774c57e5308_desc-processed_behavior+ecephys.nwb,1298213175,178edc7b-3c87-4826-83fe-ba5da207f359,2026-03-03T09:54:26.235523Z,2026-03-09T13:24:32.262664Z,https://api.dandiarchive.org/api/assets/178edc7b-3c87-4826-83fe-ba5da207f359/download/
sub-SWC-052/sub-SWC-052_ses-fc14c0d6-51cf-48ba-b326-56ed5a9420c3_desc-processed_behavior+ecephys.nwb,723173355,31cf56c6-9200-404b-89cc-569d859caf36,2026-03-03T09:54:37.377252Z,2026-03-09T13:24:32.271881Z,https://api.dandiarchive.org/api/assets/31cf56c6-9200-404b-89cc-569d859caf36/download/
sub-ZM-2241/sub-ZM-2241_ses-f8d5c8b0-b931-4151-b86c-c471e2e80e5d_desc-processed_behavior+ecephys.nwb,1438195797,6d132e47-d8bf-40eb-b96a-52ee3297efbc,2026-03-03T09:54:41.469769Z,2026-03-09T13:24:32.284465Z,https://api.dandiarchive.org/api/assets/6d132e47-d8bf-40eb-b96a-52ee3297efbc/download/
sub-ZFM-01592/sub-ZFM-01592_ses-56bc129c-6265-407a-a208-cc16d20a6c01_desc-processed_behavior+ecephys.nwb,1723330104,db779913-8dbf-4c35-82cf-f503daa9aa15,2026-03-03T09:54:46.281018Z,2026-03-09T13:24:32.299453Z,https://api.dandiarchive.org/api/assets/db779913-8dbf-4c35-82cf-f503daa9aa15/download/
sub-ZM-2241/sub-ZM-2241_ses-ff4187b5-4176-4e39-8894-53a24b7cf36b_desc-processed_behavior+ecephys.nwb,1633623164,a35346cd-3d4a-4862-a0ce-f844c7efe8a8,2026-03-03T09:54:48.681255Z,2026-03-09T13:24:32.308148Z,https://api.dandiarchive.org/api/assets/a35346cd-3d4a-4862-a0ce-f844c7efe8a8/download/
sub-ZFM-01576/sub-ZFM-01576_ses-c4432264-e1ae-446f-8a07-6280abade813_desc-processed_behavior+ecephys.nwb,1735703412,223c5ed1-defd-41e1-aae0-03a504fdcf2c,2026-03-03T09:54:48.876328Z,2026-03-09T13:24:32.317121Z,https://api.dandiarchive.org/api/assets/223c5ed1-defd-41e1-aae0-03a504fdcf2c/download/
sub-SWC-038/sub-SWC-038_ses-4d8c7767-981c-4347-8e5e-5d5fffe38534_desc-processed_behavior+ecephys.nwb,1108736075,198cffd9-5d37-439e-bff8-03d942310d12,2026-03-03T09:54:50.003364Z,2026-03-09T13:24:32.325898Z,https://api.dandiarchive.org/api/assets/198cffd9-5d37-439e-bff8-03d942310d12/download/
sub-ZFM-01577/sub-ZFM-01577_ses-09b2c4d1-058d-4c84-9fd4-97530f85baf6_desc-processed_behavior+ecephys.nwb,1801162746,a2929247-8a90-4724-affe-56799e4a2e16,2026-03-03T09:55:05.518751Z,2026-03-09T13:24:32.335579Z,https://api.dandiarchive.org/api/assets/a2929247-8a90-4724-affe-56799e4a2e16/download/
sub-SWC-038/sub-SWC-038_ses-03063955-2523-47bd-ae57-f7489dd40f15_desc-processed_behavior+ecephys.nwb,1121032324,94e8ee5b-c6a9-4559-9b46-9bcc224f01e5,2026-03-03T09:55:08.216783Z,2026-03-09T13:24:32.350370Z,https://api.dandiarchive.org/api/assets/94e8ee5b-c6a9-4559-9b46-9bcc224f01e5/download/
sub-ibl-witten-26/sub-ibl-witten-26_ses-8c2f7f4d-7346-42a4-a715-4d37a5208535_desc-processed_behavior+ecephys.nwb,384023310,7baf44b1-3477-4526-87f8-4f7757e28e5c,2026-03-03T09:55:12.297583Z,2026-03-09T13:24:32.361855Z,https://api.dandiarchive.org/api/assets/7baf44b1-3477-4526-87f8-4f7757e28e5c/download/
sub-SWC-053/sub-SWC-053_ses-032452e9-1886-449d-9c13-0f192572e19f_desc-processed_behavior+ecephys.nwb,600227056,b4ef56c7-3385-44fb-967e-96f41878fe3f,2026-03-03T09:55:41.441326Z,2026-03-09T13:24:32.372477Z,https://api.dandiarchive.org/api/assets/b4ef56c7-3385-44fb-967e-96f41878fe3f/download/
sub-SWC-038/sub-SWC-038_ses-1e45d992-c356-40e1-9be1-a506d944896f_desc-processed_behavior+ecephys.nwb,1312153386,51b123e3-996b-4a52-991d-97a300080212,2026-03-03T09:55:50.120915Z,2026-03-09T13:24:32.385542Z,https://api.dandiarchive.org/api/assets/51b123e3-996b-4a52-991d-97a300080212/download/
sub-SWC-052/sub-SWC-052_ses-7416f387-b302-4ca3-8daf-03b585a1b7ec_desc-processed_behavior+ecephys.nwb,998371968,7deeae76-6119-454e-a417-2a209d356e22,2026-03-03T09:55:57.052891Z,2026-03-09T13:24:32.399948Z,https://api.dandiarchive.org/api/assets/7deeae76-6119-454e-a417-2a209d356e22/download/
sub-ZFM-01935/sub-ZFM-01935_ses-1a507308-c63a-4e02-8f32-3239a07dc578_desc-processed_behavior+ecephys.nwb,1845716097,58e693da-0a0e-4120-b075-376302c9f38a,2026-03-03T09:56:08.056371Z,2026-03-09T13:24:32.409899Z,https://api.dandiarchive.org/api/assets/58e693da-0a0e-4120-b075-376302c9f38a/download/
sub-SWC-054/sub-SWC-054_ses-6bb5da8f-6858-4fdd-96d9-c34b3b841593_desc-processed_behavior+ecephys.nwb,452455280,a5da32d9-9723-4da8-9b7b-b34b4040df42,2026-03-03T09:56:08.377034Z,2026-03-09T13:24:32.421845Z,https://api.dandiarchive.org/api/assets/a5da32d9-9723-4da8-9b7b-b34b4040df42/download/
sub-ZFM-01592/sub-ZFM-01592_ses-5b609f9b-75cb-43d3-9c39-b5b4b7a0db67_desc-processed_behavior+ecephys.nwb,2010182286,9a98ba5e-55ce-42b0-879d-a3b1808a058f,2026-03-03T09:56:13.491682Z,2026-03-09T13:24:32.432133Z,https://api.dandiarchive.org/api/assets/9a98ba5e-55ce-42b0-879d-a3b1808a058f/download/
sub-SWC-052/sub-SWC-052_ses-45ef6691-7b80-4a43-bd1a-85fc00851ae8_desc-processed_behavior+ecephys.nwb,1194187088,6b18ebcf-c13d-4540-a42f-0820ba9cdd6f,2026-03-03T09:56:16.535374Z,2026-03-09T13:24:32.441738Z,https://api.dandiarchive.org/api/assets/6b18ebcf-c13d-4540-a42f-0820ba9cdd6f/download/
sub-ZFM-01577/sub-ZFM-01577_ses-5d6aa933-4b00-4e99-ae2d-5003657592e9_desc-processed_behavior+ecephys.nwb,2220839042,1b432f51-94b8-4e08-9b46-66508d4b57ef,2026-03-03T09:56:17.951926Z,2026-03-09T13:24:32.451417Z,https://api.dandiarchive.org/api/assets/1b432f51-94b8-4e08-9b46-66508d4b57ef/download/
sub-ZFM-01592/sub-ZFM-01592_ses-746d1902-fa59-4cab-b0aa-013be36060d5_desc-processed_behavior+ecephys.nwb,2092582360,2a95ae6f-193c-4a16-88b1-5d8009e5c1c5,2026-03-03T09:56:24.543526Z,2026-03-09T13:24:32.460198Z,https://api.dandiarchive.org/api/assets/2a95ae6f-193c-4a16-88b1-5d8009e5c1c5/download/
sub-ZM-2241/sub-ZM-2241_ses-ee40aece-cffd-4edb-a4b6-155f158c666a_desc-processed_behavior+ecephys.nwb,2074104246,88d6f13d-58cc-4d97-a66d-2481e105b3d4,2026-03-03T09:56:24.651778Z,2026-03-09T13:24:32.469002Z,https://api.dandiarchive.org/api/assets/88d6f13d-58cc-4d97-a66d-2481e105b3d4/download/
sub-ibl-witten-27/sub-ibl-witten-27_ses-91e04f86-89df-4dec-a8f8-fa915c9a5f1a_desc-processed_behavior+ecephys.nwb,655038495,2cf1b092-840f-4713-92b4-2e91aeed72c9,2026-03-03T09:56:34.231203Z,2026-03-09T13:24:32.477939Z,https://api.dandiarchive.org/api/assets/2cf1b092-840f-4713-92b4-2e91aeed72c9/download/
sub-SWC-058/sub-SWC-058_ses-3638d102-e8b6-4230-8742-e548cd87a949_desc-processed_behavior+ecephys.nwb,730674455,815ff343-fb19-4055-be5c-36f8772a124b,2026-03-03T09:56:51.501391Z,2026-03-09T13:24:32.489300Z,https://api.dandiarchive.org/api/assets/815ff343-fb19-4055-be5c-36f8772a124b/download/
sub-SWC-052/sub-SWC-052_ses-7cb81727-2097-4b52-b480-c89867b5b34c_desc-processed_behavior+ecephys.nwb,1020795011,58360097-af8c-4008-9475-13aaaa249317,2026-03-03T09:56:52.041673Z,2026-03-09T13:24:32.498206Z,https://api.dandiarchive.org/api/assets/58360097-af8c-4008-9475-13aaaa249317/download/
sub-SWC-039/sub-SWC-039_ses-768a371d-7e88-47f8-bf21-4a6a6570dd6e_desc-processed_behavior+ecephys.nwb,1683073934,0ff27a77-0b94-44a4-9341-a6c8d29869d9,2026-03-03T09:57:18.198840Z,2026-03-09T13:24:32.507269Z,https://api.dandiarchive.org/api/assets/0ff27a77-0b94-44a4-9341-a6c8d29869d9/download/
sub-NR-0017/sub-NR-0017_ses-e6043c7d-8f6e-4b66-8309-2ec0abac0f79_desc-processed_behavior+ecephys.nwb,816909417,b998e02d-4512-47be-8b86-55e3fd29b0e3,2026-03-03T09:57:21.441171Z,2026-03-09T13:24:32.517100Z,https://api.dandiarchive.org/api/assets/b998e02d-4512-47be-8b86-55e3fd29b0e3/download/
sub-NR-0019/sub-NR-0019_ses-9b528ad0-4599-4a55-9148-96cc1d93fb24_desc-processed_behavior+ecephys.nwb,736934011,9eab7c29-1915-4745-a8ab-21e554a892d7,2026-03-03T09:57:24.202321Z,2026-03-09T13:24:32.525884Z,https://api.dandiarchive.org/api/assets/9eab7c29-1915-4745-a8ab-21e554a892d7/download/
sub-ibl-witten-26/sub-ibl-witten-26_ses-dc21e80d-97d7-44ca-a729-a8e3f9b14305_desc-processed_behavior+ecephys.nwb,1181362938,f8ae43de-2aec-4645-9a10-e7a8b31efcec,2026-03-03T09:57:26.349414Z,2026-03-09T13:24:32.536403Z,https://api.dandiarchive.org/api/assets/f8ae43de-2aec-4645-9a10-e7a8b31efcec/download/
sub-SWC-052/sub-SWC-052_ses-1928bf72-2002-46a6-8930-728420402e01_desc-processed_behavior+ecephys.nwb,1381004414,57cdc3d8-8686-4467-95e4-7515ac771d75,2026-03-03T09:57:32.716666Z,2026-03-09T13:24:32.545621Z,https://api.dandiarchive.org/api/assets/57cdc3d8-8686-4467-95e4-7515ac771d75/download/
sub-SWC-054/sub-SWC-054_ses-91796ceb-e314-4859-9a1f-092f85cc846a_desc-processed_behavior+ecephys.nwb,1101904494,a2adb203-5b6b-49f3-8c9d-cf8a9e1c2de5,2026-03-03T09:57:33.465760Z,2026-03-09T13:24:32.554024Z,https://api.dandiarchive.org/api/assets/a2adb203-5b6b-49f3-8c9d-cf8a9e1c2de5/download/
sub-SWC-052/sub-SWC-052_ses-22e04698-b974-4805-b241-3b547dbf37bf_desc-processed_behavior+ecephys.nwb,1328627610,59f122fe-97e9-4d87-beab-eb7756103d37,2026-03-03T09:57:34.289037Z,2026-03-09T13:24:32.566822Z,https://api.dandiarchive.org/api/assets/59f122fe-97e9-4d87-beab-eb7756103d37/download/
sub-ibl-witten-29/sub-ibl-witten-29_ses-821f1883-27f3-411d-afd3-fb8241bbc39a_desc-processed_behavior+ecephys.nwb,700558952,c27a08ab-4e52-4bde-ac33-dd0be1aa2854,2026-03-03T09:57:38.554729Z,2026-03-09T13:24:32.575875Z,https://api.dandiarchive.org/api/assets/c27a08ab-4e52-4bde-ac33-dd0be1aa2854/download/
sub-SWC-053/sub-SWC-053_ses-75b6b132-d998-4fba-8482-961418ac957d_desc-processed_behavior+ecephys.nwb,1112415292,0c5c5be5-acd1-49af-b656-256f1eed6e6c,2026-03-03T09:57:41.325709Z,2026-03-09T13:24:32.586119Z,https://api.dandiarchive.org/api/assets/0c5c5be5-acd1-49af-b656-256f1eed6e6c/download/
sub-ibl-witten-29/sub-ibl-witten-29_ses-69a0e953-a643-4f0e-bb26-dc65af3ea7d7_desc-processed_behavior+ecephys.nwb,710728828,f794034d-4455-4dfb-889e-7311cda4e0ec,2026-03-03T09:57:42.166320Z,2026-03-09T13:24:32.597657Z,https://api.dandiarchive.org/api/assets/f794034d-4455-4dfb-889e-7311cda4e0ec/download/
sub-SWC-054/sub-SWC-054_ses-6c6983ef-7383-4989-9183-32b1a300d17a_desc-processed_behavior+ecephys.nwb,1007116015,3a34b958-5b77-4df7-b1f5-09359ad6ffa1,2026-03-03T09:57:57.342337Z,2026-03-09T13:24:32.609022Z,https://api.dandiarchive.org/api/assets/3a34b958-5b77-4df7-b1f5-09359ad6ffa1/download/
sub-ibl-witten-29/sub-ibl-witten-29_ses-af55d16f-0e31-4073-bdb5-26da54914aa2_desc-processed_behavior+ecephys.nwb,1044570680,11d6f5ae-9bc6-4a6a-9386-2e86bf60da22,2026-03-03T09:57:58.913329Z,2026-03-09T13:24:32.620864Z,https://api.dandiarchive.org/api/assets/11d6f5ae-9bc6-4a6a-9386-2e86bf60da22/download/
sub-SWC-053/sub-SWC-053_ses-239cdbb1-68e2-4eb0-91d8-ae5ae4001c7a_desc-processed_behavior+ecephys.nwb,1298700759,a79329d2-01b5-42a3-b105-af1a5930f2fc,2026-03-03T09:57:59.358494Z,2026-03-09T13:24:32.631387Z,https://api.dandiarchive.org/api/assets/a79329d2-01b5-42a3-b105-af1a5930f2fc/download/
sub-ibl-witten-27/sub-ibl-witten-27_ses-73918ae1-e4fd-4c18-b132-00cb555b1ad2_desc-processed_behavior+ecephys.nwb,871927243,bfd50db7-f88e-471f-a840-395311a1d6a3,2026-03-03T09:58:02.701471Z,2026-03-09T13:24:32.641082Z,https://api.dandiarchive.org/api/assets/bfd50db7-f88e-471f-a840-395311a1d6a3/download/
sub-ibl-witten-27/sub-ibl-witten-27_ses-f304211a-81b1-446f-a435-25e589fe3a5a_desc-processed_behavior+ecephys.nwb,999239714,34ac220d-e483-470b-9d46-4fe0622c1bae,2026-03-03T09:58:06.239109Z,2026-03-09T13:24:32.652619Z,https://api.dandiarchive.org/api/assets/34ac220d-e483-470b-9d46-4fe0622c1bae/download/
sub-NR-0020/sub-NR-0020_ses-5b49aca6-a6f4-4075-931a-617ad64c219c_desc-processed_behavior+ecephys.nwb,594058876,b429fe7a-3855-4f04-b000-784dff445f9c,2026-03-03T09:58:13.451447Z,2026-03-09T13:24:32.665388Z,https://api.dandiarchive.org/api/assets/b429fe7a-3855-4f04-b000-784dff445f9c/download/
sub-SWC-052/sub-SWC-052_ses-f84045b0-ce09-4ace-9d11-5ea491620707_desc-processed_behavior+ecephys.nwb,1509169501,8656afb7-4b5c-4d64-a0bb-651c1a3f50de,2026-03-03T09:58:15.099135Z,2026-03-09T13:24:32.675907Z,https://api.dandiarchive.org/api/assets/8656afb7-4b5c-4d64-a0bb-651c1a3f50de/download/
sub-NR-0019/sub-NR-0019_ses-b887df2c-bb9c-44c9-a9c0-538da87b2cab_desc-processed_behavior+ecephys.nwb,820756069,205cc434-be23-466d-9f21-5a0c3af54794,2026-03-03T09:58:18.513236Z,2026-03-09T13:24:32.687401Z,https://api.dandiarchive.org/api/assets/205cc434-be23-466d-9f21-5a0c3af54794/download/
sub-ibl-witten-29/sub-ibl-witten-29_ses-58b1e920-cfc8-467e-b28b-7654a55d0977_desc-processed_behavior+ecephys.nwb,773277407,0f52c917-3f49-48f1-a95e-63e4d3329467,2026-03-03T09:58:20.439090Z,2026-03-09T13:24:32.697038Z,https://api.dandiarchive.org/api/assets/0f52c917-3f49-48f1-a95e-63e4d3329467/download/
sub-ibl-witten-29/sub-ibl-witten-29_ses-72028382-a869-4745-bacf-cb8789e16953_desc-processed_behavior+ecephys.nwb,1144209702,a43d6dd1-0438-4f55-ac92-3506de06e40d,2026-03-03T09:58:21.432926Z,2026-03-09T13:24:32.706386Z,https://api.dandiarchive.org/api/assets/a43d6dd1-0438-4f55-ac92-3506de06e40d/download/
sub-SWC-054/sub-SWC-054_ses-eebacd5a-7dcd-4ba6-9dff-ec2a4d2f19e0_desc-processed_behavior+ecephys.nwb,1101466405,8b5345b8-2cb6-4814-ae6f-5244c2554177,2026-03-03T09:58:29.406225Z,2026-03-09T13:24:32.720669Z,https://api.dandiarchive.org/api/assets/8b5345b8-2cb6-4814-ae6f-5244c2554177/download/
sub-ibl-witten-26/sub-ibl-witten-26_ses-ff96bfe1-d925-4553-94b5-bf8297adf259_desc-processed_behavior+ecephys.nwb,1289647166,883d8ce0-ea50-4cee-8e67-e6af181982f0,2026-03-03T09:58:30.449287Z,2026-03-09T13:24:32.729912Z,https://api.dandiarchive.org/api/assets/883d8ce0-ea50-4cee-8e67-e6af181982f0/download/
sub-SWC-054/sub-SWC-054_ses-671c7ea7-6726-4fbe-adeb-f89c2c8e489b_desc-processed_behavior+ecephys.nwb,1171163206,e32f8662-d68c-445d-b882-fc84bc2da9f8,2026-03-03T09:58:34.697648Z,2026-03-09T13:24:32.738319Z,https://api.dandiarchive.org/api/assets/e32f8662-d68c-445d-b882-fc84bc2da9f8/download/
sub-ibl-witten-27/sub-ibl-witten-27_ses-25d1920e-a2af-4b6c-9f2e-fc6c65576544_desc-processed_behavior+ecephys.nwb,1244555407,39e11f24-937a-4c07-b1b8-2694443c53ac,2026-03-03T09:58:42.567961Z,2026-03-09T13:24:32.747042Z,https://api.dandiarchive.org/api/assets/39e11f24-937a-4c07-b1b8-2694443c53ac/download/
sub-ibl-witten-27/sub-ibl-witten-27_ses-c728f6fd-58e2-448d-aefb-a72c637b604c_desc-processed_behavior+ecephys.nwb,1232802588,d124f0db-843f-492f-862a-65a22b3f7bfb,2026-03-03T09:58:46.552484Z,2026-03-09T13:24:32.756025Z,https://api.dandiarchive.org/api/assets/d124f0db-843f-492f-862a-65a22b3f7bfb/download/
sub-ibl-witten-25/sub-ibl-witten-25_ses-5285c561-80da-4563-8694-739da92e5dd0_desc-processed_behavior+ecephys.nwb,1602226390,d7780cfa-8aa3-4d8f-a8ad-c4c7d639a209,2026-03-03T09:58:54.814492Z,2026-03-09T13:24:32.766273Z,https://api.dandiarchive.org/api/assets/d7780cfa-8aa3-4d8f-a8ad-c4c7d639a209/download/
sub-SWC-054/sub-SWC-054_ses-56b57c38-2699-4091-90a8-aba35103155e_desc-processed_behavior+ecephys.nwb,1392300845,2ee72534-c3b3-48e3-8ecc-36d92d22c6fd,2026-03-03T09:58:55.847593Z,2026-03-09T13:24:32.777255Z,https://api.dandiarchive.org/api/assets/2ee72534-c3b3-48e3-8ecc-36d92d22c6fd/download/
sub-ibl-witten-27/sub-ibl-witten-27_ses-952870e5-f2a7-4518-9e6d-71585460f6fe_desc-processed_behavior+ecephys.nwb,1354986725,04ebacab-81e8-4347-8744-d3d8f70f655c,2026-03-03T09:59:02.146055Z,2026-03-09T13:24:32.788741Z,https://api.dandiarchive.org/api/assets/04ebacab-81e8-4347-8744-d3d8f70f655c/download/
sub-ibl-witten-32/sub-ibl-witten-32_ses-08102cfc-a040-4bcf-b63c-faa0f4914a6f_desc-processed_behavior+ecephys.nwb,1018268417,4b886960-3d69-4728-b5ee-59a3eadee53c,2026-03-03T09:59:09.287891Z,2026-03-09T13:24:32.800709Z,https://api.dandiarchive.org/api/assets/4b886960-3d69-4728-b5ee-59a3eadee53c/download/
sub-NR-0024/sub-NR-0024_ses-2d9bfc10-59fb-424a-b699-7c42f86c7871_desc-processed_behavior+ecephys.nwb,681113285,8b24cb44-66f4-49ce-9f5b-02a9b9482cc6,2026-03-03T09:59:38.867151Z,2026-03-09T13:24:32.813761Z,https://api.dandiarchive.org/api/assets/8b24cb44-66f4-49ce-9f5b-02a9b9482cc6/download/
sub-NR-0021/sub-NR-0021_ses-e0928e11-2b86-4387-a203-80c77fab5d52_desc-processed_behavior+ecephys.nwb,692825943,49b2ec1c-0aad-457b-87ce-93829b3327b1,2026-03-03T09:59:40.723978Z,2026-03-09T13:24:32.830605Z,https://api.dandiarchive.org/api/assets/49b2ec1c-0aad-457b-87ce-93829b3327b1/download/
sub-NR-0021/sub-NR-0021_ses-1ca83b26-30fc-4350-a616-c38b7d00d240_desc-processed_behavior+ecephys.nwb,840676644,4754c546-731c-4bdd-b8de-3c41dbb4e27b,2026-03-03T09:59:48.373919Z,2026-03-09T13:24:32.843978Z,https://api.dandiarchive.org/api/assets/4754c546-731c-4bdd-b8de-3c41dbb4e27b/download/
sub-NR-0029/sub-NR-0029_ses-4e560423-5caf-4cda-8511-d1ab4cd2bf7d_desc-processed_behavior+ecephys.nwb,410402706,ff26366e-3967-4492-a0b3-aac98ece2993,2026-03-03T09:59:48.876258Z,2026-03-09T13:24:32.855294Z,https://api.dandiarchive.org/api/assets/ff26366e-3967-4492-a0b3-aac98ece2993/download/
sub-NR-0029/sub-NR-0029_ses-3a3ea015-b5f4-4e8b-b189-9364d1fc7435_desc-processed_behavior+ecephys.nwb,349105875,7d59568e-54ad-4f54-8018-e8fbfc697384,2026-03-03T09:59:50.593513Z,2026-03-09T13:24:32.871417Z,https://api.dandiarchive.org/api/assets/7d59568e-54ad-4f54-8018-e8fbfc697384/download/
sub-NR-0021/sub-NR-0021_ses-27ef44c0-acb2-4220-b776-477d0d5abd35_desc-processed_behavior+ecephys.nwb,858318910,0a187527-eb0d-4301-bdc2-3db3dab0f544,2026-03-03T09:59:53.973565Z,2026-03-09T13:24:32.883694Z,https://api.dandiarchive.org/api/assets/0a187527-eb0d-4301-bdc2-3db3dab0f544/download/
sub-NR-0029/sub-NR-0029_ses-de905562-31c6-4c31-9ece-3ee87b97eab4_desc-processed_behavior+ecephys.nwb,389577997,7213ddf1-aa11-4a09-8453-c36e655e28fd,2026-03-03T09:59:55.563715Z,2026-03-09T13:24:32.893861Z,https://api.dandiarchive.org/api/assets/7213ddf1-aa11-4a09-8453-c36e655e28fd/download/
sub-NR-0027/sub-NR-0027_ses-195443eb-08e9-4a18-a7e1-d105b2ce1429_desc-processed_behavior+ecephys.nwb,732611332,671c8f87-dcf8-45c3-a43e-6e2bf730b770,2026-03-03T09:59:55.692119Z,2026-03-09T13:24:32.904361Z,https://api.dandiarchive.org/api/assets/671c8f87-dcf8-45c3-a43e-6e2bf730b770/download/
sub-NR-0019/sub-NR-0019_ses-63c70ae8-4dfb-418b-b21b-f0b1e5fba6c9_desc-processed_behavior+ecephys.nwb,1404928484,6b89c400-9a52-4826-be42-ec03d120ae70,2026-03-03T09:59:57.597341Z,2026-03-09T13:24:32.914798Z,https://api.dandiarchive.org/api/assets/6b89c400-9a52-4826-be42-ec03d120ae70/download/
sub-NR-0020/sub-NR-0020_ses-d901aff5-2250-467a-b4a1-0cb9729df9e2_desc-processed_behavior+ecephys.nwb,1025904213,c919fa56-5b6f-4ef7-9753-707e0eda5d79,2026-03-03T10:00:05.266033Z,2026-03-09T13:24:32.927105Z,https://api.dandiarchive.org/api/assets/c919fa56-5b6f-4ef7-9753-707e0eda5d79/download/
sub-ibl-witten-26/sub-ibl-witten-26_ses-a9138924-4395-4981-83d1-530f6ff7c8fc_desc-processed_behavior+ecephys.nwb,2093548403,f68a03bc-f325-4f3e-82c7-5b998d42a3eb,2026-03-03T10:00:29.779559Z,2026-03-09T13:24:32.936538Z,https://api.dandiarchive.org/api/assets/f68a03bc-f325-4f3e-82c7-5b998d42a3eb/download/
sub-SWC-058/sub-SWC-058_ses-d3a2b25e-46d3-4f0b-ade6-4e32255f4c35_desc-processed_behavior+ecephys.nwb,1867027367,e7597b80-2d58-46aa-9611-407ab28e9743,2026-03-03T10:00:31.958844Z,2026-03-09T13:24:32.946141Z,https://api.dandiarchive.org/api/assets/e7597b80-2d58-46aa-9611-407ab28e9743/download/
sub-NR-0028/sub-NR-0028_ses-28338153-4113-485b-835b-91cb96d984f2_desc-processed_behavior+ecephys.nwb,865738488,15ecdddc-5545-43c8-8fe1-bf8a98f79738,2026-03-03T10:00:44.836836Z,2026-03-09T13:24:32.955878Z,https://api.dandiarchive.org/api/assets/15ecdddc-5545-43c8-8fe1-bf8a98f79738/download/
sub-NR-0020/sub-NR-0020_ses-eacc49a9-f3a1-49f1-b87f-0972f90ee837_desc-processed_behavior+ecephys.nwb,1483776454,011c39c5-38ee-4ab5-94a4-e7648a028c05,2026-03-03T10:00:52.760691Z,2026-03-09T13:24:32.965559Z,https://api.dandiarchive.org/api/assets/011c39c5-38ee-4ab5-94a4-e7648a028c05/download/
sub-ibl-witten-13/sub-ibl-witten-13_ses-49368f16-de69-4647-9a7a-761e94517821_desc-processed_behavior+ecephys.nwb,612642350,c4e76327-c545-49fb-87bc-87e12d2c26de,2026-03-03T10:00:59.221644Z,2026-03-09T13:24:32.975777Z,https://api.dandiarchive.org/api/assets/c4e76327-c545-49fb-87bc-87e12d2c26de/download/
sub-NR-0024/sub-NR-0024_ses-f4eb56a4-8bf8-4bbc-a8f3-6e6535134bad_desc-processed_behavior+ecephys.nwb,1106984517,29cbe701-802e-4550-a897-b06015ba09d4,2026-03-03T10:01:20.050907Z,2026-03-09T13:24:32.986499Z,https://api.dandiarchive.org/api/assets/29cbe701-802e-4550-a897-b06015ba09d4/download/
sub-ibl-witten-13/sub-ibl-witten-13_ses-ebe090af-5922-4fcd-8fc6-17b8ba7bad6d_desc-processed_behavior+ecephys.nwb,695677039,e11d8855-f539-4d34-bb54-eb0ab6e91873,2026-03-03T10:01:20.609872Z,2026-03-09T13:24:32.997245Z,https://api.dandiarchive.org/api/assets/e11d8855-f539-4d34-bb54-eb0ab6e91873/download/
sub-NR-0031/sub-NR-0031_ses-caa5dddc-9290-4e27-9f5e-575ba3598614_desc-processed_behavior+ecephys.nwb,512482150,0032161b-d403-46e1-bb2d-d251326a4552,2026-03-03T10:01:23.026015Z,2026-03-09T13:24:33.007555Z,https://api.dandiarchive.org/api/assets/0032161b-d403-46e1-bb2d-d251326a4552/download/
sub-NR-0024/sub-NR-0024_ses-7cc74598-9c1b-436b-84fa-0bf89f31adf6_desc-processed_behavior+ecephys.nwb,1215406215,1287de45-ab2b-4b36-85ef-b0ecac138ce8,2026-03-03T10:01:29.035201Z,2026-03-09T13:24:33.017974Z,https://api.dandiarchive.org/api/assets/1287de45-ab2b-4b36-85ef-b0ecac138ce8/download/
sub-ibl-witten-26/sub-ibl-witten-26_ses-09394481-8dd2-4d5c-9327-f2753ede92d7_desc-processed_behavior+ecephys.nwb,2366779532,8b73f33f-3222-454e-a499-38a987e34b5b,2026-03-03T10:01:34.323516Z,2026-03-09T13:24:33.026950Z,https://api.dandiarchive.org/api/assets/8b73f33f-3222-454e-a499-38a987e34b5b/download/
sub-NR-0027/sub-NR-0027_ses-ae8787b1-4229-4d56-b0c2-566b61a25b77_desc-processed_behavior+ecephys.nwb,1116751848,7800ee16-2b56-454e-9525-543a2c38a008,2026-03-03T10:01:35.254471Z,2026-03-09T13:24:33.035680Z,https://api.dandiarchive.org/api/assets/7800ee16-2b56-454e-9525-543a2c38a008/download/
sub-NR-0028/sub-NR-0028_ses-29a6def1-fc5c-4eea-ac48-47e9b053dcb5_desc-processed_behavior+ecephys.nwb,1115514065,6d3f15a1-4000-4ee1-a2f8-d21ae3dec4ae,2026-03-03T10:01:38.100442Z,2026-03-09T13:24:33.047679Z,https://api.dandiarchive.org/api/assets/6d3f15a1-4000-4ee1-a2f8-d21ae3dec4ae/download/
sub-NR-0028/sub-NR-0028_ses-c958919c-2e75-435d-845d-5b62190b520e_desc-processed_behavior+ecephys.nwb,1053340139,25d0c2ae-6866-4ac8-a46f-2d4c431bcbc7,2026-03-03T10:01:38.932145Z,2026-03-09T13:24:33.057964Z,https://api.dandiarchive.org/api/assets/25d0c2ae-6866-4ac8-a46f-2d4c431bcbc7/download/
sub-ibl-witten-18/sub-ibl-witten-18_ses-cae5cd75-55e5-4277-8db3-cf4d6c5ff918_desc-processed_behavior+ecephys.nwb,635453841,20606c40-6138-439d-950f-ae9a42d3f54a,2026-03-03T10:01:45.758450Z,2026-03-09T13:24:33.068292Z,https://api.dandiarchive.org/api/assets/20606c40-6138-439d-950f-ae9a42d3f54a/download/
sub-SWC-058/sub-SWC-058_ses-f1db6257-85ef-4385-b415-2d078ec75df2_desc-processed_behavior+ecephys.nwb,2361983221,533bfe1c-4540-41e0-b904-66180be694f1,2026-03-03T10:02:04.832817Z,2026-03-09T13:24:33.077649Z,https://api.dandiarchive.org/api/assets/533bfe1c-4540-41e0-b904-66180be694f1/download/
sub-ibl-witten-19/sub-ibl-witten-19_ses-65f5c9b4-4440-48b9-b914-c593a5184a18_desc-processed_behavior+ecephys.nwb,614435513,ad81d404-41c2-45eb-8ee1-e1eb5ca96246,2026-03-03T10:02:11.309149Z,2026-03-09T13:24:33.085967Z,https://api.dandiarchive.org/api/assets/ad81d404-41c2-45eb-8ee1-e1eb5ca96246/download/
sub-ibl-witten-18/sub-ibl-witten-18_ses-25f77e81-c1af-46ab-8686-73ac3d67c4a7_desc-processed_behavior+ecephys.nwb,899858579,081f6eda-1355-4d14-ac76-441a5f59b472,2026-03-03T10:02:28.794118Z,2026-03-09T13:24:33.094861Z,https://api.dandiarchive.org/api/assets/081f6eda-1355-4d14-ac76-441a5f59b472/download/
sub-ibl-witten-18/sub-ibl-witten-18_ses-4ef13091-1bc8-4f32-9619-107bdf48540c_desc-processed_behavior+ecephys.nwb,950771319,9ed20d72-0836-4319-b59c-af5b5d740ec4,2026-03-03T10:02:35.546895Z,2026-03-09T13:24:33.103801Z,https://api.dandiarchive.org/api/assets/9ed20d72-0836-4319-b59c-af5b5d740ec4/download/
sub-NR-0027/sub-NR-0027_ses-0f77ca5d-73c2-45bd-aa4c-4c5ed275dbde_desc-processed_behavior+ecephys.nwb,1588405969,e7e03fbd-3467-495a-912e-9f27456d0c41,2026-03-03T10:02:35.961774Z,2026-03-09T13:24:33.117091Z,https://api.dandiarchive.org/api/assets/e7e03fbd-3467-495a-912e-9f27456d0c41/download/
sub-NR-0024/sub-NR-0024_ses-3bcb81b4-d9ca-4fc9-a1cd-353a966239ca_desc-processed_behavior+ecephys.nwb,1709886897,5171df94-64a8-4fbf-ac6d-c564c03660dc,2026-03-03T10:02:39.283348Z,2026-03-09T13:24:33.125788Z,https://api.dandiarchive.org/api/assets/5171df94-64a8-4fbf-ac6d-c564c03660dc/download/
sub-NR-0031/sub-NR-0031_ses-642c97ea-fe89-4ec9-8629-5e492ea4019d_desc-processed_behavior+ecephys.nwb,1080856133,766adddb-9eaa-4b76-803c-5e995a3f01cc,2026-03-03T10:02:39.348571Z,2026-03-09T13:24:33.134069Z,https://api.dandiarchive.org/api/assets/766adddb-9eaa-4b76-803c-5e995a3f01cc/download/
sub-ibl-witten-17/sub-ibl-witten-17_ses-b10ed1ba-2099-42c4-bee3-d053eb594f09_desc-processed_behavior+ecephys.nwb,1009611668,a359ef1b-1e77-4abb-a43a-88cc2bc04911,2026-03-03T10:02:41.009082Z,2026-03-09T13:24:33.142282Z,https://api.dandiarchive.org/api/assets/a359ef1b-1e77-4abb-a43a-88cc2bc04911/download/
sub-NR-0027/sub-NR-0027_ses-6c6b0d06-6039-4525-a74b-58cfaa1d3a60_desc-processed_behavior+ecephys.nwb,1756761267,3e238973-bcb8-4b74-aee0-0c32556f36c6,2026-03-03T10:02:54.862523Z,2026-03-09T13:24:33.152571Z,https://api.dandiarchive.org/api/assets/3e238973-bcb8-4b74-aee0-0c32556f36c6/download/
sub-NR-0028/sub-NR-0028_ses-f56194bc-8215-4ae8-bc6a-89781ad8e050_desc-processed_behavior+ecephys.nwb,1405760505,e9c2b6f3-278a-4ab8-b8d5-dec0f13aa37c,2026-03-03T10:03:03.935989Z,2026-03-09T13:24:33.161271Z,https://api.dandiarchive.org/api/assets/e9c2b6f3-278a-4ab8-b8d5-dec0f13aa37c/download/
sub-ibl-witten-19/sub-ibl-witten-19_ses-4ddb8a95-788b-48d0-8a0a-66c7c796da96_desc-processed_behavior+ecephys.nwb,906448149,b742eeec-bb53-462f-aa7c-da38dac3fc07,2026-03-03T10:03:06.500251Z,2026-03-09T13:24:33.170588Z,https://api.dandiarchive.org/api/assets/b742eeec-bb53-462f-aa7c-da38dac3fc07/download/
sub-ibl-witten-13/sub-ibl-witten-13_ses-5139ce2c-7d52-44bf-8129-692d61dd6403_desc-processed_behavior+ecephys.nwb,1429185052,cec78dcf-5ae2-418c-9abb-2873b6aa4406,2026-03-03T10:03:37.014788Z,2026-03-09T13:24:33.179182Z,https://api.dandiarchive.org/api/assets/cec78dcf-5ae2-418c-9abb-2873b6aa4406/download/
sub-CSH-ZAD-022/sub-CSH-ZAD-022_ses-b81e3e11-9a60-4114-b894-09f85074d9c3_desc-processed_behavior+ecephys.nwb,438854309,af9dd2b1-a9a1-4dcf-bd3f-05366d163e7e,2026-03-03T10:04:26.824934Z,2026-03-09T13:24:33.191050Z,https://api.dandiarchive.org/api/assets/af9dd2b1-a9a1-4dcf-bd3f-05366d163e7e/download/
sub-NR-0028/sub-NR-0028_ses-5c0c560e-9e1f-45e9-b66e-e4ee7855be84_desc-processed_behavior+ecephys.nwb,2000727836,7dbe1f56-b639-4835-b772-b8776df860c1,2026-03-03T10:04:28.271650Z,2026-03-09T13:24:33.200785Z,https://api.dandiarchive.org/api/assets/7dbe1f56-b639-4835-b772-b8776df860c1/download/
sub-ibl-witten-20/sub-ibl-witten-20_ses-e12fbe11-8a6b-4bf6-a955-e5f6cec31ef1_desc-processed_behavior+ecephys.nwb,1601390276,999a7b5e-939d-4c34-875e-287d686d4d41,2026-03-03T10:05:06.671062Z,2026-03-09T13:24:33.209079Z,https://api.dandiarchive.org/api/assets/999a7b5e-939d-4c34-875e-287d686d4d41/download/
sub-CSH-ZAD-011/sub-CSH-ZAD-011_ses-5b44c40f-80f4-44fb-abfb-c7f19e27a6ca_desc-processed_behavior+ecephys.nwb,936862727,6f479578-ccf4-424a-848f-09ae44924dc6,2026-03-03T10:05:10.047237Z,2026-03-09T13:24:33.218414Z,https://api.dandiarchive.org/api/assets/6f479578-ccf4-424a-848f-09ae44924dc6/download/
sub-CSH-ZAD-011/sub-CSH-ZAD-011_ses-03cf52f6-fba6-4743-a42e-dd1ac3072343_desc-processed_behavior+ecephys.nwb,961788516,c3ec55d7-4bca-4137-986b-7e5faa4265f2,2026-03-03T10:05:20.420792Z,2026-03-09T13:24:33.228690Z,https://api.dandiarchive.org/api/assets/c3ec55d7-4bca-4137-986b-7e5faa4265f2/download/
sub-CSH-ZAD-022/sub-CSH-ZAD-022_ses-8db36de1-8f17-4446-b527-b5d91909b45a_desc-processed_behavior+ecephys.nwb,855648906,08a5b439-3f20-45ff-8282-1b41274528c8,2026-03-03T10:05:27.026369Z,2026-03-09T13:24:33.237629Z,https://api.dandiarchive.org/api/assets/08a5b439-3f20-45ff-8282-1b41274528c8/download/
sub-CSH-ZAD-022/sub-CSH-ZAD-022_ses-90e74228-fd1a-482f-bd56-05dbad132861_desc-processed_behavior+ecephys.nwb,874701852,2f41f1bb-4a43-403c-bbd1-1f378bb62319,2026-03-03T10:05:39.592563Z,2026-03-09T13:24:33.245354Z,https://api.dandiarchive.org/api/assets/2f41f1bb-4a43-403c-bbd1-1f378bb62319/download/
sub-CSH-ZAD-025/sub-CSH-ZAD-025_ses-90c61c38-b9fd-4cc3-9795-29160d2f8e55_desc-processed_behavior+ecephys.nwb,779672737,b61d8516-60f2-4d85-b36a-15b188ebadf5,2026-03-03T10:05:53.604621Z,2026-03-09T13:24:33.253475Z,https://api.dandiarchive.org/api/assets/b61d8516-60f2-4d85-b36a-15b188ebadf5/download/
sub-CSH-ZAD-025/sub-CSH-ZAD-025_ses-ff48aa1d-ef30-4903-ac34-8c41b738c1b9_desc-processed_behavior+ecephys.nwb,712157082,4de0bb49-1766-4e37-97b7-7f80c07a376f,2026-03-03T10:05:58.141135Z,2026-03-09T13:24:33.261061Z,https://api.dandiarchive.org/api/assets/4de0bb49-1766-4e37-97b7-7f80c07a376f/download/
sub-CSH-ZAD-011/sub-CSH-ZAD-011_ses-da188f2c-553c-4e04-879b-c9ea2d1b9a93_desc-processed_behavior+ecephys.nwb,1313292243,9ee5a282-eba5-4f00-8f07-1eec92a38204,2026-03-03T10:06:29.742185Z,2026-03-09T13:24:33.268918Z,https://api.dandiarchive.org/api/assets/9ee5a282-eba5-4f00-8f07-1eec92a38204/download/
sub-CSH-ZAD-019/sub-CSH-ZAD-019_ses-edd22318-216c-44ff-bc24-49ce8be78374_desc-processed_behavior+ecephys.nwb,1220219424,e58ee011-56af-4052-a3c5-ed8381ec323a,2026-03-03T10:06:39.962969Z,2026-03-09T13:24:33.278126Z,https://api.dandiarchive.org/api/assets/e58ee011-56af-4052-a3c5-ed8381ec323a/download/
sub-CSH-ZAD-022/sub-CSH-ZAD-022_ses-1eac875c-feaa-4a30-b148-059b954b11d8_desc-processed_behavior+ecephys.nwb,1329363910,65a37df2-4bdb-4c89-a199-bf0c3654c9fe,2026-03-03T10:06:42.049911Z,2026-03-09T13:24:33.286805Z,https://api.dandiarchive.org/api/assets/65a37df2-4bdb-4c89-a199-bf0c3654c9fe/download/
sub-CSH-ZAD-019/sub-CSH-ZAD-019_ses-49e0ab27-827a-4c91-bcaa-97eea27a1b8d_desc-processed_behavior+ecephys.nwb,1377579596,babe4fa4-525c-48b9-b49e-2eb6bfcc771a,2026-03-03T10:06:50.843353Z,2026-03-09T13:24:33.301422Z,https://api.dandiarchive.org/api/assets/babe4fa4-525c-48b9-b49e-2eb6bfcc771a/download/
sub-CSH-ZAD-026/sub-CSH-ZAD-026_ses-15763234-d21e-491f-a01b-1238eb96d389_desc-processed_behavior+ecephys.nwb,1036256336,e2ee252a-030b-4442-8661-e46a55460993,2026-03-03T10:07:01.231542Z,2026-03-09T13:24:33.310328Z,https://api.dandiarchive.org/api/assets/e2ee252a-030b-4442-8661-e46a55460993/download/
sub-CSH-ZAD-019/sub-CSH-ZAD-019_ses-5adab0b7-dfd0-467d-b09d-43cb7ca5d59c_desc-processed_behavior+ecephys.nwb,1486698862,07afb7ec-b2ce-437b-b33a-6d6755a9c93e,2026-03-03T10:07:14.970556Z,2026-03-09T13:24:33.319467Z,https://api.dandiarchive.org/api/assets/07afb7ec-b2ce-437b-b33a-6d6755a9c93e/download/
sub-CSH-ZAD-019/sub-CSH-ZAD-019_ses-7f6b86f9-879a-4ea2-8531-294a221af5d0_desc-processed_behavior+ecephys.nwb,1606354854,fc352cb7-4e32-4ae8-83cc-5185b3ec50d9,2026-03-03T10:07:15.373494Z,2026-03-09T13:24:33.327973Z,https://api.dandiarchive.org/api/assets/fc352cb7-4e32-4ae8-83cc-5185b3ec50d9/download/
sub-CSH-ZAD-025/sub-CSH-ZAD-025_ses-280ee768-f7b8-4c6c-9ea0-48ca75d6b6f3_desc-processed_behavior+ecephys.nwb,1185508357,0a7fa210-b630-4d28-9501-4a75479671c2,2026-03-03T10:07:17.925261Z,2026-03-09T13:24:33.336947Z,https://api.dandiarchive.org/api/assets/0a7fa210-b630-4d28-9501-4a75479671c2/download/
sub-CSH-ZAD-022/sub-CSH-ZAD-022_ses-a82800ce-f4e3-4464-9b80-4c3d6fade333_desc-processed_behavior+ecephys.nwb,1376959349,1e494036-6914-4a6f-a23b-4ba2cee30839,2026-03-03T10:07:23.521644Z,2026-03-09T13:24:33.346246Z,https://api.dandiarchive.org/api/assets/1e494036-6914-4a6f-a23b-4ba2cee30839/download/
sub-ibl-witten-20/sub-ibl-witten-20_ses-a7763417-e0d6-4f2a-aa55-e382fd9b5fb8_desc-processed_behavior+ecephys.nwb,2255249452,cc1b0a9f-26e1-44ea-be77-94bb4f23437a,2026-03-03T10:07:44.914072Z,2026-03-09T13:24:33.354776Z,https://api.dandiarchive.org/api/assets/cc1b0a9f-26e1-44ea-be77-94bb4f23437a/download/
sub-CSH-ZAD-022/sub-CSH-ZAD-022_ses-41431f53-69fd-4e3b-80ce-ea62e03bf9c7_desc-processed_behavior+ecephys.nwb,1544529807,d9da8c43-eb78-4df5-aa49-423d3250c1fb,2026-03-03T10:07:53.769683Z,2026-03-09T13:24:33.365211Z,https://api.dandiarchive.org/api/assets/d9da8c43-eb78-4df5-aa49-423d3250c1fb/download/
sub-CSH-ZAD-026/sub-CSH-ZAD-026_ses-626126d5-eecf-4e9b-900e-ec29a17ece07_desc-processed_behavior+ecephys.nwb,1339774731,ce77dfee-ef0b-4d50-aa11-ede7fdfab1be,2026-03-03T10:08:02.770439Z,2026-03-09T13:24:33.374054Z,https://api.dandiarchive.org/api/assets/ce77dfee-ef0b-4d50-aa11-ede7fdfab1be/download/
sub-CSH-ZAD-026/sub-CSH-ZAD-026_ses-e56541a5-a6d5-4750-b1fe-f6b5257bfe7c_desc-processed_behavior+ecephys.nwb,1381803104,4c54a266-aa0c-46da-9c03-ccfcf51381d0,2026-03-03T10:08:07.809938Z,2026-03-09T13:24:33.383059Z,https://api.dandiarchive.org/api/assets/4c54a266-aa0c-46da-9c03-ccfcf51381d0/download/
sub-CSH-ZAD-025/sub-CSH-ZAD-025_ses-549caacc-3bd7-40f1-913d-e94141816547_desc-processed_behavior+ecephys.nwb,1481699777,5f5fbdaa-88f9-4201-af83-5ee89aef2b28,2026-03-03T10:08:12.291032Z,2026-03-09T13:24:33.391473Z,https://api.dandiarchive.org/api/assets/5f5fbdaa-88f9-4201-af83-5ee89aef2b28/download/
sub-CSH-ZAD-022/sub-CSH-ZAD-022_ses-6a601cc5-7b79-4c75-b0e8-552246532f82_desc-processed_behavior+ecephys.nwb,1679308940,d61fcc86-ba25-4394-bbe5-87358a4ce035,2026-03-03T10:08:17.103522Z,2026-03-09T13:24:33.402027Z,https://api.dandiarchive.org/api/assets/d61fcc86-ba25-4394-bbe5-87358a4ce035/download/
sub-CSH-ZAD-026/sub-CSH-ZAD-026_ses-81a78eac-9d36-4f90-a73a-7eb3ad7f770b_desc-processed_behavior+ecephys.nwb,1445465072,842943df-bf5a-4bfd-a8c6-5c906e94f215,2026-03-03T10:08:19.009363Z,2026-03-09T13:24:33.410282Z,https://api.dandiarchive.org/api/assets/842943df-bf5a-4bfd-a8c6-5c906e94f215/download/
sub-CSH-ZAD-025/sub-CSH-ZAD-025_ses-6274dda8-3a59-4aa1-95f8-a8a549c46a26_desc-processed_behavior+ecephys.nwb,1493924840,bfbdfa2d-b80f-4ae8-91b6-52723e2a1832,2026-03-03T10:08:31.283594Z,2026-03-09T13:24:33.418037Z,https://api.dandiarchive.org/api/assets/bfbdfa2d-b80f-4ae8-91b6-52723e2a1832/download/
sub-CSH-ZAD-022/sub-CSH-ZAD-022_ses-a66f1593-dafd-4982-9b66-f9554b6c86b5_desc-processed_behavior+ecephys.nwb,1867087684,12eb6335-1292-4f98-aeef-aa0e2c28de43,2026-03-03T10:08:40.131556Z,2026-03-09T13:24:33.427333Z,https://api.dandiarchive.org/api/assets/12eb6335-1292-4f98-aeef-aa0e2c28de43/download/
sub-CSH-ZAD-029/sub-CSH-ZAD-029_ses-e349a2e7-50a3-47ca-bc45-20d1899854ec_desc-processed_behavior+ecephys.nwb,1503978033,8e42dd5f-c86e-43e6-b27d-2aace5881c89,2026-03-03T10:08:54.356726Z,2026-03-09T13:24:33.435614Z,https://api.dandiarchive.org/api/assets/8e42dd5f-c86e-43e6-b27d-2aace5881c89/download/
sub-CSH-ZAD-026/sub-CSH-ZAD-026_ses-5d01d14e-aced-4465-8f8e-9a1c674f62ec_desc-processed_behavior+ecephys.nwb,1661277482,36d20ff1-8483-4a34-9a85-687d1e9f7178,2026-03-03T10:08:56.623568Z,2026-03-09T13:24:33.443382Z,https://api.dandiarchive.org/api/assets/36d20ff1-8483-4a34-9a85-687d1e9f7178/download/
sub-CSH-ZAD-025/sub-CSH-ZAD-025_ses-20c112a1-8a42-44e0-a4cd-e5b932f7bda9_desc-processed_behavior+ecephys.nwb,1752132527,4ffe4a8c-1f3d-4997-8fe3-055afd433315,2026-03-03T10:09:03.061759Z,2026-03-09T13:24:33.450974Z,https://api.dandiarchive.org/api/assets/4ffe4a8c-1f3d-4997-8fe3-055afd433315/download/
sub-CSH-ZAD-026/sub-CSH-ZAD-026_ses-b69b86be-af7d-4ecf-8cbf-0cd356afa1bd_desc-processed_behavior+ecephys.nwb,1717485445,2a60db9d-5a87-49cc-9f56-4a8277d0276c,2026-03-03T10:09:14.378882Z,2026-03-09T13:24:33.459535Z,https://api.dandiarchive.org/api/assets/2a60db9d-5a87-49cc-9f56-4a8277d0276c/download/
sub-CSH-ZAD-024/sub-CSH-ZAD-024_ses-8207abc6-6b23-4762-92b4-82e05bed5143_desc-processed_behavior+ecephys.nwb,1982214355,92e831a1-3427-4e06-9934-30d202bcc02d,2026-03-03T10:09:25.635762Z,2026-03-09T13:24:33.470852Z,https://api.dandiarchive.org/api/assets/92e831a1-3427-4e06-9934-30d202bcc02d/download/
sub-CSH-ZAD-025/sub-CSH-ZAD-025_ses-c557324b-b95d-414c-888f-6ee1329a2329_desc-processed_behavior+ecephys.nwb,1967588765,7ca47881-9818-418f-94e0-5baabc6f7482,2026-03-03T10:09:30.051873Z,2026-03-09T13:24:33.479972Z,https://api.dandiarchive.org/api/assets/7ca47881-9818-418f-94e0-5baabc6f7482/download/
sub-CSH-ZAD-029/sub-CSH-ZAD-029_ses-1ec23a70-b94b-4e9c-a0df-8c2151da3761_desc-processed_behavior+ecephys.nwb,1717320465,b59861f7-52e8-4c04-96d2-9bdeae103bef,2026-03-03T10:09:43.510948Z,2026-03-09T13:24:33.489274Z,https://api.dandiarchive.org/api/assets/b59861f7-52e8-4c04-96d2-9bdeae103bef/download/
sub-CSH-ZAD-029/sub-CSH-ZAD-029_ses-fcd49e34-f07b-441c-b2ac-cb8c462ec5ac_desc-processed_behavior+ecephys.nwb,1673738140,8ba90d81-1979-423e-86c0-0903a5f15892,2026-03-03T10:09:51.631444Z,2026-03-09T13:24:33.497657Z,https://api.dandiarchive.org/api/assets/8ba90d81-1979-423e-86c0-0903a5f15892/download/
sub-CSH-ZAD-029/sub-CSH-ZAD-029_ses-5522ac4b-0e41-4c53-836a-aaa17e82b9eb_desc-processed_behavior+ecephys.nwb,1925744039,9ad46df2-8497-4ec1-bf98-c0ac5687680c,2026-03-03T10:10:33.350710Z,2026-03-09T13:24:33.505546Z,https://api.dandiarchive.org/api/assets/9ad46df2-8497-4ec1-bf98-c0ac5687680c/download/
sub-CSH-ZAD-029/sub-CSH-ZAD-029_ses-c7bd79c9-c47e-4ea5-aea3-74dda991b48e_desc-processed_behavior+ecephys.nwb,1437966796,773ef48e-63d6-4fd2-85e6-26cf23d49397,2026-03-03T10:12:20.285109Z,2026-03-09T13:24:33.513003Z,https://api.dandiarchive.org/api/assets/773ef48e-63d6-4fd2-85e6-26cf23d49397/download/
sub-CSH-ZAD-029/sub-CSH-ZAD-029_ses-993c7024-0abc-4028-ad30-d397ad55b084_desc-processed_behavior+ecephys.nwb,1935183566,6e1c6b72-5e19-4222-aedd-7262872a7c3f,2026-03-03T10:13:52.472246Z,2026-03-09T13:24:33.522194Z,https://api.dandiarchive.org/api/assets/6e1c6b72-5e19-4222-aedd-7262872a7c3f/download/
sub-CSH-ZAD-029/sub-CSH-ZAD-029_ses-fece187f-b47f-4870-a1d6-619afe942a7d_desc-processed_behavior+ecephys.nwb,2649189832,6853c903-4fb1-4c3a-a6dd-d03c16b7f2df,2026-03-03T10:15:41.368941Z,2026-03-09T13:24:33.531523Z,https://api.dandiarchive.org/api/assets/6853c903-4fb1-4c3a-a6dd-d03c16b7f2df/download/
sub-ibl-witten-17/sub-ibl-witten-17_ses-dcceebe5-4589-44df-a1c1-9fa33e779727_desc-processed_behavior+ecephys.nwb,331018900,bd67ad20-b604-46d0-b1d5-17a048b758e0,2026-03-03T10:17:26.306807Z,2026-03-09T13:24:33.539187Z,https://api.dandiarchive.org/api/assets/bd67ad20-b604-46d0-b1d5-17a048b758e0/download/
sub-ibl-witten-17/sub-ibl-witten-17_ses-d832d9f7-c96a-4f63-8921-516ba4a7b61f_desc-processed_behavior+ecephys.nwb,644351579,e5a2712f-03f2-4b3a-9eb3-9d5b170b577e,2026-03-03T10:18:03.013323Z,2026-03-09T13:24:33.547189Z,https://api.dandiarchive.org/api/assets/e5a2712f-03f2-4b3a-9eb3-9d5b170b577e/download/
sub-SWC-060/sub-SWC-060_ses-81a1dca0-cc90-47c5-afe3-c277319c47c8_desc-processed_behavior+ecephys.nwb,1148093811,cbd00d38-25a0-4a63-904b-ce137a3eb0b5,2026-03-03T10:19:22.521419Z,2026-03-09T13:24:33.555555Z,https://api.dandiarchive.org/api/assets/cbd00d38-25a0-4a63-904b-ce137a3eb0b5/download/
sub-CSH-ZAD-001/sub-CSH-ZAD-001_ses-3e7ae7c0-fe8b-487c-9354-036236fa1010_desc-processed_behavior+ecephys.nwb,655836490,f24e825f-f5b1-4287-a004-7ac3a20c107d,2026-03-03T10:19:45.583688Z,2026-03-09T13:24:33.564834Z,https://api.dandiarchive.org/api/assets/f24e825f-f5b1-4287-a004-7ac3a20c107d/download/
sub-SWC-061/sub-SWC-061_ses-493170a6-fd94-4ee4-884f-cc018c17eeb9_desc-processed_behavior+ecephys.nwb,1303096177,97e2b0a6-311e-4b58-9ea5-7d468b8c1180,2026-03-03T10:19:52.670469Z,2026-03-09T13:24:33.573933Z,https://api.dandiarchive.org/api/assets/97e2b0a6-311e-4b58-9ea5-7d468b8c1180/download/
sub-SWC-065/sub-SWC-065_ses-1425bd6f-c625-4f6a-b237-dc5bcfc42c87_desc-processed_behavior+ecephys.nwb,950476755,b8df9bc8-1508-4150-a1f5-adaef2c7aad3,2026-03-03T10:20:05.199068Z,2026-03-09T13:24:33.584305Z,https://api.dandiarchive.org/api/assets/b8df9bc8-1508-4150-a1f5-adaef2c7aad3/download/
sub-ibl-witten-29/sub-ibl-witten-29_ses-d2832a38-27f6-452d-91d6-af72d794136c_desc-processed_behavior+ecephys.nwb,937624102,b1b0aaa3-30e4-479a-b96e-c31c11e1e3f9,2026-03-03T10:21:00.843233Z,2026-03-09T13:24:33.591696Z,https://api.dandiarchive.org/api/assets/b1b0aaa3-30e4-479a-b96e-c31c11e1e3f9/download/
sub-ibl-witten-20/sub-ibl-witten-20_ses-037d75ca-c90a-43f2-aca6-e86611916779_desc-processed_behavior+ecephys.nwb,1323549999,7b5ef954-456d-465c-9568-e8fc0300025a,2026-03-03T10:21:23.162403Z,2026-03-09T13:24:33.599593Z,https://api.dandiarchive.org/api/assets/7b5ef954-456d-465c-9568-e8fc0300025a/download/
sub-ibl-witten-29/sub-ibl-witten-29_ses-e9fc0a2d-c69d-44d1-9fa3-314782387cae_desc-processed_behavior+ecephys.nwb,1034606083,c348b70f-8cea-4cf0-a867-1cca4752897e,2026-03-03T10:21:24.375085Z,2026-03-09T13:24:33.607275Z,https://api.dandiarchive.org/api/assets/c348b70f-8cea-4cf0-a867-1cca4752897e/download/
sub-ibl-witten-29/sub-ibl-witten-29_ses-0cc486c3-8c7b-494d-aa04-b70e2690bcba_desc-processed_behavior+ecephys.nwb,1007072535,8fd37b29-da8d-497f-a755-4ba48b7f2aaa,2026-03-03T10:21:42.763616Z,2026-03-09T13:24:33.614892Z,https://api.dandiarchive.org/api/assets/8fd37b29-da8d-497f-a755-4ba48b7f2aaa/download/
sub-ibl-witten-29/sub-ibl-witten-29_ses-86b6ba67-c1db-4333-add0-f8105ea6e363_desc-processed_behavior+ecephys.nwb,1292766370,69164023-7f48-476b-bf0a-91c98dd7ac0c,2026-03-03T10:21:56.732926Z,2026-03-09T13:24:33.623801Z,https://api.dandiarchive.org/api/assets/69164023-7f48-476b-bf0a-91c98dd7ac0c/download/
sub-SWC-058/sub-SWC-058_ses-9545aa05-3945-4054-a5c3-a259f7209d61_desc-processed_behavior+ecephys.nwb,1678864539,d963e7e2-565e-48d9-a2a5-de7c1d04407b,2026-03-03T10:22:24.442054Z,2026-03-09T13:24:33.633366Z,https://api.dandiarchive.org/api/assets/d963e7e2-565e-48d9-a2a5-de7c1d04407b/download/
sub-NR-0029/sub-NR-0029_ses-d85c454e-8737-4cba-b6ad-b2339429d99b_desc-processed_behavior+ecephys.nwb,282439887,3a5d42dc-44b9-40bd-9c22-20629921e36e,2026-03-03T10:29:16.961777Z,2026-03-09T13:24:33.642532Z,https://api.dandiarchive.org/api/assets/3a5d42dc-44b9-40bd-9c22-20629921e36e/download/
sub-NR-0020/sub-NR-0020_ses-3e6a97d3-3991-49e2-b346-6948cb4580fb_desc-processed_behavior+ecephys.nwb,957009996,ce291ee2-541b-4e58-8396-cecb08ed6219,2026-03-03T10:30:17.053065Z,2026-03-09T13:24:33.652514Z,https://api.dandiarchive.org/api/assets/ce291ee2-541b-4e58-8396-cecb08ed6219/download/
sub-ZFM-04308/sub-ZFM-04308_ses-9dd72e52-5393-4c08-9eca-f7dace2e59f6_desc-processed_behavior+ecephys.nwb,1052543638,e50db8e6-64f9-4df7-9830-9340f79d8ebc,2026-03-03T10:30:35.316960Z,2026-03-09T13:24:33.661586Z,https://api.dandiarchive.org/api/assets/e50db8e6-64f9-4df7-9830-9340f79d8ebc/download/
sub-NYU-12/sub-NYU-12_ses-b182b754-3c3e-4942-8144-6ee790926b58_desc-raw_ecephys.nwb,57498806540,b5bcd585-08ed-4f3c-9d9e-218dcdb2506a,2026-03-03T11:19:31.694882Z,2026-03-09T13:24:33.670483Z,https://api.dandiarchive.org/api/assets/b5bcd585-08ed-4f3c-9d9e-218dcdb2506a/download/
sub-NYU-11/sub-NYU-11_ses-6713a4a7-faed-4df2-acab-ee4e63326f8d_desc-raw_ecephys.nwb,61056851898,8c2825e6-050d-4e4f-b617-afcf39634e88,2026-03-03T11:25:21.562857Z,2026-03-09T13:24:33.678939Z,https://api.dandiarchive.org/api/assets/8c2825e6-050d-4e4f-b617-afcf39634e88/download/
sub-NYU-12/sub-NYU-12_ses-4364a246-f8d7-4ce7-ba23-a098104b96e4_desc-raw_ecephys.nwb,61795378170,fce07515-f7fb-4f3c-8097-24af12ff2e86,2026-03-03T11:29:09.066026Z,2026-03-09T13:24:33.687650Z,https://api.dandiarchive.org/api/assets/fce07515-f7fb-4f3c-8097-24af12ff2e86/download/
sub-NYU-11/sub-NYU-11_ses-56956777-dca5-468c-87cb-78150432cc57_desc-raw_ecephys.nwb,98084853632,93ffea17-b6c2-46fd-916b-140c2a5b3a5b,2026-03-03T12:23:46.807743Z,2026-03-09T13:24:33.697448Z,https://api.dandiarchive.org/api/assets/93ffea17-b6c2-46fd-916b-140c2a5b3a5b/download/
sub-ibl-witten-19/sub-ibl-witten-19_ses-f8041c1e-5ef4-4ae6-afec-ed82d7a74dc1_desc-processed_behavior+ecephys.nwb,281019398,e865cf42-5ea2-4983-b505-a0a68fe0849c,2026-03-03T15:15:47.193754Z,2026-03-09T13:24:33.706240Z,https://api.dandiarchive.org/api/assets/e865cf42-5ea2-4983-b505-a0a68fe0849c/download/
sub-NR-0029/sub-NR-0029_ses-e6594a5b-552c-421a-b376-1a1baa9dc4fd_desc-processed_behavior+ecephys.nwb,623710028,d8a8ccaf-3fa5-4298-bce5-a35dfeecc8ea,2026-03-03T15:16:42.930928Z,2026-03-09T13:24:33.715247Z,https://api.dandiarchive.org/api/assets/d8a8ccaf-3fa5-4298-bce5-a35dfeecc8ea/download/
