"Reference ID","Author Key","Title","Authors","DOI","Trial ID","Date","Abstract Screening Decision","Full Text Screening Decision","Study Group","Notes","Animal Model","Authors and Publication Year","Anatomical connections","Verification of Zona Incerta Targeting","Photometry Data","Electrophysiology Data","Purpose of this circuit","Necessity vs. sufficiency or Both"
"AIM-50","zhang.nodateb","Rapid binge-like eating and body weight gain driven by zona incerta GABA neuron activation.","Zhang X, van den Pol AN","https://doi.org/10.1126/science.aam7100","","","ACCEPT","ACCEPT","","","Mouse (VGAT-Cre, vGlut2-GFP, and vGlut2-Cre lines)","Xiaobing Zhang; Anthony N. van den Pol; 2017","ZI (VGAT+) → PVT (vGlut2+) (anterograde AAV-ChIEF-tdTomato); PVT (vGlut2+) ← ZI (VGAT+) (monosynaptic rabies-EnvA-ΔG); PSTh (vGlut2+) → PVT (vGlut2+) (monosynaptic rabies-EnvA-ΔG; anterograde AAV-ChIEF-tdTomato)","Histological verification of ChIEF-tdTomato expression confined to rostral ZI GABA neurons; no expression in adjacent LH (fig. S1)","","","Mediation of rapid binge-like eating and body weight gain via ZI GABA→PVT inhibition of thalamic glutamatergic neurons","Both"
"AIM-41","potter.nodatea","Bidirectional modulation of accumbens dopamine by MCH neurons during learning and consummatory behavior.","Potter LE, Toth BA, Manna J, Lyons HC, Evans JR, Burgess CR","https://doi.org/10.1101/2025.06.05.658170","","","ACCEPT","ACCEPT","potter.nodate","","MCH-Cre (Strain#014099) mice, littermate controls, and Pmch∆Vglut2 mice (Pmch-iCre × Slc17a6tm1Lowl/J, JAX® #012898)","Liam E. Potter; Brandon A. Toth; Jayeeta Manna; Hannah C. Lyons; Jack R. Evans; Christian R. Burgess; 2025","LH/ZI MCH neurons projecting to ventral tegmental area (VTA) and to nucleus accumbens lateral core (lNAcc) and medial shell (mNAcSh)","Histological validation of viral expression (anti-GFP and TH immunolabeling) and confirmation of optic fiber placement using Paxinos & Franklin atlas coordinates","","","To bidirectionally modulate dopamine release in the nucleus accumbens medial shell by MCH neurons during food consumption and Pavlovian reward learning.","sufficiency"
"AIM-33","cai.nodate","Systematic Input-Output Mapping Reveals Structural Plasticity of VTA Dopamine Neurons-Zona Incerta Loop Underlying the Social Buffering Effects in Learned Helplessness.","Cai H, Zhang P, Qi G, Zhang L, Li T, Li M, Lv X, Lei J, Ming J, Tian B","https://doi.org/10.1007/s12035-021-02614-4","","","ACCEPT","ACCEPT","cai.nodate","","Adult male C57BL/6 mice (8-week-old)","Hongwei Cai; Pei Zhang; Guangjian Qi; Lijun Zhang; Tongxia Li; Ming Li; Xinyuan Lv; Jie Lei; Jie Ming; Bo Tian; 2022","Retrograde monosynaptic rabies tracing: Inputs to TH+ VTA dopamine neurons from central amygdala (CEA), nucleus accumbens (ACB), anterior amygdalar area (AAA), substantia innominata (SI), bed nuclei of stria terminalis (BST), lateral hypothalamic area (LHA), zona incerta (ZI), pontine central gray (PCG), periaqueductal gray (PAG), parabrachial nucleus (PB), substantia nigra reticulata (SNr). Helper viruses AAV9-TH-Cre + AAV9-DIO-TVA-His-EYFP + AAV9-DIO-RG injected (150 nl total volume) into VTA (AP +1.24 mm, ML ±0.6 mm, DV +4.6 mm), followed 33 days later by EnVA-RV-ΔG-dsRed (150 nl), survival 7 days, N = 4 (CON), 6 (LH), 4 (LH+SB); quantification: percent of dsRed+ cells normalized to starter cells.
Anterograde AAV tracing: Outputs from TH+ VTA dopamine neurons to caudoputamen (CP), nucleus accumbens (ACB), olfactory tubercle (OT), medial septum (MS), substantia innominata (SI), nucleus of reuniens (RE), retrosplenial area ventral (RSPv), lateral habenula (LHb), posterior hypothalamus (PH), parasubthalamic nucleus (PSTN), ZI, PCG, SNr, PAG, raphe magnus (RM), inferior olivary complex (IO). AAV9-TH-Cre + AAV9-DIO-ChR2-EYFP injected (150 nl total volume) into VTA (same coordinates), survival 21 days, N = 5 (CON), 4 (LH), 4 (LH+SB); quantification: axon pixel density normalized to total signal.","Histological verification via fluorescent imaging of 40 μm coronal sections at ZI levels (bregma −0.4 mm and −1.7 mm), comparison to Allen Mouse Brain Atlas landmarks","","","To reveal the structural plasticity of the VTA dopamine neuron–ZI loop that underlies social buffering in learned helplessness","Both"
"AIM-58","chen.nodateb","Chemogenetic and optogenetic stimulation of zona incerta GABAergic neurons ameliorates motor impairment in Parkinson's disease.","Chen F, Qian J, Cao Z, Li A, Cui J, Shi L, Xie J","https://doi.org/10.1016/j.isci.2023.107149","","","ACCEPT","ACCEPT","chen.nodateb","","C57BL/6J and Vgat-Cre male mice aged 6–8 weeks","Fenghua Chen; Junliang Qian; Zhongkai Cao; Ang Li; Juntao Cui; Limin Shi; Junxia Xie; 2023","","Histological verification via immunofluorescence staining of cannula location and virus expression in ZI GABAergic neurons","","","To determine whether and how ZI GABAergic neuron activity regulates motor behaviors in a Parkinson’s disease mouse model","Both"
"AIM-62","heikenfeld.nodate","Prefrontal - subthalamic pathway supports action selection in a spatial working memory task.","Heikenfeld C, Mederos S, Chen C, Korotkova T, Schnitzler A, Ponomarenko A","https://doi.org/10.1038/s41598-020-67185-1","","","ACCEPT","ACCEPT","heikenfeld.nodate","","Wild-type C57BL/6 mice (12–25 weeks old)","Carla Heikenfeld, Sara Mederos, Changwan Chen, Tatiana Korotkova, Alfons Schnitzler & Alexey Ponomarenko (2020)","Anterograde AAV-hSyn-eNPAC2.0-EYFP tracing: mPFC→ventromedial STN and mPFC→ZI (injection in mPFC at AP:1.5, ML:±0.2, DV:3.1–3.3 mm; 250 nl at 200 nl/min; N=3 mice).","Confocal fluorescence imaging of EYFP-labeled mPFC fibers confirming arborization in ZI (Fig. 1A).","","","Supports action selection during spatial working memory by theta-rhythmic coordination of gamma oscillations in the prefrontal-subthalamic pathway.","necessity"
"AIM-47","venkataraman.nodate","Modulation of fear generalization by the zona incerta.","Venkataraman A, Brody N, Reddi P, Guo J, Gordon Rainnie D, Dias BG","https://doi.org/10.1073/pnas.1820541116","","","ACCEPT","ACCEPT","venkataraman.nodate","","Adult female and male C57BL/6J (wild-type) and vGAT-Cre transgenic mice","Archana Venkataraman; Natalia Brody; Preethi Reddi; Jidong Guo; Donald Gordon Rainnie; Brian George Dias (2019)","","Post-mortem histological verification of viral injection sites via fluorescent reporter (mCherry) and Hoechst nuclear staining under fluorescence microscopy","","","To test whether the zona incerta modulates fear generalization and to evaluate its potential as a therapeutic target to reduce maladaptive fear generalization.","both"
"AIM-6","blanco-centurion.nodate","Activity of GABA neurons in the zona incerta and ventral lateral periaqueductal grey is biased towards sleep.","Blanco-Centurion C, Vidal-Ortiz A, Sato T, Shiromani PJ","https://doi.org/10.1093/sleep/zsac306","","","ACCEPT","ACCEPT","blanco-centurion.nodate","","vGAT‐ires‐Cre mice (Jackson Laboratories, JAX stock #016962), adult (6.2 ± 0.3 mo) mice","Carlos Blanco‐Centurion; Aurelio Vidal‐Ortiz; Takashi Sato; Priyattam J. Shiromani; 2023","vGAT+ ZI → vlPAG projection (anterograde): rAAV5-hSyn-Flex-ChrimsonR-tdT expressed in ZI GABA neurons; ZI injection coordinates AP −1.6 mm, ML 0.8 mm, DV −4.5 mm; vlPAG injection coordinates AP −4.3 mm, ML 0.9 mm, DV −2.2 mm","Histological confirmation of GRIN lens placement and GCaMP6M+ cell bodies within anatomical ZI boundaries, as shown in Figure 1","ZI vGAT neurons (rAAV-DJ-EF1α-DIO-GCaMP6M; Inscopix miniscope, GRIN lens): n=11 mice, 682 neurons; classified by state with abundances: R-Max 51.03%, W-Max 23.9%, NR-Max 11.7%, W/R-Max 6.5%, No Change 6.9%. vlPAG vGAT neurons: n=5 mice, 169 neurons; classified: R-Max 60.95%, W-Max 25.44%, R-OFF 8.28%, W/R-Max 2.96%, No Change 2.37%; states aligned to Active Wake, Quiet Wake, NREM, REM transition, REM sleep","","To characterize the in vivo activity patterns of GABAergic neurons in the ZI and vlPAG across sleep–wake states to determine their bias toward sleep and identify sleep‐promoting roles.","Correlation only"
"AIM-26","chen.nodate","The zona incerta negatively regulates the red nucleus during movement cued by sound signals.","Chen L, Wang X, Liu H, He C, Chen APF, Chen L, Kim TA, Xiong Q","https://doi.org/10.1371/journal.pbio.3003092","","","ACCEPT","ACCEPT","chen.nodate","","Mus musculus: C57BL/6J wild-type; PV-Cre, SOM-Cre, Lhx6-Cre, GAD-Cre, VGlut2-Cre transgenic mouse lines","Liang Chen, Xinxing Wang, Hanxiao Liu, Chenzhao He, Allen P. F. Chen, Lu Chen, Thomas A. Kim, Qiaojie Xiong; 2025","1) Monosynaptic retrograde rabies tracing from RN excitatory neurons in VGlut2-Cre mice (AAV-FLEX-TVA-oG + EnvA-G-deleted Rabies-mCherry) revealed direct inputs from motor cortex (M1, M2), cingulate cortex (Cg1), somatosensory cortex (S1), subthalamic nucleus (STN), substantia nigra pars reticulata (SNr), and ventral medial ZI (vZIm) to ipsilateral RN. 2) Cre-dependent anterograde AAV-DIO-GFP tracing in PV-Cre mice injected into ZI (2.0 mm caudal, 1.6 mm lateral, 4.0 mm depth) demonstrated PV+ ZI neurons project densely to ipsilateral RN (3.6 mm caudal, 0.6 mm lateral, 3.5 mm depth).","Histological confirmation via immunostaining of GFP-expressing neurons and interneuron marker staining (PV, Lhx6, SST) in medial ZI, and post hoc DiI labeling of tetrode and fiber tracks in ventral medial ZI (vZIm).","","","To provide an inhibitory ZI-RN pathway that shapes auditory-cued goal-directed movement by modulating contralateral movement choices.","Both"
"AIM-23","yang.nodate","Divergent BLA engram circuits orchestrate social preference dynamics in bystander male mice with self-experienced stress.","Yang XK, Shi YL, Li M, Li TX, Yang J, Lei J, Cui C, Peng X, Zha HC, Luo GG, Yao YB, Chen ST, Du JS, Wang HJ, Xu SQ, Zhang P, Tian B","https://doi.org/10.1073/pnas.2516904123","","","ACCEPT","ACCEPT","yang.nodate","","C57BL/6J male mice (experimental); CD1 outbred male mice (aggressors)","Xue-Ke Yang, Yu-Long Shi, Ming Li, Tong-Xia Li, Jian Yang, Jie Lei, Chi Cui, Xiang Peng, Hong-Chu Zha, Gan-Gan Luo, Yi-Bo Yao, Si-Tong Chen, Jun-Song Du, Hui-Juan Wang, Shi-Qi Xu, Pei Zhang, and Bo Tian; 2026","BLA engram cells → ACC (anterograde; AAV2/9-c-fos-tTA + TRE-EYFP)  |  ACCGlu neurons ← BLAEC (monosynaptic retrograde; RV-EnvA-ΔG-DsRed)  |  ACCGlu neurons → dorsal hippocampus (anterograde; AAV1-CaMKII-Cre + DIO-mCherry)  |  ACCGlu neurons → ventral hippocampus (same)  |  ACCGlu neurons → zona incerta (same)","Histological verification via fluorescence imaging of mCherry-labeled ACC terminals and fiber placement in ZI; no subregional specification","Population: SSDS-labeled BLA engram cells expressing GCaMP (AAV2/9-DIO-GCaMP); recorded via fiber photometry. Behavioral epochs: entry into novelty vs. cagemate chamber during SPT; entry into interaction zone during SAT. SSDS+VSDS mice show increased Ca²⁺ signal (peak ΔF/F, AUC, total z-score) in cagemate chamber and interaction zone relative to SSDS+CON controls; N = 8 mice per group.","In vivo extracellular single-unit recordings in ACC during optogenetic activation (473 nm) and inhibition (590 nm) of BLAEC-ACC projections; measured firing rate changes but no whole-cell parameters (Cm, Rin) reported.","To orchestrate social preference dynamics—promoting interaction with defeat-experienced cagemates and avoidance of aggressors—via divergent BLA engram cell circuits.","Both"
"AIM-5","li.nodate","Parvalbumin Neurons in Zona Incerta Regulate Itch in Mice.","Li J, Bai Y, Liang Y, Zhang Y, Zhao Q, Ge J, Li D, Zhu Y, Cai G, Tao H, Wu S, Huang J","https://doi.org/10.3389/fnmol.2022.843754","","","ACCEPT","ACCEPT","li.nodate","","Adult male C57BL/6J mice and PV-IRES-Cre (PV-Cre) mice on a C57BL/6J background","Li J; Bai Y; Liang Y; Zhang Y; Zhao Q; Ge J; Li D; Zhu Y; Cai G; Tao H; Wu S; Huang J (2022)","","Histological verification of viral expression and fiber placement in ZI via immunofluorescent staining of viral reporter and PV, confirmed with atlas-guided confocal imaging","Three recordings of ZI PV neuron bulk calcium signals via fiber photometry of GCaMP6s in PV-Cre mice: 1) Histamine-induced acute itch: ΔF/F increase onset 0.10±2.45 s to duration 5.13±1.57 s post-scratching (n=6 GCaMP, n=5 EYFP; repeated-measures ANOVA AUC F(1,9)=27.892, P=0.001; permutation test P<0.05). 2) Chloroquine-induced acute itch: onset 0.16±0.28 s to duration 4.08±0.71 s (n=6, n=5; F(1,9)=36.586, P<0.001). 3) Chronic AD itch: onset 0.78±0.18 s to duration 7.36±1.42 s (n=6, n=4; F(1,8)=14.355, P<0.01). Controls expressed EYFP; recording system ThinkerTech fiber photometry.","","ZI PV neurons function as an endogenous negative modulator of itch processing, suppressing scratching behavior.","sufficiency"
"AIM-12","bhuvanasundaram.nodate","Zona incerta modulation of the inferior olive and the pontine nuclei.","Bhuvanasundaram R, Washburn S, Krzyspiak J, Khodakhah K","https://doi.org/10.1162/netn_a_00350","","","ACCEPT","ACCEPT","bhuvanasundaram.nodate","","C57BL/6 wild-type mice (both sexes); 7–10 weeks old for in vivo; 5–6 weeks old juvenile for in vitro slices","Ramakrishnan Bhuvanasundaram; Samantha Washburn; Joanna Krzyspiak; Kamran Khodakhah, 2024","Anterograde AAV2-hSyn-ChR2-YFP tracing from ZI (center; Bregma −2.1 mm AP, ±1.5 mm ML, −4 mm DV; 0.25/0.15 μl at 0.1 μl/min; hSyn promoter; survival ≥2 weeks) to pontine nuclei; Anterograde AAV2-hSyn-ChR2-YFP tracing from ZI to inferior olive","Post-hoc immunohistochemical verification of ChR2-YFP expression confined to ZI; injection centered in ZI; exclusion of cases with spread beyond ZI","","","These ZI→PN and ZI→IO pathways may modulate the cerebellar network and underlie the efficacy of ZI deep brain stimulation in tremor-related movement disorders.","sufficiency"
"AIM-21","chhabria.nodate","A hypoxia-sensitive medullary nucleus modulates cerebral blood flow via a disynaptic pathway to cortex.","Chhabria K, Duckworth J, Yao P, Fassihi-Zakeri A, Kleinfeld D","https://doi.org/10.64898/2026.02.20.707130","","","ACCEPT","ACCEPT","chhabria.nodate","","Dβh-Cre transgenic mice on C57BL/6J background; B6.Cg-Tg(Acta2-GCaMP8.1/mVermilion) for smooth muscle–specific GCaMP8.1","Karishma Chhabria, Jacob Duckworth, Pantong Yao, Arash Fassihi-Zakeri, David Kleinfeld; 2026","RVLMDβh —anterograde AAV-Flex-mCherry→ LH; RVLMDβh —anterograde AAV-Flex-mCherry→ ZI; RVLMDβh —anterograde AAV-Flex-mCherry→ LC, PAG/DR, PBN/Tg; RVLMDβh —transsynaptic HSV-H129→ layer V cortex via LH/ZI (disynaptic); RVLMDβh —transsynaptic HSV-H129→ layer V cortex via LC (disynaptic)","Anterograde AAV-Flex-mCherry labeling in Dβh-Cre mice with histological verification via TH immunostaining; ZI identified by fiber labeling in coronal sections","Population: RVLMDβh neurons; Indicator: GCaMP8s via AAV-Flex-jGCaMP8s fiber photometry; Epoch: baseline vs. hypoxia (<16% O2) vs. recovery; Mean ΔF/F: no change; RMS ΔF/F: increased during hypoxia (p=0.019, n=7 mice); N animals=7; N trials not stated; Calcium leads CBF by ~2 s; Statistical test: Wilcoxon; Figure 1F–I","","To provide an adaptive, hypoxia-sensitive pathway from RVLM to cortex that rapidly increases cerebral blood flow across the cortical mantle","Both"
"AIM-24","zou.nodate","A GABAergic Projection from the Zona Incerta to the Rostral Ventromedial Medulla Modulates Descending Control of Neuropathic Pain.","Zou L, Ding H, Hu Y, Wen Z, Yu L, Yan M","https://doi.org/10.3390/brainsci16010072","","","ACCEPT","ACCEPT","zou.nodate","","Wild-type C57BL/6J and Vgat-Cre transgenic male mice, 6–8 weeks old","Lijing Zou; Hao Ding; Yujiao Hu; Zhuo Wen; Lina Yu; Min Yan, 2026","ZI GABAergic (Vgat+) neurons → ipsilateral RVM (anterograde tracing with AAV2/9-hSyn-DIO-EGFP in Vgat-Cre mice; monosynaptic anterograde tracing with scAAV2/1-hSyn-Cre in ZI and AAV2/9-hSyn-DIO-mCherry in RVM)","Histological confirmation of viral expression in ZI via EGFP/mCherry fluorescence at coordinates AP +2.15 mm, ML ±1.65 mm, DV −4.00 mm","","","To inhibit RVM output and thereby modulate descending control of neuropathic pain via a GABAergic ZI→RVM pathway","Both"
"AIM-25","cao.nodate","[Activation of GABAergic neurons in the zona incerta accelerates anesthesia induction with sevoflurane and propofol without affecting anesthesia maintenance or awakening in mice].","Cao F, Guo Y, Guo S, Zhou Z, Cao J, Tong L, Mi W","https://doi.org/10.12122/j.issn.1673-4254.2023.05.06","","","ACCEPT","ACCEPT","cao.nodate","","Male C57BL/6J mice (8–10 weeks old, 20–23 g)","Cao Fuyang; Guo Yongxin; Guo Shuting; Zhou Zhikang; Cao Jiangbei; Tong Li; Mi Weidong; 2023","","Immunofluorescent histological verification of viral expression in ZI by co-labeling mCherry/GFP with GABA and c-Fos antibodies (with DAPI), and confirmation of correct stereotaxic injection coordinates and placement of EEG electrodes and optical fiber.","","","To explore the regulatory effects of ZI GABAergic neurons on the induction and emergence of sevoflurane and propofol anesthesia.","sufficiency"
"AIM-32","qi.nodate","Paradoxical effects of posterior intralaminar thalamic calretinin neurons on hippocampal seizure via distinct downstream circuits.","Qi Y, Cheng H, Lou Q, Wang X, Lai N, Gao C, Wu S, Xu C, Ruan Y, Chen Z, Wang Y","https://doi.org/10.1016/j.isci.2022.104218","","","ACCEPT","ACCEPT","qi.nodate","","B6(Cg)-Calb2tm1(cre)Zjh (CR-cre) mice and C57BL/6J mice","Yingbei Qi, Heming Cheng, Qiuwen Lou, Xia Wang, Nanxi Lai, Chenshu Gao, Shuangshuang Wu, Cenglin Xu, Yeping Ruan, Zhong Chen, Yi Wang; 2022","Anterograde AAV2/9-CAG-FLEX-ArchT-GFP tracing from PIL CR neurons (injections at AP –3.1 mm, ML 1.7 mm, DV 3.6 mm; 0.5 µl at 0.1 µl/min; 5 weeks expression) revealed projections from PIL to lateral amygdala (LA), zona incerta (ZI), auditory cortex (Au), and central amygdaloid nucleus (CeA). Retrograde AAV2/2Retro-hEF1a-DIO-eYFP from LA and AAV2/2Retro-hEF1a-DIO-mCherry from ZI labeled LA- and ZI-projecting CR neurons in PIL with partial overlap (~42.7% of ZI-projecting and ~70.4% of LA-projecting neurons).","Histological confirmation of ArchT-GFP expression and optic fiber placement in the ZI via GFP immunofluorescence and imaging of Arch-GFP axon fibers in ZI","Population: PIL CR neurons expressing GCaMP6s via AAV2/9-Ef1a-DIO-GCaMP6s in CR-cre mice, recorded by fiber photometry (488 nm laser, PMT, 200 µm fiber). During focal seizures (FS), Ca2+ activity showed a slight increase relative to baseline (n=6 mice, 12 trials; Wilcoxon test, p<0.01; Figure 1E–G). During generalized seizures (GS), Ca2+ activity increased during latency and further increased at seizure onset (n=6 mice, 12 trials; Friedman test, p<0.0001; Figure 1I–K).","","To determine how posterior intralaminar thalamic calretinin neuron circuits modulate hippocampal seizure progression via distinct downstream pathways.","Both"
"AIM-36","li.nodateb","Glutamatergic Neurons in the Zona Incerta Modulate Pain and Itch Behaviors in Mice.","Li J, Peng S, Zhang Y, Ge J, Gao S, Zhu Y, Bai Y, Wu S, Huang J","https://doi.org/10.1007/s12035-023-03431-7","","","ACCEPT","ACCEPT","li.nodateb","","Adult male C57BL/6J mice and VGluT2-IRES-Cre mice","Jiaqi Li; Shihao Peng; Yiwen Zhang; Junye Ge; Shasha Gao; Yuanyuan Zhu; Yang Bai; Shengxi Wu; Jing Huang (2023)","","Histological verification of viral expression and fiber placement in caudal ZI by confocal imaging and DAPI; FOS immunostaining of hM3Dq-expressing neurons; atlas-based segmentation using Photoshop and Paxinos & Franklin atlas","Population: ZI VGluT2 neurons (GCaMP6s in VGluT2-Cre mice; fiber photometry)
Epoch 1: Mechanical nocifensive withdrawal (von Frey, 1 g); ΔF/F increased; AUC pre vs. post, P=0.033; n=7 mice
Epoch 2: Thermal nocifensive withdrawal (heat beam, 30 °C); ΔF/F increased; P=0.021; n=6 mice
Epoch 3: Histamine-induced scratching; ΔF/F increased at scratching onset; Friedman’s M test, P=0.346; n=9 mice
Epoch 4: Chloroquine-induced scratching; ΔF/F increased at scratching onset; Friedman's M test, P=0.134; n=8 mice","","To act as an endogenous negative modulatory center suppressing pain and itch behaviors","Sufficiency"
"AIM-38","ye.nodateb","Raphe serotonin projections dynamically regulate feeding behavior through targeting inhibitory circuits from rostral zona incerta to paraventricular thalamus.","Ye Q, Nunez J, Zhang X","https://doi.org/10.1016/j.molmet.2022.101634","","","ACCEPT","ACCEPT","ye.nodateb","","C57BL/6J mice, Sert-Cre mice, vGAT-Cre mice, GAD67-GFP mice","Qiying Ye, Jeremiah Nunez, Xiaobing Zhang; 2022","- DR/MnR 5-HT neurons → rostral zona incerta (ZIR) (anterograde AAV1-FLEX-EGFP-WPRE in Sert-Cre mice)
- DR/MnR 5-HT neurons → paraventricular thalamus (PVT) (anterograde AAV1-FLEX-EGFP-WPRE in Sert-Cre mice)
- DR/MnR 5-HT neurons → ZIR & PVT (retrograde AAVrg-CAG-FLEX-EGFP in ZIR and AAVrg-CAG-FLEX-tdTomato in PVT showing collateralization in Sert-Cre mice)
- ZIR GABA neurons → PVT (retrograde CTB-555 tracing in GAD-GFP mice)","Histological confirmation of viral expression and fiber placement within rostral ZI using fluorescent reporter imaging and reference to Allen Mouse Brain Atlas","","","To elucidate how raphe serotonin projections modulate the inhibitory ZIR → PVT pathway to regulate feeding motivation and food intake.","sufficiency"
"AIM-39","lin.nodate","Somatostatin-Positive Neurons in the Rostral Zona Incerta Modulate Innate Fear-Induced Defensive Response in Mice.","Lin S, Zhu MY, Tang MY, Wang M, Yu XD, Zhu Y, Xie SZ, Yang D, Chen J, Li XM","https://doi.org/10.1007/s12264-022-00958-y","","","ACCEPT","ACCEPT","lin.nodate","","Adult (>8 weeks old) male SST-Cre (SST-IRES-Cre) and Ai14 transgenic mice (Mus musculus)","Shan Lin, Meng-Yue Zhu, Meng-Yu Tang, Mi Wang, Xiao-Dan Yu, Yi Zhu, Shi-Ze Xie, Dan Yang, Jiadong Chen, Xiao-Ming Li; 2022","• Rostral ZI SST-positive → nucleus reuniens (Re): Anterograde AAV2/9-DIO-mGFP-Synaptophysin-mRuby injection into rostral ZI SST-Cre mice (70 nL); reporter expression in Re; functional GABAergic projection confirmed ex vivo by optogenetically-evoked IPSCs in Re neurons.
• Superior colliculus → rostral ZI SST-positive: Monosynaptic rabies tracing via AAV2/9-DIO-TVA-EGFP and AAV2/9-EF1α-DIO-RVG in rostral ZI followed by RV-EnvA-ΔG-dsRed into rostral ZI (80 nL); labeled neurons in intermediate and deep layers of SC.
• SC → rostral ZI SST-positive → Re (SC-ZIrSST-Re tri-synaptic): Monosynaptic rabies from Re in ZI TVA/RVG-preinfected SST-Cre mice, combined with c-Fos staining after looming; identified SC neurons projecting to Re-projecting ZI SST cells that were activated by looming.","Histological verification by fluorescence microscopy showing Cre-dependent reporter expression and fiber tracks in the rostral ZI (AP −1.00 mm; ML ±0.6–1.35 mm; DV −4.45 to −4.13 mm) with DAPI counterstaining; RNAscope in situ hybridization confirming SST mRNA expression in SST-positive neurons.","Population of SST-positive neurons in the rostral ZI recorded with AAV2/9-DIO-GCaMP6s (fiber photometry). Looming stimulus (3 expanding disks over 3 s) evoked a significant increase in ΔF/F% (AUC difference p=0.0313; n=6 mice, 3 trials each); sweeping stimulus elicited intracellular Ca2+ elevation; spontaneous locomotion produced no change. mCherry control channel showed no signal changes.","1) ChR2 in rostral ZI SST neurons: 20 Hz, 10 ms blue light pulses reliably evoked action potentials in current-clamp.
2) GtACR1 in rostral ZI SST neurons: 5 s continuous 473 nm light induced hyperpolarization and silenced firing.
3) ZIrSST→Re synaptic connectivity: optogenetic stimulation of ZI SST axon terminals evoked monosynaptic GABAergic IPSCs in Re neurons (blocked by TTX, rescued by 4-AP; abolished by picrotoxin). No measurements of Cm, Rin, AP kinetics, or resting membrane potential were reported.","To mediate and modulate innate visual threat-induced defensive behaviors (flight and freezing) via SST-positive neurons in the rostral ZI and the SC-ZIrSST-Re tri-synaptic circuit.","Both necessity and sufficiency"
"AIM-43","liu.nodatea","The zona incerta regulates burying behavior and normalizes anxiety-like behavior in inescapable stressful male mice by object cue.","Liu Y, Qiu L, Qian J, Xu Q, Qi R, Luo Y, Cao Z, Zhang Z, Wu W, Zhang L, Lu G","https://doi.org/10.1016/j.ynstr.2024.100704","","","ACCEPT","ACCEPT","liu.nodatea","","Male C57BL/6J mice","Yueqin Liu; Lianli Qiu; Jiahui Qian; Qiang Xu; Rongfeng Qi; Yifeng Luo; Zhihong Cao; Zhiqiang Zhang; Wei Wu; Longjiang Zhang; Guangming Lu (2025)","1) ZI→vPAG, anterograde tracing: rAAV-hSyn-EYFP injected into ZI at AP −1.2 mm, ML ±1.6 mm, DV 4.4 mm; abundant EYFP+ fibers observed in vPAG. 2) ZI→vPAG, retrograde-based intersectional labeling: AAV2/2-Retro-hSyn-Cre into vPAG (AP −4.52 mm, ML ±0.42 mm, DV 2.78 mm) combined with rAAV-DIO-hM3Dq-EYFP in ZI to label vPAG-projecting ZI neurons.","Stereotaxic targeting of ZI (AP −1.2 mm, ML ±1.6 mm, DV 4.4 mm) with histological verification by confocal imaging of EGFP signal and DAPI in 40 µm brain sections; bilateral expression required for inclusion.","Population: ZI neurons expressing GCaMP6s (rAAV-hSyn-GCaMp6s, fiber photometry). Epochs: (1) exploring object—Shock only: no change; Object: increased ΔF/F; (2) burying behavior—increased ΔF/F in both groups; (3) self-grooming—decreased ΔF/F in both groups. N=5 mice per group; statistical test: One-way ANOVA, p<0.001. Peak ΔF/F, latency, and duration not explicitly stated.","","To normalize anxiety-like behavior induced by inescapable stress via ZI→vPAG projections, without altering defensive burying behavior.","Both necessity and sufficiency"
"AIM-44","chen.nodatea","Zona Incerta GABAergic Neurons Facilitate Emergence from Isoflurane Anesthesia in Mice.","Chen H, Liu C, Liu J, Yuan C, He H, Zhang Y, Yu S, Luo T, Shen W, Yu T","https://doi.org/10.1007/s11064-024-04230-9","","","ACCEPT","ACCEPT","chen.nodatea","","VGAT-IRES-Cre mice; C57BL/6J mice","Hong Chen, Chengxi Liu, Junxiao Liu, Chengdong Yuan, Haifeng He, Yu Zhang, Shouyang Yu, Tianyuan Luo, Wei Shen, Tian Yu; 2024","","Coronal brain sectioning and immunohistochemical staining with anti-GABA antibody, guided by the Paxinos & Franklin mouse brain atlas","Fiber photometry recordings from ZI GABAergic neurons in VGAT-Cre mice expressing GCaMP6s (AAV-DIO-GCaMP6s). Behavioral epochs: pre-anesthesia baseline (−200 to −100 s), induction (−100 to 0 s), early anesthesia (0 to 100 s), maintenance (100 to 200 s), anesthesia baseline (−200 to −150 s), recovery (−150 to 0 s), early emergence (0 to 100 s), emergence (100 to 200 s). Signal changes: induction vs baseline 24.74 ± 10.67% vs 4.892 ± 5.488% (P=0.0004); early anesthesia vs baseline −6.638 ± 3.716% vs 24.74 ± 10.67% (P=0.0001); maintenance vs baseline −10.5 ± 4.345% vs 24.74 ± 10.67% (P=0.0001); early emergence vs anesthesia baseline 8.968 ± 5.21% vs −5.121 ± 3.444% (P=0.0055); emergence vs anesthesia baseline 6.825 ± 7.571% vs −5.121 ± 3.444% (P=0.0026). N=8 mice; system: ThinkerTech Nanjing Bioscience fiber photometry.","","To investigate the involvement of ZI GABAergic neurons in modulating induction and emergence from isoflurane anesthesia.","Both"
"AIM-45","wu.nodate","Projections from the Rostral Zona Incerta to the Thalamic Paraventricular Nucleus Mediate Nociceptive Neurotransmission in Mice.","Wu FL, Chen SH, Li JN, Zhao LJ, Wu XM, Hong J, Zhu KH, Sun HX, Shi SJ, Mao E, Zang WD, Cao J, Kou ZZ, Li YQ","https://doi.org/10.3390/metabo13020226","","","ACCEPT","ACCEPT","wu.nodate","","Adult male mice (Mus musculus), including wild-type C57BL/6J, GAD2-Cre, Ai9-TdTomato reporter, and GAD67-GFP lines (6–12 weeks old).","Feng-Ling Wu; Si-Hai Chen; Jia-Ni Li; Liu-Jie Zhao; Xue-Mei Wu; Jie Hong; Ke-Hua Zhu; Han-Xue Sun; Su-Juan Shi; E Mao; Wei-Dong Zang; Jing Cao; Zhen-Zhen Kou; Yun-Qing Li, 2023","Rostral zona incerta (ZIR) GABAergic neurons project to the paraventricular thalamic nucleus (PVT). Pathway traced by: 1) retrograde labeling with 594 retroBeads (200 nL) and CTB (200 nL) injected into PVT (AP –0.94, ML 0, DV –3.25 mm; survival 7–10 days), revealing labeled cells predominantly in ZIR (AP –1, ML 0.7, DV –4.67 mm), ~72.2% co-localized with GABAergic marker; 2) anterograde tracing via rAAV2/9-hSyn-eGFP or EF1a-DIO-mCherry (100 nL, 20 nL/min) injected into ZIR (survival 3 weeks) labeling axonal terminals in PVT; functional connectivity confirmed by optogenetic activation of ZIR terminals evoking IPSCs in PVT neurons.","Stereotaxic targeting of rostral ZI (coordinates AP −1, ML 0.7, DV −4.67 mm) with histological verification by fluorescent imaging of tracer/virus expression on 30 µm coronal sections, aligned to atlas; use of GAD2-Cre × Ai9 and GAD67-GFP mice confirmed GABAergic identity at injection site.","Recorded bulk Ca2+ activity (jGCaMP7s) from ZIR-projecting PVT neurons via fiber photometry. Nociceptive epochs: 1.0 g von Frey (mechanical) and 0.3 mA shock—both induced an increase in ΔF/F; non-nociceptive control (0.07 g von Frey)—no change. Peak values and N animals not explicitly stated.","1) ChR2-expressing ZIR neurons: optical pulses at 5, 10, 20 Hz evoked reliable AP firing. 2) ZIR→PVT terminals: 473 nm stimulation evoked IPSCs in PVT neurons. 3) hM3Dq-expressing ZIR neurons: 20 µM clozapine induced inward currents at −70 mV. No passive membrane parameters provided.","To mediate nociceptive neurotransmission by providing GABAergic inhibition from rostral ZI to PVT, thereby modulating mechanical and thermal pain sensitivity.","Both"
"AIM-46","zhang.nodatea","A zona incerta-basomedial amygdala circuit modulates aversive expectation in emotional stress-induced aversive learning deficits.","Zhang L, Zhang P, Qi G, Cai H, Li T, Li M, Cui C, Lei J, Ren K, Yang J, Ming J, Tian B","https://doi.org/10.3389/fncel.2022.910699","","","ACCEPT","ACCEPT","zhang.nodatea","","C57BL/6J male mice (2–2.5 months old) as experimental subjects; CD1 male mice as aggressors in the 3C-VSDS model","Lijun Zhang; Pei Zhang; Guangjian Qi; Hongwei Cai; Tongxia Li; Ming Li; Chi Cui; Jie Lei; Kun Ren; Jian Yang; Jie Ming; Bo Tian (2022)","(1) Anterograde, cell-type-specific tracing: ZI TH+ neurons → BMA via unilateral injection of rAAV2/9-TH-Cre and rAAV2/9-EF1α-DIO-mCherry into ZI (AP –2.4, ML ±1.6, DV –4.2 mm); mCherry+ axon terminals detected in BMA (AP –1.0, ML ±2.55, DV –5.2 mm). (2) Monosynaptic retrograde rabies tracing: BMA neurons ← ZI TH+ inputs via injection of rAAV2/9-hSyn-Cre, rAAV2/9-EF1α-DIO-RVG, and rAAV2/9-EF1α-DIO-TVA-EGFP into BMA, followed 17 days later by RV-EnvA-1G-DsRed into BMA; DsRed+ neurons observed in ZI.","Histological verification by immunofluorescent co-labeling of virus reporters (GCaMP6m, mCherry, NpHR3.0) with TH antibody in ZI and post-mortem confirmation of injection sites and fiber tracts","Population: ZI TH+ neurons. Indicator: GCaMP6m via rAAV2/9-EF1α-DIO-GCaMP6m in TH-Cre mice; fiber photometry (488 nm, 3–10 mW, 20 Hz). Epochs: (1) Habituation: CS alone (180 s tone) – no ΔF/F change; (2) Conditioning: three CS-US pairings (28 s tone/2 s footshock) with early (0–14 s) and late (14–28 s) CS phases – gradual increase in ΔF/F across CS1–CS3, significant increase in late phase of CS3 (one-way ANOVA p=2.6×10^–3; Sidak’s CS1 vs CS3 p=0.0023); (3) Retrieval: CS alone (180 s) – increased ΔF/F at CS onset. N=9 mice; control: GFP-expressing mice; statistical tests: one-way ANOVA with Sidak’s post hoc.","No electrophysiological recordings (e.g., patch clamp) were reported in this study.","This ZI-to-BMA TH+ circuit modulates aversive expectation during fear conditioning and rescues emotional stress-induced aversive learning deficits, making it a potential target for intervention in maladaptive fear learning.","Both"
"AIM-52","zhang.nodatec","Low-frequency stimulation in the zona incerta attenuates seizure via driving GABAergic neuronal activity.","Zhang M, Yang L, Li Z, Fei F, Zhou Y, Jiang D, Zheng Y, Cheng H, Wang Y, Xu C, Fang J, Wang S, Chen Z, Wang Y","https://doi.org/10.1016/j.nbd.2024.106424","","","ACCEPT","ACCEPT","zhang.nodatec","","Vgat-Cre mice (for cell-specific photometry and ablation) and C57BL/6J mice (for DBS seizure models)","Mengdi Zhang; Lin Yang; Zhongxia Li; Fan Fei; Yuan Zhou; Dongxiao Jiang; Yuyi Zheng; Hui Cheng; Yu Wang; Cenglin Xu; Jiajia Fang; Shuang Wang; Zhong Chen; Yi Wang (2024)","","Histological verification of electrode/fiber placement by brain slicing, plus immunohistochemical confirmation of GCaMP6m expression in ZI GAD65/67 neurons (ventral ZI, AP –2.2 mm, ML –1.7 mm, DV –4.3 mm).","Population: ZI GABAergic neurons (Vgat-Cre mice expressing AAV-EF1a-DIO-GCaMP6m; fiber photometry). Epoch: 30 s of DBS at 1 Hz, 5 Hz, 20 Hz, or 100 Hz. 1 Hz: ΔF/F increased (paired t-test, P = 0.0237, n = 5); 5 Hz: ΔF/F increased (P = 0.0271, n = 5); 20 Hz: ΔF/F increased (P = 0.0169, n = 5); 100 Hz: no significant change (P = 0.1490, n = 5). Recording hardware: Nanjing Thinkertech fiber photometry system. Figure 5.","","To attenuate seizure severity in hippocampal and cortical seizure models by activating ZI GABAergic neurons with low-frequency DBS.","Both necessity and sufficiency"
"AIM-53","jiang.nodate","Dopaminergic Neurons in Zona Incerta Drives Appetitive Self-Grooming.","Jiang Z, He M, Young C, Cai J, Xu Y, Jiang Y, Li H, Yang M, Tong Q","https://doi.org/10.1002/advs.202308974","","","ACCEPT","ACCEPT","jiang.nodate","","Adult transgenic mice (Th-cre, Th-cre;vgat-flp, Sim1-cre::tdTomato) on a C57BL/6 background","Zhiying Jiang; Michelle He; Claire Young; Jing Cai; Yuanzhong Xu; Yanyan Jiang; Hongli Li; Maojie Yang; Qingchun Tong (2024)","Anterograde (AAV-DIO-synaptophysin-GFP in Th-Cre mice): ZITH→NAc shell; ZITH→BNST; ZITH→PAG; ZITH→LC; ZITH→LRt. Monosynaptic rabies (EnvA-RV-GFP following AAVDJ8-CAG-FLEX-TC66T-mCherry + AAVDJ8-EF1A-DIO-oG in Th-Cre mice): LS→ZITH; POA→ZITH; PVT→ZITH; BNST→ZITH; PVH→ZITH; VMH→ZITH; PH→ZITH; PAG→ZITH.","Immunostaining of TH and Sim1 reporter in Sim1-Cre::tdTomato mice to localize ZITH neurons posterior to PVH; post hoc TH immunohistochemistry and GFP labeling to verify AAV targeting; verification of no off-target spread to SN and VTA.","Fiber photometry (GCaMP6m/f via AAV9-hsyn1-Flex or AAV8-EF1A-Con/Fon in Th-Cre or Th-Cre;vgat-flp mice) recorded increased ΔF/F in ZITH neurons during spontaneous self-grooming and in response to water spray, tail lift, visual, and auditory stimuli.","Whole-cell patch-clamp in Th-Cre::L10A-GFP slices: RMP –51.6 ± 1.9 mV (n=13); Rin 1.04 ± 0.09 GΩ (n=14); spontaneous firing in 7/13 neurons at 3.4 ± 0.9 Hz; reliable AP firing up to 20 Hz.","To promote appetitive self-grooming via dopamine release from ZITH neurons to the PAG, integrating sensory stimuli to drive grooming behavior.","Both"
"AIM-54","sun.nodate","Zona incerta mediates early life isoflurane-induced fear memory deficits.","Sun J, Deng X, Zhu L, Lin J, Chen G, Tang Y, Lu S, Lu Z, Meng Z, Li Y, Zhu Y","https://doi.org/10.1038/s41598-024-66106-w","","","ACCEPT","ACCEPT","sun.nodate","","Wild type C57BL/6J mice","Jing Sun, Xiaofei Deng, Lin Zhu, Jianbang Lin, Gaowei Chen, Yong Tang, Shanshan Lu, Zhonghua Lu, Zhiqiang Meng, Yuantao Li, Yingjie Zhu; 2024","","Stereotaxic injections into the ZI (AP −1.95, ML +1.0, DV −4.45) with post-mortem histological verification of viral reporter (GCaMP6s or mCherry) expression in ZI","Population: ZI neurons expressing GCaMP6s via AAV2/9-hSyn-GCaMP6s; Indicator: GCaMP6s; Delivery: viral transduction and fiber photometry with 405 nm isosbestic control; Behavioral epoch: retrieval of fear memory; Signal change: ISO mice showed increased frequency of Ca2+ transient events per minute versus controls; ISO+DEX mice showed reduced frequency versus ISO; Quantitative measure: frequency of Ca2+ events per minute (mean±SEM not explicitly stated); N animals: control n=3, ISO n=5, ISO+DEX n=5; Statistical test: Mann–Whitney, p<0.05; Figure reference: Fig. 3F (main text)","","Mediating the impairment and rescue of fear memory retrieval following early-life isoflurane exposure","sufficiency"
"AIM-64","fu.nodate","Acoustic Motor Cortex Stimulation Enhances the Descending Analgesic Pathway to Alleviate Chronic Pain in Mice.","Fu W, Yang G, Ke J, Huang T, Li J, Chen X, Zou J, Lin Z, Niu L, Li Y","https://doi.org/10.1109/tnsre.2025.3564033","","","ACCEPT","ACCEPT","fu.nodate","","C57BL/6J mice (male, 8 weeks old) and TRAP2-tdTomato transgenic mice","Weiliang Fu; Guanghua Yang; Jin Ke; Tianwen Huang; Jinpeng Li; Xiaoyan Chen; Junjie Zou; Zhengrong Lin; Lili Niu; Yongjie Li, 2025","","","Two-photon calcium imaging of SCDH neurons expressing GCaMP6s (rAAV-hSyn-GCaMP6s) in awake mice (n = 3), recorded 1F/F0 during resting (0–30 s), stimulation (pinch/ice/von Frey, 30–60 s), and post-stimulation (60–180 s) epochs, showing significantly decreased ∆F/F0 during stimulation after one week of aMCS","","To non-invasively stimulate the primary motor cortex and thereby enhance the descending analgesic pathway to alleviate chronic pain","Sufficiency"
"AIM-74","watson.nodate","Opposing collicular influences on the parafascicular (Pf) and posteromedial (POm) thalamic nuclei: relationship to POm-induced inhibition in the substantia nigra pars reticulata (SNR).","Watson GDR, Alloway KD","https://doi.org/10.1007/s00429-017-1534-8","","","ACCEPT","ACCEPT","watson.nodate","","Adult male Sprague-Dawley rats","Glenn D. R. Watson; Kevin D. Alloway; 2018","• Superior colliculus → ventral zona incerta (feed-forward GABAergic inhibition of POm)
• Zona incerta → POm (GABAergic)
• Superior colliculus → parafascicular nucleus (Pf) (excitatory)
• Parafascicular nucleus → dorsolateral striatum (DLS)
• Posteromedial thalamus (POm) → DLS (excitatory)
• DLS (direct pathway) → lateral substantia nigra pars reticulata (inhibitory)","","","","To determine how superior colliculus activation differentially influences Pf and POm and to assess how POm stimulation affects downstream basal ganglia output in the substantia nigra pars reticulata.","sufficiency"
"AIM-76","ye.nodatec","Zona incerta dopamine neurons encode motivational vigor in food seeking.","Ye Q, Nunez J, Zhang X","https://doi.org/10.1101/2023.06.29.547060","","","ACCEPT","ACCEPT","ye.nodatea","","Mouse (TH-Cre, vGAT-Cre, GAD67-GFP)","Qiying Ye; Jeremiah Nunez; Xiaobing Zhang (2023)","ZI TH⁺ neurons → PVT: anterograde AAV-EF1a-DIO-EGFP in bilateral ZI of TH-Cre mice labeled EGFP-positive axons in PVT and PAG; retrograde AAVrg-FLEX-EGFP injected into PVT of TH-Cre mice labels ZI DA neurons. Functional connectivity tested by photostimulation of ChIEF-positive ZI DA terminals in PVT, eliciting D2 receptor–mediated inhibitory currents in PVT neurons. Figures 5A–D, S14–S15.","Targeting confirmed by TH immunocytochemistry showing colocalization of viral reporter expression with TH-positive neurons in the ZI; RNAScope in situ hybridization for GAD2/GAD65 and use of GAD67-GFP mice to distinguish neuronal populations. No specific ZI subregion was specified.","Population: ZI DA neurons; Indicator: GCaMP7f via AAV in TH-Cre mice, fiber photometry; Epoch: food approach; Direction: increase; N animals: 4; N trials: 50; Figures: 4B. Population: ZI DA neurons; Epoch: pellet retrieval and consumption; Direction: decrease; N animals: 4; N trials: 50; Figures: 4C. Population: ZI GABA neurons; Indicator: GCaMP7f via AAV in vGAT-Cre mice; Epoch: food approach; Direction: modest increase; N animals: 4; N trials: 50; Figures: 4D. Population: ZI GABA neurons; Epoch: consumption; Direction: large sustained suppression; N animals: 4; N trials: 50; Figures: 4E–F.","Patch-clamp recordings confirm chemogenetic manipulation: CNO depolarizes hM3D(Gq)-expressing ZI DA neurons and hyperpolarizes hM4D(Gi)-expressing ZI DA neurons; HFHS diet depolarizes resting membrane potential and increases EPSC frequency onto ZI DA neurons. No quantitative metrics for membrane capacitance, input resistance, AP kinetics, sag, or firing rate were provided.","To encode motivational vigor in homeostatic food-seeking behaviors to drive meal frequency and to transmit positive-valence signals via the ZI→PVT DA pathway to support contextual food memory.","Both"
"AIM-57","chou.nodate","Inhibitory gain modulation of defense behaviors by zona incerta.","Chou XL, Wang X, Zhang ZG, Shen L, Zingg B, Huang J, Zhong W, Mesik L, Zhang LI, Tao HW","https://doi.org/10.1038/s41467-018-03581-6","","","ACCEPT","ACCEPT","chou.nodate","","Mice (C57BL/6 wild-type and transgenic lines: GAD2-Cre, vGLUT2-Cre, PV-Cre, Ai14; GAD67-GFP)","Xiao-lin Chou; Xiyue Wang; Zheng-gang Zhang; Li Shen; Brian Zingg; Junxiang Huang; Wen Zhong; Lukas Mesik; Li I. Zhang; Huizhong Whit Tao (2018)","Distinct GABAergic projections from rostral ZI (ZIr)→dlPAG and ZIr→vlPAG (anterograde AAV1-CAG-FLEX-GFP in GAD2-Cre; 30 nL at AP –1.2, ML +1.6, DV –4.4 mm; 3–4 week survival; Fig. 1b,d), sparse PV+ ZIv/ZId→PAG projections (anterograde AAV1-CAG-FLEX-GFP in PV-Cre; 30 nL at AP –1.5, ML +2.2, DV –4.2 mm; Fig. 1c,d), retrograde CTB from PAG→ZIr (30 nL at AP –4.4, ML +0.5, DV –2.5 mm; colocalization with GAD67-GFP; Fig. 7a), monosynaptic rabies-eGFP from dlPAG/vlPAG→ZIr (EnvA-ΔG rabies; 30 nL at AP –4.4, ML +0.6/0.5, DV –2.4/–2.7 mm; Supplementary Fig. 1c,d), and mPFC (ILA/PL/ACA)→ZIr (retrograde rAAV2-retro-syn-Cre into ZIr; 30 nL at AP –1.2, ML +1.6, DV –4.4 mm, Ai14 mice; anterograde AAV1-CamKII-ChR2-eYFP into mPFC; 30 nL at AP +1.6, ML –0.4, DV –1.9 mm; Fig. 6a,b). Functional synaptic connectivity was confirmed by optogenetically evoked IPSCs in vGLUT2+ PAG neurons (blocked by gabazine; Fig. 7b,c) and EPSCs in ZIr neurons (Fig. 6c).","Stereotaxic injections targeted to rostral ZI (AP –1.2 to –1.5 mm; ML +1.6 to +2.2 mm; DV ~–4.2 to –4.4 mm) confirmed by confocal imaging of Cre-dependent GFP/ChR2-eYFP in GAD2-Cre::Ai14 and PV-Cre mice, Nissl and NeuN staining in GAD67-GFP mice, and exclusion of mistargeted cases.","","","To modulate the gain of innate and learned defensive behaviors via inhibitory ZIr→PAG projections and to mediate experience-dependent fear extinction through mPFC inputs.","Both"
"AIM-7","ye.nodate","Serotonin activates paraventricular thalamic neurons through direct depolarization and indirect disinhibition from zona incerta.","Ye Q, Zhang X","https://doi.org/10.1113/jp282088","","","ACCEPT","ACCEPT","","","C57BL/6J mice and vGAT‐Cre mice","Qiying Ye; Xiaobing Zhang (2021)","1) Vgat+ GABA neurons in the zona incerta → paraventricular thalamus (ZI→PVT) traced by anterograde AAV5‐EF1a‐DIO‐ChR2‐EYFP injection in vGAT‐Cre mice. 2) Paraventricular thalamus‐projecting dorsal raphe neurons → PVT labeled by retrograde CTB‐555 injection into PVT (DR→PVT; serotonergic).","Post hoc fluorescence microscopy confirming ChR2‐EYFP expression in ZI somata and dense axonal labeling in PVT at injection coordinates AP –1.00 mm, ML ±0.7 mm, DV –4.40 mm.","","","To elucidate how serotonin directly excites and indirectly disinhibits PVT neurons via ZI GABA inputs and how this modulation is altered by high‐fat diet, with implications for feeding control and obesity.",""
"AIM-8","lee.nodate","Sleep need-dependent plasticity of a thalamic circuit promotes homeostatic recovery sleep.","Lee SS, Liu Q, Cheng AHR, Kim DW, Boudreau DM, Mehta A, Keles MF, Fejfer R, Palmer I, Park KH, Munzberg H, Harris TD, Graves AR, Blackshaw S, Wu MN","https://doi.org/10.1126/science.adm8203","","","ACCEPT","ACCEPT","","","Mouse (C57BL/6J and transgenic lines including Vglut2-Cre, Fos-2A-iCreERT2;Ai14, Lhx6-Cre, Lhx6-eGFP, GAL-Cre, Sst-Cre, Gad2-Cre, Vgat-Cre, ChAT-Cre, SERT-Cre, Cck-Cre, Avp-Cre, Ai14)","Sang Soo Lee, Qiang Liu, Alexandra H. R. Cheng, Dong Won Kim, Daphne M. Boudreau, Anuradha Mehta, Mehmet F. Keles, Rafal Fejfer, Isabelle Palmer, Kristen H. Park, Heike Münzberg, Timothy D. Harris, Austin R. Graves, Seth Blackshaw, Mark N. Wu; 2025","• Monosynaptic rabies (EnvA-ΔG) retrograde tracing from 11 NREM-promoting nuclei → RE (rabies virus). • Anterograde AAV-DIO-hM3Dq-mCherry tracing: mREVglut2 → BF, POA, VLPO, ZI. • AAV-FLEX-mGFP-2A-Syp:mRuby tracing: mREVglut2 → ventromedial ZI. • Retrograde RV-ChR2 (rabies-based) tracing: vmZILhx6 → mRE. • eGRASP labeling of mREVglut2 presynaptic membranes and ZILhx6 postsynaptic membranes, demonstrating mRE→ZI synaptic contacts.","Post hoc fluorescence imaging of mCherry/eYFP and DAPI in coronal slices to confirm Zona Incerta targeting; use of Lhx6-eGFP reporter line to delineate ventromedial ZILhx6 subregion.","","","To sense sleep deprivation–induced sleep need via CaMKII-dependent plasticity in the mRE→ZI circuit and thereby promote persistent, deep, homeostatic recovery NREM sleep.","Both"
"AIM-10","ahmadlou.nodate","A cell type-specific cortico-subcortical brain circuit for investigatory and novelty-seeking behavior.","Ahmadlou M, Houba JHW, van Vierbergen JFM, Giannouli M, Gimenez GA, van Weeghel C, Darbanfouladi M, Shirazi MY, Dziubek J, Kacem M, de Winter F, Heimel JA","https://doi.org/10.1126/science.abe9681","","","ACCEPT","ACCEPT","","","Mouse (C57BL/6 and Cre‐driver lines: GAD2‐Cre, TAC1‐Cre, PV‐Cre, SST‐Cre)","Mehran Ahmadlou; Janou H. W. Houba; Jacqueline F. M. van Vierbergen; Maria Giannouli; Geoffrey-Alexander Gimenez; Christiaan van Weeghel; Maryam Darbanfouladi; Maryam Yasamin Shirazi; Julia Dziubek; Mejdy Kacem; Fred de Winter; J. Alexander Heimel (2021)","PL→ZIm (monosynaptic rabies tracing via TVA/EnvA-ΔG rabies in GAD2-Cre), ZImGAD2→lPAG (anterograde AAV-DIO-ChR2 in GAD2-Cre), ZImGAD2→MLR and ZImGAD2→PnO (anterograde AAV-DIO-ChR2), PAG→ZImTAC1 (retrograde AAV-EYFP in TAC1-Cre), PL→ZImTAC1 (monosynaptic rabies tracing in TAC1-Cre)","Histological confirmation via fluorescent reporter (ChR2-mCherry, stGtACR2-FusionRed) expression in ZIm and visualization of fiber/electrode tracks (DiI) against anatomical landmarks","Recorded GCaMP6s signals from ZIm GAD2 neurons, PL→ZIm axons, and ZIm→PAG axons during deep vs. shallow object and social investigation; ZIm GAD2: increased z-score in both, significantly higher in deep; PL→ZIm: active in both, no deep/shallow difference; ZIm→PAG: active only during deep investigation","","To drive and gate curiosity-driven investigatory and novelty-seeking behavior.","Both"
"AIM-69","de git.nodate","Zona incerta neurons projecting to the ventral tegmental area promote action initiation towards feeding.","de Git KCG, Hazelhoff EM, Nota MHC, Schele E, Luijendijk MCM, Dickson SL, van der Plasse G, Adan RAH","https://doi.org/10.1113/jp276513","","","ACCEPT","ACCEPT","de git.nodate","","Adult male Wistar rats","de Git KG, Hazelhoff EM, Nota MHC, Schele E, Luijendijk MCM, Dickson SL, van der Plasse G, Adan RAH (2021)","ZI to VTA projection neurons: retrograde tracing via CAV2Cre injected into the VTA, co-injected with AAV-hSyn-mCherry to mark VTA injection site; Cre-dependent anterograde expression of AAV-CBA-DIO-GFP:TetTox in ZI-region; GFP-positive axonal fibres detected in VTA but absent in paraventricular thalamus (PVT).","Immunofluorescence of mCherry to verify VTA injection site; in situ hybridization for TetTox-GFP mRNA to verify ZI-region targeting; immunohistochemistry for GFP protein to confirm ZI→VTA terminal labeling","","","To promote feeding by facilitating action initiation towards food.","both"
"AIM-70","chen.nodatec","Activation of zona incerta gamma-aminobutyric acid-ergic neurons alleviates depression-like and anxiety-like behaviors induced by chronic restraint stress.","Chen SH, Lan B, Zhang YY, Li GH, Qian YL, Hu MX, Tian YL, Zang WD, Cao J, Wang GH, Wang YG","https://doi.org/10.5498/wjp.v15.i2.101807","","","ACCEPT","ACCEPT","chen.nodatec","","Adult male 6-8-week-old C57BL/6 mice","Si-Hai Chen; Bo Lan; Ying-Ying Zhang; Guo-Hui Li; Yu-Long Qian; Ming-Xing Hu; Yin-Lin Tian; Wei-Dong Zang; Jing Cao; Guang-Hai Wang; Yi-Gang Wang, 2025","","Stereotaxic injection guided by brain atlas coordinates (AP -2.3 mm, ML 1.68 mm, DV -4.25 mm) and immunofluorescence colocalization of viral reporter with GABA staining in ZI","","Whole-cell patch-clamp recordings of ZI VGAT1-EGFP GABAergic neurons showed: reduced spike number across 10–100 pA current injections; increased rheobase current; hyperpolarized resting membrane potential; no changes in action potential threshold, afterhyperpolarization amplitude, action potential amplitude, or half-width.","To regulate and alleviate depression-like and anxiety-like behaviors induced by chronic restraint stress in mice via modulation of ZI GABAergic neuron activity.","Both"
"AIM-79","hu.nodate","Activation of the Intrinsic Pain Inhibitory Circuit from the Midcingulate Cg2 to Zona Incerta Alleviates Neuropathic Pain.","Hu TT, Wang RR, Du Y, Guo F, Wu YX, Wang Y, Wang S, Li XY, Zhang SH, Chen Z","https://doi.org/10.1523/jneurosci.1683-19.2019","","","ACCEPT","ACCEPT","","","Adult male C57BL/6J mice; Vgat-ChR2-eYFP and Vgat-Cre transgenic lines","Ting-Ting Hu; Ran-Ran Wang; Yu Du; Fang Guo; Yu-Xing Wu; Yi Wang; Shuang Wang; Xiang-Yao Li; Shi-Hong Zhang; Zhong Chen (2019)","1) MCC Cg2 glutamatergic neurons → ZI GABAergic neurons (anterograde AAV-CaMKII-ChR2-eYFP)
2) MCC Cg2 glutamatergic neurons → DLPAG (anterograde AAV-CaMKII-ChR2-eYFP)
3) ZI GABAergic neurons → MCC Cg2 and Cg1 glutamatergic neurons (monosynaptic rabies, EnvA-ΔG-DsRed with TVA/RVG in Vgat-Cre)","Histochemical confirmation of cannula tips and viral expression on cryosections matched to ZI atlas coordinates","Population: MCC Cg2 glutamatergic neurons; Indicator: GCaMP6s-eYFP via AAV-CaMKII; Method: bulk fiber photometry; Epoch: response to contralateral formalin injection; Direction: decrease in ΔF/F; N animals: saline n=4, formalin n=5; No peak ΔF/F or latency explicitly stated","","Mediates intrinsic inhibition of multimodal nociception and relieves neuropathic pain","Both"
"AIM-9","li.nodatea","Zona incerta subpopulations differentially encode and modulate anxiety.","Li Z, Rizzi G, Tan KR","https://doi.org/10.1126/sciadv.abf6709","","","ACCEPT","ACCEPT","li.nodatea","","Male and female SOM-CRE (B6-Sst<tm2.1(cre)Zjh>/J), CR-CRE (B6(Cg)-Calb2<tm1(cre)Zjh>/J), Vglut2-CRE (B6.Cg-Slc17a6<tm2(cre)Lowl>Unc/J), C57BL/6JRj, SOM-TOM and CR-TOM reporter lines, and BALB/cByJRj mice","Zhuoliang Li, Giorgio Rizzi, Kelly R. Tan; 2021","SOM+ ZI → LHb; CR+ ZI → LHb; Vglut2+ ZI → LHb; CR+ ZI → dmPAG; Vglut2+ ZI → lPAG and vlPAG; SOM+ ZI → dmPAG, lPAG, and vlPAG (all anterograde, AAV-FLEX-tdTomato-T2A-SypEGFP in SOM-Cre, CR-Cre, and Vglut2-Cre mice)","Targeting of the rostral ZI was verified by confocal imaging of the GRIN lens tract and GCaMP6m expression, and of cannula tracts marked by red RetroBeads, aligned to stereotaxic coordinates.","Recorded population: ZI CaMKIIα+ neurons (GCaMP6m via AAV1-CAMKIIα-GCaMP6m, GRIN lens, miniscope); behavioral epoch: exploration of open-arm edges vs safe center; positive correlation group (23% of 128 cells, N=5 mice, r=0.4750) showed increased z-scores upon edge entry (0.32±0.06 vs 0.00±0.07) and decreased upon edge exit (–0.36±0.03 vs 0.00±0.10); negative correlation group (9% of 11 cells, r=–0.2834) exhibited opposite trends; statistical test: bootstrap-derived correlation significance; figure reference: Fig. 2 G–M.","SOM+ ZI: Cm = 14.27±0.80 pF (N=13-16), RMP = –72.20±2.12 mV, AP width = 8.46±0.16 ms, rheobase = 41.33±5.68 pA, max firing = 45.43±5.34 Hz; CR+ ZI: Cm = 16.94±2.16 pF, RMP = –74.31±3.37 mV, AP width = 8.46±0.13 ms, rheobase = 23.13±2.54 pA, max firing = 42.00±6.38 Hz; Vglut2+ ZI: Cm = 15.15±1.09 pF, RMP = –68.15±2.88 mV, AP width = 9.16±0.47 ms, rheobase = 29.17±3.36 pA, max firing = 105.20±11.42 Hz; recordings at ~31°C; internal/external solutions as described; statistical tests: one-way ANOVA (P<0.01 for rheobase, P<0.0001 for max firing); figure reference: Fig. 4 G–M.","To determine how ZI subpopulations encode anxiety and differentially modulate anxiety-related behaviors.","Sufficiency"
"AIM-15","tong.nodate","Prelimbic cortex to zona incerta pathway mediates recognition memory recovery delay through down-regulating astrocytic GAT-3.","Tong K, Gan ZH, Wang SJ, You Y, Jing SQ, Hu WW, Hao JR, Liu S, Chao YL, Gao C","https://doi.org/10.1016/j.isci.2026.115078","","","ACCEPT","ACCEPT","tong.nodate","","Adult wild-type male and female C57BL/6J mice (3-6 months old)","Kun Tong; Zhong-Hao Gan; Shi-Jie Wang; Yue You; Si-Qi Jing; Wei-Wei Hu; Jing-Ru Hao; Su Liu; Ya-Li Chao; Can Gao (2026)","Retrograde tracing with Retro-rAAV-hSyn-EGFP injected into ZI revealed prelimbic cortex→ZI (PL→ZI) and infralimbic cortex→ZI (IL→ZI) projections; functional connectivity shown by optogenetically-evoked, AMPA receptor-mediated EPSCs in ZI neurons upon PL terminal activation.","Histological immunofluorescence showing EGFP-labeled virus injection site in ZI, combined with stereotaxic placement at AP –1.5 mm, ML ±0.9 mm, DV –4.8 mm.","","Decreased firing frequency and hyperpolarized membrane potential in ZI neurons; reduced spontaneous EPSC frequency and amplitude; no data reported on membrane capacitance, input resistance, AP half-width, sag, or rebound spiking.","To alleviate surgery-induced recognition memory impairment by activating the PL→ZI pathway, thereby up-regulating astrocytic GAT-3 expression in the ZI and promoting cognitive recovery.","sufficiency"
"AIM-31","zhang.nodate","Electroacupuncture suppresses premature ventricular complexes occurring post-myocardial infarction through corticothalamic circuit.","Zhang F, Wang QY, Wei NX, Zhu X, Wu LB, Shu Q, Chang HM, Wu Y, Luo ZJ, Shao WJ, Wei X, Zhou X, Zhou J, Yang L, Duan WX, Zhang B, Hu L, Yu Q, Zhang Z, Cai RL","https://doi.org/10.1016/j.celrep.2025.116734","","","ACCEPT","ACCEPT","zhang.nodate","","","","","","","","",""
"AIM-42","li.nodatec","Delta Opioid Receptors within the Cortico-Thalamic Circuitry Underlie Hyperactivity Induced by High-Dose Morphine.","Li CY, Huang H, Shen XF, Cao KL, Zheng D, Zhu Y, Xie SZ, Yu XD, Wang H, Chen JD, Shi J, Li Y, Yan M, Li XM","https://doi.org/10.1002/advs.202503831","","","ACCEPT","ACCEPT","li.nodatec","","Adult male C57BL/6J, Gad2-Cre, Vglut2-Cre, and TAC1-Cre mice","Chun-Yue Li; Huiqian Huang; Xiao-Fan Shen; Ke-Lei Cao; Di Zheng; Yi Zhu; Shi-Ze Xie; Xiao-Dan Yu; Hao Wang; Jia-Dong Chen; Jie Shi; Yue Li; Min Yan; Xiao-Ming Li (2025)","1) Anterograde AAV2/9-DIO-mGFP-Synaptophysin-mRuby in Vglut2-Cre mice: Cg (glutamatergic) → ZIm. 2) Retrograde CTB-555 into ZIm: ZIm → Cg. 3) Monosynaptic rabies tracing (rAAV2/9-DIO-N2cG + DIO-EGFP-TVA and EnvA-ΔG-rabies) in Gad2-Cre and Vglut2-Cre: Cg → ZIm GABAergic neurons.","Histological post hoc verification of injection and fiber/cannula tracks within the intermediate rostrocaudal ZI (ZIm) using CTB-555 dye, DAPI staining, and alignment to stereotaxic coordinates (AP –1.95 mm, ML ±1.4 mm, DV –3.99 mm).","Population: CgZIm neurons; Indicator: GCaMP7b via rAAV2/2-Retro-Cre (ZIm) plus AAV2/9-DIO-GCaMP7b (Cg); State: saline vs 15 mg/kg morphine; Direction: signal increase; Metric: ΔF/F AUC (saline vs morphine, paired t-test p=0.01); N animals: 8; Correlation with speed: r=0.9086, p=0.0327. Population: ZImCg neurons; Indicator: GCaMP7b via AAV2/1-hSyn-Cre (Cg) plus AAV2/9-DIO-GCaMP7b (ZIm); State: saline vs 15 mg/kg morphine; Direction: increase; Metric: ΔF/F AUC (p=0.0027); N animals: 6; Correlation: r=0.9215, p=0.0041.","","Mediation of high-dose morphine-induced hyperlocomotion (psychomotor activation).","Both"
"AIM-59","zhu.nodate","Transcriptomic and spatial GABAergic neuron subtypes in zona incerta mediate distinct innate behaviors.","Zhu M, Peng J, Wang M, Lin S, Zhang H, Zhou Y, Dai X, Zhao H, Yu YQ, Shen L, Li XM, Chen J","https://doi.org/10.1038/s41467-025-57896-2","","","ACCEPT","ACCEPT","zhu.nodate","","Adult mice: wild-type C57BL/6J, Gad67-GFP transgenic reporter mice for single-nucleus sequencing, and Ecel1-Cre and Pde11a-Cre knock-in lines on a C57BL/6 background for selective targeting of GABAergic subpopulations","Mengyue Zhu; Jieqiao Peng; Mi Wang; Shan Lin; Huiying Zhang; Yu Zhou; Xinyue Dai; Huiying Zhao; Yan-qin Yu; Li Shen; Xiao-Ming Li; Jiadong Chen; 2025","Efferent anterograde projections from rostral ZI Ecel1+ neurons (ZIr^Ecel1) to periaqueductal gray (PAG), lateral septal nucleus (LS), preoptic area (POA), paraventricular thalamus (PVT), reuniens thalamic nucleus (Re), lateral hypothalamus (LH), mediodorsal thalamus (MD); and from medial ZI Pde11a+ neurons (ZIm^Pde11a) to oral pontine reticular formation (PRF), posterior thalamic nucleus (PO), ventral auditory cortex (AuV), anterior pretectal nucleus (APTD), nucleus of Darkschewitsch (Dk), red nucleus (RN), and superior colliculus (SC).","Microdissection guided by Gad67-GFP reporter expression and Allen CCF; FISH of Ecel1/Pde11a and Slc32a1 to map expression across ZIr, ZIm, ZIc; Cre specificity validated by co-localization of Cre with marker and quantification of Cre expression distribution.","ZIr^Ecel1 neurons (AAV-DIO-GCaMP6s, fiber photometry) during water-spray induced self-grooming: signal ↑ before grooming onset, ↓ during grooming (AUC vs mCherry: p=0.0156, p=0.0152, p=0.0385, p=0.0114; n=5; paired t-test; Fig. 6e–g). ZIm^Pde11a neurons (same method) across sleep-wake transitions: signal ↑ at NREM→REM (p=0.0207), ↓ at REM→Wake (p=0.0332), ↓ at Wake→NREM (p=0.0171); n=5; paired t-test; Fig. 8d–e.","","Rostral ZI Ecel1+ projection to PAG mediates self-grooming; medial ZI Pde11a+ projection to PRF promotes transition from sleep to wakefulness.","Both"
"AIM-60","cheung.nodate","Virally encoded connectivity transgenic overlay RNA sequencing (VECTORseq) defines projection neurons involved in sensorimotor integration.","Cheung V, Chung P, Bjorni M, Shvareva VA, Lopez YC, Feinberg EH","https://doi.org/10.1016/j.celrep.2021.110131","","","ACCEPT","ACCEPT","cheung.nodate","","Mus musculus (C57BL/6J), adult male, 8–12 weeks","Victoria Cheung; Philip Chung; Max Bjorni; Varvara A. Shvareva; Yesenia C. Lopez; Evan H. Feinberg; 2021","V1 → striatum (retrograde AAVrg-EF1a-mCherry-IRES-Cre); V1 → superior colliculus (retrograde AAVrg-EF1a-FLPo); V1 → contralateral V1 (retrograde AAVrg-hSyn-Dre); deep SC → contralateral PPRF (retrograde AAVrg-CAG-GFP); deep SC → ipsilateral CnF (retrograde AAVrg-CAG-tdTomato); superficial SC wide-field neurons → lateral posterior nucleus (retrograde HSV-1-hEF1a-Cre); deep SC → medial LP (LPMR) (retrograde HSV-1-hEF1a-Cre); ventral midbrain inhibitory neurons (including ZI region) → ventromedial thalamus (retrograde AAVrg-mCherry-IRES-Cre); ventral midbrain inhibitory neurons → mesencephalic locomotor region (retrograde AAVrg-EF1a-FLPo); ventral midbrain inhibitory neurons → superior colliculus (retrograde Cav-2-GFP).","","","","To develop a multiplexed high-throughput method for transcriptionally profiling projection neurons by using viral transgene mRNA as barcodes to define anatomical connectivity.",""
"AIM-67","martin-cortecero.nodate","Monosynaptic trans-collicular pathways link mouse whisker circuits to integrate somatosensory and motor cortical signals.","Martin-Cortecero J, Isaias-Camacho EU, Boztepe B, Ziegler K, Mease RA, Groh A","https://doi.org/10.1371/journal.pbio.3002126","","","ACCEPT","ACCEPT","martin-cortecero.nodate","","Mouse (C57BL/6N wildtype; transgenic lines: Ntsr1-EYFP, GAD-Cre, Rbp4-Cre-ChR2-EYFP)","Martín-Cortecero J, Isaías-Camacho EU, Boztepe B, Ziegler K, Mease RA, Groh A (2023)","MC (layer 5) → lateral SC (anterograde trans-synaptic AAV1-Cre); BC (layer 5) → lateral SC (anterograde trans-synaptic AAV1-Cre); trigeminal brainstem (Sp5) → lateral SC (anterograde trans-synaptic AAV1-Cre); lateral SC recipient neurons → diencephalon (ZI, PO, VM, PF) and brainstem (PnC, Gi, 7N) via monosynaptic trans-collicular pathways; inhibitory SC neurons → ZI, PO, PF","","","","To integrate somatosensory and motor cortical signals within the whisker-sensitive superior colliculus via parallel excitatory and inhibitory trans-collicular pathways for somato-motor integration.","Correlation"
"AIM-16","liu.nodate","Frequency-selective control of cortical and subcortical networks by central thalamus.","Liu J, Lee HJ, Weitz AJ, Fang Z, Lin P, Choy M, Fisher R, Pinskiy V, Tolpygo A, Mitra P, Schiff N, Lee JH","https://doi.org/10.7554/elife.09215","","","ACCEPT","ACCEPT","liu.nodate","","Sprague-Dawley rat","Jia Liu; Hyun Joo Lee; Andrew J Weitz; Zhongnan Fang; Peter Lin; ManKin Choy; Robert Fisher; Vadim Pinskiy; Alexander Tolpygo; Partha Mitra; Nicholas Schiff; Jin Hyung Lee; 2015","Central thalamus (CL/PC nuclei) → ipsilateral medial prefrontal cortex (anterograde, AAV5-CaMKIIα-ChR2-EYFP, promoter = CaMKIIα, injection coords –3.2 AP, +1.5 ML, –5.6 DV, vol = 2 µL); Central thalamus → ipsilateral lateral prefrontal cortex (same as above); Central thalamus → ipsilateral cingulate cortex (same as above); Central thalamus → ipsilateral motor cortex (same as above); Central thalamus → ipsilateral sensory cortex (same as above); Central thalamus → ipsilateral dorsal striatum (same as above); Zona incerta → ipsilateral somatosensory cortex (anterograde, AAV5-hSyn-eNpHR3.0-mCherry, promoter = hSyn, injection coords –3.96 AP, +2.8 ML, +7.4 DV, vol = 0.5 µL)","Stereotactic placement to –3.96 AP, +2.2–2.6 ML, +6.7–7.2 DV; functional verification by depth readout, polysynaptic spike latencies (~10 ms), and contralateral whisker-evoked receptive fields.","","","To regulate forebrain arousal state via frequency-dependent control of cortical activation: low-frequency stimulation recruits ZI to inhibit sensory cortex and induce behavioral arrest, while high-frequency stimulation activates cortex and promotes wakefulness.","Necessity"
"AIM-80","cui.nodate","Activation of the zona incerta GABAergic circuit for the treatment of pain hypersensitivity in Parkinson's disease mice model.","Cui J, Qian J, Shi Y, Liu Y, Qu L, Jia W, Xie J, Shi L","https://doi.org/10.1186/s10194-025-02198-7","","","ACCEPT","ACCEPT","cui.nodate","","Male C57BL/6 mice (8-week-old, SPF grade) and Vgat-Cre mice (for GABAergic neuron targeting)","Juntao Cui; Junliang Qian; Yaying Shi; Yanhong Liu; Le Qu; Wenting Jia; Junxia Xie; Limin Shi (2025)","Anterograde AAV tracing of ZI GABAergic neurons → axon terminals in ipsilateral S2, striatum (CPU), LGP, TRN, LDVL, ml, prerubral field, PoT, APT, OPT, PAG, SNc, and VTA; Retrograde AAV-GAD67-EGFP-P2A-NLS-Cre in VTA → identification of ZI GABAergic neurons projecting to VTA","Post hoc immunofluorescence histology showing mCherry/GFP expression co-localized with GABA immunostaining within the ZI and correct fiber/cannula placements","Population: ZI GABAergic neurons; Indicator: GCaMP6m via rAAV-GAD67-GCaMP6m + fiber photometry; Epoch: 0.6 g von Frey mechanical stimulus; Direction: increase; Peak ΔF/F: not explicitly stated; N animals: not explicitly stated; Other metrics (latency, duration): not explicitly stated","","To modulate mechanical and thermal pain hypersensitivity in a Parkinson’s disease mouse model by activating or inhibiting ZI GABAergic neurons and their projections to the VTA","Both"
"AIM-68","shiromani.nodate","Most dynorphin neurons in the zona incerta-perifornical area are active in waking relative to non-rapid-eye movement and rapid-eye movement sleep.","Shiromani PJ, Vidal-Ortiz A","https://doi.org/10.1093/sleep/zsae065","","","ACCEPT","ACCEPT","shiromani.nodate","","Homozygous male dynorphin-cre mice (B6;129S-Pdyntm1[1]…cre), age 3–3.5 months","Priyattam J. Shiromani; Aurelio Vidal-Ortiz, 2024","","Postmortem confocal microscopy of GCaMP6M expression and lens tract in zona incerta-perifornical sections","Population: Dynorphin neurons in ZI-perifornical area (dynorphin-cre > rAAV8-Ef1a-Con/Foff2.0-GCaMP6M, GRIN lens microendoscopy). Behavioral states: active wake, quiet wake, NREM, REM transition, REM. N = 3 mice, 64 neurons. Classification: 46/64 (71.9%) wake-max, 13/64 (20.3%) REM-max, 2/64 (3.1%) NREM/transit-max, 3/64 (4.7%) unchanged. One-way repeated-measures ANOVA across states (F(4,180)=59.85, p<0.001); Holm-Sidak post hoc (p<0.05 for pairwise except transit vs REM in wake-max; p<0.01 all comparisons in REM-max). Recording system: Inscopix nVista miniscope; data acquisition: Plexon OmniPlex.","","Determine activity patterns of dynorphin neurons across wake, NREM, and REM sleep using in vivo calcium imaging","correlation"
"AIM-72","cai.nodatea","Aberrant outputs of cerebellar nuclei and targeted rescue of social deficits in an autism mouse model.","Cai XY, Wang XT, Guo JW, Xu FX, Ma KY, Wang ZX, Zhao Y, Xie W, Schonewille M, De Zeeuw C, Chen W, Shen Y","https://doi.org/10.1093/procel/pwae040","","","ACCEPT","ACCEPT","cai.nodatea","","Mouse (Nlgn3R451C knock‐in; Ai9 Cre‐reporter)","Xin-Yu Cai, Xin-Tai Wang, Jing-Wen Guo, Fang-Xiao Xu, Kuang-Yi Ma, Zhao-Xiang Wang, Yue Zhao, Wei Xie, Martijn Schonewille, Chris De Zeeuw, Wei Chen, Ying Shen; 2024","Anterograde transsynaptic tracing: FN→thalamic (VM, CL, VL, VPL, PF, Po, MD), ZI, APT, SC, vlPAG, PB, VTA, PAG (contralateral > ipsilateral) via AAV1‐hSyn‐Cre‐EGFP in Ai9; IN→same targets via AAV1‐hSyn‐Cre‐EGFP; DN→same targets via AAV1‐hSyn‐Cre‐EGFP. Retrograde tracing: ZI→FN, ZI→IN, ZI→DN via AAV2‐EGFP‐WGACre and monosynaptic rabies (EnvA‐ΔG‐EGFP); VL→FN, VL→IN, VL→DN via AAV2‐EGFP‐WGACre.","Injection sites of AAV1‐Cre‐EGFP verified by registering EGFP fluorescence to Allen Brain Atlas across five bregma levels; minimal off‐target labeling observed; normality of starter neuron counts confirmed by Shapiro–Wilk test and Q–Q plots.","","Slice current‐clamp of hM4Di‐expressing ZIIN/ZIDN neurons: CNO hyperpolarized membrane potential and reduced firing rate; vehicle had no effect; exact values not provided.","To test whether excessive cerebellar nucleus→ZI innervation causes social novelty deficits in Nlgn3R451C mice and whether inhibiting ZI‐receiving neurons can rescue these deficits.","Both"
"AIM-29","weitz.nodate","Thalamic Input to Orbitofrontal Cortex Drives Brain-wide, Frequency-Dependent Inhibition Mediated by GABA and Zona Incerta.","Weitz AJ, Lee HJ, Choy M, Lee JH","https://doi.org/10.1016/j.neuron.2019.09.023","","","ACCEPT","ACCEPT","weitz.nodate","","Sprague–Dawley rats","Andrew J. Weitz; Hyun Joo Lee; ManKin Choy; Jin Hyung Lee; 2019","Submedial thalamic nucleus → ventrolateral orbitofrontal cortex (VLO), anterograde mapping via AAV5-CaMKIIa-ChR2-EYFP injection into submedial thalamus (AP –2.4 mm, ML +0.7 mm, DV –6.5 mm)","Histological confirmation of eNpHR-mCherry expression and functional validation via whisker-evoked responses","","","This circuit mediates frequency-dependent, brain-wide inhibition by transmitting thalamic input to VLO through GABAergic and zona incerta pathways.","Both"
"AIM-40","xu.nodate","The multilevel exploration test, a novel paradigm to measure exploratory behavior in depression animal models and the involvement of the PL-ZI circuit.","Xu JN, Li JT, Xu RX, Wang YF, Gao HW, He HT, Guo H, Liang Y, Zhu YD, Li XW, Yang JM, Li XM, Chen YH, Gao TM","https://doi.org/10.1038/s41401-026-01812-x","","","ACCEPT","ACCEPT","xu.nodate","","Adult male C57BL/6J mice","Jun-nan Xu, Jing-ting Li, Ru-xia Xu, Yun-feng Wang, He-wei Gao, Hao-tian He, Han Guo, Yu Liang, Yong-dan Zhu, Xiao-wen Li, Jian-ming Yang, Xiao-ming Li, Yi-hua Chen, Tian-ming Gao; 2026","PL → ZI (retrograde tracing using AAVretro-hSyn-EGFP injection into ZI labeling PL neurons)
PL → ZI (retrograde tracing using CAV-Cre in ZI and Cre-dependent AAV-hSyn-DIO-hM4D(Gi)-mCherry in PL)
PL → ZI (retrograde tracing using AAVretro-Cre in ZI and Cre-dependent AAV2/9-hSyn-DIO-ChR2-EGFP in PL; collateral mapping shows GFP+ processes in ZI and septum)
PL → ZI (retrograde tracing using AAVretro-flp in ZI and flip-dependent AAV-EF1a-fDIO-hM3Dq-EGFP in PL)","Post hoc verification by confocal imaging of viral reporter (EGFP or mCherry) expression at ZI injection sites; specific ZI subregion not specified","Fiber photometry in nucleus accumbens using AAV9-hSyn-DA2M (DA4.4) sensor recorded dopamine dynamics during MET phases (search, attend/investigate, approach); DA4.4 mice (n = 5) showed significant phase-dependent fluorescence increases versus DAmut and shuffled controls (two-tailed unpaired t-test, p < 0.05–0.001 across phases); recordings via standard fiber photometry setup; Fig. 2b–f.","","To test whether the PL→ZI projection mediates exploratory motivation and can rescue depression-like behavioral deficits.","both"
"AIM-55","korobkova.nodate","Demonstrating the ability of GABAergic cells in the zona incerta to modulate motivation.","Korobkova L, Dias BG","https://doi.org/10.64898/2026.05.10.724142","","","ACCEPT","ACCEPT","korobkova.nodate","","vGAT-IRES-Cre transgenic mice (Slc32a1tm2(cre)Lowl/J) on a C57BL/6J-Aw-J/J B6 agouti background","Laura Korobkova; Brian G Dias (2026)","","Postmortem fluorescence microscopy of reporter expression (mCherry, eGFP, GCaMP, EYFP) and optical fiber placement in histological sections to confirm targeting of the zona incerta","Bulk fiber photometry of GCaMP8f in vGAT-Cre–defined ZI GABAergic neurons: (1) in a delayed‐reward FR1 task, calcium transients increased upon lever press and again upon reward delivery; (2) in naïve mice, transient ΔF/F increases were time‐locked to neutral auditory and visual stimuli; (3) in a Pavlovian discrimination task (n=9), CS+ cues evoked significantly larger post‐cue z‐scored ΔF/F AUC than CS– cues only after conditioning (p=0.03147), indicating learned motivational valence encoding.","","To modulate effort‐based motivational drive and integrate reward‐predictive sensory cues into goal‐directed action, including rescuing stress‐induced motivational deficits","Both"
"AIM-71","tong.nodatea","Reactive astrocytes mediate postoperative surgery-induced anxiety through modulation of GABAergic signalling in the zona incerta of mice.","Tong K, Song YT, Jing SQ, You Y, Wang SJ, Wu T, Xu H, Zhang JW, Liu L, Hao JR, Sun N, Cao JL, Gao C","https://doi.org/10.1016/j.bja.2024.08.043","","","ACCEPT","ACCEPT","tong.nodatea","","Adult male and female wild-type C57BL/6J mice (3–6 months; 15–18 months for aged studies) and adult VGAT-Cre mice","Kun Tong, Yu-Tong Song, Si-Qi Jing, Yue You, Shi-Jie Wang, Tong Wu, Han Xu, Jing-Wei Zhang, Le Liu, Jing-Ru Hao, Nan Sun, Jun-Li Cao, Can Gao; 2025","ZI GABAergic neurones (VGAT-Cre) —(anterograde AAV-hySyn-DIO-mCherry)—> ventral periaqueductal gray (vPAG); ZI GABAergic neurones (VGAT-Cre) —(anterograde AAV-hySyn-DIO-mCherry)—> median raphe nucleus (MRN)","Post-hoc confocal imaging of tube/fiber placement and virus (mCherry) expression within ZI boundaries, verified by GFAP/DAPI and NeuN staining","ZI astrocytes (GfaABC1D-GCaMP6s fiber photometry): during EPM open-arm entries, surgery vs sham showed reduced ΔF/F AUC and increased signal frequency; astrocyte-specific hPMCA2w/b restored both metrics. ZI GABAergic neurons (hySyn-DIO-GCaMP6s in VGAT-Cre): during open-arm entries, surgery vs sham showed reduced ΔF/F AUC and decreased frequency, rescued by astrocyte hPMCA2w/b","Whole-cell voltage clamp in ZI GABAergic neurons: tonic GABAA current increased to 34.6 ± 14.0 pA vs 7.9 ± 3.5 pA (P<0.001); sIPSC frequency unchanged. In vivo tetrode recordings: mean spontaneous firing rate decreased to 6.5 ± 4.0 Hz vs 9.16 ± 5.44 Hz (P=0.005).","To elucidate how ZI astrocytes and GABAergic ZI→MRN projections control surgery-induced anxiety-like behaviour","Both"
"AIM-20","schroeder.nodate","Inhibitory top-down projections from zona incerta mediate neocortical memory.","Schroeder A, Pardi MB, Keijser J, Dalmay T, Groisman AI, Schuman EM, Sprekeler H, Letzkus JJ","https://doi.org/10.1016/j.neuron.2022.12.010","","","ACCEPT","ACCEPT","schroeder.nodate","","C57BL6/J wild-type mice; GAD2-IRES-Cre mice for Cre-dependent manipulations; GAD2-T2a-NLS-mCherry mice for fluorescent identification of GABAergic neurons","Anna Schroeder; M. Belén Pardi; Joram Keijser; Tamas Dalmay; Ayelén I. Groisman; Erin M. Schuman; Henning Sprekeler; Johannes J. Letzkus, 2023","ZI GABAergic neurons → auditory cortex (ACx) (retrograde CTB-488/647, FluoroGold); ZI GABAergic → ACx L1 (anterograde AAV2/5-EF1a-DIO-EYFP); ZI → ACx Pvalb+, Sst+, Ndnf+ INs (AAV1-pEF1a-DIO-FLPo transsynaptic); ZI GABAergic → ACx L1 INs and weaker→L2/3 and L5 PNs (AAV-DIO-ChR2 functional mapping); ACx-projecting ZI neurons receive inputs from HO-MG, CEA, PAG, TeA, striatum, pallidum, thalamus, cortex, cerebellum (monosynaptic rabies).","Post-hoc fluorescence histology showing reporter-expressing neurons confined to ventral ZI at AP –1.94 mm, ML ±1.7 mm, DV –4.15 mm.","In vivo two-photon imaging of axon-targeted GCaMP6s in ZI boutons in ACx L1 during discriminative threat conditioning: boutons exhibit bidirectional plasticity (positive and negative responses) to CS+ and CS− across habituation, acquisition, recall; population decoding of CS identity improves with learning and correlates with pupil-indexed memory strength; noise correlations across boutons decrease after conditioning.","L1 interneurons: IPSC 45.9±8.2 pA (n=60 cells, 28 mice), 64% connected; L2/3 pyramidal cells: 7.7±0.9 pA (n=37, 18 mice), 14% connected; L5 pyramidal cells: 12.6±2.0 pA (n=38, 10 mice), 25% connected; IPSCs fully blocked by gabazine; latencies shorter in L1 INs (p<0.01).","To transmit learned top-down relevance of auditory stimuli via disinhibitory projections, enabling experience-dependent plasticity and the formation of auditory threat memory in neocortex.","Necessity"
"AIM-22","moriya.nodate","Involvement of A13 dopaminergic neurons located in the zona incerta in nociceptive processing: a fiber photometry study.","Moriya S, Yamashita A, Masukawa D, Setoyama H, Hwang Y, Yamanaka A, Kuwaki T","https://doi.org/10.1186/s13041-020-00600-w","","","ACCEPT","ACCEPT","moriya.nodate","","DAT-Cre transgenic male mice (14–18 weeks old)","Shunpei Moriya; Akira Yamashita; Daiki Masukawa; Honami Setoyama; Yunsu Hwang; Akihiro Yamanaka; Tomoyuki Kuwaki (2020)","","Immunohistochemical confirmation of G-CaMP6/mCherry in TH-positive A13 neurons and histological verification of fiber placement above the A13 site","Population: A13 dopaminergic neurons; Indicator: G-CaMP6 via AAV-CAG-FLEX-G-CaMP6 in DAT-Cre mice; Recording: bulk fiber photometry; Epochs: acute pinch stimulus, acute heat stimulus (55 °C), non-nociceptive touch, non-nociceptive low heat (25 °C); Direction: increased ΔF/F for pinch and heat, no change for controls; Baseline fluctuation: 0.65 ± 0.09% ΔF/F; N animals: 6; Statistical test: two-way ANOVA with Sidak’s post-hoc (pinch vs touch: p = 0.0009; 25 °C vs 55 °C: p = 0.002); Onset latency difference (pinch vs heat): p = 0.016; Figure: Fig. 1e–i","","To measure how A13 dopaminergic neurons in the zona incerta respond to acute nociceptive stimuli and assess their role in nociceptive processing",""
"AIM-28","ye.nodatea","Zona incerta dopamine neurons encode motivational vigor in food seeking.","Ye Q, Nunez J, Zhang X","https://doi.org/10.1126/sciadv.adi5326","","","ACCEPT","ACCEPT","ye.nodatea","","TH‐Cre mice (with TH‐tdTomato mice used for select histology), both sexes, 8–10 weeks old","Qiying Ye, Jeremiah Nunez, Xiaobing Zhang et al., 2023","1) Anterograde tracing: ZI (TH‐Cre→AAV‐DIO‐EGFP) → PVT and PAG. 2) Retrograde tracing: PVT (AAVrg‐FLEX‐EGFP) → ZI DA neurons. 3) Functional connectivity: ZI→PVT (AAV‐DIO‐ChIEF) optogenetic activation evokes D2 receptor–mediated inhibitory currents in PVT neurons.","Histological verification of virus expression and ablation by TH immunostaining in ZI; injection sites and fiber placements confirmed by postmortem fluorescence microscopy.","Population: ZI DA neurons (GCaMP7f via AAV‐DIO‐GCaMP7f in TH‐Cre; fiber photometry) – Epochs: food approach (increase in z‐score), food consumption (decrease in z‐score); n=6 mice, ~108 trials. Population: ZI→PVT DA axons (FLEx‐axon‐GCaMP6s; fiber photometry) – same epochs and directions; n=6 mice, 132 trials.","1) Cell type: PVT neurons receiving ZI DA input. 2) Not reported. 3) Not reported. 4–5) Not reported. 6) Not reported. 7–9) Not applicable. 10–15) Not reported. 16) 33 ± 1 °C. 17) Standard K+‐gluconate internal, ACSF external. 18–20) Not applicable. 21) Not specified. 22) Fig. 5D. 23) n/a.","To encode and drive motivational vigor in fasting‐induced food‐seeking behaviors via ZI→PVT DA projections.","Both"
"AIM-34","wang.nodate","Morphine- and foot shock-responsive neuronal ensembles in the VTA possess different connectivity and biased GPCR signaling pathway.","Wang F, Liu CB, Wang Y, Wang XX, Yang YY, Jiang CY, Le QM, Liu X, Ma L, Wang FF","https://doi.org/10.7150/thno.90792","","","ACCEPT","ACCEPT","wang.nodate","","Adult C57BL/6 male mice (8–10 weeks old)","Fan Wang, Chao-bao Liu, Yi Wang, Xi-xi Wang, Yuan-yao Yang, Chang-you Jiang, Qiu-min Le, Xing Liu, Lan Ma, Fei-fei Wang; 2024","• DMStr → VTA Mor-Ens (retrograde, monosynaptic rabies, RV-EnvA-ΔG-dsRed)
• MEZ → VTA Mor-Ens (retrograde, monosynaptic rabies)
• VP → VTA Shock-Ens (retrograde, monosynaptic rabies)
• LHb → VTA Shock-Ens (retrograde, monosynaptic rabies)
• VTA Mor-Ens → ZI (anterograde AAV-RAM-EGFP)
• VTA Mor-Ens → VP (anterograde AAV-RAM-EGFP)
• VTA Shock-Ens → GPe (anterograde AAV-RAM-EGFP)
• VTA Shock-Ens → LDT (anterograde AAV-RAM-EGFP)","","Recorded GCaMP7b signals in VTA morphine-responsive and shock-responsive ensembles via fiber photometry. Two behavioral epochs: 2% sucrose consumption and 3 min tail suspension. Mor-Ens: ↑ΔF/F during sucrose (n=9), ↓ΔF/F during suspension; cariprazine (0.2 mg/kg) enhanced sucrose response; no effect on suspension. Shock-Ens: ↑ΔF/F during sucrose (n=8), unaffected by cariprazine or UNC9994; ↓ΔF/F during suspension, attenuation by UNC9994 (0.5 mg/kg). 470/410 nm excitation, reference control included.","","To delineate how morphine- versus foot shock-responsive VTA neuronal ensembles differ in connectivity and GPCR signaling bias, and to link these differences to divergent behavioral outcomes (reward vs. anxiety) for potential targeted interventions.","Sufficiency"
"AIM-51","venkataraman.nodatea","Incerto-thalamic modulation of fear via GABA and dopamine.","Venkataraman A, Hunter SC, Dhinojwala M, Ghebrezadik D, Guo J, Inoue K, Young LJ, Dias BG","https://doi.org/10.1038/s41386-021-01006-5","","","ACCEPT","ACCEPT","venkataraman.nodatea","","Adult male and female vGAT-Cre and TH-Cre mice (2–3 months old)","Archana Venkataraman; Sarah C. Hunter; Maria Dhinojwala; Diana Ghebrezadik; JiDong Guo; Kiyoshi Inoue; Larry J. Young; Brian George Dias, 2021","1) GABAergic ZI→RE: Anterograde AAV5-EF1α-DIO-ChR2-mCherry injection into ZI of vGAT-Cre mice (AP −1.52 mm, ML ±0.73 mm, DV −4.79 mm; 150 nl; 1 nl/s; 6 weeks survival), terminals in RE; functional connectivity shown by optogenetically evoked IPSCs in RE (reversal potential ~−65 mV; DNQX-insensitive; gabazine-sensitive).
2) A13 dopaminergic ZI→RE: Anterograde AAV5-EF1α-DIO-mCherry injection into ZI of TH-Cre mice (AP −1.40 mm, ML ±0.68 mm, DV −4.79 mm; 150 nl; 1 nl/s; 6 weeks survival), terminals in RE; projection confirmed by anterograde fluorescence imaging.","Histological verification of mCherry expression in ZI using Hoechst nuclear stain and fluorescent microscopy; cannula placement confirmed by histology; RNAscope triple-label in situ hybridization of TH, vGAT, and vGlut2 mRNA.","","","To suppress fear generalization and enhance extinction recall via incerto-thalamic (ZI→RE) pathways.","Sufficiency"
"AIM-65","zhang.nodated","Identification of a Hippocampus-to-Zona Incerta Projection involved in Motor Learning.","Zhang ZH, Wang B, Peng Y, Xu YW, Li CH, Ning YL, Zhao Y, Shan FB, Zhang B, Yang N, Zhang J, Chen X, Xiong RP, Zhou YG, Li P","https://doi.org/10.1002/advs.202307185","","","ACCEPT","ACCEPT","zhang.nodated","","Male wild-type C57BL/6J mice","Zhuo-Hang Zhang; Bo Wang; Yan Peng; Ya-Wei Xu; Chang-Hong Li; Ya-Lei Ning; Yan Zhao; Fa-Bo Shan; Bo Zhang; Nan Yang; Jing Zhang; Xing Chen; Ren-Ping Xiong; Yuan-Guo Zhou; Ping Li, 2024","Dorsal CA1 → Zona Incerta (anterograde AAV-EF1α-mCherry); Dorsal Dentate Gyrus → Zona Incerta (anterograde AAV-hSyn-GFP); Zona Incerta → Dorsal CA1 (retrograde AAV2-retro-hSyn-eGFP); Zona Incerta → Dorsal Dentate Gyrus (retrograde AAV2-retro-hSyn-eGFP)","Immunohistochemical confirmation of viral expression in ZI with DAPI and NeuN staining; colocalization with CaMKII and absence of GAD; stereotaxic coordinates verified by Allen Mouse Brain Atlas","","","Regulation of motor learning stages: dorsal CA1→ZI for acquisition and consolidation; dorsal DG→ZI for retrieval/retention","Necessity"
"AIM-73","li.nodated","A neural circuit from thalamic paraventricular nucleus via zona incerta to periaqueductal gray for the facilitation of neuropathic pain.","Li D, Mai JW, Deng J, Chen L, Fan HT, Zhang WL, Xin WJ, Feng X, Xu T, Luo DX","https://doi.org/10.1016/j.nbd.2024.106699","","","ACCEPT","ACCEPT","li.nodated","","Male C57BL/6J mice (>8 weeks), and CaMKIIα-Cre and GAD2-Cre transgenic mice","Dai Li; Jing-Wen Mai; Jie Deng; Li Chen; Hai-Ting Fan; Wei-Lin Zhang; Wen-Jun Xin; Xia Feng; Ting Xu; De-Xing Luo (2024)","1) PVPCaMKIIα → ZIrGABA (monosynaptic anterograde tracing using AAV1-hSyn-Cre → AAV-DIO-mCherry in CaMKIIα-Cre mice; retrograde monosynaptic rabies tracing with TVA/EGFP/oRVG helper viruses in ZIr of GAD2-Cre mice followed by RV-ΔG-dsRed). 2) ZIrGABA → vlPAGCaMKIIα (cell-type-specific retrograde monosynaptic rabies tracing with AAV-DIO-TVA-EGFP and AAV-DIO-oRVG into vlPAG of CaMKIIα-Cre mice, RV-ΔG-dsRed). 3) PVPCaMKIIα → ZIrGABA → vlPAGCaMKIIα (triple retrograde tracing: AAVretro-DIO-mCherry-TVA-oRVG into vlPAG, AAV-VGAT-Cre into ZIr, RV-ΔG-EGFP into ZIr).","Immunohistochemistry (co-labeling of mCherry/EGFP with GABA and CaMKIIα antibodies) to confirm virus expression in rostral ZI; verification of optical fiber and cannula tracts by fluorescence microscopy.","1) vlPAGCaMKIIα neurons: bulk fiber photometry of AAV-CaMKIIα-GCaMP6s signals during 5-min resting state, showing decreased ΔF/F area under curve in SNI vs sham. 2) ZIrGABA neurons: fiber photometry of AAV-VGAT-GCaMP6s during red-light (635 nm, 20 Hz) ChrimsonR activation of PVPCaMKIIα→ZIr terminals, showing rapid increase in ΔF/F. 3) vlPAGCaMKIIα neurons: fiber photometry of AAV-CaMKIIα-GCaMP6s during red-light (635 nm) activation of ZIrGABA terminals, showing rapid decrease in ΔF/F.","1) vlPAGCaMKIIα neurons: Two-way ANOVA on current-evoked firing, F(1,53)=19.33, P<0.0001 (decreased firing in SNI vs sham). 2) ZIrGABA→vlPAGCaMKIIα projectors: F(1,28)=24.83, P<0.0001 (increased firing in SNI). 3) PVPCaMKIIα→ZIrGABA projectors: F(1,25)=8.646, P=0.007 (increased firing in SNI). 4) CNO application and optogenetic stimulation validated hM3Dq/hM4Di and ChR2/eNpHR function by measuring membrane potential and synaptic currents.","To facilitate the development and maintenance of neuropathic pain hypersensitivity via descending facilitation.","Both"
"AIM-77","ge.nodate","Ventral zona incerta parvalbumin neurons modulate sensory-induced and stress-induced self-grooming via input-dependent mechanisms in mice.","Ge J, Ren P, Tian B, Li J, Qi C, Huang Q, Ren K, Hu E, Mao H, Zang Y, Wu S, Xue Q, Wang W","https://doi.org/10.1016/j.isci.2024.110165","","","ACCEPT","ACCEPT","ge.nodate","","C57BL/6J wild‐type mice; PV‐IRES‐Cre mice; SST‐IRES‐Cre mice; CaMKII‐IRES‐Cre mice; Ai9 reporter mice","Junye Ge; Pengfei Ren; Biqing Tian; Jiaqi Li; Chuchu Qi; Qiyi Huang; Keke Ren; Erling Hu; Honghui Mao; Ying Zang; Shengxi Wu; Qian Xue; Wenting Wang; 2024","• S1^CaMKII → Ziv^PV neurons: retrograde monosynaptic rabies (RV‐EnvA‐ΔG‐DsRed) following rAAV‐EF1α‐DIO‐EGFP‐T2A‐TVA + oRVG in Ziv; anterograde AAV‐CaMKIIα‐mCherry injection into S1 (AP –1.00 mm, ML +3.05 mm, DV –1.50 mm) labels axons in Ziv; functional connectivity via optogenetically evoked EPSCs blocked by NBQX (n=4 cells; t=5.534, p=0.001).  
• CeA^SST → Ziv^PV neurons: retrograde monosynaptic rabies as above labels CeA^SST inputs; anterograde rAAV‐DIO‐EYFP injection into CeA (AP –1.15 mm, ML +2.90 mm, DV –4.68 mm) labels GABAergic axons in Ziv; functional connectivity via optogenetically evoked IPSCs reduced by bicuculline (n=4 cells; t=2.448, p=0.09).  
• Ziv^PV neuron outputs: anterograde rAAV‐hSyn‐DIO‐EYFP in Ziv reveals projections to ACC, LS, RSC, M1, LPMR, LPLR.  
• Local Ziv circuit: rAAV‐hSyn‐Flp in CeA and rAAV‐EF1α‐fDIO‐EGFP in Ziv shows CeA‐recipient PV neurons project to dorsal Ziv.","Postmortem histological verification by DAPI and PV immunofluorescence to confirm virus expression and fiber tracks in ventral ZI (Ziv); c‐Fos mapping across rostral, ventral, caudal ZI sectors.","Population: Ziv PV+ neurons; Indicator: GCaMP6s via rAAV‐hSyn‐DIO; Method: bulk fiber photometry; Epochs: spontaneous grooming (SG), oil‐induced grooming (OG), tail suspension‐induced grooming (TG); Signal change: increase in z‐score; Statistical tests & p‐values: SG p=0.046 (t=2.428), OG p=0.011 (Z=–2.558), TG p=0.009 (t=3.397); n animals: SG=5 GCaMP6s,4 EYFP; OG=6 GCaMP6s,4 EYFP; TG=6 GCaMP6s,4 EYFP; n trials: SG=61 vs 30; OG=103 vs 35; TG=86 vs 27.","• Optogenetically evoked EPSCs in ZivPV neurons: amplitude blocked by NBQX (n=4 neurons; t=5.534, df=6, p=0.001).  
• Optogenetically evoked IPSCs in ZivPV neurons: reduction by bicuculline (n=4 neurons; t=2.448, df=3, p=0.09).  
• ChR2 activation (473 nm, 20 Hz, 5 ms) elicits phase‐locked spiking in ZivPV neurons.","To integrate primary sensory (S1 glutamatergic) and emotional (CeA GABAergic) inputs in ventral ZI PV neurons to modulate spontaneous, sensory‐induced, and stress‐induced self‐grooming behavior.","Both necessity and sufficiency"
"AIM-37","singh.nodate","An inhibitory circuit from central amygdala to zona incerta drives pain-related behaviors in mice.","Singh S, Wilson TD, Valdivia S, Benowitz B, Chaudhry S, Ma J, Adke AP, Soler-Cedeno O, Velasquez D, Penzo MA, Carrasquillo Y","https://doi.org/10.7554/elife.68760","","","ACCEPT","ACCEPT","singh.nodate","","Mice, including PKCδ-cre::Ai9, VGAT-cre::Ai9, C57BL/6NJ, PKCδ-cre and VGAT-cre lines","Sudhuman Singh, Torri D Wilson, Spring Valdivia, Barbara Benowitz, Sarah Chaudhry, Jun Ma, Anisha P Adke, Omar Soler-Cedeño, Daniela Velasquez, Mario A Penzo, Yarimar Carrasquillo; 2022","Anterograde AAV-DIO-mCherry/ChrimsonR-tdTomato tracing: CeA-PKCδ → multiple targets including ZI, BNST, extended amygdala, substantia innominata, subthalamic nucleus, para-subthalamic nucleus, lateral preoptic area, lateral hypothalamus, ventral tegmental area, substantia nigra, pedunculopontine tegmental nucleus, laterodorsal tegmental nucleus, periaqueductal grey, reticular formation, lateral parabrachial nucleus, locus coeruleus; Retrograde CTB-647 tracing: ZI → CeA (capsular and lateral subnuclei)","Histological verification of viral expression by mCherry immunostaining and mapping of injection sites onto the Paxinos and Franklin mouse brain atlas to confirm targeting of the ZI","","1) Cell types: VGAT-positive and VGAT-negative ZI neurons; 2) Functional connectivity: monosynaptic, GABAergic CeA→ZI inhibition; 3) Optogenetic ChR2 mapping: oIPSCs in 12/20 VGAT+ and 8/15 VGAT− neurons; 4) Pharmacology: oIPSCs blocked by 10 µM bicuculline; 5) Chemogenetic validation: hM4Di-transduced ZI neurons show decreased firing upon 10 µM CNO; 6) Recording conditions: 33 °C, ACSF, KMeSO₄ internal","This CeA-PKCδ→ZI pathway serves to inhibit ZI GABAergic neurons, thereby increasing pain sensitivity after nerve injury and promoting bidirectional modulation of pain-related behaviors.","Both"
"AIM-4","potter.nodate","Modulation of accumbens dopamine by MCH neurons during learning and consummatory behavior.","Potter LE, Toth BA, Manna J, Baron L, Lyons HC, Evans JR, Burgess CR","https://doi.org/10.1038/s41386-026-02351-z","","","ACCEPT","ACCEPT","potter.nodate","","Mouse (MCH-Cre (JAX 014099) mice and littermate controls; PmchΔVglut2 (MCH-vglut2-floxed) mice generated by crossing Pmch-iCre with Slc17a6tm1Lowl/J (JAX 012898); all food-restricted to 85% free-feeding weight)","Liam E. Potter; Brandon A. Toth; Jayeeta Manna; Lorelei Baron; Hannah C. Lyons; Jack R. Evans; Christian R. Burgess; 2026","LH/ZI MCH neurons → medial nucleus accumbens shell (mNAcSh); anterograde labeling via AAV5-Syn-FLEX-rc[ChrimsonR-tdTomato] in MCH-Cre mice; quantified MCH-ChrimsonR+ terminal density in 3 mice (fluorescence intensity)","Post-mortem histology confirming fiber locations and construct expression in LH/ZI region (Supplementary Fig. S1)","• MCH somata (LH/ZI) recorded with Cre-dependent GCaMP fiber photometry (n=14): increased z-scored ΔF/F to pellet retrieval (p=0.0001, paired t-test) and to predictive tone in Pavlovian conditioning (p=0.0273), stable across learning (Fig. 1C, 2E–H).  
• MCH axon terminals (mNAcSh) via GCaMP (n not specified separately): similar activation by cue and reward (Supplementary Fig. S5A).  
• DA release in lateral NAc core (lNAcc) via dLight1.1 (n=6): phasic pellet response early, emergence of cue response late (tone early vs. late p=0.0043; pellet p=0.0025) (Fig. 2B–C).  
• DA release in mNAcSh via dLight1.1 (n=10): pellet response shifts to cue over learning (tone p=0.0024; pellet p=0.0403) (Fig. 2D).  
• Simultaneous GRAB-rDA1m (mNAcSh) and GCaMP (LH/ZI) recordings (n=4): moderate coherence (0.5–0.8) across 0.1–10 Hz, phase-offset shift in 3–7 Hz band during feeding (Fig. 1D–J, 3).  
• Chemogenetic inhibition (HM4Di+CNO, n=4): enhanced DA release in mNAcSh (tone p=0.049; pellet p=0.0026) (Fig. 5A).  
• MCHR1 antagonist SNAP-94847 (n=4): increased pellet-evoked DA (p=0.0423) (Fig. 5B).  
• Optogenetic activation of MCH terminals (ChrimsonR, n=5): paired tone (p=0.051) and pellet (p=0.00365) increased DA release (Fig. 5C).  
Figures: Fig. 1–3, 5; Supplementary Figs. S3–S8.","","To determine how hypothalamic MCH neurons modulate nucleus accumbens dopamine release during feeding and associative learning.","Sufficiency"
"AIM-3","park.nodate","Neural correlates of multidimensional motor outputs in an excitatory parafascicular-zona incerta circuit.","Park G, Shin W, Park Y, Chung S, Kim D, Kim J","https://doi.org/10.1016/j.bbrc.2021.12.036","","","ACCEPT","ACCEPT","","","Male wild-type C57BL/6J mice (8–11 weeks old)","Geunhong Park, Wooyeon Shin, Yongjun Park, Sooyoung Chung, Daesoo Kim, Jeongjin Kim (2021)","Pathway 1: Pf (CaMKIIα+ neurons) → ZI; tracer: AAV8-CaMKIIa-CRE-GFP + AAV-DJ-hSyn-FLEX-mGFP-2A-synaptophysin-mRuby; injection into Pf (AP –2.4 mm, ML 0.75 mm, DV 3.4 mm; 0.5 μL); survival 2 weeks; n=3; quantification by mRuby/DAPI fluorescence intensity (Pf→ZI > Pf→STN; p=0.0067; two-tailed t-test; Fig. 2C–E).
Pathway 2: Pf (CaMKIIα+ neurons) → STN; same tracer and coordinates; sparse synaptic labeling compared to ZI (quantified in same assay).","Post-hoc histological verification via coronal brain sections (40 μm) with DAPI and confocal imaging to confirm viral expression and fiber-optic cannula placement in posterior ZI (AP –2.0 mm).","Population: CaMKIIα+ Pf→ZI projection neurons recorded via AAV-DJ-CaMKIIa-GCaMP6f and fiber photometry in ZI (n=4 mice).
Indicator: GCaMP6f.
Epochs and responses:
• Velocity transitions (0.5 cm/s threshold): no significant pre/post change (Two-way ANOVA, N.S.).
• Running vs freezing: no significant change.
• Turn right initiation: significant decrease in dF/F0 post-initiation (p<0.0001, Two-way ANOVA).
• Turn left initiation: significant increase post-initiation (p<0.0001).
• Horizontal sniffing initiation: significant decrease post-initiation (p=0.0008).
• Vertical sniffing initiation: no significant change.
GLM execution weights (one-sample t-test): vertical sniffing positive (p<0.01), turn left positive (p<0.05), grooming positive (p<0.05).
Fig. 3B–E; Fig. 4B–D.","","To characterize the anatomical and genetic properties of an excitatory PF→ZI circuit and determine how its activity correlates with multidimensional motor outputs, especially directional and dimensional changes in behavior.",""
"AIM-11","hormigo.nodate","Zona incerta distributes a broad movement signal that modulates behavior.","Hormigo S, Zhou J, Chabbert D, Sajid S, Busel N, Castro-Alamancos M","https://doi.org/10.7554/elife.89366","","","ACCEPT","ACCEPT","hormigo.nodate","","Adult (>8 weeks) male and female Vgat-Cre mice (Slc32a1tm2(cre)Lowl), 1.5–3 months old; and Vgatflox/flox mice for Vgat knockout experiments","Sebastian Hormigo; Ji Zhou; Dorian Chabbert; Sarmad Sajid; Natan Busel; Manuel Castro-Alamancos; 2023","","Histological verification via marking lesion above ZI aligned to the Allen Brain Atlas for electrophysiology and histological confirmation of optical fiber tracks in ZI aligned to the Allen Atlas for photometry","Bulk fiber photometry of GCaMP7f in Vgat-Cre ZI neurons during spontaneous exploration showed strong positive correlation of F/Fo with overall, rotational, and translational movement (N=8; Figure 3). Time-locked analyses revealed sharp F/Fo peaks at movement onset and during movement increases, with no difference for ipsi- vs. contraversive turns (Figure 4). Auditory mapping (4–16 kHz tones, 70–85 dB; 37 sessions, 8 mice) evoked F/Fo responses proportional to SPL and frequency, but responses were abolished by isoflurane anesthesia, indicating movement-dependence (Figure 5). In head-fixed photometry during signaled avoidance (AA1–AA4; N=8), ZI signals showed minimal CS-onset responses but robust peaks time-locked to active avoidance and escape movements, with no activation during passive avoidance (Figures 6–7).","","ZI GABAergic neurons distribute a generalized corollary motor signal of movement occurrence to their diverse projection targets to modulate exploratory and goal-directed behaviors.","Both"
"AIM-14","blanco-centurion.nodatea","Activity of a subset of vesicular GABA-transporter neurons in the ventral zona incerta anticipates sleep onset.","Blanco-Centurion C, Luo S, Vidal-Ortiz A, Swank C, Shiromani PJ","https://doi.org/10.1093/sleep/zsaa268","","","ACCEPT","ACCEPT","","","vGAT-IRES-Cre transgenic mice (n=5; male=3, female=2), 4 months old","Carlos Blanco-Centurion; SiWei Luo; Aurelio Vidal-Ortiz; Colby Swank; Priyattam J. Shiromani (2021)","","GRIN lens placement confirmed by post-mortem histology: confocal imaging of GCaMP6M expression showing dense labeling within ventral ZI","In vivo calcium imaging (GCaMP6M via rAAV-DJ-EF1a-DIO-GCaMP6M in vGAT-Cre mice) of 372 vGAT neurons in ventral ZI using an Inscopix nVista miniscope (10 Hz sampling). Behavioral states analyzed: active wake, quiet wake, NREMS, REMS transition, REMS proper. Neurons classified into REM-max (56.2%, n=209), wake-max (23.9%, n=89), wake/REM-max (5.9%, n=22), NREM-max (4.0%, n=15), and state-indifferent (9.9%, n=37). Temporal dynamics of fluorescence around state transitions quantified per group across 5 mice.","","To identify vGAT neuron subsets in ventral ZI whose activity anticipates sleep onset and may induce sleep by inhibiting arousal neurons.","Neither – only correlational evidence without tests of necessity or sufficiency."
"AIM-17","garau.nodate","Involvement of A13 dopaminergic neurons in prehensile movements but not reward in the rat.","Garau C, Hayes J, Chiacchierini G, McCutcheon JE, Apergis-Schoute J","https://doi.org/10.1016/j.cub.2023.09.044","","","ACCEPT","ACCEPT","garau.nodate","","Long-Evans TH-Cre rats","Celia Garau; Jessica Hayes; Giulia Chiacchierini; James E. McCutcheon; John Apergis-Schoute (2023)","A13-dopaminergic neurons → superior colliculus (SC) (anterograde and retrograde tracing); A13-dopaminergic neurons → reticular formation (RF) (anterograde and retrograde tracing)","Immunohistochemical colocalization of viral reporter (GCaMP6s, mCherry, GFP) with tyrosine hydroxylase in the rostromedial zona incerta (A13)","Population: A13 dopaminergic neurons (GCaMP6s in TH-Cre rats); Indicator: GCaMP6s via AAV and fiber photometry; Epochs: lever press (no ΔF/F change), chain pull rewarded/unrewarded (increase), two-bottle licking sucrose/condensed milk (no change) or water (increase), skilled reach-and-grasp success (increase vs baseline and vs miss), pasta handling (increase); N=5–8 rats per task.","","To control skilled prehensile actions such as grasping and handling of objects independently of reward.","necessity"
"AIM-18","farzinpour.nodate","Microglial Engulfment of Spines in the Ventral Zona Incerta Regulates Anxiety-Like Behaviors in a Mouse Model of Acute Pain.","Farzinpour Z, Liu A, Cao P, Mao Y, Zhang Z, Jin Y","https://doi.org/10.3389/fncel.2022.898346","","","ACCEPT","ACCEPT","farzinpour.nodate","","C57BL/6J; GAD2-Cre; Ai14 (RCL-tdT) mice (8–10 weeks old)","Farzinpour Z; Liu A; Cao P; Mao Y; Zhang Z; Jin Y (2022)","","Histological verification via immunofluorescence of injection and cannula/fiber tips in ZIV (–2.2 mm AP, 1.50 mm ML, 4.2 mm DV); exclusion of animals with off-target placements","","Whole-cell recordings from ZIV GABAergic neurons: (1) Cell type: ZIV GABA (GAD-tdTomato+) (2) Not reported (Cm) (3) Not reported (4) Not reported (Rin) (5) Not reported (6) Not reported (AP half-width) (7) Not reported (8) No depolarization blockade observed (9) Not applicable (10) Resting membrane potential: no change between groups (11) AP threshold: not reported (12) Evoked firing rate: decreased in CFA1D vs saline1D (13) Voltage sag: not reported (14) Sag magnitude: not reported (15) Rebound spiking: not reported (16) Recording temperature: 33 °C (17) Internal solution: K-gluconate-based (18–20) p-values reported for firing and mEPSC frequency (p<0.05) (21) Two-way ANOVA and t-tests (22) Figure 2 (23) No functional classification","To determine how ZIV GABA neuron activity modulates pain sensitivity and anxiety-like behaviors in acute inflammatory pain","Both"
"AIM-19","folgueira.nodate","Hypothalamic dopamine signaling regulates brown fat thermogenesis.","Folgueira C, Beiroa D, Porteiro B, Duquenne M, Puighermanal E, Fondevila MF, Barja-Fernandez S, Gallego R, Hernandez-Bautista R, Castelao C, Senra A, Seoane P, Gomez N, Aguiar P, Guallar D, Fidalgo M, Romero-Pico A, Adan R, Blouet C, Labandeira-Garcia JL, Jeanrenaud F, Kallo I, Liposits Z, Salvador J, Prevot V, Dieguez C, Lopez M, Valjent E, Fruhbeck G, Seoane LM, Nogueiras R","https://doi.org/10.1038/s42255-019-0099-7","","","ACCEPT","ACCEPT","","","Sprague–Dawley rats; wild-type (C57BL/6J) mice; triple β1/β2/β3-adrenergic receptor knockout mice; orexin (Hcrt) knockout mice; Drd2-Cre mice; Drd2-Cre:RiboTag mice; Vgat-ires-Cre mice; Vglut2-ires-Cre mice","Cintia Folgueira, Daniel Beiroa, Begoña Porteiro, Manon Duquenne, Emma Puighermanal, Marcos F. Fondevila, Silvia Barja-Fernández, Rosalia Gallego, René Hernández-Bautista, Cecilia Castelao, Ana Senra, Patricia Seoane, Noemi Gómez, Pablo Aguiar, Diana Guallar, Miguel Fidalgo, Amparo Romero-Pico, Roger Adan, Clemence Blouet, Jose Luís Labandeira-García, Françoise Jeanrenaud, Imre Kallo, Zsolt Liposits, Javier Salvador, Vincent Prevot, Carlos Dieguez, Miguel Lopez, Emmanuel Valjent, Gema Frühbeck, Luisa M. Seoane, Ruben Nogueiras; 2019","","Stereotaxic targeting using published coordinates for LHA/ZI (rats: AP –2.85 mm, ML ±2.0 mm, DV –8.1 mm; mice: AP –1.3 mm, ML ±1.1 mm, DV –5.2 mm) confirmed by GFP immunostaining of viral infection","","","To activate hypothalamic D2R-expressing neurons in the LHA/ZI, drive sympathetic outflow to brown adipose tissue, increase thermogenesis and energy expenditure, and thereby reduce body weight and adiposity","Both"
"AIM-66","silbaugh.nodatea","Cerebellar climbing fibers impact experience-dependent plasticity in the mouse primary somatosensory cortex.","Silbaugh A, Koster KP, Hansel C","https://doi.org/10.7554/elife.109183","","","ACCEPT","USER_ACCEPT","silbaugh.nodatea","","Mus musculus: C57BL/6J; PV-Cre; Sst-IRES-Cre; Vip-IRES-Cre; Ai9 reporter","Abby Silbaugh, Kevin P. Koster, Christian Hansel; 2025","1) Inferior olive → cerebellar cortex (climbing fibers, anterograde AAV9-CaMKII-ChR2 in IO) 2) Cerebellar nuclei → zona incerta (anterograde AAV5-hSyn-hChR2-EYFP in CBN) 3) Cerebellar nuclei → ZI neurons → POm and S1 cortex (transsynaptic AAV1-EF1a-Flpo in CBN + Flp-on hSyn-EYFP in ZI) 4) ZI PV+ neurons → S1 L2/3 pyramidal responses (chemogenetic inhibition in PV-Cre mice)","Post-hoc confocal imaging of EYFP in ZI after AAV1-EF1a-Flpo + Flp-dependent reporter; Fluoro-Gold retrograde labeling to rule out TRN; immunohistochemical staining (calbindin, VGLUT2) to delineate landmarks","","Whole-cell current-clamp recordings from retrogradely labeled POm-projecting ZI neurons showed ChR2-evoked EPSPs (10 Hz) with an amplitude reduction but persistence in 1 µM TTX, indicating monosynaptic input; amplitude and latency quantified (Fig. 6E–F).","To convey cerebellar climbing fiber signals via ZI to POm and S1 cortex in order to gate experience-dependent plasticity of L2/3 pyramidal neurons in S1, acting as an instructive error signal","Both"
"AIM-48","silbaugh.nodate","Cerebellar climbing fibers impact experience-dependent plasticity in the mouse primary somatosensory cortex.","Silbaugh A, Koster KP, Hansel C","https://doi.org/10.1101/2025.04.18.649578","","","ACCEPT","USER_ACCEPT","","","","","","","","","",""
"AIM-56","vidal-ortiz.nodate","Unilateral optogenetic stimulation of Lhx6 neurons in the zona incerta increases REM sleep.","Vidal-Ortiz A, Blanco-Centurion C, Shiromani PJ","https://doi.org/10.1093/sleep/zsad217","","","ACCEPT","USER_ACCEPT","","","","","","","","","",""
"UNT-1","sharma2024","Inhibitory medial zona incerta pathway drives exploratory behavior by inhibiting glutamatergic cuneiform neurons","Sandeep Sharma","https://doi.org/10.1038/s41467-024-45288-x","","2024","USER_ACCEPT","USER_ACCEPT","sharma2024","","Mus musculus: vGLUT2-IRES-Cre and vGAT-IRES-Cre transgenic mouse lines","Sandeep Sharma, Cecilia A. Badenhorst, Donovan M. Ashby, Stephanie A. Di Vito, Michelle A. Tran, Zahra Ghavasieh, Gurleen K. Grewal, Cole R. Belway, Alexander McGirr, Patrick J. Whelan (2024)","1) Retrograde tracing: injection of AAVrg-DIO-ChR2-eYFP into CnF of vGAT-IRES-Cre mice → labeled GABAergic cell bodies in medial zona incerta (mZI) (retrograde AAV).
2) Anterograde tracing: injection of AAV-DJ-hSyn-Flex-mGFP-2A-Synaptophysin-mRuby into mZI of vGAT-IRES-Cre mice → synaptophysin-mRUBY+ puncta in ipsilateral CnF (anterograde AAV).
3) RNAscope: fluorescent in situ hybridization for vGLUT2 mRNA combined with SYP-mRUBY immunolabeling in CnF → majority of SYP-mRUBY+ puncta apposed to vGLUT2+ CnF neurons.","Histological verification of viral reporter expression in medial ZI using confocal imaging and alignment to Allen Mouse Brain Atlas; optical fiber tracks confirmed above mZI","Population: mZI vGAT neurons
Indicator: GCaMP6s via AAV9-CAG.Flex.GCaMP6s in vGAT-IRES-Cre; bulk fiber photometry
Behavioral epochs and key findings:
• Immobility (hole-board): no significant change vs baseline (p=0.223)
• Rearing onset: increased Ca2+ (paired t-test, t(4)=4.165, p=0.0141)
• Head-dip onset: robust increase (t(4)=19.19, p<0.0001)
• Thigmotactic locomotion onset: decrease in signal (t(4)=4.085, p=0.0150)
• Focused exploration locomotion: increase (t(4)=7.00, p=0.0022)
• Open field locomotion onset: modest decrease (t(4)=3.638, p=0.0222)
N animals: 5 mice
Signal metric: normalized z-score
Statistical test: two-tailed paired t-test
Control signal: 405 nm isosbestic channel
Hardware: Doric fiber photometry system
Figure refs: Fig. 5d–j (main text)","Bulk extracellular recordings in anesthetized mice; optogenetic activation of mZI vGATChR2 somata (5-pulse, 10 Hz burst) inhibited firing in 7/27 CnF units (26%); no intrinsic electrophysiological properties (Cm, Rin, AP kinetics) were reported","The mZI→CnF GABAergic circuit promotes exploratory behavior by inhibiting glutamatergic CnF neurons.","sufficiency"
"UNT-2","kast2026","Multimodal analysis reveals cellular diversity and divergent circuits of the zona incerta","Ryan Kast","https://doi.org/10.1073/pnas.2509781123","","2026","USER_ACCEPT","USER_ACCEPT","kast2026","","Mouse (adult wild-type for snRNA-seq; Vgat-IRES-Cre, Nos1-IRES-Cre, Spp1-P2A-Cre, Slc30a3-IRES-Cre lines for circuit tracing, FISH, and electrophysiology)","Ryan Kasta; Sean K. Simmons; Nita Romea; Xian Adiconis; Lisa Melamed; Kathryn A. McCabe; Dongqing Wang; Alexandra Krol; Magdalena Krubner; Vincent Prevosto; Kirsten Levandowski; Ubadah Sabbagh; Heather A. Sullivan; Ian R. Wickersham; Fan Wang; Joshua Z. Levin; Zhanyan Fu; Guoping Feng (2026)","Anterograde: Vgat+ ZI→SC; Vgat+ ZI→PAG; Vgat+ ZI→PRN; Vgat+ ZI→nucleus reuniens, POm, CL, PF; Vgat+ ZI→anterior hypothalamic area; Vgat+ ZI→lateral preoptic area. Retrograde: ZI←RN; ZI←PRN; ZI←GRN (predominantly dorsal ZI/Kcng2+ neurons); ZI←POm; ZI←SC; ZI←dmPAG (predominantly ventral ZI/Pax6+ neurons). Collateralization: ZI-SC and ZI-PRN are segregated. Cell-type anterograde: Slc30a3+ ZI→dmPAG; Slc30a3+, Spp1+ ZI→SC, POm. Dorsal ZI Nos1+ and Spp1+→midbrain/pons. Monosynaptic rabies: inputs to ZI-SCSlc30a3+, ZI-SCSpp1+, ZI-PRNSpp1+, ZI-PRNNos1+.","RNA FISH of Gad2, Vglut2, and Pax6 across serial sagittal sections; coexpression to delineate ZI boundaries; exclusion of neighboring STN, thalamus, TRN; FANS of NeuN+ nuclei and removal of non-ZI clusters in snRNA-seq.","Fiber photometry of jGCaMP8m in SC-projecting and PRN-projecting ZI neurons; recordings aligned to lick-bout onset/offset, looming onset, escape onset, freeze onset. ZI-SC: pre-lick increase (AUC P=0.0272), modest bout suppression, activation on escape, strong freeze suppression (P=0.0174). ZI-PRN: no pre-lick increase, suppression during licking (interaction P=0.0415), activation on escape, milder freeze suppression.","1) Ventral ZI Slc30a3+: Cm ~85 pF (N=14), Rin ~1.6 GΩ (N=14); slower APs, depolarization blockade. 2) Ventral ZI Spp1+: Cm ~130 pF (N=25), Rin ~0.8 GΩ (N=25); fast APs, minimal adaptation. 3) Dorsal ZI Nos1+: Cm ~90 pF (N=18), Rin ~1.4 GΩ (N=25); depolarization blockade. 4) Dorsal ZI Spp1+: Cm ~110 pF (N=11), Rin ~1.0 GΩ (N=12); fast APs, no blockade.","To define genetically and anatomically distinct ZI GABAergic neuron subtypes, map their brain-wide inputs and outputs, and determine their functional recruitment during an approach-avoidance conflict between reward consumption and visual threat.","correlation"
