sample_id,group,unique,freq_hz,psd_v2_per_hz
healthy_lfp_ses-001_data,healthy,True,0.0,5.103175092756761e-10
healthy_lfp_ses-001_data,healthy,True,0.5000000000000551,2.4444992259138255e-09
healthy_lfp_ses-001_data,healthy,True,1.0000000000001101,4.869713046556466e-09
healthy_lfp_ses-001_data,healthy,True,1.5000000000001652,1.2199176880884133e-08
healthy_lfp_ses-001_data,healthy,True,2.0000000000002203,1.1677486909586463e-08
healthy_lfp_ses-001_data,healthy,True,2.5000000000002753,5.056515905063864e-09
healthy_lfp_ses-001_data,healthy,True,3.0000000000003304,3.5971307343067735e-09
healthy_lfp_ses-001_data,healthy,True,3.5000000000003855,3.1426148346116783e-09
healthy_lfp_ses-001_data,healthy,True,4.0000000000004405,2.5118896935685624e-09
healthy_lfp_ses-001_data,healthy,True,4.500000000000496,2.934892959313911e-09
healthy_lfp_ses-001_data,healthy,True,5.000000000000551,3.839025824779365e-09
healthy_lfp_ses-001_data,healthy,True,5.500000000000606,5.734874705154558e-09
healthy_lfp_ses-001_data,healthy,True,6.000000000000661,4.601186860999989e-09
healthy_lfp_ses-001_data,healthy,True,6.500000000000716,3.6094600050009905e-09
healthy_lfp_ses-001_data,healthy,True,7.000000000000771,3.0927586429241204e-09
healthy_lfp_ses-001_data,healthy,True,7.500000000000826,2.655766384333564e-09
healthy_lfp_ses-001_data,healthy,True,8.000000000000881,2.6844206445622295e-09
healthy_lfp_ses-001_data,healthy,True,8.500000000000936,2.4843622936013793e-09
healthy_lfp_ses-001_data,healthy,True,9.000000000000991,2.3924200147338237e-09
healthy_lfp_ses-001_data,healthy,True,9.500000000001046,2.3007106049497965e-09
healthy_lfp_ses-001_data,healthy,True,10.000000000001101,2.818494955479792e-09
healthy_lfp_ses-001_data,healthy,True,10.500000000001156,2.5122565525519145e-09
healthy_lfp_ses-001_data,healthy,True,11.000000000001211,1.807245111493249e-09
healthy_lfp_ses-001_data,healthy,True,11.500000000001267,2.0709710745624867e-09
healthy_lfp_ses-001_data,healthy,True,12.000000000001322,2.1245121493310508e-09
healthy_lfp_ses-001_data,healthy,True,12.500000000001377,1.8547058778804539e-09
healthy_lfp_ses-001_data,healthy,True,13.000000000001432,1.8797068160002507e-09
healthy_lfp_ses-001_data,healthy,True,13.500000000001487,2.0618673335441686e-09
healthy_lfp_ses-001_data,healthy,True,14.000000000001542,3.254797437654118e-09
healthy_lfp_ses-001_data,healthy,True,14.500000000001597,2.9203127304315895e-09
healthy_lfp_ses-001_data,healthy,True,15.000000000001652,2.1364004445649915e-09
healthy_lfp_ses-001_data,healthy,True,15.500000000001707,1.7135183449992022e-09
healthy_lfp_ses-001_data,healthy,True,16.000000000001762,1.7391201414406888e-09
healthy_lfp_ses-001_data,healthy,True,16.50000000000182,2.026548438251394e-09
healthy_lfp_ses-001_data,healthy,True,17.000000000001872,2.0290715448161546e-09
healthy_lfp_ses-001_data,healthy,True,17.500000000001926,1.916710372580147e-09
healthy_lfp_ses-001_data,healthy,True,18.000000000001982,2.257295184763967e-09
healthy_lfp_ses-001_data,healthy,True,18.50000000000204,2.124234222254182e-09
healthy_lfp_ses-001_data,healthy,True,19.000000000002093,1.8776934761672534e-09
healthy_lfp_ses-001_data,healthy,True,19.500000000002146,1.994950958095429e-09
healthy_lfp_ses-001_data,healthy,True,20.000000000002203,1.4995265659967446e-09
healthy_lfp_ses-001_data,healthy,True,20.50000000000226,1.5036972904275815e-09
healthy_lfp_ses-001_data,healthy,True,21.000000000002313,1.0051022525394528e-09
healthy_lfp_ses-001_data,healthy,True,21.500000000002366,1.0810706965434183e-09
healthy_lfp_ses-001_data,healthy,True,22.000000000002423,1.5762239876771506e-09
healthy_lfp_ses-001_data,healthy,True,22.50000000000248,1.3633389207877929e-09
healthy_lfp_ses-001_data,healthy,True,23.000000000002533,1.2929813860375003e-09
healthy_lfp_ses-001_data,healthy,True,23.500000000002586,1.4159608951459468e-09
healthy_lfp_ses-001_data,healthy,True,24.000000000002643,1.389412706105642e-09
healthy_lfp_ses-001_data,healthy,True,24.5000000000027,1.3066175610344866e-09
healthy_lfp_ses-001_data,healthy,True,25.000000000002753,1.592369633900484e-09
healthy_lfp_ses-001_data,healthy,True,25.500000000002807,4.588038048652544e-09
healthy_lfp_ses-001_data,healthy,True,26.000000000002863,9.980737901902609e-09
healthy_lfp_ses-001_data,healthy,True,26.50000000000292,9.302254713600738e-09
healthy_lfp_ses-001_data,healthy,True,27.000000000002974,4.861916960000238e-09
healthy_lfp_ses-001_data,healthy,True,27.500000000003027,3.2281805610303018e-09
healthy_lfp_ses-001_data,healthy,True,28.000000000003084,4.32334560356637e-09
healthy_lfp_ses-001_data,healthy,True,28.50000000000314,3.06511341210881e-09
healthy_lfp_ses-001_data,healthy,True,29.000000000003194,2.0982202653804527e-09
healthy_lfp_ses-001_data,healthy,True,29.500000000003247,2.3888818557747033e-09
healthy_lfp_ses-001_data,healthy,True,30.000000000003304,2.4930400366168806e-09
healthy_lfp_ses-001_data,healthy,True,30.50000000000336,1.9710195704038755e-09
healthy_lfp_ses-001_data,healthy,True,31.000000000003414,2.000980132921012e-09
healthy_lfp_ses-001_data,healthy,True,31.500000000003467,1.8440733064927725e-09
healthy_lfp_ses-001_data,healthy,True,32.000000000003524,1.15671583089222e-09
healthy_lfp_ses-001_data,healthy,True,32.50000000000358,1.1114776232560121e-09
healthy_lfp_ses-001_data,healthy,True,33.00000000000364,1.6693937184009683e-09
healthy_lfp_ses-001_data,healthy,True,33.50000000000369,1.25127692124901e-09
healthy_lfp_ses-001_data,healthy,True,34.000000000003745,7.475748741894351e-10
healthy_lfp_ses-001_data,healthy,True,34.5000000000038,7.267596461498134e-10
healthy_lfp_ses-001_data,healthy,True,35.00000000000385,8.40293244439083e-10
healthy_lfp_ses-001_data,healthy,True,35.50000000000391,8.509397428464008e-10
healthy_lfp_ses-001_data,healthy,True,36.000000000003965,9.183255913949826e-10
healthy_lfp_ses-001_data,healthy,True,36.50000000000402,9.64298629448047e-10
healthy_lfp_ses-001_data,healthy,True,37.00000000000408,1.1037088760212688e-09
healthy_lfp_ses-001_data,healthy,True,37.50000000000413,1.0764804097132011e-09
healthy_lfp_ses-001_data,healthy,True,38.000000000004185,1.143648093639111e-09
healthy_lfp_ses-001_data,healthy,True,38.50000000000424,1.1884673517476557e-09
healthy_lfp_ses-001_data,healthy,True,39.00000000000429,1.232068124420862e-09
healthy_lfp_ses-001_data,healthy,True,39.50000000000435,1.0218274027248955e-09
healthy_lfp_ses-001_data,healthy,True,40.000000000004405,1.0886298852763435e-09
healthy_lfp_ses-001_data,healthy,True,40.50000000000446,9.175366408813986e-10
healthy_lfp_ses-001_data,healthy,True,41.00000000000452,8.143100703932633e-10
healthy_lfp_ses-001_data,healthy,True,41.50000000000457,6.721117933018772e-10
healthy_lfp_ses-001_data,healthy,True,42.000000000004626,7.568717247876566e-10
healthy_lfp_ses-001_data,healthy,True,42.50000000000468,5.631115874155097e-10
healthy_lfp_ses-001_data,healthy,True,43.00000000000473,5.122559262248158e-10
healthy_lfp_ses-001_data,healthy,True,43.50000000000479,7.73559468257625e-10
healthy_lfp_ses-001_data,healthy,True,44.000000000004846,8.390845147715033e-10
healthy_lfp_ses-001_data,healthy,True,44.5000000000049,7.221675344628286e-10
healthy_lfp_ses-001_data,healthy,True,45.00000000000496,6.942558700377094e-10
healthy_lfp_ses-001_data,healthy,True,45.50000000000501,5.169319062253866e-10
healthy_lfp_ses-001_data,healthy,True,46.000000000005066,6.665458348717661e-10
healthy_lfp_ses-001_data,healthy,True,46.50000000000512,9.602137377627042e-10
healthy_lfp_ses-001_data,healthy,True,47.00000000000517,9.802879112421336e-10
healthy_lfp_ses-001_data,healthy,True,47.50000000000523,7.651910212975721e-10
healthy_lfp_ses-001_data,healthy,True,48.000000000005286,6.57542621683799e-10
healthy_lfp_ses-001_data,healthy,True,48.50000000000534,5.291351411246711e-10
healthy_lfp_ses-001_data,healthy,True,49.0000000000054,7.524284205485553e-10
healthy_lfp_ses-001_data,healthy,True,49.50000000000545,7.662699671032116e-10
healthy_lfp_ses-001_data,healthy,True,50.00000000000551,7.933883160221719e-10
healthy_lfp_ses-001_data,healthy,True,50.50000000000556,7.04097845166258e-10
healthy_lfp_ses-001_data,healthy,True,51.00000000000561,6.659522277642169e-10
healthy_lfp_ses-001_data,healthy,True,51.50000000000567,9.146326116687541e-10
healthy_lfp_ses-001_data,healthy,True,52.00000000000573,1.083828915410317e-09
healthy_lfp_ses-001_data,healthy,True,52.500000000005784,9.142093508457235e-10
healthy_lfp_ses-001_data,healthy,True,53.00000000000584,1.243719094378117e-09
healthy_lfp_ses-001_data,healthy,True,53.50000000000589,1.1125648636154423e-09
healthy_lfp_ses-001_data,healthy,True,54.00000000000595,1.075121367258549e-09
healthy_lfp_ses-001_data,healthy,True,54.500000000006004,1.0112560652448128e-09
healthy_lfp_ses-001_data,healthy,True,55.000000000006054,7.302537181282659e-10
healthy_lfp_ses-001_data,healthy,True,55.50000000000611,8.43763911684346e-10
healthy_lfp_ses-001_data,healthy,True,56.00000000000617,9.588857972558334e-10
healthy_lfp_ses-001_data,healthy,True,56.500000000006224,1.0167402775819374e-09
healthy_lfp_ses-001_data,healthy,True,57.00000000000628,8.670841855046159e-10
healthy_lfp_ses-001_data,healthy,True,57.50000000000633,8.296072861505425e-10
healthy_lfp_ses-001_data,healthy,True,58.00000000000639,1.0127476403452479e-09
healthy_lfp_ses-001_data,healthy,True,58.500000000006445,9.705511719979975e-10
healthy_lfp_ses-001_data,healthy,True,59.000000000006494,5.90536263726865e-10
healthy_lfp_ses-001_data,healthy,True,59.50000000000655,5.835960607892494e-10
healthy_lfp_ses-001_data,healthy,True,60.00000000000661,7.92970864143506e-10
healthy_lfp_ses-001_data,healthy,True,60.500000000006665,7.883713859305465e-10
healthy_lfp_ses-001_data,healthy,True,61.00000000000672,5.790418458110172e-10
healthy_lfp_ses-001_data,healthy,True,61.50000000000677,7.676649505674472e-10
healthy_lfp_ses-001_data,healthy,True,62.00000000000683,1.065976957919593e-09
healthy_lfp_ses-001_data,healthy,True,62.500000000006885,8.320807124718366e-10
healthy_lfp_ses-001_data,healthy,True,63.000000000006935,6.330880141281485e-10
healthy_lfp_ses-001_data,healthy,True,63.50000000000699,6.225192785079761e-10
healthy_lfp_ses-001_data,healthy,True,64.00000000000705,6.206491804951503e-10
healthy_lfp_ses-001_data,healthy,True,64.5000000000071,5.461633474375012e-10
healthy_lfp_ses-001_data,healthy,True,65.00000000000716,7.656290422060751e-10
healthy_lfp_ses-001_data,healthy,True,65.50000000000722,7.290043210257722e-10
healthy_lfp_ses-001_data,healthy,True,66.00000000000728,5.364538970247136e-10
healthy_lfp_ses-001_data,healthy,True,66.50000000000732,5.854532679738301e-10
healthy_lfp_ses-001_data,healthy,True,67.00000000000738,4.574396227869197e-10
healthy_lfp_ses-001_data,healthy,True,67.50000000000743,3.892666133946197e-10
healthy_lfp_ses-001_data,healthy,True,68.00000000000749,5.724617411061737e-10
healthy_lfp_ses-001_data,healthy,True,68.50000000000755,6.032780148057949e-10
healthy_lfp_ses-001_data,healthy,True,69.0000000000076,5.239199822672864e-10
healthy_lfp_ses-001_data,healthy,True,69.50000000000766,6.136296878270555e-10
healthy_lfp_ses-001_data,healthy,True,70.0000000000077,5.994986308991717e-10
healthy_lfp_ses-001_data,healthy,True,70.50000000000776,5.172319850730148e-10
healthy_lfp_ses-001_data,healthy,True,71.00000000000782,5.655521582431523e-10
healthy_lfp_ses-001_data,healthy,True,71.50000000000787,6.114934402117693e-10
healthy_lfp_ses-001_data,healthy,True,72.00000000000793,5.23462795911959e-10
healthy_lfp_ses-001_data,healthy,True,72.50000000000799,6.450237228626128e-10
healthy_lfp_ses-001_data,healthy,True,73.00000000000804,5.881410993830123e-10
healthy_lfp_ses-001_data,healthy,True,73.5000000000081,6.774361986209819e-10
healthy_lfp_ses-001_data,healthy,True,74.00000000000816,6.657830955373656e-10
healthy_lfp_ses-001_data,healthy,True,74.5000000000082,5.895292020703316e-10
healthy_lfp_ses-001_data,healthy,True,75.00000000000826,4.362488580675668e-10
healthy_lfp_ses-001_data,healthy,True,75.50000000000831,4.338672619107292e-10
healthy_lfp_ses-001_data,healthy,True,76.00000000000837,7.166417762225156e-10
healthy_lfp_ses-001_data,healthy,True,76.50000000000843,6.365509516175787e-10
healthy_lfp_ses-001_data,healthy,True,77.00000000000848,6.504898832301483e-10
healthy_lfp_ses-001_data,healthy,True,77.50000000000854,7.27850352453662e-10
healthy_lfp_ses-001_data,healthy,True,78.00000000000858,5.78001878042533e-10
healthy_lfp_ses-001_data,healthy,True,78.50000000000864,4.6401387398655277e-10
healthy_lfp_ses-001_data,healthy,True,79.0000000000087,5.573555272987411e-10
healthy_lfp_ses-001_data,healthy,True,79.50000000000875,6.619975078333825e-10
healthy_lfp_ses-001_data,healthy,True,80.00000000000881,9.43675961007965e-10
healthy_lfp_ses-001_data,healthy,True,80.50000000000887,8.38789853558711e-10
healthy_lfp_ses-001_data,healthy,True,81.00000000000892,7.586986421557034e-10
healthy_lfp_ses-001_data,healthy,True,81.50000000000898,6.918696682629882e-10
healthy_lfp_ses-001_data,healthy,True,82.00000000000904,6.889514993258582e-10
healthy_lfp_ses-001_data,healthy,True,82.50000000000908,6.106098768540802e-10
healthy_lfp_ses-001_data,healthy,True,83.00000000000914,5.228380697576227e-10
healthy_lfp_ses-001_data,healthy,True,83.5000000000092,4.713481269678494e-10
healthy_lfp_ses-001_data,healthy,True,84.00000000000925,6.695952736614431e-10
healthy_lfp_ses-001_data,healthy,True,84.50000000000931,3.804325715817144e-10
healthy_lfp_ses-001_data,healthy,True,85.00000000000936,4.78748220703382e-10
healthy_lfp_ses-001_data,healthy,True,85.50000000000942,7.068303396541312e-10
healthy_lfp_ses-001_data,healthy,True,86.00000000000946,7.35672569960947e-10
healthy_lfp_ses-001_data,healthy,True,86.50000000000952,6.136457968783459e-10
healthy_lfp_ses-001_data,healthy,True,87.00000000000958,4.496252870196449e-10
healthy_lfp_ses-001_data,healthy,True,87.50000000000963,5.119983917563463e-10
healthy_lfp_ses-001_data,healthy,True,88.00000000000969,6.442998763401651e-10
healthy_lfp_ses-001_data,healthy,True,88.50000000000975,4.4003639471654974e-10
healthy_lfp_ses-001_data,healthy,True,89.0000000000098,4.3748631288376674e-10
healthy_lfp_ses-001_data,healthy,True,89.50000000000986,4.3193577600999136e-10
healthy_lfp_ses-001_data,healthy,True,90.00000000000992,3.6589394419628843e-10
healthy_lfp_ses-001_data,healthy,True,90.50000000000996,3.1853108231469593e-10
healthy_lfp_ses-001_data,healthy,True,91.00000000001002,3.2928929460871924e-10
healthy_lfp_ses-001_data,healthy,True,91.50000000001008,4.1940541891477974e-10
healthy_lfp_ses-001_data,healthy,True,92.00000000001013,4.803076296847106e-10
healthy_lfp_ses-001_data,healthy,True,92.50000000001019,3.013595131020268e-10
healthy_lfp_ses-001_data,healthy,True,93.00000000001025,2.8358240364712117e-10
healthy_lfp_ses-001_data,healthy,True,93.5000000000103,3.581113453768559e-10
healthy_lfp_ses-001_data,healthy,True,94.00000000001035,5.21779271863124e-10
healthy_lfp_ses-001_data,healthy,True,94.5000000000104,4.910547377842644e-10
healthy_lfp_ses-001_data,healthy,True,95.00000000001046,4.944553732505403e-10
healthy_lfp_ses-001_data,healthy,True,95.50000000001052,4.0959100291764933e-10
healthy_lfp_ses-001_data,healthy,True,96.00000000001057,3.819299951194303e-10
healthy_lfp_ses-001_data,healthy,True,96.50000000001063,4.527831730246666e-10
healthy_lfp_ses-001_data,healthy,True,97.00000000001069,3.68318946917147e-10
healthy_lfp_ses-001_data,healthy,True,97.50000000001074,3.5853984687659634e-10
healthy_lfp_ses-001_data,healthy,True,98.0000000000108,4.2643938914832336e-10
healthy_lfp_ses-001_data,healthy,True,98.50000000001084,4.253081344007076e-10
healthy_lfp_ses-001_data,healthy,True,99.0000000000109,4.658401368363819e-10
healthy_lfp_ses-001_data,healthy,True,99.50000000001096,4.855430067133618e-10
healthy_lfp_ses-162,healthy,False,0.0,5.103175092756761e-10
healthy_lfp_ses-162,healthy,False,0.5000000000000551,2.4444992259138255e-09
healthy_lfp_ses-162,healthy,False,1.0000000000001101,4.869713046556466e-09
healthy_lfp_ses-162,healthy,False,1.5000000000001652,1.2199176880884133e-08
healthy_lfp_ses-162,healthy,False,2.0000000000002203,1.1677486909586463e-08
healthy_lfp_ses-162,healthy,False,2.5000000000002753,5.056515905063864e-09
healthy_lfp_ses-162,healthy,False,3.0000000000003304,3.5971307343067735e-09
healthy_lfp_ses-162,healthy,False,3.5000000000003855,3.1426148346116783e-09
healthy_lfp_ses-162,healthy,False,4.0000000000004405,2.5118896935685624e-09
healthy_lfp_ses-162,healthy,False,4.500000000000496,2.934892959313911e-09
healthy_lfp_ses-162,healthy,False,5.000000000000551,3.839025824779365e-09
healthy_lfp_ses-162,healthy,False,5.500000000000606,5.734874705154558e-09
healthy_lfp_ses-162,healthy,False,6.000000000000661,4.601186860999989e-09
healthy_lfp_ses-162,healthy,False,6.500000000000716,3.6094600050009905e-09
healthy_lfp_ses-162,healthy,False,7.000000000000771,3.0927586429241204e-09
healthy_lfp_ses-162,healthy,False,7.500000000000826,2.655766384333564e-09
healthy_lfp_ses-162,healthy,False,8.000000000000881,2.6844206445622295e-09
healthy_lfp_ses-162,healthy,False,8.500000000000936,2.4843622936013793e-09
healthy_lfp_ses-162,healthy,False,9.000000000000991,2.3924200147338237e-09
healthy_lfp_ses-162,healthy,False,9.500000000001046,2.3007106049497965e-09
healthy_lfp_ses-162,healthy,False,10.000000000001101,2.818494955479792e-09
healthy_lfp_ses-162,healthy,False,10.500000000001156,2.5122565525519145e-09
healthy_lfp_ses-162,healthy,False,11.000000000001211,1.807245111493249e-09
healthy_lfp_ses-162,healthy,False,11.500000000001267,2.0709710745624867e-09
healthy_lfp_ses-162,healthy,False,12.000000000001322,2.1245121493310508e-09
healthy_lfp_ses-162,healthy,False,12.500000000001377,1.8547058778804539e-09
healthy_lfp_ses-162,healthy,False,13.000000000001432,1.8797068160002507e-09
healthy_lfp_ses-162,healthy,False,13.500000000001487,2.0618673335441686e-09
healthy_lfp_ses-162,healthy,False,14.000000000001542,3.254797437654118e-09
healthy_lfp_ses-162,healthy,False,14.500000000001597,2.9203127304315895e-09
healthy_lfp_ses-162,healthy,False,15.000000000001652,2.1364004445649915e-09
healthy_lfp_ses-162,healthy,False,15.500000000001707,1.7135183449992022e-09
healthy_lfp_ses-162,healthy,False,16.000000000001762,1.7391201414406888e-09
healthy_lfp_ses-162,healthy,False,16.50000000000182,2.026548438251394e-09
healthy_lfp_ses-162,healthy,False,17.000000000001872,2.0290715448161546e-09
healthy_lfp_ses-162,healthy,False,17.500000000001926,1.916710372580147e-09
healthy_lfp_ses-162,healthy,False,18.000000000001982,2.257295184763967e-09
healthy_lfp_ses-162,healthy,False,18.50000000000204,2.124234222254182e-09
healthy_lfp_ses-162,healthy,False,19.000000000002093,1.8776934761672534e-09
healthy_lfp_ses-162,healthy,False,19.500000000002146,1.994950958095429e-09
healthy_lfp_ses-162,healthy,False,20.000000000002203,1.4995265659967446e-09
healthy_lfp_ses-162,healthy,False,20.50000000000226,1.5036972904275815e-09
healthy_lfp_ses-162,healthy,False,21.000000000002313,1.0051022525394528e-09
healthy_lfp_ses-162,healthy,False,21.500000000002366,1.0810706965434183e-09
healthy_lfp_ses-162,healthy,False,22.000000000002423,1.5762239876771506e-09
healthy_lfp_ses-162,healthy,False,22.50000000000248,1.3633389207877929e-09
healthy_lfp_ses-162,healthy,False,23.000000000002533,1.2929813860375003e-09
healthy_lfp_ses-162,healthy,False,23.500000000002586,1.4159608951459468e-09
healthy_lfp_ses-162,healthy,False,24.000000000002643,1.389412706105642e-09
healthy_lfp_ses-162,healthy,False,24.5000000000027,1.3066175610344866e-09
healthy_lfp_ses-162,healthy,False,25.000000000002753,1.592369633900484e-09
healthy_lfp_ses-162,healthy,False,25.500000000002807,4.588038048652544e-09
healthy_lfp_ses-162,healthy,False,26.000000000002863,9.980737901902609e-09
healthy_lfp_ses-162,healthy,False,26.50000000000292,9.302254713600738e-09
healthy_lfp_ses-162,healthy,False,27.000000000002974,4.861916960000238e-09
healthy_lfp_ses-162,healthy,False,27.500000000003027,3.2281805610303018e-09
healthy_lfp_ses-162,healthy,False,28.000000000003084,4.32334560356637e-09
healthy_lfp_ses-162,healthy,False,28.50000000000314,3.06511341210881e-09
healthy_lfp_ses-162,healthy,False,29.000000000003194,2.0982202653804527e-09
healthy_lfp_ses-162,healthy,False,29.500000000003247,2.3888818557747033e-09
healthy_lfp_ses-162,healthy,False,30.000000000003304,2.4930400366168806e-09
healthy_lfp_ses-162,healthy,False,30.50000000000336,1.9710195704038755e-09
healthy_lfp_ses-162,healthy,False,31.000000000003414,2.000980132921012e-09
healthy_lfp_ses-162,healthy,False,31.500000000003467,1.8440733064927725e-09
healthy_lfp_ses-162,healthy,False,32.000000000003524,1.15671583089222e-09
healthy_lfp_ses-162,healthy,False,32.50000000000358,1.1114776232560121e-09
healthy_lfp_ses-162,healthy,False,33.00000000000364,1.6693937184009683e-09
healthy_lfp_ses-162,healthy,False,33.50000000000369,1.25127692124901e-09
healthy_lfp_ses-162,healthy,False,34.000000000003745,7.475748741894351e-10
healthy_lfp_ses-162,healthy,False,34.5000000000038,7.267596461498134e-10
healthy_lfp_ses-162,healthy,False,35.00000000000385,8.40293244439083e-10
healthy_lfp_ses-162,healthy,False,35.50000000000391,8.509397428464008e-10
healthy_lfp_ses-162,healthy,False,36.000000000003965,9.183255913949826e-10
healthy_lfp_ses-162,healthy,False,36.50000000000402,9.64298629448047e-10
healthy_lfp_ses-162,healthy,False,37.00000000000408,1.1037088760212688e-09
healthy_lfp_ses-162,healthy,False,37.50000000000413,1.0764804097132011e-09
healthy_lfp_ses-162,healthy,False,38.000000000004185,1.143648093639111e-09
healthy_lfp_ses-162,healthy,False,38.50000000000424,1.1884673517476557e-09
healthy_lfp_ses-162,healthy,False,39.00000000000429,1.232068124420862e-09
healthy_lfp_ses-162,healthy,False,39.50000000000435,1.0218274027248955e-09
healthy_lfp_ses-162,healthy,False,40.000000000004405,1.0886298852763435e-09
healthy_lfp_ses-162,healthy,False,40.50000000000446,9.175366408813986e-10
healthy_lfp_ses-162,healthy,False,41.00000000000452,8.143100703932633e-10
healthy_lfp_ses-162,healthy,False,41.50000000000457,6.721117933018772e-10
healthy_lfp_ses-162,healthy,False,42.000000000004626,7.568717247876566e-10
healthy_lfp_ses-162,healthy,False,42.50000000000468,5.631115874155097e-10
healthy_lfp_ses-162,healthy,False,43.00000000000473,5.122559262248158e-10
healthy_lfp_ses-162,healthy,False,43.50000000000479,7.73559468257625e-10
healthy_lfp_ses-162,healthy,False,44.000000000004846,8.390845147715033e-10
healthy_lfp_ses-162,healthy,False,44.5000000000049,7.221675344628286e-10
healthy_lfp_ses-162,healthy,False,45.00000000000496,6.942558700377094e-10
healthy_lfp_ses-162,healthy,False,45.50000000000501,5.169319062253866e-10
healthy_lfp_ses-162,healthy,False,46.000000000005066,6.665458348717661e-10
healthy_lfp_ses-162,healthy,False,46.50000000000512,9.602137377627042e-10
healthy_lfp_ses-162,healthy,False,47.00000000000517,9.802879112421336e-10
healthy_lfp_ses-162,healthy,False,47.50000000000523,7.651910212975721e-10
healthy_lfp_ses-162,healthy,False,48.000000000005286,6.57542621683799e-10
healthy_lfp_ses-162,healthy,False,48.50000000000534,5.291351411246711e-10
healthy_lfp_ses-162,healthy,False,49.0000000000054,7.524284205485553e-10
healthy_lfp_ses-162,healthy,False,49.50000000000545,7.662699671032116e-10
healthy_lfp_ses-162,healthy,False,50.00000000000551,7.933883160221719e-10
healthy_lfp_ses-162,healthy,False,50.50000000000556,7.04097845166258e-10
healthy_lfp_ses-162,healthy,False,51.00000000000561,6.659522277642169e-10
healthy_lfp_ses-162,healthy,False,51.50000000000567,9.146326116687541e-10
healthy_lfp_ses-162,healthy,False,52.00000000000573,1.083828915410317e-09
healthy_lfp_ses-162,healthy,False,52.500000000005784,9.142093508457235e-10
healthy_lfp_ses-162,healthy,False,53.00000000000584,1.243719094378117e-09
healthy_lfp_ses-162,healthy,False,53.50000000000589,1.1125648636154423e-09
healthy_lfp_ses-162,healthy,False,54.00000000000595,1.075121367258549e-09
healthy_lfp_ses-162,healthy,False,54.500000000006004,1.0112560652448128e-09
healthy_lfp_ses-162,healthy,False,55.000000000006054,7.302537181282659e-10
healthy_lfp_ses-162,healthy,False,55.50000000000611,8.43763911684346e-10
healthy_lfp_ses-162,healthy,False,56.00000000000617,9.588857972558334e-10
healthy_lfp_ses-162,healthy,False,56.500000000006224,1.0167402775819374e-09
healthy_lfp_ses-162,healthy,False,57.00000000000628,8.670841855046159e-10
healthy_lfp_ses-162,healthy,False,57.50000000000633,8.296072861505425e-10
healthy_lfp_ses-162,healthy,False,58.00000000000639,1.0127476403452479e-09
healthy_lfp_ses-162,healthy,False,58.500000000006445,9.705511719979975e-10
healthy_lfp_ses-162,healthy,False,59.000000000006494,5.90536263726865e-10
healthy_lfp_ses-162,healthy,False,59.50000000000655,5.835960607892494e-10
healthy_lfp_ses-162,healthy,False,60.00000000000661,7.92970864143506e-10
healthy_lfp_ses-162,healthy,False,60.500000000006665,7.883713859305465e-10
healthy_lfp_ses-162,healthy,False,61.00000000000672,5.790418458110172e-10
healthy_lfp_ses-162,healthy,False,61.50000000000677,7.676649505674472e-10
healthy_lfp_ses-162,healthy,False,62.00000000000683,1.065976957919593e-09
healthy_lfp_ses-162,healthy,False,62.500000000006885,8.320807124718366e-10
healthy_lfp_ses-162,healthy,False,63.000000000006935,6.330880141281485e-10
healthy_lfp_ses-162,healthy,False,63.50000000000699,6.225192785079761e-10
healthy_lfp_ses-162,healthy,False,64.00000000000705,6.206491804951503e-10
healthy_lfp_ses-162,healthy,False,64.5000000000071,5.461633474375012e-10
healthy_lfp_ses-162,healthy,False,65.00000000000716,7.656290422060751e-10
healthy_lfp_ses-162,healthy,False,65.50000000000722,7.290043210257722e-10
healthy_lfp_ses-162,healthy,False,66.00000000000728,5.364538970247136e-10
healthy_lfp_ses-162,healthy,False,66.50000000000732,5.854532679738301e-10
healthy_lfp_ses-162,healthy,False,67.00000000000738,4.574396227869197e-10
healthy_lfp_ses-162,healthy,False,67.50000000000743,3.892666133946197e-10
healthy_lfp_ses-162,healthy,False,68.00000000000749,5.724617411061737e-10
healthy_lfp_ses-162,healthy,False,68.50000000000755,6.032780148057949e-10
healthy_lfp_ses-162,healthy,False,69.0000000000076,5.239199822672864e-10
healthy_lfp_ses-162,healthy,False,69.50000000000766,6.136296878270555e-10
healthy_lfp_ses-162,healthy,False,70.0000000000077,5.994986308991717e-10
healthy_lfp_ses-162,healthy,False,70.50000000000776,5.172319850730148e-10
healthy_lfp_ses-162,healthy,False,71.00000000000782,5.655521582431523e-10
healthy_lfp_ses-162,healthy,False,71.50000000000787,6.114934402117693e-10
healthy_lfp_ses-162,healthy,False,72.00000000000793,5.23462795911959e-10
healthy_lfp_ses-162,healthy,False,72.50000000000799,6.450237228626128e-10
healthy_lfp_ses-162,healthy,False,73.00000000000804,5.881410993830123e-10
healthy_lfp_ses-162,healthy,False,73.5000000000081,6.774361986209819e-10
healthy_lfp_ses-162,healthy,False,74.00000000000816,6.657830955373656e-10
healthy_lfp_ses-162,healthy,False,74.5000000000082,5.895292020703316e-10
healthy_lfp_ses-162,healthy,False,75.00000000000826,4.362488580675668e-10
healthy_lfp_ses-162,healthy,False,75.50000000000831,4.338672619107292e-10
healthy_lfp_ses-162,healthy,False,76.00000000000837,7.166417762225156e-10
healthy_lfp_ses-162,healthy,False,76.50000000000843,6.365509516175787e-10
healthy_lfp_ses-162,healthy,False,77.00000000000848,6.504898832301483e-10
healthy_lfp_ses-162,healthy,False,77.50000000000854,7.27850352453662e-10
healthy_lfp_ses-162,healthy,False,78.00000000000858,5.78001878042533e-10
healthy_lfp_ses-162,healthy,False,78.50000000000864,4.6401387398655277e-10
healthy_lfp_ses-162,healthy,False,79.0000000000087,5.573555272987411e-10
healthy_lfp_ses-162,healthy,False,79.50000000000875,6.619975078333825e-10
healthy_lfp_ses-162,healthy,False,80.00000000000881,9.43675961007965e-10
healthy_lfp_ses-162,healthy,False,80.50000000000887,8.38789853558711e-10
healthy_lfp_ses-162,healthy,False,81.00000000000892,7.586986421557034e-10
healthy_lfp_ses-162,healthy,False,81.50000000000898,6.918696682629882e-10
healthy_lfp_ses-162,healthy,False,82.00000000000904,6.889514993258582e-10
healthy_lfp_ses-162,healthy,False,82.50000000000908,6.106098768540802e-10
healthy_lfp_ses-162,healthy,False,83.00000000000914,5.228380697576227e-10
healthy_lfp_ses-162,healthy,False,83.5000000000092,4.713481269678494e-10
healthy_lfp_ses-162,healthy,False,84.00000000000925,6.695952736614431e-10
healthy_lfp_ses-162,healthy,False,84.50000000000931,3.804325715817144e-10
healthy_lfp_ses-162,healthy,False,85.00000000000936,4.78748220703382e-10
healthy_lfp_ses-162,healthy,False,85.50000000000942,7.068303396541312e-10
healthy_lfp_ses-162,healthy,False,86.00000000000946,7.35672569960947e-10
healthy_lfp_ses-162,healthy,False,86.50000000000952,6.136457968783459e-10
healthy_lfp_ses-162,healthy,False,87.00000000000958,4.496252870196449e-10
healthy_lfp_ses-162,healthy,False,87.50000000000963,5.119983917563463e-10
healthy_lfp_ses-162,healthy,False,88.00000000000969,6.442998763401651e-10
healthy_lfp_ses-162,healthy,False,88.50000000000975,4.4003639471654974e-10
healthy_lfp_ses-162,healthy,False,89.0000000000098,4.3748631288376674e-10
healthy_lfp_ses-162,healthy,False,89.50000000000986,4.3193577600999136e-10
healthy_lfp_ses-162,healthy,False,90.00000000000992,3.6589394419628843e-10
healthy_lfp_ses-162,healthy,False,90.50000000000996,3.1853108231469593e-10
healthy_lfp_ses-162,healthy,False,91.00000000001002,3.2928929460871924e-10
healthy_lfp_ses-162,healthy,False,91.50000000001008,4.1940541891477974e-10
healthy_lfp_ses-162,healthy,False,92.00000000001013,4.803076296847106e-10
healthy_lfp_ses-162,healthy,False,92.50000000001019,3.013595131020268e-10
healthy_lfp_ses-162,healthy,False,93.00000000001025,2.8358240364712117e-10
healthy_lfp_ses-162,healthy,False,93.5000000000103,3.581113453768559e-10
healthy_lfp_ses-162,healthy,False,94.00000000001035,5.21779271863124e-10
healthy_lfp_ses-162,healthy,False,94.5000000000104,4.910547377842644e-10
healthy_lfp_ses-162,healthy,False,95.00000000001046,4.944553732505403e-10
healthy_lfp_ses-162,healthy,False,95.50000000001052,4.0959100291764933e-10
healthy_lfp_ses-162,healthy,False,96.00000000001057,3.819299951194303e-10
healthy_lfp_ses-162,healthy,False,96.50000000001063,4.527831730246666e-10
healthy_lfp_ses-162,healthy,False,97.00000000001069,3.68318946917147e-10
healthy_lfp_ses-162,healthy,False,97.50000000001074,3.5853984687659634e-10
healthy_lfp_ses-162,healthy,False,98.0000000000108,4.2643938914832336e-10
healthy_lfp_ses-162,healthy,False,98.50000000001084,4.253081344007076e-10
healthy_lfp_ses-162,healthy,False,99.0000000000109,4.658401368363819e-10
healthy_lfp_ses-162,healthy,False,99.50000000001096,4.855430067133618e-10
healthy_lfp_ses-218,healthy,False,0.0,5.103175092756761e-10
healthy_lfp_ses-218,healthy,False,0.5000000000000551,2.4444992259138255e-09
healthy_lfp_ses-218,healthy,False,1.0000000000001101,4.869713046556466e-09
healthy_lfp_ses-218,healthy,False,1.5000000000001652,1.2199176880884133e-08
healthy_lfp_ses-218,healthy,False,2.0000000000002203,1.1677486909586463e-08
healthy_lfp_ses-218,healthy,False,2.5000000000002753,5.056515905063864e-09
healthy_lfp_ses-218,healthy,False,3.0000000000003304,3.5971307343067735e-09
healthy_lfp_ses-218,healthy,False,3.5000000000003855,3.1426148346116783e-09
healthy_lfp_ses-218,healthy,False,4.0000000000004405,2.5118896935685624e-09
healthy_lfp_ses-218,healthy,False,4.500000000000496,2.934892959313911e-09
healthy_lfp_ses-218,healthy,False,5.000000000000551,3.839025824779365e-09
healthy_lfp_ses-218,healthy,False,5.500000000000606,5.734874705154558e-09
healthy_lfp_ses-218,healthy,False,6.000000000000661,4.601186860999989e-09
healthy_lfp_ses-218,healthy,False,6.500000000000716,3.6094600050009905e-09
healthy_lfp_ses-218,healthy,False,7.000000000000771,3.0927586429241204e-09
healthy_lfp_ses-218,healthy,False,7.500000000000826,2.655766384333564e-09
healthy_lfp_ses-218,healthy,False,8.000000000000881,2.6844206445622295e-09
healthy_lfp_ses-218,healthy,False,8.500000000000936,2.4843622936013793e-09
healthy_lfp_ses-218,healthy,False,9.000000000000991,2.3924200147338237e-09
healthy_lfp_ses-218,healthy,False,9.500000000001046,2.3007106049497965e-09
healthy_lfp_ses-218,healthy,False,10.000000000001101,2.818494955479792e-09
healthy_lfp_ses-218,healthy,False,10.500000000001156,2.5122565525519145e-09
healthy_lfp_ses-218,healthy,False,11.000000000001211,1.807245111493249e-09
healthy_lfp_ses-218,healthy,False,11.500000000001267,2.0709710745624867e-09
healthy_lfp_ses-218,healthy,False,12.000000000001322,2.1245121493310508e-09
healthy_lfp_ses-218,healthy,False,12.500000000001377,1.8547058778804539e-09
healthy_lfp_ses-218,healthy,False,13.000000000001432,1.8797068160002507e-09
healthy_lfp_ses-218,healthy,False,13.500000000001487,2.0618673335441686e-09
healthy_lfp_ses-218,healthy,False,14.000000000001542,3.254797437654118e-09
healthy_lfp_ses-218,healthy,False,14.500000000001597,2.9203127304315895e-09
healthy_lfp_ses-218,healthy,False,15.000000000001652,2.1364004445649915e-09
healthy_lfp_ses-218,healthy,False,15.500000000001707,1.7135183449992022e-09
healthy_lfp_ses-218,healthy,False,16.000000000001762,1.7391201414406888e-09
healthy_lfp_ses-218,healthy,False,16.50000000000182,2.026548438251394e-09
healthy_lfp_ses-218,healthy,False,17.000000000001872,2.0290715448161546e-09
healthy_lfp_ses-218,healthy,False,17.500000000001926,1.916710372580147e-09
healthy_lfp_ses-218,healthy,False,18.000000000001982,2.257295184763967e-09
healthy_lfp_ses-218,healthy,False,18.50000000000204,2.124234222254182e-09
healthy_lfp_ses-218,healthy,False,19.000000000002093,1.8776934761672534e-09
healthy_lfp_ses-218,healthy,False,19.500000000002146,1.994950958095429e-09
healthy_lfp_ses-218,healthy,False,20.000000000002203,1.4995265659967446e-09
healthy_lfp_ses-218,healthy,False,20.50000000000226,1.5036972904275815e-09
healthy_lfp_ses-218,healthy,False,21.000000000002313,1.0051022525394528e-09
healthy_lfp_ses-218,healthy,False,21.500000000002366,1.0810706965434183e-09
healthy_lfp_ses-218,healthy,False,22.000000000002423,1.5762239876771506e-09
healthy_lfp_ses-218,healthy,False,22.50000000000248,1.3633389207877929e-09
healthy_lfp_ses-218,healthy,False,23.000000000002533,1.2929813860375003e-09
healthy_lfp_ses-218,healthy,False,23.500000000002586,1.4159608951459468e-09
healthy_lfp_ses-218,healthy,False,24.000000000002643,1.389412706105642e-09
healthy_lfp_ses-218,healthy,False,24.5000000000027,1.3066175610344866e-09
healthy_lfp_ses-218,healthy,False,25.000000000002753,1.592369633900484e-09
healthy_lfp_ses-218,healthy,False,25.500000000002807,4.588038048652544e-09
healthy_lfp_ses-218,healthy,False,26.000000000002863,9.980737901902609e-09
healthy_lfp_ses-218,healthy,False,26.50000000000292,9.302254713600738e-09
healthy_lfp_ses-218,healthy,False,27.000000000002974,4.861916960000238e-09
healthy_lfp_ses-218,healthy,False,27.500000000003027,3.2281805610303018e-09
healthy_lfp_ses-218,healthy,False,28.000000000003084,4.32334560356637e-09
healthy_lfp_ses-218,healthy,False,28.50000000000314,3.06511341210881e-09
healthy_lfp_ses-218,healthy,False,29.000000000003194,2.0982202653804527e-09
healthy_lfp_ses-218,healthy,False,29.500000000003247,2.3888818557747033e-09
healthy_lfp_ses-218,healthy,False,30.000000000003304,2.4930400366168806e-09
healthy_lfp_ses-218,healthy,False,30.50000000000336,1.9710195704038755e-09
healthy_lfp_ses-218,healthy,False,31.000000000003414,2.000980132921012e-09
healthy_lfp_ses-218,healthy,False,31.500000000003467,1.8440733064927725e-09
healthy_lfp_ses-218,healthy,False,32.000000000003524,1.15671583089222e-09
healthy_lfp_ses-218,healthy,False,32.50000000000358,1.1114776232560121e-09
healthy_lfp_ses-218,healthy,False,33.00000000000364,1.6693937184009683e-09
healthy_lfp_ses-218,healthy,False,33.50000000000369,1.25127692124901e-09
healthy_lfp_ses-218,healthy,False,34.000000000003745,7.475748741894351e-10
healthy_lfp_ses-218,healthy,False,34.5000000000038,7.267596461498134e-10
healthy_lfp_ses-218,healthy,False,35.00000000000385,8.40293244439083e-10
healthy_lfp_ses-218,healthy,False,35.50000000000391,8.509397428464008e-10
healthy_lfp_ses-218,healthy,False,36.000000000003965,9.183255913949826e-10
healthy_lfp_ses-218,healthy,False,36.50000000000402,9.64298629448047e-10
healthy_lfp_ses-218,healthy,False,37.00000000000408,1.1037088760212688e-09
healthy_lfp_ses-218,healthy,False,37.50000000000413,1.0764804097132011e-09
healthy_lfp_ses-218,healthy,False,38.000000000004185,1.143648093639111e-09
healthy_lfp_ses-218,healthy,False,38.50000000000424,1.1884673517476557e-09
healthy_lfp_ses-218,healthy,False,39.00000000000429,1.232068124420862e-09
healthy_lfp_ses-218,healthy,False,39.50000000000435,1.0218274027248955e-09
healthy_lfp_ses-218,healthy,False,40.000000000004405,1.0886298852763435e-09
healthy_lfp_ses-218,healthy,False,40.50000000000446,9.175366408813986e-10
healthy_lfp_ses-218,healthy,False,41.00000000000452,8.143100703932633e-10
healthy_lfp_ses-218,healthy,False,41.50000000000457,6.721117933018772e-10
healthy_lfp_ses-218,healthy,False,42.000000000004626,7.568717247876566e-10
healthy_lfp_ses-218,healthy,False,42.50000000000468,5.631115874155097e-10
healthy_lfp_ses-218,healthy,False,43.00000000000473,5.122559262248158e-10
healthy_lfp_ses-218,healthy,False,43.50000000000479,7.73559468257625e-10
healthy_lfp_ses-218,healthy,False,44.000000000004846,8.390845147715033e-10
healthy_lfp_ses-218,healthy,False,44.5000000000049,7.221675344628286e-10
healthy_lfp_ses-218,healthy,False,45.00000000000496,6.942558700377094e-10
healthy_lfp_ses-218,healthy,False,45.50000000000501,5.169319062253866e-10
healthy_lfp_ses-218,healthy,False,46.000000000005066,6.665458348717661e-10
healthy_lfp_ses-218,healthy,False,46.50000000000512,9.602137377627042e-10
healthy_lfp_ses-218,healthy,False,47.00000000000517,9.802879112421336e-10
healthy_lfp_ses-218,healthy,False,47.50000000000523,7.651910212975721e-10
healthy_lfp_ses-218,healthy,False,48.000000000005286,6.57542621683799e-10
healthy_lfp_ses-218,healthy,False,48.50000000000534,5.291351411246711e-10
healthy_lfp_ses-218,healthy,False,49.0000000000054,7.524284205485553e-10
healthy_lfp_ses-218,healthy,False,49.50000000000545,7.662699671032116e-10
healthy_lfp_ses-218,healthy,False,50.00000000000551,7.933883160221719e-10
healthy_lfp_ses-218,healthy,False,50.50000000000556,7.04097845166258e-10
healthy_lfp_ses-218,healthy,False,51.00000000000561,6.659522277642169e-10
healthy_lfp_ses-218,healthy,False,51.50000000000567,9.146326116687541e-10
healthy_lfp_ses-218,healthy,False,52.00000000000573,1.083828915410317e-09
healthy_lfp_ses-218,healthy,False,52.500000000005784,9.142093508457235e-10
healthy_lfp_ses-218,healthy,False,53.00000000000584,1.243719094378117e-09
healthy_lfp_ses-218,healthy,False,53.50000000000589,1.1125648636154423e-09
healthy_lfp_ses-218,healthy,False,54.00000000000595,1.075121367258549e-09
healthy_lfp_ses-218,healthy,False,54.500000000006004,1.0112560652448128e-09
healthy_lfp_ses-218,healthy,False,55.000000000006054,7.302537181282659e-10
healthy_lfp_ses-218,healthy,False,55.50000000000611,8.43763911684346e-10
healthy_lfp_ses-218,healthy,False,56.00000000000617,9.588857972558334e-10
healthy_lfp_ses-218,healthy,False,56.500000000006224,1.0167402775819374e-09
healthy_lfp_ses-218,healthy,False,57.00000000000628,8.670841855046159e-10
healthy_lfp_ses-218,healthy,False,57.50000000000633,8.296072861505425e-10
healthy_lfp_ses-218,healthy,False,58.00000000000639,1.0127476403452479e-09
healthy_lfp_ses-218,healthy,False,58.500000000006445,9.705511719979975e-10
healthy_lfp_ses-218,healthy,False,59.000000000006494,5.90536263726865e-10
healthy_lfp_ses-218,healthy,False,59.50000000000655,5.835960607892494e-10
healthy_lfp_ses-218,healthy,False,60.00000000000661,7.92970864143506e-10
healthy_lfp_ses-218,healthy,False,60.500000000006665,7.883713859305465e-10
healthy_lfp_ses-218,healthy,False,61.00000000000672,5.790418458110172e-10
healthy_lfp_ses-218,healthy,False,61.50000000000677,7.676649505674472e-10
healthy_lfp_ses-218,healthy,False,62.00000000000683,1.065976957919593e-09
healthy_lfp_ses-218,healthy,False,62.500000000006885,8.320807124718366e-10
healthy_lfp_ses-218,healthy,False,63.000000000006935,6.330880141281485e-10
healthy_lfp_ses-218,healthy,False,63.50000000000699,6.225192785079761e-10
healthy_lfp_ses-218,healthy,False,64.00000000000705,6.206491804951503e-10
healthy_lfp_ses-218,healthy,False,64.5000000000071,5.461633474375012e-10
healthy_lfp_ses-218,healthy,False,65.00000000000716,7.656290422060751e-10
healthy_lfp_ses-218,healthy,False,65.50000000000722,7.290043210257722e-10
healthy_lfp_ses-218,healthy,False,66.00000000000728,5.364538970247136e-10
healthy_lfp_ses-218,healthy,False,66.50000000000732,5.854532679738301e-10
healthy_lfp_ses-218,healthy,False,67.00000000000738,4.574396227869197e-10
healthy_lfp_ses-218,healthy,False,67.50000000000743,3.892666133946197e-10
healthy_lfp_ses-218,healthy,False,68.00000000000749,5.724617411061737e-10
healthy_lfp_ses-218,healthy,False,68.50000000000755,6.032780148057949e-10
healthy_lfp_ses-218,healthy,False,69.0000000000076,5.239199822672864e-10
healthy_lfp_ses-218,healthy,False,69.50000000000766,6.136296878270555e-10
healthy_lfp_ses-218,healthy,False,70.0000000000077,5.994986308991717e-10
healthy_lfp_ses-218,healthy,False,70.50000000000776,5.172319850730148e-10
healthy_lfp_ses-218,healthy,False,71.00000000000782,5.655521582431523e-10
healthy_lfp_ses-218,healthy,False,71.50000000000787,6.114934402117693e-10
healthy_lfp_ses-218,healthy,False,72.00000000000793,5.23462795911959e-10
healthy_lfp_ses-218,healthy,False,72.50000000000799,6.450237228626128e-10
healthy_lfp_ses-218,healthy,False,73.00000000000804,5.881410993830123e-10
healthy_lfp_ses-218,healthy,False,73.5000000000081,6.774361986209819e-10
healthy_lfp_ses-218,healthy,False,74.00000000000816,6.657830955373656e-10
healthy_lfp_ses-218,healthy,False,74.5000000000082,5.895292020703316e-10
healthy_lfp_ses-218,healthy,False,75.00000000000826,4.362488580675668e-10
healthy_lfp_ses-218,healthy,False,75.50000000000831,4.338672619107292e-10
healthy_lfp_ses-218,healthy,False,76.00000000000837,7.166417762225156e-10
healthy_lfp_ses-218,healthy,False,76.50000000000843,6.365509516175787e-10
healthy_lfp_ses-218,healthy,False,77.00000000000848,6.504898832301483e-10
healthy_lfp_ses-218,healthy,False,77.50000000000854,7.27850352453662e-10
healthy_lfp_ses-218,healthy,False,78.00000000000858,5.78001878042533e-10
healthy_lfp_ses-218,healthy,False,78.50000000000864,4.6401387398655277e-10
healthy_lfp_ses-218,healthy,False,79.0000000000087,5.573555272987411e-10
healthy_lfp_ses-218,healthy,False,79.50000000000875,6.619975078333825e-10
healthy_lfp_ses-218,healthy,False,80.00000000000881,9.43675961007965e-10
healthy_lfp_ses-218,healthy,False,80.50000000000887,8.38789853558711e-10
healthy_lfp_ses-218,healthy,False,81.00000000000892,7.586986421557034e-10
healthy_lfp_ses-218,healthy,False,81.50000000000898,6.918696682629882e-10
healthy_lfp_ses-218,healthy,False,82.00000000000904,6.889514993258582e-10
healthy_lfp_ses-218,healthy,False,82.50000000000908,6.106098768540802e-10
healthy_lfp_ses-218,healthy,False,83.00000000000914,5.228380697576227e-10
healthy_lfp_ses-218,healthy,False,83.5000000000092,4.713481269678494e-10
healthy_lfp_ses-218,healthy,False,84.00000000000925,6.695952736614431e-10
healthy_lfp_ses-218,healthy,False,84.50000000000931,3.804325715817144e-10
healthy_lfp_ses-218,healthy,False,85.00000000000936,4.78748220703382e-10
healthy_lfp_ses-218,healthy,False,85.50000000000942,7.068303396541312e-10
healthy_lfp_ses-218,healthy,False,86.00000000000946,7.35672569960947e-10
healthy_lfp_ses-218,healthy,False,86.50000000000952,6.136457968783459e-10
healthy_lfp_ses-218,healthy,False,87.00000000000958,4.496252870196449e-10
healthy_lfp_ses-218,healthy,False,87.50000000000963,5.119983917563463e-10
healthy_lfp_ses-218,healthy,False,88.00000000000969,6.442998763401651e-10
healthy_lfp_ses-218,healthy,False,88.50000000000975,4.4003639471654974e-10
healthy_lfp_ses-218,healthy,False,89.0000000000098,4.3748631288376674e-10
healthy_lfp_ses-218,healthy,False,89.50000000000986,4.3193577600999136e-10
healthy_lfp_ses-218,healthy,False,90.00000000000992,3.6589394419628843e-10
healthy_lfp_ses-218,healthy,False,90.50000000000996,3.1853108231469593e-10
healthy_lfp_ses-218,healthy,False,91.00000000001002,3.2928929460871924e-10
healthy_lfp_ses-218,healthy,False,91.50000000001008,4.1940541891477974e-10
healthy_lfp_ses-218,healthy,False,92.00000000001013,4.803076296847106e-10
healthy_lfp_ses-218,healthy,False,92.50000000001019,3.013595131020268e-10
healthy_lfp_ses-218,healthy,False,93.00000000001025,2.8358240364712117e-10
healthy_lfp_ses-218,healthy,False,93.5000000000103,3.581113453768559e-10
healthy_lfp_ses-218,healthy,False,94.00000000001035,5.21779271863124e-10
healthy_lfp_ses-218,healthy,False,94.5000000000104,4.910547377842644e-10
healthy_lfp_ses-218,healthy,False,95.00000000001046,4.944553732505403e-10
healthy_lfp_ses-218,healthy,False,95.50000000001052,4.0959100291764933e-10
healthy_lfp_ses-218,healthy,False,96.00000000001057,3.819299951194303e-10
healthy_lfp_ses-218,healthy,False,96.50000000001063,4.527831730246666e-10
healthy_lfp_ses-218,healthy,False,97.00000000001069,3.68318946917147e-10
healthy_lfp_ses-218,healthy,False,97.50000000001074,3.5853984687659634e-10
healthy_lfp_ses-218,healthy,False,98.0000000000108,4.2643938914832336e-10
healthy_lfp_ses-218,healthy,False,98.50000000001084,4.253081344007076e-10
healthy_lfp_ses-218,healthy,False,99.0000000000109,4.658401368363819e-10
healthy_lfp_ses-218,healthy,False,99.50000000001096,4.855430067133618e-10
healthy_lfp_ses-279,healthy,False,0.0,5.103175092756761e-10
healthy_lfp_ses-279,healthy,False,0.5000000000000551,2.4444992259138255e-09
healthy_lfp_ses-279,healthy,False,1.0000000000001101,4.869713046556466e-09
healthy_lfp_ses-279,healthy,False,1.5000000000001652,1.2199176880884133e-08
healthy_lfp_ses-279,healthy,False,2.0000000000002203,1.1677486909586463e-08
healthy_lfp_ses-279,healthy,False,2.5000000000002753,5.056515905063864e-09
healthy_lfp_ses-279,healthy,False,3.0000000000003304,3.5971307343067735e-09
healthy_lfp_ses-279,healthy,False,3.5000000000003855,3.1426148346116783e-09
healthy_lfp_ses-279,healthy,False,4.0000000000004405,2.5118896935685624e-09
healthy_lfp_ses-279,healthy,False,4.500000000000496,2.934892959313911e-09
healthy_lfp_ses-279,healthy,False,5.000000000000551,3.839025824779365e-09
healthy_lfp_ses-279,healthy,False,5.500000000000606,5.734874705154558e-09
healthy_lfp_ses-279,healthy,False,6.000000000000661,4.601186860999989e-09
healthy_lfp_ses-279,healthy,False,6.500000000000716,3.6094600050009905e-09
healthy_lfp_ses-279,healthy,False,7.000000000000771,3.0927586429241204e-09
healthy_lfp_ses-279,healthy,False,7.500000000000826,2.655766384333564e-09
healthy_lfp_ses-279,healthy,False,8.000000000000881,2.6844206445622295e-09
healthy_lfp_ses-279,healthy,False,8.500000000000936,2.4843622936013793e-09
healthy_lfp_ses-279,healthy,False,9.000000000000991,2.3924200147338237e-09
healthy_lfp_ses-279,healthy,False,9.500000000001046,2.3007106049497965e-09
healthy_lfp_ses-279,healthy,False,10.000000000001101,2.818494955479792e-09
healthy_lfp_ses-279,healthy,False,10.500000000001156,2.5122565525519145e-09
healthy_lfp_ses-279,healthy,False,11.000000000001211,1.807245111493249e-09
healthy_lfp_ses-279,healthy,False,11.500000000001267,2.0709710745624867e-09
healthy_lfp_ses-279,healthy,False,12.000000000001322,2.1245121493310508e-09
healthy_lfp_ses-279,healthy,False,12.500000000001377,1.8547058778804539e-09
healthy_lfp_ses-279,healthy,False,13.000000000001432,1.8797068160002507e-09
healthy_lfp_ses-279,healthy,False,13.500000000001487,2.0618673335441686e-09
healthy_lfp_ses-279,healthy,False,14.000000000001542,3.254797437654118e-09
healthy_lfp_ses-279,healthy,False,14.500000000001597,2.9203127304315895e-09
healthy_lfp_ses-279,healthy,False,15.000000000001652,2.1364004445649915e-09
healthy_lfp_ses-279,healthy,False,15.500000000001707,1.7135183449992022e-09
healthy_lfp_ses-279,healthy,False,16.000000000001762,1.7391201414406888e-09
healthy_lfp_ses-279,healthy,False,16.50000000000182,2.026548438251394e-09
healthy_lfp_ses-279,healthy,False,17.000000000001872,2.0290715448161546e-09
healthy_lfp_ses-279,healthy,False,17.500000000001926,1.916710372580147e-09
healthy_lfp_ses-279,healthy,False,18.000000000001982,2.257295184763967e-09
healthy_lfp_ses-279,healthy,False,18.50000000000204,2.124234222254182e-09
healthy_lfp_ses-279,healthy,False,19.000000000002093,1.8776934761672534e-09
healthy_lfp_ses-279,healthy,False,19.500000000002146,1.994950958095429e-09
healthy_lfp_ses-279,healthy,False,20.000000000002203,1.4995265659967446e-09
healthy_lfp_ses-279,healthy,False,20.50000000000226,1.5036972904275815e-09
healthy_lfp_ses-279,healthy,False,21.000000000002313,1.0051022525394528e-09
healthy_lfp_ses-279,healthy,False,21.500000000002366,1.0810706965434183e-09
healthy_lfp_ses-279,healthy,False,22.000000000002423,1.5762239876771506e-09
healthy_lfp_ses-279,healthy,False,22.50000000000248,1.3633389207877929e-09
healthy_lfp_ses-279,healthy,False,23.000000000002533,1.2929813860375003e-09
healthy_lfp_ses-279,healthy,False,23.500000000002586,1.4159608951459468e-09
healthy_lfp_ses-279,healthy,False,24.000000000002643,1.389412706105642e-09
healthy_lfp_ses-279,healthy,False,24.5000000000027,1.3066175610344866e-09
healthy_lfp_ses-279,healthy,False,25.000000000002753,1.592369633900484e-09
healthy_lfp_ses-279,healthy,False,25.500000000002807,4.588038048652544e-09
healthy_lfp_ses-279,healthy,False,26.000000000002863,9.980737901902609e-09
healthy_lfp_ses-279,healthy,False,26.50000000000292,9.302254713600738e-09
healthy_lfp_ses-279,healthy,False,27.000000000002974,4.861916960000238e-09
healthy_lfp_ses-279,healthy,False,27.500000000003027,3.2281805610303018e-09
healthy_lfp_ses-279,healthy,False,28.000000000003084,4.32334560356637e-09
healthy_lfp_ses-279,healthy,False,28.50000000000314,3.06511341210881e-09
healthy_lfp_ses-279,healthy,False,29.000000000003194,2.0982202653804527e-09
healthy_lfp_ses-279,healthy,False,29.500000000003247,2.3888818557747033e-09
healthy_lfp_ses-279,healthy,False,30.000000000003304,2.4930400366168806e-09
healthy_lfp_ses-279,healthy,False,30.50000000000336,1.9710195704038755e-09
healthy_lfp_ses-279,healthy,False,31.000000000003414,2.000980132921012e-09
healthy_lfp_ses-279,healthy,False,31.500000000003467,1.8440733064927725e-09
healthy_lfp_ses-279,healthy,False,32.000000000003524,1.15671583089222e-09
healthy_lfp_ses-279,healthy,False,32.50000000000358,1.1114776232560121e-09
healthy_lfp_ses-279,healthy,False,33.00000000000364,1.6693937184009683e-09
healthy_lfp_ses-279,healthy,False,33.50000000000369,1.25127692124901e-09
healthy_lfp_ses-279,healthy,False,34.000000000003745,7.475748741894351e-10
healthy_lfp_ses-279,healthy,False,34.5000000000038,7.267596461498134e-10
healthy_lfp_ses-279,healthy,False,35.00000000000385,8.40293244439083e-10
healthy_lfp_ses-279,healthy,False,35.50000000000391,8.509397428464008e-10
healthy_lfp_ses-279,healthy,False,36.000000000003965,9.183255913949826e-10
healthy_lfp_ses-279,healthy,False,36.50000000000402,9.64298629448047e-10
healthy_lfp_ses-279,healthy,False,37.00000000000408,1.1037088760212688e-09
healthy_lfp_ses-279,healthy,False,37.50000000000413,1.0764804097132011e-09
healthy_lfp_ses-279,healthy,False,38.000000000004185,1.143648093639111e-09
healthy_lfp_ses-279,healthy,False,38.50000000000424,1.1884673517476557e-09
healthy_lfp_ses-279,healthy,False,39.00000000000429,1.232068124420862e-09
healthy_lfp_ses-279,healthy,False,39.50000000000435,1.0218274027248955e-09
healthy_lfp_ses-279,healthy,False,40.000000000004405,1.0886298852763435e-09
healthy_lfp_ses-279,healthy,False,40.50000000000446,9.175366408813986e-10
healthy_lfp_ses-279,healthy,False,41.00000000000452,8.143100703932633e-10
healthy_lfp_ses-279,healthy,False,41.50000000000457,6.721117933018772e-10
healthy_lfp_ses-279,healthy,False,42.000000000004626,7.568717247876566e-10
healthy_lfp_ses-279,healthy,False,42.50000000000468,5.631115874155097e-10
healthy_lfp_ses-279,healthy,False,43.00000000000473,5.122559262248158e-10
healthy_lfp_ses-279,healthy,False,43.50000000000479,7.73559468257625e-10
healthy_lfp_ses-279,healthy,False,44.000000000004846,8.390845147715033e-10
healthy_lfp_ses-279,healthy,False,44.5000000000049,7.221675344628286e-10
healthy_lfp_ses-279,healthy,False,45.00000000000496,6.942558700377094e-10
healthy_lfp_ses-279,healthy,False,45.50000000000501,5.169319062253866e-10
healthy_lfp_ses-279,healthy,False,46.000000000005066,6.665458348717661e-10
healthy_lfp_ses-279,healthy,False,46.50000000000512,9.602137377627042e-10
healthy_lfp_ses-279,healthy,False,47.00000000000517,9.802879112421336e-10
healthy_lfp_ses-279,healthy,False,47.50000000000523,7.651910212975721e-10
healthy_lfp_ses-279,healthy,False,48.000000000005286,6.57542621683799e-10
healthy_lfp_ses-279,healthy,False,48.50000000000534,5.291351411246711e-10
healthy_lfp_ses-279,healthy,False,49.0000000000054,7.524284205485553e-10
healthy_lfp_ses-279,healthy,False,49.50000000000545,7.662699671032116e-10
healthy_lfp_ses-279,healthy,False,50.00000000000551,7.933883160221719e-10
healthy_lfp_ses-279,healthy,False,50.50000000000556,7.04097845166258e-10
healthy_lfp_ses-279,healthy,False,51.00000000000561,6.659522277642169e-10
healthy_lfp_ses-279,healthy,False,51.50000000000567,9.146326116687541e-10
healthy_lfp_ses-279,healthy,False,52.00000000000573,1.083828915410317e-09
healthy_lfp_ses-279,healthy,False,52.500000000005784,9.142093508457235e-10
healthy_lfp_ses-279,healthy,False,53.00000000000584,1.243719094378117e-09
healthy_lfp_ses-279,healthy,False,53.50000000000589,1.1125648636154423e-09
healthy_lfp_ses-279,healthy,False,54.00000000000595,1.075121367258549e-09
healthy_lfp_ses-279,healthy,False,54.500000000006004,1.0112560652448128e-09
healthy_lfp_ses-279,healthy,False,55.000000000006054,7.302537181282659e-10
healthy_lfp_ses-279,healthy,False,55.50000000000611,8.43763911684346e-10
healthy_lfp_ses-279,healthy,False,56.00000000000617,9.588857972558334e-10
healthy_lfp_ses-279,healthy,False,56.500000000006224,1.0167402775819374e-09
healthy_lfp_ses-279,healthy,False,57.00000000000628,8.670841855046159e-10
healthy_lfp_ses-279,healthy,False,57.50000000000633,8.296072861505425e-10
healthy_lfp_ses-279,healthy,False,58.00000000000639,1.0127476403452479e-09
healthy_lfp_ses-279,healthy,False,58.500000000006445,9.705511719979975e-10
healthy_lfp_ses-279,healthy,False,59.000000000006494,5.90536263726865e-10
healthy_lfp_ses-279,healthy,False,59.50000000000655,5.835960607892494e-10
healthy_lfp_ses-279,healthy,False,60.00000000000661,7.92970864143506e-10
healthy_lfp_ses-279,healthy,False,60.500000000006665,7.883713859305465e-10
healthy_lfp_ses-279,healthy,False,61.00000000000672,5.790418458110172e-10
healthy_lfp_ses-279,healthy,False,61.50000000000677,7.676649505674472e-10
healthy_lfp_ses-279,healthy,False,62.00000000000683,1.065976957919593e-09
healthy_lfp_ses-279,healthy,False,62.500000000006885,8.320807124718366e-10
healthy_lfp_ses-279,healthy,False,63.000000000006935,6.330880141281485e-10
healthy_lfp_ses-279,healthy,False,63.50000000000699,6.225192785079761e-10
healthy_lfp_ses-279,healthy,False,64.00000000000705,6.206491804951503e-10
healthy_lfp_ses-279,healthy,False,64.5000000000071,5.461633474375012e-10
healthy_lfp_ses-279,healthy,False,65.00000000000716,7.656290422060751e-10
healthy_lfp_ses-279,healthy,False,65.50000000000722,7.290043210257722e-10
healthy_lfp_ses-279,healthy,False,66.00000000000728,5.364538970247136e-10
healthy_lfp_ses-279,healthy,False,66.50000000000732,5.854532679738301e-10
healthy_lfp_ses-279,healthy,False,67.00000000000738,4.574396227869197e-10
healthy_lfp_ses-279,healthy,False,67.50000000000743,3.892666133946197e-10
healthy_lfp_ses-279,healthy,False,68.00000000000749,5.724617411061737e-10
healthy_lfp_ses-279,healthy,False,68.50000000000755,6.032780148057949e-10
healthy_lfp_ses-279,healthy,False,69.0000000000076,5.239199822672864e-10
healthy_lfp_ses-279,healthy,False,69.50000000000766,6.136296878270555e-10
healthy_lfp_ses-279,healthy,False,70.0000000000077,5.994986308991717e-10
healthy_lfp_ses-279,healthy,False,70.50000000000776,5.172319850730148e-10
healthy_lfp_ses-279,healthy,False,71.00000000000782,5.655521582431523e-10
healthy_lfp_ses-279,healthy,False,71.50000000000787,6.114934402117693e-10
healthy_lfp_ses-279,healthy,False,72.00000000000793,5.23462795911959e-10
healthy_lfp_ses-279,healthy,False,72.50000000000799,6.450237228626128e-10
healthy_lfp_ses-279,healthy,False,73.00000000000804,5.881410993830123e-10
healthy_lfp_ses-279,healthy,False,73.5000000000081,6.774361986209819e-10
healthy_lfp_ses-279,healthy,False,74.00000000000816,6.657830955373656e-10
healthy_lfp_ses-279,healthy,False,74.5000000000082,5.895292020703316e-10
healthy_lfp_ses-279,healthy,False,75.00000000000826,4.362488580675668e-10
healthy_lfp_ses-279,healthy,False,75.50000000000831,4.338672619107292e-10
healthy_lfp_ses-279,healthy,False,76.00000000000837,7.166417762225156e-10
healthy_lfp_ses-279,healthy,False,76.50000000000843,6.365509516175787e-10
healthy_lfp_ses-279,healthy,False,77.00000000000848,6.504898832301483e-10
healthy_lfp_ses-279,healthy,False,77.50000000000854,7.27850352453662e-10
healthy_lfp_ses-279,healthy,False,78.00000000000858,5.78001878042533e-10
healthy_lfp_ses-279,healthy,False,78.50000000000864,4.6401387398655277e-10
healthy_lfp_ses-279,healthy,False,79.0000000000087,5.573555272987411e-10
healthy_lfp_ses-279,healthy,False,79.50000000000875,6.619975078333825e-10
healthy_lfp_ses-279,healthy,False,80.00000000000881,9.43675961007965e-10
healthy_lfp_ses-279,healthy,False,80.50000000000887,8.38789853558711e-10
healthy_lfp_ses-279,healthy,False,81.00000000000892,7.586986421557034e-10
healthy_lfp_ses-279,healthy,False,81.50000000000898,6.918696682629882e-10
healthy_lfp_ses-279,healthy,False,82.00000000000904,6.889514993258582e-10
healthy_lfp_ses-279,healthy,False,82.50000000000908,6.106098768540802e-10
healthy_lfp_ses-279,healthy,False,83.00000000000914,5.228380697576227e-10
healthy_lfp_ses-279,healthy,False,83.5000000000092,4.713481269678494e-10
healthy_lfp_ses-279,healthy,False,84.00000000000925,6.695952736614431e-10
healthy_lfp_ses-279,healthy,False,84.50000000000931,3.804325715817144e-10
healthy_lfp_ses-279,healthy,False,85.00000000000936,4.78748220703382e-10
healthy_lfp_ses-279,healthy,False,85.50000000000942,7.068303396541312e-10
healthy_lfp_ses-279,healthy,False,86.00000000000946,7.35672569960947e-10
healthy_lfp_ses-279,healthy,False,86.50000000000952,6.136457968783459e-10
healthy_lfp_ses-279,healthy,False,87.00000000000958,4.496252870196449e-10
healthy_lfp_ses-279,healthy,False,87.50000000000963,5.119983917563463e-10
healthy_lfp_ses-279,healthy,False,88.00000000000969,6.442998763401651e-10
healthy_lfp_ses-279,healthy,False,88.50000000000975,4.4003639471654974e-10
healthy_lfp_ses-279,healthy,False,89.0000000000098,4.3748631288376674e-10
healthy_lfp_ses-279,healthy,False,89.50000000000986,4.3193577600999136e-10
healthy_lfp_ses-279,healthy,False,90.00000000000992,3.6589394419628843e-10
healthy_lfp_ses-279,healthy,False,90.50000000000996,3.1853108231469593e-10
healthy_lfp_ses-279,healthy,False,91.00000000001002,3.2928929460871924e-10
healthy_lfp_ses-279,healthy,False,91.50000000001008,4.1940541891477974e-10
healthy_lfp_ses-279,healthy,False,92.00000000001013,4.803076296847106e-10
healthy_lfp_ses-279,healthy,False,92.50000000001019,3.013595131020268e-10
healthy_lfp_ses-279,healthy,False,93.00000000001025,2.8358240364712117e-10
healthy_lfp_ses-279,healthy,False,93.5000000000103,3.581113453768559e-10
healthy_lfp_ses-279,healthy,False,94.00000000001035,5.21779271863124e-10
healthy_lfp_ses-279,healthy,False,94.5000000000104,4.910547377842644e-10
healthy_lfp_ses-279,healthy,False,95.00000000001046,4.944553732505403e-10
healthy_lfp_ses-279,healthy,False,95.50000000001052,4.0959100291764933e-10
healthy_lfp_ses-279,healthy,False,96.00000000001057,3.819299951194303e-10
healthy_lfp_ses-279,healthy,False,96.50000000001063,4.527831730246666e-10
healthy_lfp_ses-279,healthy,False,97.00000000001069,3.68318946917147e-10
healthy_lfp_ses-279,healthy,False,97.50000000001074,3.5853984687659634e-10
healthy_lfp_ses-279,healthy,False,98.0000000000108,4.2643938914832336e-10
healthy_lfp_ses-279,healthy,False,98.50000000001084,4.253081344007076e-10
healthy_lfp_ses-279,healthy,False,99.0000000000109,4.658401368363819e-10
healthy_lfp_ses-279,healthy,False,99.50000000001096,4.855430067133618e-10
healthy_lfp_ses-345,healthy,False,0.0,5.103175092756761e-10
healthy_lfp_ses-345,healthy,False,0.5000000000000551,2.4444992259138255e-09
healthy_lfp_ses-345,healthy,False,1.0000000000001101,4.869713046556466e-09
healthy_lfp_ses-345,healthy,False,1.5000000000001652,1.2199176880884133e-08
healthy_lfp_ses-345,healthy,False,2.0000000000002203,1.1677486909586463e-08
healthy_lfp_ses-345,healthy,False,2.5000000000002753,5.056515905063864e-09
healthy_lfp_ses-345,healthy,False,3.0000000000003304,3.5971307343067735e-09
healthy_lfp_ses-345,healthy,False,3.5000000000003855,3.1426148346116783e-09
healthy_lfp_ses-345,healthy,False,4.0000000000004405,2.5118896935685624e-09
healthy_lfp_ses-345,healthy,False,4.500000000000496,2.934892959313911e-09
healthy_lfp_ses-345,healthy,False,5.000000000000551,3.839025824779365e-09
healthy_lfp_ses-345,healthy,False,5.500000000000606,5.734874705154558e-09
healthy_lfp_ses-345,healthy,False,6.000000000000661,4.601186860999989e-09
healthy_lfp_ses-345,healthy,False,6.500000000000716,3.6094600050009905e-09
healthy_lfp_ses-345,healthy,False,7.000000000000771,3.0927586429241204e-09
healthy_lfp_ses-345,healthy,False,7.500000000000826,2.655766384333564e-09
healthy_lfp_ses-345,healthy,False,8.000000000000881,2.6844206445622295e-09
healthy_lfp_ses-345,healthy,False,8.500000000000936,2.4843622936013793e-09
healthy_lfp_ses-345,healthy,False,9.000000000000991,2.3924200147338237e-09
healthy_lfp_ses-345,healthy,False,9.500000000001046,2.3007106049497965e-09
healthy_lfp_ses-345,healthy,False,10.000000000001101,2.818494955479792e-09
healthy_lfp_ses-345,healthy,False,10.500000000001156,2.5122565525519145e-09
healthy_lfp_ses-345,healthy,False,11.000000000001211,1.807245111493249e-09
healthy_lfp_ses-345,healthy,False,11.500000000001267,2.0709710745624867e-09
healthy_lfp_ses-345,healthy,False,12.000000000001322,2.1245121493310508e-09
healthy_lfp_ses-345,healthy,False,12.500000000001377,1.8547058778804539e-09
healthy_lfp_ses-345,healthy,False,13.000000000001432,1.8797068160002507e-09
healthy_lfp_ses-345,healthy,False,13.500000000001487,2.0618673335441686e-09
healthy_lfp_ses-345,healthy,False,14.000000000001542,3.254797437654118e-09
healthy_lfp_ses-345,healthy,False,14.500000000001597,2.9203127304315895e-09
healthy_lfp_ses-345,healthy,False,15.000000000001652,2.1364004445649915e-09
healthy_lfp_ses-345,healthy,False,15.500000000001707,1.7135183449992022e-09
healthy_lfp_ses-345,healthy,False,16.000000000001762,1.7391201414406888e-09
healthy_lfp_ses-345,healthy,False,16.50000000000182,2.026548438251394e-09
healthy_lfp_ses-345,healthy,False,17.000000000001872,2.0290715448161546e-09
healthy_lfp_ses-345,healthy,False,17.500000000001926,1.916710372580147e-09
healthy_lfp_ses-345,healthy,False,18.000000000001982,2.257295184763967e-09
healthy_lfp_ses-345,healthy,False,18.50000000000204,2.124234222254182e-09
healthy_lfp_ses-345,healthy,False,19.000000000002093,1.8776934761672534e-09
healthy_lfp_ses-345,healthy,False,19.500000000002146,1.994950958095429e-09
healthy_lfp_ses-345,healthy,False,20.000000000002203,1.4995265659967446e-09
healthy_lfp_ses-345,healthy,False,20.50000000000226,1.5036972904275815e-09
healthy_lfp_ses-345,healthy,False,21.000000000002313,1.0051022525394528e-09
healthy_lfp_ses-345,healthy,False,21.500000000002366,1.0810706965434183e-09
healthy_lfp_ses-345,healthy,False,22.000000000002423,1.5762239876771506e-09
healthy_lfp_ses-345,healthy,False,22.50000000000248,1.3633389207877929e-09
healthy_lfp_ses-345,healthy,False,23.000000000002533,1.2929813860375003e-09
healthy_lfp_ses-345,healthy,False,23.500000000002586,1.4159608951459468e-09
healthy_lfp_ses-345,healthy,False,24.000000000002643,1.389412706105642e-09
healthy_lfp_ses-345,healthy,False,24.5000000000027,1.3066175610344866e-09
healthy_lfp_ses-345,healthy,False,25.000000000002753,1.592369633900484e-09
healthy_lfp_ses-345,healthy,False,25.500000000002807,4.588038048652544e-09
healthy_lfp_ses-345,healthy,False,26.000000000002863,9.980737901902609e-09
healthy_lfp_ses-345,healthy,False,26.50000000000292,9.302254713600738e-09
healthy_lfp_ses-345,healthy,False,27.000000000002974,4.861916960000238e-09
healthy_lfp_ses-345,healthy,False,27.500000000003027,3.2281805610303018e-09
healthy_lfp_ses-345,healthy,False,28.000000000003084,4.32334560356637e-09
healthy_lfp_ses-345,healthy,False,28.50000000000314,3.06511341210881e-09
healthy_lfp_ses-345,healthy,False,29.000000000003194,2.0982202653804527e-09
healthy_lfp_ses-345,healthy,False,29.500000000003247,2.3888818557747033e-09
healthy_lfp_ses-345,healthy,False,30.000000000003304,2.4930400366168806e-09
healthy_lfp_ses-345,healthy,False,30.50000000000336,1.9710195704038755e-09
healthy_lfp_ses-345,healthy,False,31.000000000003414,2.000980132921012e-09
healthy_lfp_ses-345,healthy,False,31.500000000003467,1.8440733064927725e-09
healthy_lfp_ses-345,healthy,False,32.000000000003524,1.15671583089222e-09
healthy_lfp_ses-345,healthy,False,32.50000000000358,1.1114776232560121e-09
healthy_lfp_ses-345,healthy,False,33.00000000000364,1.6693937184009683e-09
healthy_lfp_ses-345,healthy,False,33.50000000000369,1.25127692124901e-09
healthy_lfp_ses-345,healthy,False,34.000000000003745,7.475748741894351e-10
healthy_lfp_ses-345,healthy,False,34.5000000000038,7.267596461498134e-10
healthy_lfp_ses-345,healthy,False,35.00000000000385,8.40293244439083e-10
healthy_lfp_ses-345,healthy,False,35.50000000000391,8.509397428464008e-10
healthy_lfp_ses-345,healthy,False,36.000000000003965,9.183255913949826e-10
healthy_lfp_ses-345,healthy,False,36.50000000000402,9.64298629448047e-10
healthy_lfp_ses-345,healthy,False,37.00000000000408,1.1037088760212688e-09
healthy_lfp_ses-345,healthy,False,37.50000000000413,1.0764804097132011e-09
healthy_lfp_ses-345,healthy,False,38.000000000004185,1.143648093639111e-09
healthy_lfp_ses-345,healthy,False,38.50000000000424,1.1884673517476557e-09
healthy_lfp_ses-345,healthy,False,39.00000000000429,1.232068124420862e-09
healthy_lfp_ses-345,healthy,False,39.50000000000435,1.0218274027248955e-09
healthy_lfp_ses-345,healthy,False,40.000000000004405,1.0886298852763435e-09
healthy_lfp_ses-345,healthy,False,40.50000000000446,9.175366408813986e-10
healthy_lfp_ses-345,healthy,False,41.00000000000452,8.143100703932633e-10
healthy_lfp_ses-345,healthy,False,41.50000000000457,6.721117933018772e-10
healthy_lfp_ses-345,healthy,False,42.000000000004626,7.568717247876566e-10
healthy_lfp_ses-345,healthy,False,42.50000000000468,5.631115874155097e-10
healthy_lfp_ses-345,healthy,False,43.00000000000473,5.122559262248158e-10
healthy_lfp_ses-345,healthy,False,43.50000000000479,7.73559468257625e-10
healthy_lfp_ses-345,healthy,False,44.000000000004846,8.390845147715033e-10
healthy_lfp_ses-345,healthy,False,44.5000000000049,7.221675344628286e-10
healthy_lfp_ses-345,healthy,False,45.00000000000496,6.942558700377094e-10
healthy_lfp_ses-345,healthy,False,45.50000000000501,5.169319062253866e-10
healthy_lfp_ses-345,healthy,False,46.000000000005066,6.665458348717661e-10
healthy_lfp_ses-345,healthy,False,46.50000000000512,9.602137377627042e-10
healthy_lfp_ses-345,healthy,False,47.00000000000517,9.802879112421336e-10
healthy_lfp_ses-345,healthy,False,47.50000000000523,7.651910212975721e-10
healthy_lfp_ses-345,healthy,False,48.000000000005286,6.57542621683799e-10
healthy_lfp_ses-345,healthy,False,48.50000000000534,5.291351411246711e-10
healthy_lfp_ses-345,healthy,False,49.0000000000054,7.524284205485553e-10
healthy_lfp_ses-345,healthy,False,49.50000000000545,7.662699671032116e-10
healthy_lfp_ses-345,healthy,False,50.00000000000551,7.933883160221719e-10
healthy_lfp_ses-345,healthy,False,50.50000000000556,7.04097845166258e-10
healthy_lfp_ses-345,healthy,False,51.00000000000561,6.659522277642169e-10
healthy_lfp_ses-345,healthy,False,51.50000000000567,9.146326116687541e-10
healthy_lfp_ses-345,healthy,False,52.00000000000573,1.083828915410317e-09
healthy_lfp_ses-345,healthy,False,52.500000000005784,9.142093508457235e-10
healthy_lfp_ses-345,healthy,False,53.00000000000584,1.243719094378117e-09
healthy_lfp_ses-345,healthy,False,53.50000000000589,1.1125648636154423e-09
healthy_lfp_ses-345,healthy,False,54.00000000000595,1.075121367258549e-09
healthy_lfp_ses-345,healthy,False,54.500000000006004,1.0112560652448128e-09
healthy_lfp_ses-345,healthy,False,55.000000000006054,7.302537181282659e-10
healthy_lfp_ses-345,healthy,False,55.50000000000611,8.43763911684346e-10
healthy_lfp_ses-345,healthy,False,56.00000000000617,9.588857972558334e-10
healthy_lfp_ses-345,healthy,False,56.500000000006224,1.0167402775819374e-09
healthy_lfp_ses-345,healthy,False,57.00000000000628,8.670841855046159e-10
healthy_lfp_ses-345,healthy,False,57.50000000000633,8.296072861505425e-10
healthy_lfp_ses-345,healthy,False,58.00000000000639,1.0127476403452479e-09
healthy_lfp_ses-345,healthy,False,58.500000000006445,9.705511719979975e-10
healthy_lfp_ses-345,healthy,False,59.000000000006494,5.90536263726865e-10
healthy_lfp_ses-345,healthy,False,59.50000000000655,5.835960607892494e-10
healthy_lfp_ses-345,healthy,False,60.00000000000661,7.92970864143506e-10
healthy_lfp_ses-345,healthy,False,60.500000000006665,7.883713859305465e-10
healthy_lfp_ses-345,healthy,False,61.00000000000672,5.790418458110172e-10
healthy_lfp_ses-345,healthy,False,61.50000000000677,7.676649505674472e-10
healthy_lfp_ses-345,healthy,False,62.00000000000683,1.065976957919593e-09
healthy_lfp_ses-345,healthy,False,62.500000000006885,8.320807124718366e-10
healthy_lfp_ses-345,healthy,False,63.000000000006935,6.330880141281485e-10
healthy_lfp_ses-345,healthy,False,63.50000000000699,6.225192785079761e-10
healthy_lfp_ses-345,healthy,False,64.00000000000705,6.206491804951503e-10
healthy_lfp_ses-345,healthy,False,64.5000000000071,5.461633474375012e-10
healthy_lfp_ses-345,healthy,False,65.00000000000716,7.656290422060751e-10
healthy_lfp_ses-345,healthy,False,65.50000000000722,7.290043210257722e-10
healthy_lfp_ses-345,healthy,False,66.00000000000728,5.364538970247136e-10
healthy_lfp_ses-345,healthy,False,66.50000000000732,5.854532679738301e-10
healthy_lfp_ses-345,healthy,False,67.00000000000738,4.574396227869197e-10
healthy_lfp_ses-345,healthy,False,67.50000000000743,3.892666133946197e-10
healthy_lfp_ses-345,healthy,False,68.00000000000749,5.724617411061737e-10
healthy_lfp_ses-345,healthy,False,68.50000000000755,6.032780148057949e-10
healthy_lfp_ses-345,healthy,False,69.0000000000076,5.239199822672864e-10
healthy_lfp_ses-345,healthy,False,69.50000000000766,6.136296878270555e-10
healthy_lfp_ses-345,healthy,False,70.0000000000077,5.994986308991717e-10
healthy_lfp_ses-345,healthy,False,70.50000000000776,5.172319850730148e-10
healthy_lfp_ses-345,healthy,False,71.00000000000782,5.655521582431523e-10
healthy_lfp_ses-345,healthy,False,71.50000000000787,6.114934402117693e-10
healthy_lfp_ses-345,healthy,False,72.00000000000793,5.23462795911959e-10
healthy_lfp_ses-345,healthy,False,72.50000000000799,6.450237228626128e-10
healthy_lfp_ses-345,healthy,False,73.00000000000804,5.881410993830123e-10
healthy_lfp_ses-345,healthy,False,73.5000000000081,6.774361986209819e-10
healthy_lfp_ses-345,healthy,False,74.00000000000816,6.657830955373656e-10
healthy_lfp_ses-345,healthy,False,74.5000000000082,5.895292020703316e-10
healthy_lfp_ses-345,healthy,False,75.00000000000826,4.362488580675668e-10
healthy_lfp_ses-345,healthy,False,75.50000000000831,4.338672619107292e-10
healthy_lfp_ses-345,healthy,False,76.00000000000837,7.166417762225156e-10
healthy_lfp_ses-345,healthy,False,76.50000000000843,6.365509516175787e-10
healthy_lfp_ses-345,healthy,False,77.00000000000848,6.504898832301483e-10
healthy_lfp_ses-345,healthy,False,77.50000000000854,7.27850352453662e-10
healthy_lfp_ses-345,healthy,False,78.00000000000858,5.78001878042533e-10
healthy_lfp_ses-345,healthy,False,78.50000000000864,4.6401387398655277e-10
healthy_lfp_ses-345,healthy,False,79.0000000000087,5.573555272987411e-10
healthy_lfp_ses-345,healthy,False,79.50000000000875,6.619975078333825e-10
healthy_lfp_ses-345,healthy,False,80.00000000000881,9.43675961007965e-10
healthy_lfp_ses-345,healthy,False,80.50000000000887,8.38789853558711e-10
healthy_lfp_ses-345,healthy,False,81.00000000000892,7.586986421557034e-10
healthy_lfp_ses-345,healthy,False,81.50000000000898,6.918696682629882e-10
healthy_lfp_ses-345,healthy,False,82.00000000000904,6.889514993258582e-10
healthy_lfp_ses-345,healthy,False,82.50000000000908,6.106098768540802e-10
healthy_lfp_ses-345,healthy,False,83.00000000000914,5.228380697576227e-10
healthy_lfp_ses-345,healthy,False,83.5000000000092,4.713481269678494e-10
healthy_lfp_ses-345,healthy,False,84.00000000000925,6.695952736614431e-10
healthy_lfp_ses-345,healthy,False,84.50000000000931,3.804325715817144e-10
healthy_lfp_ses-345,healthy,False,85.00000000000936,4.78748220703382e-10
healthy_lfp_ses-345,healthy,False,85.50000000000942,7.068303396541312e-10
healthy_lfp_ses-345,healthy,False,86.00000000000946,7.35672569960947e-10
healthy_lfp_ses-345,healthy,False,86.50000000000952,6.136457968783459e-10
healthy_lfp_ses-345,healthy,False,87.00000000000958,4.496252870196449e-10
healthy_lfp_ses-345,healthy,False,87.50000000000963,5.119983917563463e-10
healthy_lfp_ses-345,healthy,False,88.00000000000969,6.442998763401651e-10
healthy_lfp_ses-345,healthy,False,88.50000000000975,4.4003639471654974e-10
healthy_lfp_ses-345,healthy,False,89.0000000000098,4.3748631288376674e-10
healthy_lfp_ses-345,healthy,False,89.50000000000986,4.3193577600999136e-10
healthy_lfp_ses-345,healthy,False,90.00000000000992,3.6589394419628843e-10
healthy_lfp_ses-345,healthy,False,90.50000000000996,3.1853108231469593e-10
healthy_lfp_ses-345,healthy,False,91.00000000001002,3.2928929460871924e-10
healthy_lfp_ses-345,healthy,False,91.50000000001008,4.1940541891477974e-10
healthy_lfp_ses-345,healthy,False,92.00000000001013,4.803076296847106e-10
healthy_lfp_ses-345,healthy,False,92.50000000001019,3.013595131020268e-10
healthy_lfp_ses-345,healthy,False,93.00000000001025,2.8358240364712117e-10
healthy_lfp_ses-345,healthy,False,93.5000000000103,3.581113453768559e-10
healthy_lfp_ses-345,healthy,False,94.00000000001035,5.21779271863124e-10
healthy_lfp_ses-345,healthy,False,94.5000000000104,4.910547377842644e-10
healthy_lfp_ses-345,healthy,False,95.00000000001046,4.944553732505403e-10
healthy_lfp_ses-345,healthy,False,95.50000000001052,4.0959100291764933e-10
healthy_lfp_ses-345,healthy,False,96.00000000001057,3.819299951194303e-10
healthy_lfp_ses-345,healthy,False,96.50000000001063,4.527831730246666e-10
healthy_lfp_ses-345,healthy,False,97.00000000001069,3.68318946917147e-10
healthy_lfp_ses-345,healthy,False,97.50000000001074,3.5853984687659634e-10
healthy_lfp_ses-345,healthy,False,98.0000000000108,4.2643938914832336e-10
healthy_lfp_ses-345,healthy,False,98.50000000001084,4.253081344007076e-10
healthy_lfp_ses-345,healthy,False,99.0000000000109,4.658401368363819e-10
healthy_lfp_ses-345,healthy,False,99.50000000001096,4.855430067133618e-10
healthy_lfp_ses-423,healthy,False,0.0,5.103175092756761e-10
healthy_lfp_ses-423,healthy,False,0.5000000000000551,2.4444992259138255e-09
healthy_lfp_ses-423,healthy,False,1.0000000000001101,4.869713046556466e-09
healthy_lfp_ses-423,healthy,False,1.5000000000001652,1.2199176880884133e-08
healthy_lfp_ses-423,healthy,False,2.0000000000002203,1.1677486909586463e-08
healthy_lfp_ses-423,healthy,False,2.5000000000002753,5.056515905063864e-09
healthy_lfp_ses-423,healthy,False,3.0000000000003304,3.5971307343067735e-09
healthy_lfp_ses-423,healthy,False,3.5000000000003855,3.1426148346116783e-09
healthy_lfp_ses-423,healthy,False,4.0000000000004405,2.5118896935685624e-09
healthy_lfp_ses-423,healthy,False,4.500000000000496,2.934892959313911e-09
healthy_lfp_ses-423,healthy,False,5.000000000000551,3.839025824779365e-09
healthy_lfp_ses-423,healthy,False,5.500000000000606,5.734874705154558e-09
healthy_lfp_ses-423,healthy,False,6.000000000000661,4.601186860999989e-09
healthy_lfp_ses-423,healthy,False,6.500000000000716,3.6094600050009905e-09
healthy_lfp_ses-423,healthy,False,7.000000000000771,3.0927586429241204e-09
healthy_lfp_ses-423,healthy,False,7.500000000000826,2.655766384333564e-09
healthy_lfp_ses-423,healthy,False,8.000000000000881,2.6844206445622295e-09
healthy_lfp_ses-423,healthy,False,8.500000000000936,2.4843622936013793e-09
healthy_lfp_ses-423,healthy,False,9.000000000000991,2.3924200147338237e-09
healthy_lfp_ses-423,healthy,False,9.500000000001046,2.3007106049497965e-09
healthy_lfp_ses-423,healthy,False,10.000000000001101,2.818494955479792e-09
healthy_lfp_ses-423,healthy,False,10.500000000001156,2.5122565525519145e-09
healthy_lfp_ses-423,healthy,False,11.000000000001211,1.807245111493249e-09
healthy_lfp_ses-423,healthy,False,11.500000000001267,2.0709710745624867e-09
healthy_lfp_ses-423,healthy,False,12.000000000001322,2.1245121493310508e-09
healthy_lfp_ses-423,healthy,False,12.500000000001377,1.8547058778804539e-09
healthy_lfp_ses-423,healthy,False,13.000000000001432,1.8797068160002507e-09
healthy_lfp_ses-423,healthy,False,13.500000000001487,2.0618673335441686e-09
healthy_lfp_ses-423,healthy,False,14.000000000001542,3.254797437654118e-09
healthy_lfp_ses-423,healthy,False,14.500000000001597,2.9203127304315895e-09
healthy_lfp_ses-423,healthy,False,15.000000000001652,2.1364004445649915e-09
healthy_lfp_ses-423,healthy,False,15.500000000001707,1.7135183449992022e-09
healthy_lfp_ses-423,healthy,False,16.000000000001762,1.7391201414406888e-09
healthy_lfp_ses-423,healthy,False,16.50000000000182,2.026548438251394e-09
healthy_lfp_ses-423,healthy,False,17.000000000001872,2.0290715448161546e-09
healthy_lfp_ses-423,healthy,False,17.500000000001926,1.916710372580147e-09
healthy_lfp_ses-423,healthy,False,18.000000000001982,2.257295184763967e-09
healthy_lfp_ses-423,healthy,False,18.50000000000204,2.124234222254182e-09
healthy_lfp_ses-423,healthy,False,19.000000000002093,1.8776934761672534e-09
healthy_lfp_ses-423,healthy,False,19.500000000002146,1.994950958095429e-09
healthy_lfp_ses-423,healthy,False,20.000000000002203,1.4995265659967446e-09
healthy_lfp_ses-423,healthy,False,20.50000000000226,1.5036972904275815e-09
healthy_lfp_ses-423,healthy,False,21.000000000002313,1.0051022525394528e-09
healthy_lfp_ses-423,healthy,False,21.500000000002366,1.0810706965434183e-09
healthy_lfp_ses-423,healthy,False,22.000000000002423,1.5762239876771506e-09
healthy_lfp_ses-423,healthy,False,22.50000000000248,1.3633389207877929e-09
healthy_lfp_ses-423,healthy,False,23.000000000002533,1.2929813860375003e-09
healthy_lfp_ses-423,healthy,False,23.500000000002586,1.4159608951459468e-09
healthy_lfp_ses-423,healthy,False,24.000000000002643,1.389412706105642e-09
healthy_lfp_ses-423,healthy,False,24.5000000000027,1.3066175610344866e-09
healthy_lfp_ses-423,healthy,False,25.000000000002753,1.592369633900484e-09
healthy_lfp_ses-423,healthy,False,25.500000000002807,4.588038048652544e-09
healthy_lfp_ses-423,healthy,False,26.000000000002863,9.980737901902609e-09
healthy_lfp_ses-423,healthy,False,26.50000000000292,9.302254713600738e-09
healthy_lfp_ses-423,healthy,False,27.000000000002974,4.861916960000238e-09
healthy_lfp_ses-423,healthy,False,27.500000000003027,3.2281805610303018e-09
healthy_lfp_ses-423,healthy,False,28.000000000003084,4.32334560356637e-09
healthy_lfp_ses-423,healthy,False,28.50000000000314,3.06511341210881e-09
healthy_lfp_ses-423,healthy,False,29.000000000003194,2.0982202653804527e-09
healthy_lfp_ses-423,healthy,False,29.500000000003247,2.3888818557747033e-09
healthy_lfp_ses-423,healthy,False,30.000000000003304,2.4930400366168806e-09
healthy_lfp_ses-423,healthy,False,30.50000000000336,1.9710195704038755e-09
healthy_lfp_ses-423,healthy,False,31.000000000003414,2.000980132921012e-09
healthy_lfp_ses-423,healthy,False,31.500000000003467,1.8440733064927725e-09
healthy_lfp_ses-423,healthy,False,32.000000000003524,1.15671583089222e-09
healthy_lfp_ses-423,healthy,False,32.50000000000358,1.1114776232560121e-09
healthy_lfp_ses-423,healthy,False,33.00000000000364,1.6693937184009683e-09
healthy_lfp_ses-423,healthy,False,33.50000000000369,1.25127692124901e-09
healthy_lfp_ses-423,healthy,False,34.000000000003745,7.475748741894351e-10
healthy_lfp_ses-423,healthy,False,34.5000000000038,7.267596461498134e-10
healthy_lfp_ses-423,healthy,False,35.00000000000385,8.40293244439083e-10
healthy_lfp_ses-423,healthy,False,35.50000000000391,8.509397428464008e-10
healthy_lfp_ses-423,healthy,False,36.000000000003965,9.183255913949826e-10
healthy_lfp_ses-423,healthy,False,36.50000000000402,9.64298629448047e-10
healthy_lfp_ses-423,healthy,False,37.00000000000408,1.1037088760212688e-09
healthy_lfp_ses-423,healthy,False,37.50000000000413,1.0764804097132011e-09
healthy_lfp_ses-423,healthy,False,38.000000000004185,1.143648093639111e-09
healthy_lfp_ses-423,healthy,False,38.50000000000424,1.1884673517476557e-09
healthy_lfp_ses-423,healthy,False,39.00000000000429,1.232068124420862e-09
healthy_lfp_ses-423,healthy,False,39.50000000000435,1.0218274027248955e-09
healthy_lfp_ses-423,healthy,False,40.000000000004405,1.0886298852763435e-09
healthy_lfp_ses-423,healthy,False,40.50000000000446,9.175366408813986e-10
healthy_lfp_ses-423,healthy,False,41.00000000000452,8.143100703932633e-10
healthy_lfp_ses-423,healthy,False,41.50000000000457,6.721117933018772e-10
healthy_lfp_ses-423,healthy,False,42.000000000004626,7.568717247876566e-10
healthy_lfp_ses-423,healthy,False,42.50000000000468,5.631115874155097e-10
healthy_lfp_ses-423,healthy,False,43.00000000000473,5.122559262248158e-10
healthy_lfp_ses-423,healthy,False,43.50000000000479,7.73559468257625e-10
healthy_lfp_ses-423,healthy,False,44.000000000004846,8.390845147715033e-10
healthy_lfp_ses-423,healthy,False,44.5000000000049,7.221675344628286e-10
healthy_lfp_ses-423,healthy,False,45.00000000000496,6.942558700377094e-10
healthy_lfp_ses-423,healthy,False,45.50000000000501,5.169319062253866e-10
healthy_lfp_ses-423,healthy,False,46.000000000005066,6.665458348717661e-10
healthy_lfp_ses-423,healthy,False,46.50000000000512,9.602137377627042e-10
healthy_lfp_ses-423,healthy,False,47.00000000000517,9.802879112421336e-10
healthy_lfp_ses-423,healthy,False,47.50000000000523,7.651910212975721e-10
healthy_lfp_ses-423,healthy,False,48.000000000005286,6.57542621683799e-10
healthy_lfp_ses-423,healthy,False,48.50000000000534,5.291351411246711e-10
healthy_lfp_ses-423,healthy,False,49.0000000000054,7.524284205485553e-10
healthy_lfp_ses-423,healthy,False,49.50000000000545,7.662699671032116e-10
healthy_lfp_ses-423,healthy,False,50.00000000000551,7.933883160221719e-10
healthy_lfp_ses-423,healthy,False,50.50000000000556,7.04097845166258e-10
healthy_lfp_ses-423,healthy,False,51.00000000000561,6.659522277642169e-10
healthy_lfp_ses-423,healthy,False,51.50000000000567,9.146326116687541e-10
healthy_lfp_ses-423,healthy,False,52.00000000000573,1.083828915410317e-09
healthy_lfp_ses-423,healthy,False,52.500000000005784,9.142093508457235e-10
healthy_lfp_ses-423,healthy,False,53.00000000000584,1.243719094378117e-09
healthy_lfp_ses-423,healthy,False,53.50000000000589,1.1125648636154423e-09
healthy_lfp_ses-423,healthy,False,54.00000000000595,1.075121367258549e-09
healthy_lfp_ses-423,healthy,False,54.500000000006004,1.0112560652448128e-09
healthy_lfp_ses-423,healthy,False,55.000000000006054,7.302537181282659e-10
healthy_lfp_ses-423,healthy,False,55.50000000000611,8.43763911684346e-10
healthy_lfp_ses-423,healthy,False,56.00000000000617,9.588857972558334e-10
healthy_lfp_ses-423,healthy,False,56.500000000006224,1.0167402775819374e-09
healthy_lfp_ses-423,healthy,False,57.00000000000628,8.670841855046159e-10
healthy_lfp_ses-423,healthy,False,57.50000000000633,8.296072861505425e-10
healthy_lfp_ses-423,healthy,False,58.00000000000639,1.0127476403452479e-09
healthy_lfp_ses-423,healthy,False,58.500000000006445,9.705511719979975e-10
healthy_lfp_ses-423,healthy,False,59.000000000006494,5.90536263726865e-10
healthy_lfp_ses-423,healthy,False,59.50000000000655,5.835960607892494e-10
healthy_lfp_ses-423,healthy,False,60.00000000000661,7.92970864143506e-10
healthy_lfp_ses-423,healthy,False,60.500000000006665,7.883713859305465e-10
healthy_lfp_ses-423,healthy,False,61.00000000000672,5.790418458110172e-10
healthy_lfp_ses-423,healthy,False,61.50000000000677,7.676649505674472e-10
healthy_lfp_ses-423,healthy,False,62.00000000000683,1.065976957919593e-09
healthy_lfp_ses-423,healthy,False,62.500000000006885,8.320807124718366e-10
healthy_lfp_ses-423,healthy,False,63.000000000006935,6.330880141281485e-10
healthy_lfp_ses-423,healthy,False,63.50000000000699,6.225192785079761e-10
healthy_lfp_ses-423,healthy,False,64.00000000000705,6.206491804951503e-10
healthy_lfp_ses-423,healthy,False,64.5000000000071,5.461633474375012e-10
healthy_lfp_ses-423,healthy,False,65.00000000000716,7.656290422060751e-10
healthy_lfp_ses-423,healthy,False,65.50000000000722,7.290043210257722e-10
healthy_lfp_ses-423,healthy,False,66.00000000000728,5.364538970247136e-10
healthy_lfp_ses-423,healthy,False,66.50000000000732,5.854532679738301e-10
healthy_lfp_ses-423,healthy,False,67.00000000000738,4.574396227869197e-10
healthy_lfp_ses-423,healthy,False,67.50000000000743,3.892666133946197e-10
healthy_lfp_ses-423,healthy,False,68.00000000000749,5.724617411061737e-10
healthy_lfp_ses-423,healthy,False,68.50000000000755,6.032780148057949e-10
healthy_lfp_ses-423,healthy,False,69.0000000000076,5.239199822672864e-10
healthy_lfp_ses-423,healthy,False,69.50000000000766,6.136296878270555e-10
healthy_lfp_ses-423,healthy,False,70.0000000000077,5.994986308991717e-10
healthy_lfp_ses-423,healthy,False,70.50000000000776,5.172319850730148e-10
healthy_lfp_ses-423,healthy,False,71.00000000000782,5.655521582431523e-10
healthy_lfp_ses-423,healthy,False,71.50000000000787,6.114934402117693e-10
healthy_lfp_ses-423,healthy,False,72.00000000000793,5.23462795911959e-10
healthy_lfp_ses-423,healthy,False,72.50000000000799,6.450237228626128e-10
healthy_lfp_ses-423,healthy,False,73.00000000000804,5.881410993830123e-10
healthy_lfp_ses-423,healthy,False,73.5000000000081,6.774361986209819e-10
healthy_lfp_ses-423,healthy,False,74.00000000000816,6.657830955373656e-10
healthy_lfp_ses-423,healthy,False,74.5000000000082,5.895292020703316e-10
healthy_lfp_ses-423,healthy,False,75.00000000000826,4.362488580675668e-10
healthy_lfp_ses-423,healthy,False,75.50000000000831,4.338672619107292e-10
healthy_lfp_ses-423,healthy,False,76.00000000000837,7.166417762225156e-10
healthy_lfp_ses-423,healthy,False,76.50000000000843,6.365509516175787e-10
healthy_lfp_ses-423,healthy,False,77.00000000000848,6.504898832301483e-10
healthy_lfp_ses-423,healthy,False,77.50000000000854,7.27850352453662e-10
healthy_lfp_ses-423,healthy,False,78.00000000000858,5.78001878042533e-10
healthy_lfp_ses-423,healthy,False,78.50000000000864,4.6401387398655277e-10
healthy_lfp_ses-423,healthy,False,79.0000000000087,5.573555272987411e-10
healthy_lfp_ses-423,healthy,False,79.50000000000875,6.619975078333825e-10
healthy_lfp_ses-423,healthy,False,80.00000000000881,9.43675961007965e-10
healthy_lfp_ses-423,healthy,False,80.50000000000887,8.38789853558711e-10
healthy_lfp_ses-423,healthy,False,81.00000000000892,7.586986421557034e-10
healthy_lfp_ses-423,healthy,False,81.50000000000898,6.918696682629882e-10
healthy_lfp_ses-423,healthy,False,82.00000000000904,6.889514993258582e-10
healthy_lfp_ses-423,healthy,False,82.50000000000908,6.106098768540802e-10
healthy_lfp_ses-423,healthy,False,83.00000000000914,5.228380697576227e-10
healthy_lfp_ses-423,healthy,False,83.5000000000092,4.713481269678494e-10
healthy_lfp_ses-423,healthy,False,84.00000000000925,6.695952736614431e-10
healthy_lfp_ses-423,healthy,False,84.50000000000931,3.804325715817144e-10
healthy_lfp_ses-423,healthy,False,85.00000000000936,4.78748220703382e-10
healthy_lfp_ses-423,healthy,False,85.50000000000942,7.068303396541312e-10
healthy_lfp_ses-423,healthy,False,86.00000000000946,7.35672569960947e-10
healthy_lfp_ses-423,healthy,False,86.50000000000952,6.136457968783459e-10
healthy_lfp_ses-423,healthy,False,87.00000000000958,4.496252870196449e-10
healthy_lfp_ses-423,healthy,False,87.50000000000963,5.119983917563463e-10
healthy_lfp_ses-423,healthy,False,88.00000000000969,6.442998763401651e-10
healthy_lfp_ses-423,healthy,False,88.50000000000975,4.4003639471654974e-10
healthy_lfp_ses-423,healthy,False,89.0000000000098,4.3748631288376674e-10
healthy_lfp_ses-423,healthy,False,89.50000000000986,4.3193577600999136e-10
healthy_lfp_ses-423,healthy,False,90.00000000000992,3.6589394419628843e-10
healthy_lfp_ses-423,healthy,False,90.50000000000996,3.1853108231469593e-10
healthy_lfp_ses-423,healthy,False,91.00000000001002,3.2928929460871924e-10
healthy_lfp_ses-423,healthy,False,91.50000000001008,4.1940541891477974e-10
healthy_lfp_ses-423,healthy,False,92.00000000001013,4.803076296847106e-10
healthy_lfp_ses-423,healthy,False,92.50000000001019,3.013595131020268e-10
healthy_lfp_ses-423,healthy,False,93.00000000001025,2.8358240364712117e-10
healthy_lfp_ses-423,healthy,False,93.5000000000103,3.581113453768559e-10
healthy_lfp_ses-423,healthy,False,94.00000000001035,5.21779271863124e-10
healthy_lfp_ses-423,healthy,False,94.5000000000104,4.910547377842644e-10
healthy_lfp_ses-423,healthy,False,95.00000000001046,4.944553732505403e-10
healthy_lfp_ses-423,healthy,False,95.50000000001052,4.0959100291764933e-10
healthy_lfp_ses-423,healthy,False,96.00000000001057,3.819299951194303e-10
healthy_lfp_ses-423,healthy,False,96.50000000001063,4.527831730246666e-10
healthy_lfp_ses-423,healthy,False,97.00000000001069,3.68318946917147e-10
healthy_lfp_ses-423,healthy,False,97.50000000001074,3.5853984687659634e-10
healthy_lfp_ses-423,healthy,False,98.0000000000108,4.2643938914832336e-10
healthy_lfp_ses-423,healthy,False,98.50000000001084,4.253081344007076e-10
healthy_lfp_ses-423,healthy,False,99.0000000000109,4.658401368363819e-10
healthy_lfp_ses-423,healthy,False,99.50000000001096,4.855430067133618e-10
healthy_lfp_ses-452,healthy,False,0.0,5.103175092756761e-10
healthy_lfp_ses-452,healthy,False,0.5000000000000551,2.4444992259138255e-09
healthy_lfp_ses-452,healthy,False,1.0000000000001101,4.869713046556466e-09
healthy_lfp_ses-452,healthy,False,1.5000000000001652,1.2199176880884133e-08
healthy_lfp_ses-452,healthy,False,2.0000000000002203,1.1677486909586463e-08
healthy_lfp_ses-452,healthy,False,2.5000000000002753,5.056515905063864e-09
healthy_lfp_ses-452,healthy,False,3.0000000000003304,3.5971307343067735e-09
healthy_lfp_ses-452,healthy,False,3.5000000000003855,3.1426148346116783e-09
healthy_lfp_ses-452,healthy,False,4.0000000000004405,2.5118896935685624e-09
healthy_lfp_ses-452,healthy,False,4.500000000000496,2.934892959313911e-09
healthy_lfp_ses-452,healthy,False,5.000000000000551,3.839025824779365e-09
healthy_lfp_ses-452,healthy,False,5.500000000000606,5.734874705154558e-09
healthy_lfp_ses-452,healthy,False,6.000000000000661,4.601186860999989e-09
healthy_lfp_ses-452,healthy,False,6.500000000000716,3.6094600050009905e-09
healthy_lfp_ses-452,healthy,False,7.000000000000771,3.0927586429241204e-09
healthy_lfp_ses-452,healthy,False,7.500000000000826,2.655766384333564e-09
healthy_lfp_ses-452,healthy,False,8.000000000000881,2.6844206445622295e-09
healthy_lfp_ses-452,healthy,False,8.500000000000936,2.4843622936013793e-09
healthy_lfp_ses-452,healthy,False,9.000000000000991,2.3924200147338237e-09
healthy_lfp_ses-452,healthy,False,9.500000000001046,2.3007106049497965e-09
healthy_lfp_ses-452,healthy,False,10.000000000001101,2.818494955479792e-09
healthy_lfp_ses-452,healthy,False,10.500000000001156,2.5122565525519145e-09
healthy_lfp_ses-452,healthy,False,11.000000000001211,1.807245111493249e-09
healthy_lfp_ses-452,healthy,False,11.500000000001267,2.0709710745624867e-09
healthy_lfp_ses-452,healthy,False,12.000000000001322,2.1245121493310508e-09
healthy_lfp_ses-452,healthy,False,12.500000000001377,1.8547058778804539e-09
healthy_lfp_ses-452,healthy,False,13.000000000001432,1.8797068160002507e-09
healthy_lfp_ses-452,healthy,False,13.500000000001487,2.0618673335441686e-09
healthy_lfp_ses-452,healthy,False,14.000000000001542,3.254797437654118e-09
healthy_lfp_ses-452,healthy,False,14.500000000001597,2.9203127304315895e-09
healthy_lfp_ses-452,healthy,False,15.000000000001652,2.1364004445649915e-09
healthy_lfp_ses-452,healthy,False,15.500000000001707,1.7135183449992022e-09
healthy_lfp_ses-452,healthy,False,16.000000000001762,1.7391201414406888e-09
healthy_lfp_ses-452,healthy,False,16.50000000000182,2.026548438251394e-09
healthy_lfp_ses-452,healthy,False,17.000000000001872,2.0290715448161546e-09
healthy_lfp_ses-452,healthy,False,17.500000000001926,1.916710372580147e-09
healthy_lfp_ses-452,healthy,False,18.000000000001982,2.257295184763967e-09
healthy_lfp_ses-452,healthy,False,18.50000000000204,2.124234222254182e-09
healthy_lfp_ses-452,healthy,False,19.000000000002093,1.8776934761672534e-09
healthy_lfp_ses-452,healthy,False,19.500000000002146,1.994950958095429e-09
healthy_lfp_ses-452,healthy,False,20.000000000002203,1.4995265659967446e-09
healthy_lfp_ses-452,healthy,False,20.50000000000226,1.5036972904275815e-09
healthy_lfp_ses-452,healthy,False,21.000000000002313,1.0051022525394528e-09
healthy_lfp_ses-452,healthy,False,21.500000000002366,1.0810706965434183e-09
healthy_lfp_ses-452,healthy,False,22.000000000002423,1.5762239876771506e-09
healthy_lfp_ses-452,healthy,False,22.50000000000248,1.3633389207877929e-09
healthy_lfp_ses-452,healthy,False,23.000000000002533,1.2929813860375003e-09
healthy_lfp_ses-452,healthy,False,23.500000000002586,1.4159608951459468e-09
healthy_lfp_ses-452,healthy,False,24.000000000002643,1.389412706105642e-09
healthy_lfp_ses-452,healthy,False,24.5000000000027,1.3066175610344866e-09
healthy_lfp_ses-452,healthy,False,25.000000000002753,1.592369633900484e-09
healthy_lfp_ses-452,healthy,False,25.500000000002807,4.588038048652544e-09
healthy_lfp_ses-452,healthy,False,26.000000000002863,9.980737901902609e-09
healthy_lfp_ses-452,healthy,False,26.50000000000292,9.302254713600738e-09
healthy_lfp_ses-452,healthy,False,27.000000000002974,4.861916960000238e-09
healthy_lfp_ses-452,healthy,False,27.500000000003027,3.2281805610303018e-09
healthy_lfp_ses-452,healthy,False,28.000000000003084,4.32334560356637e-09
healthy_lfp_ses-452,healthy,False,28.50000000000314,3.06511341210881e-09
healthy_lfp_ses-452,healthy,False,29.000000000003194,2.0982202653804527e-09
healthy_lfp_ses-452,healthy,False,29.500000000003247,2.3888818557747033e-09
healthy_lfp_ses-452,healthy,False,30.000000000003304,2.4930400366168806e-09
healthy_lfp_ses-452,healthy,False,30.50000000000336,1.9710195704038755e-09
healthy_lfp_ses-452,healthy,False,31.000000000003414,2.000980132921012e-09
healthy_lfp_ses-452,healthy,False,31.500000000003467,1.8440733064927725e-09
healthy_lfp_ses-452,healthy,False,32.000000000003524,1.15671583089222e-09
healthy_lfp_ses-452,healthy,False,32.50000000000358,1.1114776232560121e-09
healthy_lfp_ses-452,healthy,False,33.00000000000364,1.6693937184009683e-09
healthy_lfp_ses-452,healthy,False,33.50000000000369,1.25127692124901e-09
healthy_lfp_ses-452,healthy,False,34.000000000003745,7.475748741894351e-10
healthy_lfp_ses-452,healthy,False,34.5000000000038,7.267596461498134e-10
healthy_lfp_ses-452,healthy,False,35.00000000000385,8.40293244439083e-10
healthy_lfp_ses-452,healthy,False,35.50000000000391,8.509397428464008e-10
healthy_lfp_ses-452,healthy,False,36.000000000003965,9.183255913949826e-10
healthy_lfp_ses-452,healthy,False,36.50000000000402,9.64298629448047e-10
healthy_lfp_ses-452,healthy,False,37.00000000000408,1.1037088760212688e-09
healthy_lfp_ses-452,healthy,False,37.50000000000413,1.0764804097132011e-09
healthy_lfp_ses-452,healthy,False,38.000000000004185,1.143648093639111e-09
healthy_lfp_ses-452,healthy,False,38.50000000000424,1.1884673517476557e-09
healthy_lfp_ses-452,healthy,False,39.00000000000429,1.232068124420862e-09
healthy_lfp_ses-452,healthy,False,39.50000000000435,1.0218274027248955e-09
healthy_lfp_ses-452,healthy,False,40.000000000004405,1.0886298852763435e-09
healthy_lfp_ses-452,healthy,False,40.50000000000446,9.175366408813986e-10
healthy_lfp_ses-452,healthy,False,41.00000000000452,8.143100703932633e-10
healthy_lfp_ses-452,healthy,False,41.50000000000457,6.721117933018772e-10
healthy_lfp_ses-452,healthy,False,42.000000000004626,7.568717247876566e-10
healthy_lfp_ses-452,healthy,False,42.50000000000468,5.631115874155097e-10
healthy_lfp_ses-452,healthy,False,43.00000000000473,5.122559262248158e-10
healthy_lfp_ses-452,healthy,False,43.50000000000479,7.73559468257625e-10
healthy_lfp_ses-452,healthy,False,44.000000000004846,8.390845147715033e-10
healthy_lfp_ses-452,healthy,False,44.5000000000049,7.221675344628286e-10
healthy_lfp_ses-452,healthy,False,45.00000000000496,6.942558700377094e-10
healthy_lfp_ses-452,healthy,False,45.50000000000501,5.169319062253866e-10
healthy_lfp_ses-452,healthy,False,46.000000000005066,6.665458348717661e-10
healthy_lfp_ses-452,healthy,False,46.50000000000512,9.602137377627042e-10
healthy_lfp_ses-452,healthy,False,47.00000000000517,9.802879112421336e-10
healthy_lfp_ses-452,healthy,False,47.50000000000523,7.651910212975721e-10
healthy_lfp_ses-452,healthy,False,48.000000000005286,6.57542621683799e-10
healthy_lfp_ses-452,healthy,False,48.50000000000534,5.291351411246711e-10
healthy_lfp_ses-452,healthy,False,49.0000000000054,7.524284205485553e-10
healthy_lfp_ses-452,healthy,False,49.50000000000545,7.662699671032116e-10
healthy_lfp_ses-452,healthy,False,50.00000000000551,7.933883160221719e-10
healthy_lfp_ses-452,healthy,False,50.50000000000556,7.04097845166258e-10
healthy_lfp_ses-452,healthy,False,51.00000000000561,6.659522277642169e-10
healthy_lfp_ses-452,healthy,False,51.50000000000567,9.146326116687541e-10
healthy_lfp_ses-452,healthy,False,52.00000000000573,1.083828915410317e-09
healthy_lfp_ses-452,healthy,False,52.500000000005784,9.142093508457235e-10
healthy_lfp_ses-452,healthy,False,53.00000000000584,1.243719094378117e-09
healthy_lfp_ses-452,healthy,False,53.50000000000589,1.1125648636154423e-09
healthy_lfp_ses-452,healthy,False,54.00000000000595,1.075121367258549e-09
healthy_lfp_ses-452,healthy,False,54.500000000006004,1.0112560652448128e-09
healthy_lfp_ses-452,healthy,False,55.000000000006054,7.302537181282659e-10
healthy_lfp_ses-452,healthy,False,55.50000000000611,8.43763911684346e-10
healthy_lfp_ses-452,healthy,False,56.00000000000617,9.588857972558334e-10
healthy_lfp_ses-452,healthy,False,56.500000000006224,1.0167402775819374e-09
healthy_lfp_ses-452,healthy,False,57.00000000000628,8.670841855046159e-10
healthy_lfp_ses-452,healthy,False,57.50000000000633,8.296072861505425e-10
healthy_lfp_ses-452,healthy,False,58.00000000000639,1.0127476403452479e-09
healthy_lfp_ses-452,healthy,False,58.500000000006445,9.705511719979975e-10
healthy_lfp_ses-452,healthy,False,59.000000000006494,5.90536263726865e-10
healthy_lfp_ses-452,healthy,False,59.50000000000655,5.835960607892494e-10
healthy_lfp_ses-452,healthy,False,60.00000000000661,7.92970864143506e-10
healthy_lfp_ses-452,healthy,False,60.500000000006665,7.883713859305465e-10
healthy_lfp_ses-452,healthy,False,61.00000000000672,5.790418458110172e-10
healthy_lfp_ses-452,healthy,False,61.50000000000677,7.676649505674472e-10
healthy_lfp_ses-452,healthy,False,62.00000000000683,1.065976957919593e-09
healthy_lfp_ses-452,healthy,False,62.500000000006885,8.320807124718366e-10
healthy_lfp_ses-452,healthy,False,63.000000000006935,6.330880141281485e-10
healthy_lfp_ses-452,healthy,False,63.50000000000699,6.225192785079761e-10
healthy_lfp_ses-452,healthy,False,64.00000000000705,6.206491804951503e-10
healthy_lfp_ses-452,healthy,False,64.5000000000071,5.461633474375012e-10
healthy_lfp_ses-452,healthy,False,65.00000000000716,7.656290422060751e-10
healthy_lfp_ses-452,healthy,False,65.50000000000722,7.290043210257722e-10
healthy_lfp_ses-452,healthy,False,66.00000000000728,5.364538970247136e-10
healthy_lfp_ses-452,healthy,False,66.50000000000732,5.854532679738301e-10
healthy_lfp_ses-452,healthy,False,67.00000000000738,4.574396227869197e-10
healthy_lfp_ses-452,healthy,False,67.50000000000743,3.892666133946197e-10
healthy_lfp_ses-452,healthy,False,68.00000000000749,5.724617411061737e-10
healthy_lfp_ses-452,healthy,False,68.50000000000755,6.032780148057949e-10
healthy_lfp_ses-452,healthy,False,69.0000000000076,5.239199822672864e-10
healthy_lfp_ses-452,healthy,False,69.50000000000766,6.136296878270555e-10
healthy_lfp_ses-452,healthy,False,70.0000000000077,5.994986308991717e-10
healthy_lfp_ses-452,healthy,False,70.50000000000776,5.172319850730148e-10
healthy_lfp_ses-452,healthy,False,71.00000000000782,5.655521582431523e-10
healthy_lfp_ses-452,healthy,False,71.50000000000787,6.114934402117693e-10
healthy_lfp_ses-452,healthy,False,72.00000000000793,5.23462795911959e-10
healthy_lfp_ses-452,healthy,False,72.50000000000799,6.450237228626128e-10
healthy_lfp_ses-452,healthy,False,73.00000000000804,5.881410993830123e-10
healthy_lfp_ses-452,healthy,False,73.5000000000081,6.774361986209819e-10
healthy_lfp_ses-452,healthy,False,74.00000000000816,6.657830955373656e-10
healthy_lfp_ses-452,healthy,False,74.5000000000082,5.895292020703316e-10
healthy_lfp_ses-452,healthy,False,75.00000000000826,4.362488580675668e-10
healthy_lfp_ses-452,healthy,False,75.50000000000831,4.338672619107292e-10
healthy_lfp_ses-452,healthy,False,76.00000000000837,7.166417762225156e-10
healthy_lfp_ses-452,healthy,False,76.50000000000843,6.365509516175787e-10
healthy_lfp_ses-452,healthy,False,77.00000000000848,6.504898832301483e-10
healthy_lfp_ses-452,healthy,False,77.50000000000854,7.27850352453662e-10
healthy_lfp_ses-452,healthy,False,78.00000000000858,5.78001878042533e-10
healthy_lfp_ses-452,healthy,False,78.50000000000864,4.6401387398655277e-10
healthy_lfp_ses-452,healthy,False,79.0000000000087,5.573555272987411e-10
healthy_lfp_ses-452,healthy,False,79.50000000000875,6.619975078333825e-10
healthy_lfp_ses-452,healthy,False,80.00000000000881,9.43675961007965e-10
healthy_lfp_ses-452,healthy,False,80.50000000000887,8.38789853558711e-10
healthy_lfp_ses-452,healthy,False,81.00000000000892,7.586986421557034e-10
healthy_lfp_ses-452,healthy,False,81.50000000000898,6.918696682629882e-10
healthy_lfp_ses-452,healthy,False,82.00000000000904,6.889514993258582e-10
healthy_lfp_ses-452,healthy,False,82.50000000000908,6.106098768540802e-10
healthy_lfp_ses-452,healthy,False,83.00000000000914,5.228380697576227e-10
healthy_lfp_ses-452,healthy,False,83.5000000000092,4.713481269678494e-10
healthy_lfp_ses-452,healthy,False,84.00000000000925,6.695952736614431e-10
healthy_lfp_ses-452,healthy,False,84.50000000000931,3.804325715817144e-10
healthy_lfp_ses-452,healthy,False,85.00000000000936,4.78748220703382e-10
healthy_lfp_ses-452,healthy,False,85.50000000000942,7.068303396541312e-10
healthy_lfp_ses-452,healthy,False,86.00000000000946,7.35672569960947e-10
healthy_lfp_ses-452,healthy,False,86.50000000000952,6.136457968783459e-10
healthy_lfp_ses-452,healthy,False,87.00000000000958,4.496252870196449e-10
healthy_lfp_ses-452,healthy,False,87.50000000000963,5.119983917563463e-10
healthy_lfp_ses-452,healthy,False,88.00000000000969,6.442998763401651e-10
healthy_lfp_ses-452,healthy,False,88.50000000000975,4.4003639471654974e-10
healthy_lfp_ses-452,healthy,False,89.0000000000098,4.3748631288376674e-10
healthy_lfp_ses-452,healthy,False,89.50000000000986,4.3193577600999136e-10
healthy_lfp_ses-452,healthy,False,90.00000000000992,3.6589394419628843e-10
healthy_lfp_ses-452,healthy,False,90.50000000000996,3.1853108231469593e-10
healthy_lfp_ses-452,healthy,False,91.00000000001002,3.2928929460871924e-10
healthy_lfp_ses-452,healthy,False,91.50000000001008,4.1940541891477974e-10
healthy_lfp_ses-452,healthy,False,92.00000000001013,4.803076296847106e-10
healthy_lfp_ses-452,healthy,False,92.50000000001019,3.013595131020268e-10
healthy_lfp_ses-452,healthy,False,93.00000000001025,2.8358240364712117e-10
healthy_lfp_ses-452,healthy,False,93.5000000000103,3.581113453768559e-10
healthy_lfp_ses-452,healthy,False,94.00000000001035,5.21779271863124e-10
healthy_lfp_ses-452,healthy,False,94.5000000000104,4.910547377842644e-10
healthy_lfp_ses-452,healthy,False,95.00000000001046,4.944553732505403e-10
healthy_lfp_ses-452,healthy,False,95.50000000001052,4.0959100291764933e-10
healthy_lfp_ses-452,healthy,False,96.00000000001057,3.819299951194303e-10
healthy_lfp_ses-452,healthy,False,96.50000000001063,4.527831730246666e-10
healthy_lfp_ses-452,healthy,False,97.00000000001069,3.68318946917147e-10
healthy_lfp_ses-452,healthy,False,97.50000000001074,3.5853984687659634e-10
healthy_lfp_ses-452,healthy,False,98.0000000000108,4.2643938914832336e-10
healthy_lfp_ses-452,healthy,False,98.50000000001084,4.253081344007076e-10
healthy_lfp_ses-452,healthy,False,99.0000000000109,4.658401368363819e-10
healthy_lfp_ses-452,healthy,False,99.50000000001096,4.855430067133618e-10
healthy_lfp_ses-516,healthy,False,0.0,5.103175092756761e-10
healthy_lfp_ses-516,healthy,False,0.5000000000000551,2.4444992259138255e-09
healthy_lfp_ses-516,healthy,False,1.0000000000001101,4.869713046556466e-09
healthy_lfp_ses-516,healthy,False,1.5000000000001652,1.2199176880884133e-08
healthy_lfp_ses-516,healthy,False,2.0000000000002203,1.1677486909586463e-08
healthy_lfp_ses-516,healthy,False,2.5000000000002753,5.056515905063864e-09
healthy_lfp_ses-516,healthy,False,3.0000000000003304,3.5971307343067735e-09
healthy_lfp_ses-516,healthy,False,3.5000000000003855,3.1426148346116783e-09
healthy_lfp_ses-516,healthy,False,4.0000000000004405,2.5118896935685624e-09
healthy_lfp_ses-516,healthy,False,4.500000000000496,2.934892959313911e-09
healthy_lfp_ses-516,healthy,False,5.000000000000551,3.839025824779365e-09
healthy_lfp_ses-516,healthy,False,5.500000000000606,5.734874705154558e-09
healthy_lfp_ses-516,healthy,False,6.000000000000661,4.601186860999989e-09
healthy_lfp_ses-516,healthy,False,6.500000000000716,3.6094600050009905e-09
healthy_lfp_ses-516,healthy,False,7.000000000000771,3.0927586429241204e-09
healthy_lfp_ses-516,healthy,False,7.500000000000826,2.655766384333564e-09
healthy_lfp_ses-516,healthy,False,8.000000000000881,2.6844206445622295e-09
healthy_lfp_ses-516,healthy,False,8.500000000000936,2.4843622936013793e-09
healthy_lfp_ses-516,healthy,False,9.000000000000991,2.3924200147338237e-09
healthy_lfp_ses-516,healthy,False,9.500000000001046,2.3007106049497965e-09
healthy_lfp_ses-516,healthy,False,10.000000000001101,2.818494955479792e-09
healthy_lfp_ses-516,healthy,False,10.500000000001156,2.5122565525519145e-09
healthy_lfp_ses-516,healthy,False,11.000000000001211,1.807245111493249e-09
healthy_lfp_ses-516,healthy,False,11.500000000001267,2.0709710745624867e-09
healthy_lfp_ses-516,healthy,False,12.000000000001322,2.1245121493310508e-09
healthy_lfp_ses-516,healthy,False,12.500000000001377,1.8547058778804539e-09
healthy_lfp_ses-516,healthy,False,13.000000000001432,1.8797068160002507e-09
healthy_lfp_ses-516,healthy,False,13.500000000001487,2.0618673335441686e-09
healthy_lfp_ses-516,healthy,False,14.000000000001542,3.254797437654118e-09
healthy_lfp_ses-516,healthy,False,14.500000000001597,2.9203127304315895e-09
healthy_lfp_ses-516,healthy,False,15.000000000001652,2.1364004445649915e-09
healthy_lfp_ses-516,healthy,False,15.500000000001707,1.7135183449992022e-09
healthy_lfp_ses-516,healthy,False,16.000000000001762,1.7391201414406888e-09
healthy_lfp_ses-516,healthy,False,16.50000000000182,2.026548438251394e-09
healthy_lfp_ses-516,healthy,False,17.000000000001872,2.0290715448161546e-09
healthy_lfp_ses-516,healthy,False,17.500000000001926,1.916710372580147e-09
healthy_lfp_ses-516,healthy,False,18.000000000001982,2.257295184763967e-09
healthy_lfp_ses-516,healthy,False,18.50000000000204,2.124234222254182e-09
healthy_lfp_ses-516,healthy,False,19.000000000002093,1.8776934761672534e-09
healthy_lfp_ses-516,healthy,False,19.500000000002146,1.994950958095429e-09
healthy_lfp_ses-516,healthy,False,20.000000000002203,1.4995265659967446e-09
healthy_lfp_ses-516,healthy,False,20.50000000000226,1.5036972904275815e-09
healthy_lfp_ses-516,healthy,False,21.000000000002313,1.0051022525394528e-09
healthy_lfp_ses-516,healthy,False,21.500000000002366,1.0810706965434183e-09
healthy_lfp_ses-516,healthy,False,22.000000000002423,1.5762239876771506e-09
healthy_lfp_ses-516,healthy,False,22.50000000000248,1.3633389207877929e-09
healthy_lfp_ses-516,healthy,False,23.000000000002533,1.2929813860375003e-09
healthy_lfp_ses-516,healthy,False,23.500000000002586,1.4159608951459468e-09
healthy_lfp_ses-516,healthy,False,24.000000000002643,1.389412706105642e-09
healthy_lfp_ses-516,healthy,False,24.5000000000027,1.3066175610344866e-09
healthy_lfp_ses-516,healthy,False,25.000000000002753,1.592369633900484e-09
healthy_lfp_ses-516,healthy,False,25.500000000002807,4.588038048652544e-09
healthy_lfp_ses-516,healthy,False,26.000000000002863,9.980737901902609e-09
healthy_lfp_ses-516,healthy,False,26.50000000000292,9.302254713600738e-09
healthy_lfp_ses-516,healthy,False,27.000000000002974,4.861916960000238e-09
healthy_lfp_ses-516,healthy,False,27.500000000003027,3.2281805610303018e-09
healthy_lfp_ses-516,healthy,False,28.000000000003084,4.32334560356637e-09
healthy_lfp_ses-516,healthy,False,28.50000000000314,3.06511341210881e-09
healthy_lfp_ses-516,healthy,False,29.000000000003194,2.0982202653804527e-09
healthy_lfp_ses-516,healthy,False,29.500000000003247,2.3888818557747033e-09
healthy_lfp_ses-516,healthy,False,30.000000000003304,2.4930400366168806e-09
healthy_lfp_ses-516,healthy,False,30.50000000000336,1.9710195704038755e-09
healthy_lfp_ses-516,healthy,False,31.000000000003414,2.000980132921012e-09
healthy_lfp_ses-516,healthy,False,31.500000000003467,1.8440733064927725e-09
healthy_lfp_ses-516,healthy,False,32.000000000003524,1.15671583089222e-09
healthy_lfp_ses-516,healthy,False,32.50000000000358,1.1114776232560121e-09
healthy_lfp_ses-516,healthy,False,33.00000000000364,1.6693937184009683e-09
healthy_lfp_ses-516,healthy,False,33.50000000000369,1.25127692124901e-09
healthy_lfp_ses-516,healthy,False,34.000000000003745,7.475748741894351e-10
healthy_lfp_ses-516,healthy,False,34.5000000000038,7.267596461498134e-10
healthy_lfp_ses-516,healthy,False,35.00000000000385,8.40293244439083e-10
healthy_lfp_ses-516,healthy,False,35.50000000000391,8.509397428464008e-10
healthy_lfp_ses-516,healthy,False,36.000000000003965,9.183255913949826e-10
healthy_lfp_ses-516,healthy,False,36.50000000000402,9.64298629448047e-10
healthy_lfp_ses-516,healthy,False,37.00000000000408,1.1037088760212688e-09
healthy_lfp_ses-516,healthy,False,37.50000000000413,1.0764804097132011e-09
healthy_lfp_ses-516,healthy,False,38.000000000004185,1.143648093639111e-09
healthy_lfp_ses-516,healthy,False,38.50000000000424,1.1884673517476557e-09
healthy_lfp_ses-516,healthy,False,39.00000000000429,1.232068124420862e-09
healthy_lfp_ses-516,healthy,False,39.50000000000435,1.0218274027248955e-09
healthy_lfp_ses-516,healthy,False,40.000000000004405,1.0886298852763435e-09
healthy_lfp_ses-516,healthy,False,40.50000000000446,9.175366408813986e-10
healthy_lfp_ses-516,healthy,False,41.00000000000452,8.143100703932633e-10
healthy_lfp_ses-516,healthy,False,41.50000000000457,6.721117933018772e-10
healthy_lfp_ses-516,healthy,False,42.000000000004626,7.568717247876566e-10
healthy_lfp_ses-516,healthy,False,42.50000000000468,5.631115874155097e-10
healthy_lfp_ses-516,healthy,False,43.00000000000473,5.122559262248158e-10
healthy_lfp_ses-516,healthy,False,43.50000000000479,7.73559468257625e-10
healthy_lfp_ses-516,healthy,False,44.000000000004846,8.390845147715033e-10
healthy_lfp_ses-516,healthy,False,44.5000000000049,7.221675344628286e-10
healthy_lfp_ses-516,healthy,False,45.00000000000496,6.942558700377094e-10
healthy_lfp_ses-516,healthy,False,45.50000000000501,5.169319062253866e-10
healthy_lfp_ses-516,healthy,False,46.000000000005066,6.665458348717661e-10
healthy_lfp_ses-516,healthy,False,46.50000000000512,9.602137377627042e-10
healthy_lfp_ses-516,healthy,False,47.00000000000517,9.802879112421336e-10
healthy_lfp_ses-516,healthy,False,47.50000000000523,7.651910212975721e-10
healthy_lfp_ses-516,healthy,False,48.000000000005286,6.57542621683799e-10
healthy_lfp_ses-516,healthy,False,48.50000000000534,5.291351411246711e-10
healthy_lfp_ses-516,healthy,False,49.0000000000054,7.524284205485553e-10
healthy_lfp_ses-516,healthy,False,49.50000000000545,7.662699671032116e-10
healthy_lfp_ses-516,healthy,False,50.00000000000551,7.933883160221719e-10
healthy_lfp_ses-516,healthy,False,50.50000000000556,7.04097845166258e-10
healthy_lfp_ses-516,healthy,False,51.00000000000561,6.659522277642169e-10
healthy_lfp_ses-516,healthy,False,51.50000000000567,9.146326116687541e-10
healthy_lfp_ses-516,healthy,False,52.00000000000573,1.083828915410317e-09
healthy_lfp_ses-516,healthy,False,52.500000000005784,9.142093508457235e-10
healthy_lfp_ses-516,healthy,False,53.00000000000584,1.243719094378117e-09
healthy_lfp_ses-516,healthy,False,53.50000000000589,1.1125648636154423e-09
healthy_lfp_ses-516,healthy,False,54.00000000000595,1.075121367258549e-09
healthy_lfp_ses-516,healthy,False,54.500000000006004,1.0112560652448128e-09
healthy_lfp_ses-516,healthy,False,55.000000000006054,7.302537181282659e-10
healthy_lfp_ses-516,healthy,False,55.50000000000611,8.43763911684346e-10
healthy_lfp_ses-516,healthy,False,56.00000000000617,9.588857972558334e-10
healthy_lfp_ses-516,healthy,False,56.500000000006224,1.0167402775819374e-09
healthy_lfp_ses-516,healthy,False,57.00000000000628,8.670841855046159e-10
healthy_lfp_ses-516,healthy,False,57.50000000000633,8.296072861505425e-10
healthy_lfp_ses-516,healthy,False,58.00000000000639,1.0127476403452479e-09
healthy_lfp_ses-516,healthy,False,58.500000000006445,9.705511719979975e-10
healthy_lfp_ses-516,healthy,False,59.000000000006494,5.90536263726865e-10
healthy_lfp_ses-516,healthy,False,59.50000000000655,5.835960607892494e-10
healthy_lfp_ses-516,healthy,False,60.00000000000661,7.92970864143506e-10
healthy_lfp_ses-516,healthy,False,60.500000000006665,7.883713859305465e-10
healthy_lfp_ses-516,healthy,False,61.00000000000672,5.790418458110172e-10
healthy_lfp_ses-516,healthy,False,61.50000000000677,7.676649505674472e-10
healthy_lfp_ses-516,healthy,False,62.00000000000683,1.065976957919593e-09
healthy_lfp_ses-516,healthy,False,62.500000000006885,8.320807124718366e-10
healthy_lfp_ses-516,healthy,False,63.000000000006935,6.330880141281485e-10
healthy_lfp_ses-516,healthy,False,63.50000000000699,6.225192785079761e-10
healthy_lfp_ses-516,healthy,False,64.00000000000705,6.206491804951503e-10
healthy_lfp_ses-516,healthy,False,64.5000000000071,5.461633474375012e-10
healthy_lfp_ses-516,healthy,False,65.00000000000716,7.656290422060751e-10
healthy_lfp_ses-516,healthy,False,65.50000000000722,7.290043210257722e-10
healthy_lfp_ses-516,healthy,False,66.00000000000728,5.364538970247136e-10
healthy_lfp_ses-516,healthy,False,66.50000000000732,5.854532679738301e-10
healthy_lfp_ses-516,healthy,False,67.00000000000738,4.574396227869197e-10
healthy_lfp_ses-516,healthy,False,67.50000000000743,3.892666133946197e-10
healthy_lfp_ses-516,healthy,False,68.00000000000749,5.724617411061737e-10
healthy_lfp_ses-516,healthy,False,68.50000000000755,6.032780148057949e-10
healthy_lfp_ses-516,healthy,False,69.0000000000076,5.239199822672864e-10
healthy_lfp_ses-516,healthy,False,69.50000000000766,6.136296878270555e-10
healthy_lfp_ses-516,healthy,False,70.0000000000077,5.994986308991717e-10
healthy_lfp_ses-516,healthy,False,70.50000000000776,5.172319850730148e-10
healthy_lfp_ses-516,healthy,False,71.00000000000782,5.655521582431523e-10
healthy_lfp_ses-516,healthy,False,71.50000000000787,6.114934402117693e-10
healthy_lfp_ses-516,healthy,False,72.00000000000793,5.23462795911959e-10
healthy_lfp_ses-516,healthy,False,72.50000000000799,6.450237228626128e-10
healthy_lfp_ses-516,healthy,False,73.00000000000804,5.881410993830123e-10
healthy_lfp_ses-516,healthy,False,73.5000000000081,6.774361986209819e-10
healthy_lfp_ses-516,healthy,False,74.00000000000816,6.657830955373656e-10
healthy_lfp_ses-516,healthy,False,74.5000000000082,5.895292020703316e-10
healthy_lfp_ses-516,healthy,False,75.00000000000826,4.362488580675668e-10
healthy_lfp_ses-516,healthy,False,75.50000000000831,4.338672619107292e-10
healthy_lfp_ses-516,healthy,False,76.00000000000837,7.166417762225156e-10
healthy_lfp_ses-516,healthy,False,76.50000000000843,6.365509516175787e-10
healthy_lfp_ses-516,healthy,False,77.00000000000848,6.504898832301483e-10
healthy_lfp_ses-516,healthy,False,77.50000000000854,7.27850352453662e-10
healthy_lfp_ses-516,healthy,False,78.00000000000858,5.78001878042533e-10
healthy_lfp_ses-516,healthy,False,78.50000000000864,4.6401387398655277e-10
healthy_lfp_ses-516,healthy,False,79.0000000000087,5.573555272987411e-10
healthy_lfp_ses-516,healthy,False,79.50000000000875,6.619975078333825e-10
healthy_lfp_ses-516,healthy,False,80.00000000000881,9.43675961007965e-10
healthy_lfp_ses-516,healthy,False,80.50000000000887,8.38789853558711e-10
healthy_lfp_ses-516,healthy,False,81.00000000000892,7.586986421557034e-10
healthy_lfp_ses-516,healthy,False,81.50000000000898,6.918696682629882e-10
healthy_lfp_ses-516,healthy,False,82.00000000000904,6.889514993258582e-10
healthy_lfp_ses-516,healthy,False,82.50000000000908,6.106098768540802e-10
healthy_lfp_ses-516,healthy,False,83.00000000000914,5.228380697576227e-10
healthy_lfp_ses-516,healthy,False,83.5000000000092,4.713481269678494e-10
healthy_lfp_ses-516,healthy,False,84.00000000000925,6.695952736614431e-10
healthy_lfp_ses-516,healthy,False,84.50000000000931,3.804325715817144e-10
healthy_lfp_ses-516,healthy,False,85.00000000000936,4.78748220703382e-10
healthy_lfp_ses-516,healthy,False,85.50000000000942,7.068303396541312e-10
healthy_lfp_ses-516,healthy,False,86.00000000000946,7.35672569960947e-10
healthy_lfp_ses-516,healthy,False,86.50000000000952,6.136457968783459e-10
healthy_lfp_ses-516,healthy,False,87.00000000000958,4.496252870196449e-10
healthy_lfp_ses-516,healthy,False,87.50000000000963,5.119983917563463e-10
healthy_lfp_ses-516,healthy,False,88.00000000000969,6.442998763401651e-10
healthy_lfp_ses-516,healthy,False,88.50000000000975,4.4003639471654974e-10
healthy_lfp_ses-516,healthy,False,89.0000000000098,4.3748631288376674e-10
healthy_lfp_ses-516,healthy,False,89.50000000000986,4.3193577600999136e-10
healthy_lfp_ses-516,healthy,False,90.00000000000992,3.6589394419628843e-10
healthy_lfp_ses-516,healthy,False,90.50000000000996,3.1853108231469593e-10
healthy_lfp_ses-516,healthy,False,91.00000000001002,3.2928929460871924e-10
healthy_lfp_ses-516,healthy,False,91.50000000001008,4.1940541891477974e-10
healthy_lfp_ses-516,healthy,False,92.00000000001013,4.803076296847106e-10
healthy_lfp_ses-516,healthy,False,92.50000000001019,3.013595131020268e-10
healthy_lfp_ses-516,healthy,False,93.00000000001025,2.8358240364712117e-10
healthy_lfp_ses-516,healthy,False,93.5000000000103,3.581113453768559e-10
healthy_lfp_ses-516,healthy,False,94.00000000001035,5.21779271863124e-10
healthy_lfp_ses-516,healthy,False,94.5000000000104,4.910547377842644e-10
healthy_lfp_ses-516,healthy,False,95.00000000001046,4.944553732505403e-10
healthy_lfp_ses-516,healthy,False,95.50000000001052,4.0959100291764933e-10
healthy_lfp_ses-516,healthy,False,96.00000000001057,3.819299951194303e-10
healthy_lfp_ses-516,healthy,False,96.50000000001063,4.527831730246666e-10
healthy_lfp_ses-516,healthy,False,97.00000000001069,3.68318946917147e-10
healthy_lfp_ses-516,healthy,False,97.50000000001074,3.5853984687659634e-10
healthy_lfp_ses-516,healthy,False,98.0000000000108,4.2643938914832336e-10
healthy_lfp_ses-516,healthy,False,98.50000000001084,4.253081344007076e-10
healthy_lfp_ses-516,healthy,False,99.0000000000109,4.658401368363819e-10
healthy_lfp_ses-516,healthy,False,99.50000000001096,4.855430067133618e-10
healthy_lfp_ses-54,healthy,False,0.0,5.103175092756761e-10
healthy_lfp_ses-54,healthy,False,0.5000000000000551,2.4444992259138255e-09
healthy_lfp_ses-54,healthy,False,1.0000000000001101,4.869713046556466e-09
healthy_lfp_ses-54,healthy,False,1.5000000000001652,1.2199176880884133e-08
healthy_lfp_ses-54,healthy,False,2.0000000000002203,1.1677486909586463e-08
healthy_lfp_ses-54,healthy,False,2.5000000000002753,5.056515905063864e-09
healthy_lfp_ses-54,healthy,False,3.0000000000003304,3.5971307343067735e-09
healthy_lfp_ses-54,healthy,False,3.5000000000003855,3.1426148346116783e-09
healthy_lfp_ses-54,healthy,False,4.0000000000004405,2.5118896935685624e-09
healthy_lfp_ses-54,healthy,False,4.500000000000496,2.934892959313911e-09
healthy_lfp_ses-54,healthy,False,5.000000000000551,3.839025824779365e-09
healthy_lfp_ses-54,healthy,False,5.500000000000606,5.734874705154558e-09
healthy_lfp_ses-54,healthy,False,6.000000000000661,4.601186860999989e-09
healthy_lfp_ses-54,healthy,False,6.500000000000716,3.6094600050009905e-09
healthy_lfp_ses-54,healthy,False,7.000000000000771,3.0927586429241204e-09
healthy_lfp_ses-54,healthy,False,7.500000000000826,2.655766384333564e-09
healthy_lfp_ses-54,healthy,False,8.000000000000881,2.6844206445622295e-09
healthy_lfp_ses-54,healthy,False,8.500000000000936,2.4843622936013793e-09
healthy_lfp_ses-54,healthy,False,9.000000000000991,2.3924200147338237e-09
healthy_lfp_ses-54,healthy,False,9.500000000001046,2.3007106049497965e-09
healthy_lfp_ses-54,healthy,False,10.000000000001101,2.818494955479792e-09
healthy_lfp_ses-54,healthy,False,10.500000000001156,2.5122565525519145e-09
healthy_lfp_ses-54,healthy,False,11.000000000001211,1.807245111493249e-09
healthy_lfp_ses-54,healthy,False,11.500000000001267,2.0709710745624867e-09
healthy_lfp_ses-54,healthy,False,12.000000000001322,2.1245121493310508e-09
healthy_lfp_ses-54,healthy,False,12.500000000001377,1.8547058778804539e-09
healthy_lfp_ses-54,healthy,False,13.000000000001432,1.8797068160002507e-09
healthy_lfp_ses-54,healthy,False,13.500000000001487,2.0618673335441686e-09
healthy_lfp_ses-54,healthy,False,14.000000000001542,3.254797437654118e-09
healthy_lfp_ses-54,healthy,False,14.500000000001597,2.9203127304315895e-09
healthy_lfp_ses-54,healthy,False,15.000000000001652,2.1364004445649915e-09
healthy_lfp_ses-54,healthy,False,15.500000000001707,1.7135183449992022e-09
healthy_lfp_ses-54,healthy,False,16.000000000001762,1.7391201414406888e-09
healthy_lfp_ses-54,healthy,False,16.50000000000182,2.026548438251394e-09
healthy_lfp_ses-54,healthy,False,17.000000000001872,2.0290715448161546e-09
healthy_lfp_ses-54,healthy,False,17.500000000001926,1.916710372580147e-09
healthy_lfp_ses-54,healthy,False,18.000000000001982,2.257295184763967e-09
healthy_lfp_ses-54,healthy,False,18.50000000000204,2.124234222254182e-09
healthy_lfp_ses-54,healthy,False,19.000000000002093,1.8776934761672534e-09
healthy_lfp_ses-54,healthy,False,19.500000000002146,1.994950958095429e-09
healthy_lfp_ses-54,healthy,False,20.000000000002203,1.4995265659967446e-09
healthy_lfp_ses-54,healthy,False,20.50000000000226,1.5036972904275815e-09
healthy_lfp_ses-54,healthy,False,21.000000000002313,1.0051022525394528e-09
healthy_lfp_ses-54,healthy,False,21.500000000002366,1.0810706965434183e-09
healthy_lfp_ses-54,healthy,False,22.000000000002423,1.5762239876771506e-09
healthy_lfp_ses-54,healthy,False,22.50000000000248,1.3633389207877929e-09
healthy_lfp_ses-54,healthy,False,23.000000000002533,1.2929813860375003e-09
healthy_lfp_ses-54,healthy,False,23.500000000002586,1.4159608951459468e-09
healthy_lfp_ses-54,healthy,False,24.000000000002643,1.389412706105642e-09
healthy_lfp_ses-54,healthy,False,24.5000000000027,1.3066175610344866e-09
healthy_lfp_ses-54,healthy,False,25.000000000002753,1.592369633900484e-09
healthy_lfp_ses-54,healthy,False,25.500000000002807,4.588038048652544e-09
healthy_lfp_ses-54,healthy,False,26.000000000002863,9.980737901902609e-09
healthy_lfp_ses-54,healthy,False,26.50000000000292,9.302254713600738e-09
healthy_lfp_ses-54,healthy,False,27.000000000002974,4.861916960000238e-09
healthy_lfp_ses-54,healthy,False,27.500000000003027,3.2281805610303018e-09
healthy_lfp_ses-54,healthy,False,28.000000000003084,4.32334560356637e-09
healthy_lfp_ses-54,healthy,False,28.50000000000314,3.06511341210881e-09
healthy_lfp_ses-54,healthy,False,29.000000000003194,2.0982202653804527e-09
healthy_lfp_ses-54,healthy,False,29.500000000003247,2.3888818557747033e-09
healthy_lfp_ses-54,healthy,False,30.000000000003304,2.4930400366168806e-09
healthy_lfp_ses-54,healthy,False,30.50000000000336,1.9710195704038755e-09
healthy_lfp_ses-54,healthy,False,31.000000000003414,2.000980132921012e-09
healthy_lfp_ses-54,healthy,False,31.500000000003467,1.8440733064927725e-09
healthy_lfp_ses-54,healthy,False,32.000000000003524,1.15671583089222e-09
healthy_lfp_ses-54,healthy,False,32.50000000000358,1.1114776232560121e-09
healthy_lfp_ses-54,healthy,False,33.00000000000364,1.6693937184009683e-09
healthy_lfp_ses-54,healthy,False,33.50000000000369,1.25127692124901e-09
healthy_lfp_ses-54,healthy,False,34.000000000003745,7.475748741894351e-10
healthy_lfp_ses-54,healthy,False,34.5000000000038,7.267596461498134e-10
healthy_lfp_ses-54,healthy,False,35.00000000000385,8.40293244439083e-10
healthy_lfp_ses-54,healthy,False,35.50000000000391,8.509397428464008e-10
healthy_lfp_ses-54,healthy,False,36.000000000003965,9.183255913949826e-10
healthy_lfp_ses-54,healthy,False,36.50000000000402,9.64298629448047e-10
healthy_lfp_ses-54,healthy,False,37.00000000000408,1.1037088760212688e-09
healthy_lfp_ses-54,healthy,False,37.50000000000413,1.0764804097132011e-09
healthy_lfp_ses-54,healthy,False,38.000000000004185,1.143648093639111e-09
healthy_lfp_ses-54,healthy,False,38.50000000000424,1.1884673517476557e-09
healthy_lfp_ses-54,healthy,False,39.00000000000429,1.232068124420862e-09
healthy_lfp_ses-54,healthy,False,39.50000000000435,1.0218274027248955e-09
healthy_lfp_ses-54,healthy,False,40.000000000004405,1.0886298852763435e-09
healthy_lfp_ses-54,healthy,False,40.50000000000446,9.175366408813986e-10
healthy_lfp_ses-54,healthy,False,41.00000000000452,8.143100703932633e-10
healthy_lfp_ses-54,healthy,False,41.50000000000457,6.721117933018772e-10
healthy_lfp_ses-54,healthy,False,42.000000000004626,7.568717247876566e-10
healthy_lfp_ses-54,healthy,False,42.50000000000468,5.631115874155097e-10
healthy_lfp_ses-54,healthy,False,43.00000000000473,5.122559262248158e-10
healthy_lfp_ses-54,healthy,False,43.50000000000479,7.73559468257625e-10
healthy_lfp_ses-54,healthy,False,44.000000000004846,8.390845147715033e-10
healthy_lfp_ses-54,healthy,False,44.5000000000049,7.221675344628286e-10
healthy_lfp_ses-54,healthy,False,45.00000000000496,6.942558700377094e-10
healthy_lfp_ses-54,healthy,False,45.50000000000501,5.169319062253866e-10
healthy_lfp_ses-54,healthy,False,46.000000000005066,6.665458348717661e-10
healthy_lfp_ses-54,healthy,False,46.50000000000512,9.602137377627042e-10
healthy_lfp_ses-54,healthy,False,47.00000000000517,9.802879112421336e-10
healthy_lfp_ses-54,healthy,False,47.50000000000523,7.651910212975721e-10
healthy_lfp_ses-54,healthy,False,48.000000000005286,6.57542621683799e-10
healthy_lfp_ses-54,healthy,False,48.50000000000534,5.291351411246711e-10
healthy_lfp_ses-54,healthy,False,49.0000000000054,7.524284205485553e-10
healthy_lfp_ses-54,healthy,False,49.50000000000545,7.662699671032116e-10
healthy_lfp_ses-54,healthy,False,50.00000000000551,7.933883160221719e-10
healthy_lfp_ses-54,healthy,False,50.50000000000556,7.04097845166258e-10
healthy_lfp_ses-54,healthy,False,51.00000000000561,6.659522277642169e-10
healthy_lfp_ses-54,healthy,False,51.50000000000567,9.146326116687541e-10
healthy_lfp_ses-54,healthy,False,52.00000000000573,1.083828915410317e-09
healthy_lfp_ses-54,healthy,False,52.500000000005784,9.142093508457235e-10
healthy_lfp_ses-54,healthy,False,53.00000000000584,1.243719094378117e-09
healthy_lfp_ses-54,healthy,False,53.50000000000589,1.1125648636154423e-09
healthy_lfp_ses-54,healthy,False,54.00000000000595,1.075121367258549e-09
healthy_lfp_ses-54,healthy,False,54.500000000006004,1.0112560652448128e-09
healthy_lfp_ses-54,healthy,False,55.000000000006054,7.302537181282659e-10
healthy_lfp_ses-54,healthy,False,55.50000000000611,8.43763911684346e-10
healthy_lfp_ses-54,healthy,False,56.00000000000617,9.588857972558334e-10
healthy_lfp_ses-54,healthy,False,56.500000000006224,1.0167402775819374e-09
healthy_lfp_ses-54,healthy,False,57.00000000000628,8.670841855046159e-10
healthy_lfp_ses-54,healthy,False,57.50000000000633,8.296072861505425e-10
healthy_lfp_ses-54,healthy,False,58.00000000000639,1.0127476403452479e-09
healthy_lfp_ses-54,healthy,False,58.500000000006445,9.705511719979975e-10
healthy_lfp_ses-54,healthy,False,59.000000000006494,5.90536263726865e-10
healthy_lfp_ses-54,healthy,False,59.50000000000655,5.835960607892494e-10
healthy_lfp_ses-54,healthy,False,60.00000000000661,7.92970864143506e-10
healthy_lfp_ses-54,healthy,False,60.500000000006665,7.883713859305465e-10
healthy_lfp_ses-54,healthy,False,61.00000000000672,5.790418458110172e-10
healthy_lfp_ses-54,healthy,False,61.50000000000677,7.676649505674472e-10
healthy_lfp_ses-54,healthy,False,62.00000000000683,1.065976957919593e-09
healthy_lfp_ses-54,healthy,False,62.500000000006885,8.320807124718366e-10
healthy_lfp_ses-54,healthy,False,63.000000000006935,6.330880141281485e-10
healthy_lfp_ses-54,healthy,False,63.50000000000699,6.225192785079761e-10
healthy_lfp_ses-54,healthy,False,64.00000000000705,6.206491804951503e-10
healthy_lfp_ses-54,healthy,False,64.5000000000071,5.461633474375012e-10
healthy_lfp_ses-54,healthy,False,65.00000000000716,7.656290422060751e-10
healthy_lfp_ses-54,healthy,False,65.50000000000722,7.290043210257722e-10
healthy_lfp_ses-54,healthy,False,66.00000000000728,5.364538970247136e-10
healthy_lfp_ses-54,healthy,False,66.50000000000732,5.854532679738301e-10
healthy_lfp_ses-54,healthy,False,67.00000000000738,4.574396227869197e-10
healthy_lfp_ses-54,healthy,False,67.50000000000743,3.892666133946197e-10
healthy_lfp_ses-54,healthy,False,68.00000000000749,5.724617411061737e-10
healthy_lfp_ses-54,healthy,False,68.50000000000755,6.032780148057949e-10
healthy_lfp_ses-54,healthy,False,69.0000000000076,5.239199822672864e-10
healthy_lfp_ses-54,healthy,False,69.50000000000766,6.136296878270555e-10
healthy_lfp_ses-54,healthy,False,70.0000000000077,5.994986308991717e-10
healthy_lfp_ses-54,healthy,False,70.50000000000776,5.172319850730148e-10
healthy_lfp_ses-54,healthy,False,71.00000000000782,5.655521582431523e-10
healthy_lfp_ses-54,healthy,False,71.50000000000787,6.114934402117693e-10
healthy_lfp_ses-54,healthy,False,72.00000000000793,5.23462795911959e-10
healthy_lfp_ses-54,healthy,False,72.50000000000799,6.450237228626128e-10
healthy_lfp_ses-54,healthy,False,73.00000000000804,5.881410993830123e-10
healthy_lfp_ses-54,healthy,False,73.5000000000081,6.774361986209819e-10
healthy_lfp_ses-54,healthy,False,74.00000000000816,6.657830955373656e-10
healthy_lfp_ses-54,healthy,False,74.5000000000082,5.895292020703316e-10
healthy_lfp_ses-54,healthy,False,75.00000000000826,4.362488580675668e-10
healthy_lfp_ses-54,healthy,False,75.50000000000831,4.338672619107292e-10
healthy_lfp_ses-54,healthy,False,76.00000000000837,7.166417762225156e-10
healthy_lfp_ses-54,healthy,False,76.50000000000843,6.365509516175787e-10
healthy_lfp_ses-54,healthy,False,77.00000000000848,6.504898832301483e-10
healthy_lfp_ses-54,healthy,False,77.50000000000854,7.27850352453662e-10
healthy_lfp_ses-54,healthy,False,78.00000000000858,5.78001878042533e-10
healthy_lfp_ses-54,healthy,False,78.50000000000864,4.6401387398655277e-10
healthy_lfp_ses-54,healthy,False,79.0000000000087,5.573555272987411e-10
healthy_lfp_ses-54,healthy,False,79.50000000000875,6.619975078333825e-10
healthy_lfp_ses-54,healthy,False,80.00000000000881,9.43675961007965e-10
healthy_lfp_ses-54,healthy,False,80.50000000000887,8.38789853558711e-10
healthy_lfp_ses-54,healthy,False,81.00000000000892,7.586986421557034e-10
healthy_lfp_ses-54,healthy,False,81.50000000000898,6.918696682629882e-10
healthy_lfp_ses-54,healthy,False,82.00000000000904,6.889514993258582e-10
healthy_lfp_ses-54,healthy,False,82.50000000000908,6.106098768540802e-10
healthy_lfp_ses-54,healthy,False,83.00000000000914,5.228380697576227e-10
healthy_lfp_ses-54,healthy,False,83.5000000000092,4.713481269678494e-10
healthy_lfp_ses-54,healthy,False,84.00000000000925,6.695952736614431e-10
healthy_lfp_ses-54,healthy,False,84.50000000000931,3.804325715817144e-10
healthy_lfp_ses-54,healthy,False,85.00000000000936,4.78748220703382e-10
healthy_lfp_ses-54,healthy,False,85.50000000000942,7.068303396541312e-10
healthy_lfp_ses-54,healthy,False,86.00000000000946,7.35672569960947e-10
healthy_lfp_ses-54,healthy,False,86.50000000000952,6.136457968783459e-10
healthy_lfp_ses-54,healthy,False,87.00000000000958,4.496252870196449e-10
healthy_lfp_ses-54,healthy,False,87.50000000000963,5.119983917563463e-10
healthy_lfp_ses-54,healthy,False,88.00000000000969,6.442998763401651e-10
healthy_lfp_ses-54,healthy,False,88.50000000000975,4.4003639471654974e-10
healthy_lfp_ses-54,healthy,False,89.0000000000098,4.3748631288376674e-10
healthy_lfp_ses-54,healthy,False,89.50000000000986,4.3193577600999136e-10
healthy_lfp_ses-54,healthy,False,90.00000000000992,3.6589394419628843e-10
healthy_lfp_ses-54,healthy,False,90.50000000000996,3.1853108231469593e-10
healthy_lfp_ses-54,healthy,False,91.00000000001002,3.2928929460871924e-10
healthy_lfp_ses-54,healthy,False,91.50000000001008,4.1940541891477974e-10
healthy_lfp_ses-54,healthy,False,92.00000000001013,4.803076296847106e-10
healthy_lfp_ses-54,healthy,False,92.50000000001019,3.013595131020268e-10
healthy_lfp_ses-54,healthy,False,93.00000000001025,2.8358240364712117e-10
healthy_lfp_ses-54,healthy,False,93.5000000000103,3.581113453768559e-10
healthy_lfp_ses-54,healthy,False,94.00000000001035,5.21779271863124e-10
healthy_lfp_ses-54,healthy,False,94.5000000000104,4.910547377842644e-10
healthy_lfp_ses-54,healthy,False,95.00000000001046,4.944553732505403e-10
healthy_lfp_ses-54,healthy,False,95.50000000001052,4.0959100291764933e-10
healthy_lfp_ses-54,healthy,False,96.00000000001057,3.819299951194303e-10
healthy_lfp_ses-54,healthy,False,96.50000000001063,4.527831730246666e-10
healthy_lfp_ses-54,healthy,False,97.00000000001069,3.68318946917147e-10
healthy_lfp_ses-54,healthy,False,97.50000000001074,3.5853984687659634e-10
healthy_lfp_ses-54,healthy,False,98.0000000000108,4.2643938914832336e-10
healthy_lfp_ses-54,healthy,False,98.50000000001084,4.253081344007076e-10
healthy_lfp_ses-54,healthy,False,99.0000000000109,4.658401368363819e-10
healthy_lfp_ses-54,healthy,False,99.50000000001096,4.855430067133618e-10
healthy_lfp_ses-646,healthy,False,0.0,5.103175092756761e-10
healthy_lfp_ses-646,healthy,False,0.5000000000000551,2.4444992259138255e-09
healthy_lfp_ses-646,healthy,False,1.0000000000001101,4.869713046556466e-09
healthy_lfp_ses-646,healthy,False,1.5000000000001652,1.2199176880884133e-08
healthy_lfp_ses-646,healthy,False,2.0000000000002203,1.1677486909586463e-08
healthy_lfp_ses-646,healthy,False,2.5000000000002753,5.056515905063864e-09
healthy_lfp_ses-646,healthy,False,3.0000000000003304,3.5971307343067735e-09
healthy_lfp_ses-646,healthy,False,3.5000000000003855,3.1426148346116783e-09
healthy_lfp_ses-646,healthy,False,4.0000000000004405,2.5118896935685624e-09
healthy_lfp_ses-646,healthy,False,4.500000000000496,2.934892959313911e-09
healthy_lfp_ses-646,healthy,False,5.000000000000551,3.839025824779365e-09
healthy_lfp_ses-646,healthy,False,5.500000000000606,5.734874705154558e-09
healthy_lfp_ses-646,healthy,False,6.000000000000661,4.601186860999989e-09
healthy_lfp_ses-646,healthy,False,6.500000000000716,3.6094600050009905e-09
healthy_lfp_ses-646,healthy,False,7.000000000000771,3.0927586429241204e-09
healthy_lfp_ses-646,healthy,False,7.500000000000826,2.655766384333564e-09
healthy_lfp_ses-646,healthy,False,8.000000000000881,2.6844206445622295e-09
healthy_lfp_ses-646,healthy,False,8.500000000000936,2.4843622936013793e-09
healthy_lfp_ses-646,healthy,False,9.000000000000991,2.3924200147338237e-09
healthy_lfp_ses-646,healthy,False,9.500000000001046,2.3007106049497965e-09
healthy_lfp_ses-646,healthy,False,10.000000000001101,2.818494955479792e-09
healthy_lfp_ses-646,healthy,False,10.500000000001156,2.5122565525519145e-09
healthy_lfp_ses-646,healthy,False,11.000000000001211,1.807245111493249e-09
healthy_lfp_ses-646,healthy,False,11.500000000001267,2.0709710745624867e-09
healthy_lfp_ses-646,healthy,False,12.000000000001322,2.1245121493310508e-09
healthy_lfp_ses-646,healthy,False,12.500000000001377,1.8547058778804539e-09
healthy_lfp_ses-646,healthy,False,13.000000000001432,1.8797068160002507e-09
healthy_lfp_ses-646,healthy,False,13.500000000001487,2.0618673335441686e-09
healthy_lfp_ses-646,healthy,False,14.000000000001542,3.254797437654118e-09
healthy_lfp_ses-646,healthy,False,14.500000000001597,2.9203127304315895e-09
healthy_lfp_ses-646,healthy,False,15.000000000001652,2.1364004445649915e-09
healthy_lfp_ses-646,healthy,False,15.500000000001707,1.7135183449992022e-09
healthy_lfp_ses-646,healthy,False,16.000000000001762,1.7391201414406888e-09
healthy_lfp_ses-646,healthy,False,16.50000000000182,2.026548438251394e-09
healthy_lfp_ses-646,healthy,False,17.000000000001872,2.0290715448161546e-09
healthy_lfp_ses-646,healthy,False,17.500000000001926,1.916710372580147e-09
healthy_lfp_ses-646,healthy,False,18.000000000001982,2.257295184763967e-09
healthy_lfp_ses-646,healthy,False,18.50000000000204,2.124234222254182e-09
healthy_lfp_ses-646,healthy,False,19.000000000002093,1.8776934761672534e-09
healthy_lfp_ses-646,healthy,False,19.500000000002146,1.994950958095429e-09
healthy_lfp_ses-646,healthy,False,20.000000000002203,1.4995265659967446e-09
healthy_lfp_ses-646,healthy,False,20.50000000000226,1.5036972904275815e-09
healthy_lfp_ses-646,healthy,False,21.000000000002313,1.0051022525394528e-09
healthy_lfp_ses-646,healthy,False,21.500000000002366,1.0810706965434183e-09
healthy_lfp_ses-646,healthy,False,22.000000000002423,1.5762239876771506e-09
healthy_lfp_ses-646,healthy,False,22.50000000000248,1.3633389207877929e-09
healthy_lfp_ses-646,healthy,False,23.000000000002533,1.2929813860375003e-09
healthy_lfp_ses-646,healthy,False,23.500000000002586,1.4159608951459468e-09
healthy_lfp_ses-646,healthy,False,24.000000000002643,1.389412706105642e-09
healthy_lfp_ses-646,healthy,False,24.5000000000027,1.3066175610344866e-09
healthy_lfp_ses-646,healthy,False,25.000000000002753,1.592369633900484e-09
healthy_lfp_ses-646,healthy,False,25.500000000002807,4.588038048652544e-09
healthy_lfp_ses-646,healthy,False,26.000000000002863,9.980737901902609e-09
healthy_lfp_ses-646,healthy,False,26.50000000000292,9.302254713600738e-09
healthy_lfp_ses-646,healthy,False,27.000000000002974,4.861916960000238e-09
healthy_lfp_ses-646,healthy,False,27.500000000003027,3.2281805610303018e-09
healthy_lfp_ses-646,healthy,False,28.000000000003084,4.32334560356637e-09
healthy_lfp_ses-646,healthy,False,28.50000000000314,3.06511341210881e-09
healthy_lfp_ses-646,healthy,False,29.000000000003194,2.0982202653804527e-09
healthy_lfp_ses-646,healthy,False,29.500000000003247,2.3888818557747033e-09
healthy_lfp_ses-646,healthy,False,30.000000000003304,2.4930400366168806e-09
healthy_lfp_ses-646,healthy,False,30.50000000000336,1.9710195704038755e-09
healthy_lfp_ses-646,healthy,False,31.000000000003414,2.000980132921012e-09
healthy_lfp_ses-646,healthy,False,31.500000000003467,1.8440733064927725e-09
healthy_lfp_ses-646,healthy,False,32.000000000003524,1.15671583089222e-09
healthy_lfp_ses-646,healthy,False,32.50000000000358,1.1114776232560121e-09
healthy_lfp_ses-646,healthy,False,33.00000000000364,1.6693937184009683e-09
healthy_lfp_ses-646,healthy,False,33.50000000000369,1.25127692124901e-09
healthy_lfp_ses-646,healthy,False,34.000000000003745,7.475748741894351e-10
healthy_lfp_ses-646,healthy,False,34.5000000000038,7.267596461498134e-10
healthy_lfp_ses-646,healthy,False,35.00000000000385,8.40293244439083e-10
healthy_lfp_ses-646,healthy,False,35.50000000000391,8.509397428464008e-10
healthy_lfp_ses-646,healthy,False,36.000000000003965,9.183255913949826e-10
healthy_lfp_ses-646,healthy,False,36.50000000000402,9.64298629448047e-10
healthy_lfp_ses-646,healthy,False,37.00000000000408,1.1037088760212688e-09
healthy_lfp_ses-646,healthy,False,37.50000000000413,1.0764804097132011e-09
healthy_lfp_ses-646,healthy,False,38.000000000004185,1.143648093639111e-09
healthy_lfp_ses-646,healthy,False,38.50000000000424,1.1884673517476557e-09
healthy_lfp_ses-646,healthy,False,39.00000000000429,1.232068124420862e-09
healthy_lfp_ses-646,healthy,False,39.50000000000435,1.0218274027248955e-09
healthy_lfp_ses-646,healthy,False,40.000000000004405,1.0886298852763435e-09
healthy_lfp_ses-646,healthy,False,40.50000000000446,9.175366408813986e-10
healthy_lfp_ses-646,healthy,False,41.00000000000452,8.143100703932633e-10
healthy_lfp_ses-646,healthy,False,41.50000000000457,6.721117933018772e-10
healthy_lfp_ses-646,healthy,False,42.000000000004626,7.568717247876566e-10
healthy_lfp_ses-646,healthy,False,42.50000000000468,5.631115874155097e-10
healthy_lfp_ses-646,healthy,False,43.00000000000473,5.122559262248158e-10
healthy_lfp_ses-646,healthy,False,43.50000000000479,7.73559468257625e-10
healthy_lfp_ses-646,healthy,False,44.000000000004846,8.390845147715033e-10
healthy_lfp_ses-646,healthy,False,44.5000000000049,7.221675344628286e-10
healthy_lfp_ses-646,healthy,False,45.00000000000496,6.942558700377094e-10
healthy_lfp_ses-646,healthy,False,45.50000000000501,5.169319062253866e-10
healthy_lfp_ses-646,healthy,False,46.000000000005066,6.665458348717661e-10
healthy_lfp_ses-646,healthy,False,46.50000000000512,9.602137377627042e-10
healthy_lfp_ses-646,healthy,False,47.00000000000517,9.802879112421336e-10
healthy_lfp_ses-646,healthy,False,47.50000000000523,7.651910212975721e-10
healthy_lfp_ses-646,healthy,False,48.000000000005286,6.57542621683799e-10
healthy_lfp_ses-646,healthy,False,48.50000000000534,5.291351411246711e-10
healthy_lfp_ses-646,healthy,False,49.0000000000054,7.524284205485553e-10
healthy_lfp_ses-646,healthy,False,49.50000000000545,7.662699671032116e-10
healthy_lfp_ses-646,healthy,False,50.00000000000551,7.933883160221719e-10
healthy_lfp_ses-646,healthy,False,50.50000000000556,7.04097845166258e-10
healthy_lfp_ses-646,healthy,False,51.00000000000561,6.659522277642169e-10
healthy_lfp_ses-646,healthy,False,51.50000000000567,9.146326116687541e-10
healthy_lfp_ses-646,healthy,False,52.00000000000573,1.083828915410317e-09
healthy_lfp_ses-646,healthy,False,52.500000000005784,9.142093508457235e-10
healthy_lfp_ses-646,healthy,False,53.00000000000584,1.243719094378117e-09
healthy_lfp_ses-646,healthy,False,53.50000000000589,1.1125648636154423e-09
healthy_lfp_ses-646,healthy,False,54.00000000000595,1.075121367258549e-09
healthy_lfp_ses-646,healthy,False,54.500000000006004,1.0112560652448128e-09
healthy_lfp_ses-646,healthy,False,55.000000000006054,7.302537181282659e-10
healthy_lfp_ses-646,healthy,False,55.50000000000611,8.43763911684346e-10
healthy_lfp_ses-646,healthy,False,56.00000000000617,9.588857972558334e-10
healthy_lfp_ses-646,healthy,False,56.500000000006224,1.0167402775819374e-09
healthy_lfp_ses-646,healthy,False,57.00000000000628,8.670841855046159e-10
healthy_lfp_ses-646,healthy,False,57.50000000000633,8.296072861505425e-10
healthy_lfp_ses-646,healthy,False,58.00000000000639,1.0127476403452479e-09
healthy_lfp_ses-646,healthy,False,58.500000000006445,9.705511719979975e-10
healthy_lfp_ses-646,healthy,False,59.000000000006494,5.90536263726865e-10
healthy_lfp_ses-646,healthy,False,59.50000000000655,5.835960607892494e-10
healthy_lfp_ses-646,healthy,False,60.00000000000661,7.92970864143506e-10
healthy_lfp_ses-646,healthy,False,60.500000000006665,7.883713859305465e-10
healthy_lfp_ses-646,healthy,False,61.00000000000672,5.790418458110172e-10
healthy_lfp_ses-646,healthy,False,61.50000000000677,7.676649505674472e-10
healthy_lfp_ses-646,healthy,False,62.00000000000683,1.065976957919593e-09
healthy_lfp_ses-646,healthy,False,62.500000000006885,8.320807124718366e-10
healthy_lfp_ses-646,healthy,False,63.000000000006935,6.330880141281485e-10
healthy_lfp_ses-646,healthy,False,63.50000000000699,6.225192785079761e-10
healthy_lfp_ses-646,healthy,False,64.00000000000705,6.206491804951503e-10
healthy_lfp_ses-646,healthy,False,64.5000000000071,5.461633474375012e-10
healthy_lfp_ses-646,healthy,False,65.00000000000716,7.656290422060751e-10
healthy_lfp_ses-646,healthy,False,65.50000000000722,7.290043210257722e-10
healthy_lfp_ses-646,healthy,False,66.00000000000728,5.364538970247136e-10
healthy_lfp_ses-646,healthy,False,66.50000000000732,5.854532679738301e-10
healthy_lfp_ses-646,healthy,False,67.00000000000738,4.574396227869197e-10
healthy_lfp_ses-646,healthy,False,67.50000000000743,3.892666133946197e-10
healthy_lfp_ses-646,healthy,False,68.00000000000749,5.724617411061737e-10
healthy_lfp_ses-646,healthy,False,68.50000000000755,6.032780148057949e-10
healthy_lfp_ses-646,healthy,False,69.0000000000076,5.239199822672864e-10
healthy_lfp_ses-646,healthy,False,69.50000000000766,6.136296878270555e-10
healthy_lfp_ses-646,healthy,False,70.0000000000077,5.994986308991717e-10
healthy_lfp_ses-646,healthy,False,70.50000000000776,5.172319850730148e-10
healthy_lfp_ses-646,healthy,False,71.00000000000782,5.655521582431523e-10
healthy_lfp_ses-646,healthy,False,71.50000000000787,6.114934402117693e-10
healthy_lfp_ses-646,healthy,False,72.00000000000793,5.23462795911959e-10
healthy_lfp_ses-646,healthy,False,72.50000000000799,6.450237228626128e-10
healthy_lfp_ses-646,healthy,False,73.00000000000804,5.881410993830123e-10
healthy_lfp_ses-646,healthy,False,73.5000000000081,6.774361986209819e-10
healthy_lfp_ses-646,healthy,False,74.00000000000816,6.657830955373656e-10
healthy_lfp_ses-646,healthy,False,74.5000000000082,5.895292020703316e-10
healthy_lfp_ses-646,healthy,False,75.00000000000826,4.362488580675668e-10
healthy_lfp_ses-646,healthy,False,75.50000000000831,4.338672619107292e-10
healthy_lfp_ses-646,healthy,False,76.00000000000837,7.166417762225156e-10
healthy_lfp_ses-646,healthy,False,76.50000000000843,6.365509516175787e-10
healthy_lfp_ses-646,healthy,False,77.00000000000848,6.504898832301483e-10
healthy_lfp_ses-646,healthy,False,77.50000000000854,7.27850352453662e-10
healthy_lfp_ses-646,healthy,False,78.00000000000858,5.78001878042533e-10
healthy_lfp_ses-646,healthy,False,78.50000000000864,4.6401387398655277e-10
healthy_lfp_ses-646,healthy,False,79.0000000000087,5.573555272987411e-10
healthy_lfp_ses-646,healthy,False,79.50000000000875,6.619975078333825e-10
healthy_lfp_ses-646,healthy,False,80.00000000000881,9.43675961007965e-10
healthy_lfp_ses-646,healthy,False,80.50000000000887,8.38789853558711e-10
healthy_lfp_ses-646,healthy,False,81.00000000000892,7.586986421557034e-10
healthy_lfp_ses-646,healthy,False,81.50000000000898,6.918696682629882e-10
healthy_lfp_ses-646,healthy,False,82.00000000000904,6.889514993258582e-10
healthy_lfp_ses-646,healthy,False,82.50000000000908,6.106098768540802e-10
healthy_lfp_ses-646,healthy,False,83.00000000000914,5.228380697576227e-10
healthy_lfp_ses-646,healthy,False,83.5000000000092,4.713481269678494e-10
healthy_lfp_ses-646,healthy,False,84.00000000000925,6.695952736614431e-10
healthy_lfp_ses-646,healthy,False,84.50000000000931,3.804325715817144e-10
healthy_lfp_ses-646,healthy,False,85.00000000000936,4.78748220703382e-10
healthy_lfp_ses-646,healthy,False,85.50000000000942,7.068303396541312e-10
healthy_lfp_ses-646,healthy,False,86.00000000000946,7.35672569960947e-10
healthy_lfp_ses-646,healthy,False,86.50000000000952,6.136457968783459e-10
healthy_lfp_ses-646,healthy,False,87.00000000000958,4.496252870196449e-10
healthy_lfp_ses-646,healthy,False,87.50000000000963,5.119983917563463e-10
healthy_lfp_ses-646,healthy,False,88.00000000000969,6.442998763401651e-10
healthy_lfp_ses-646,healthy,False,88.50000000000975,4.4003639471654974e-10
healthy_lfp_ses-646,healthy,False,89.0000000000098,4.3748631288376674e-10
healthy_lfp_ses-646,healthy,False,89.50000000000986,4.3193577600999136e-10
healthy_lfp_ses-646,healthy,False,90.00000000000992,3.6589394419628843e-10
healthy_lfp_ses-646,healthy,False,90.50000000000996,3.1853108231469593e-10
healthy_lfp_ses-646,healthy,False,91.00000000001002,3.2928929460871924e-10
healthy_lfp_ses-646,healthy,False,91.50000000001008,4.1940541891477974e-10
healthy_lfp_ses-646,healthy,False,92.00000000001013,4.803076296847106e-10
healthy_lfp_ses-646,healthy,False,92.50000000001019,3.013595131020268e-10
healthy_lfp_ses-646,healthy,False,93.00000000001025,2.8358240364712117e-10
healthy_lfp_ses-646,healthy,False,93.5000000000103,3.581113453768559e-10
healthy_lfp_ses-646,healthy,False,94.00000000001035,5.21779271863124e-10
healthy_lfp_ses-646,healthy,False,94.5000000000104,4.910547377842644e-10
healthy_lfp_ses-646,healthy,False,95.00000000001046,4.944553732505403e-10
healthy_lfp_ses-646,healthy,False,95.50000000001052,4.0959100291764933e-10
healthy_lfp_ses-646,healthy,False,96.00000000001057,3.819299951194303e-10
healthy_lfp_ses-646,healthy,False,96.50000000001063,4.527831730246666e-10
healthy_lfp_ses-646,healthy,False,97.00000000001069,3.68318946917147e-10
healthy_lfp_ses-646,healthy,False,97.50000000001074,3.5853984687659634e-10
healthy_lfp_ses-646,healthy,False,98.0000000000108,4.2643938914832336e-10
healthy_lfp_ses-646,healthy,False,98.50000000001084,4.253081344007076e-10
healthy_lfp_ses-646,healthy,False,99.0000000000109,4.658401368363819e-10
healthy_lfp_ses-646,healthy,False,99.50000000001096,4.855430067133618e-10
healthy_lfp_ses-78,healthy,False,0.0,5.103175092756761e-10
healthy_lfp_ses-78,healthy,False,0.5000000000000551,2.4444992259138255e-09
healthy_lfp_ses-78,healthy,False,1.0000000000001101,4.869713046556466e-09
healthy_lfp_ses-78,healthy,False,1.5000000000001652,1.2199176880884133e-08
healthy_lfp_ses-78,healthy,False,2.0000000000002203,1.1677486909586463e-08
healthy_lfp_ses-78,healthy,False,2.5000000000002753,5.056515905063864e-09
healthy_lfp_ses-78,healthy,False,3.0000000000003304,3.5971307343067735e-09
healthy_lfp_ses-78,healthy,False,3.5000000000003855,3.1426148346116783e-09
healthy_lfp_ses-78,healthy,False,4.0000000000004405,2.5118896935685624e-09
healthy_lfp_ses-78,healthy,False,4.500000000000496,2.934892959313911e-09
healthy_lfp_ses-78,healthy,False,5.000000000000551,3.839025824779365e-09
healthy_lfp_ses-78,healthy,False,5.500000000000606,5.734874705154558e-09
healthy_lfp_ses-78,healthy,False,6.000000000000661,4.601186860999989e-09
healthy_lfp_ses-78,healthy,False,6.500000000000716,3.6094600050009905e-09
healthy_lfp_ses-78,healthy,False,7.000000000000771,3.0927586429241204e-09
healthy_lfp_ses-78,healthy,False,7.500000000000826,2.655766384333564e-09
healthy_lfp_ses-78,healthy,False,8.000000000000881,2.6844206445622295e-09
healthy_lfp_ses-78,healthy,False,8.500000000000936,2.4843622936013793e-09
healthy_lfp_ses-78,healthy,False,9.000000000000991,2.3924200147338237e-09
healthy_lfp_ses-78,healthy,False,9.500000000001046,2.3007106049497965e-09
healthy_lfp_ses-78,healthy,False,10.000000000001101,2.818494955479792e-09
healthy_lfp_ses-78,healthy,False,10.500000000001156,2.5122565525519145e-09
healthy_lfp_ses-78,healthy,False,11.000000000001211,1.807245111493249e-09
healthy_lfp_ses-78,healthy,False,11.500000000001267,2.0709710745624867e-09
healthy_lfp_ses-78,healthy,False,12.000000000001322,2.1245121493310508e-09
healthy_lfp_ses-78,healthy,False,12.500000000001377,1.8547058778804539e-09
healthy_lfp_ses-78,healthy,False,13.000000000001432,1.8797068160002507e-09
healthy_lfp_ses-78,healthy,False,13.500000000001487,2.0618673335441686e-09
healthy_lfp_ses-78,healthy,False,14.000000000001542,3.254797437654118e-09
healthy_lfp_ses-78,healthy,False,14.500000000001597,2.9203127304315895e-09
healthy_lfp_ses-78,healthy,False,15.000000000001652,2.1364004445649915e-09
healthy_lfp_ses-78,healthy,False,15.500000000001707,1.7135183449992022e-09
healthy_lfp_ses-78,healthy,False,16.000000000001762,1.7391201414406888e-09
healthy_lfp_ses-78,healthy,False,16.50000000000182,2.026548438251394e-09
healthy_lfp_ses-78,healthy,False,17.000000000001872,2.0290715448161546e-09
healthy_lfp_ses-78,healthy,False,17.500000000001926,1.916710372580147e-09
healthy_lfp_ses-78,healthy,False,18.000000000001982,2.257295184763967e-09
healthy_lfp_ses-78,healthy,False,18.50000000000204,2.124234222254182e-09
healthy_lfp_ses-78,healthy,False,19.000000000002093,1.8776934761672534e-09
healthy_lfp_ses-78,healthy,False,19.500000000002146,1.994950958095429e-09
healthy_lfp_ses-78,healthy,False,20.000000000002203,1.4995265659967446e-09
healthy_lfp_ses-78,healthy,False,20.50000000000226,1.5036972904275815e-09
healthy_lfp_ses-78,healthy,False,21.000000000002313,1.0051022525394528e-09
healthy_lfp_ses-78,healthy,False,21.500000000002366,1.0810706965434183e-09
healthy_lfp_ses-78,healthy,False,22.000000000002423,1.5762239876771506e-09
healthy_lfp_ses-78,healthy,False,22.50000000000248,1.3633389207877929e-09
healthy_lfp_ses-78,healthy,False,23.000000000002533,1.2929813860375003e-09
healthy_lfp_ses-78,healthy,False,23.500000000002586,1.4159608951459468e-09
healthy_lfp_ses-78,healthy,False,24.000000000002643,1.389412706105642e-09
healthy_lfp_ses-78,healthy,False,24.5000000000027,1.3066175610344866e-09
healthy_lfp_ses-78,healthy,False,25.000000000002753,1.592369633900484e-09
healthy_lfp_ses-78,healthy,False,25.500000000002807,4.588038048652544e-09
healthy_lfp_ses-78,healthy,False,26.000000000002863,9.980737901902609e-09
healthy_lfp_ses-78,healthy,False,26.50000000000292,9.302254713600738e-09
healthy_lfp_ses-78,healthy,False,27.000000000002974,4.861916960000238e-09
healthy_lfp_ses-78,healthy,False,27.500000000003027,3.2281805610303018e-09
healthy_lfp_ses-78,healthy,False,28.000000000003084,4.32334560356637e-09
healthy_lfp_ses-78,healthy,False,28.50000000000314,3.06511341210881e-09
healthy_lfp_ses-78,healthy,False,29.000000000003194,2.0982202653804527e-09
healthy_lfp_ses-78,healthy,False,29.500000000003247,2.3888818557747033e-09
healthy_lfp_ses-78,healthy,False,30.000000000003304,2.4930400366168806e-09
healthy_lfp_ses-78,healthy,False,30.50000000000336,1.9710195704038755e-09
healthy_lfp_ses-78,healthy,False,31.000000000003414,2.000980132921012e-09
healthy_lfp_ses-78,healthy,False,31.500000000003467,1.8440733064927725e-09
healthy_lfp_ses-78,healthy,False,32.000000000003524,1.15671583089222e-09
healthy_lfp_ses-78,healthy,False,32.50000000000358,1.1114776232560121e-09
healthy_lfp_ses-78,healthy,False,33.00000000000364,1.6693937184009683e-09
healthy_lfp_ses-78,healthy,False,33.50000000000369,1.25127692124901e-09
healthy_lfp_ses-78,healthy,False,34.000000000003745,7.475748741894351e-10
healthy_lfp_ses-78,healthy,False,34.5000000000038,7.267596461498134e-10
healthy_lfp_ses-78,healthy,False,35.00000000000385,8.40293244439083e-10
healthy_lfp_ses-78,healthy,False,35.50000000000391,8.509397428464008e-10
healthy_lfp_ses-78,healthy,False,36.000000000003965,9.183255913949826e-10
healthy_lfp_ses-78,healthy,False,36.50000000000402,9.64298629448047e-10
healthy_lfp_ses-78,healthy,False,37.00000000000408,1.1037088760212688e-09
healthy_lfp_ses-78,healthy,False,37.50000000000413,1.0764804097132011e-09
healthy_lfp_ses-78,healthy,False,38.000000000004185,1.143648093639111e-09
healthy_lfp_ses-78,healthy,False,38.50000000000424,1.1884673517476557e-09
healthy_lfp_ses-78,healthy,False,39.00000000000429,1.232068124420862e-09
healthy_lfp_ses-78,healthy,False,39.50000000000435,1.0218274027248955e-09
healthy_lfp_ses-78,healthy,False,40.000000000004405,1.0886298852763435e-09
healthy_lfp_ses-78,healthy,False,40.50000000000446,9.175366408813986e-10
healthy_lfp_ses-78,healthy,False,41.00000000000452,8.143100703932633e-10
healthy_lfp_ses-78,healthy,False,41.50000000000457,6.721117933018772e-10
healthy_lfp_ses-78,healthy,False,42.000000000004626,7.568717247876566e-10
healthy_lfp_ses-78,healthy,False,42.50000000000468,5.631115874155097e-10
healthy_lfp_ses-78,healthy,False,43.00000000000473,5.122559262248158e-10
healthy_lfp_ses-78,healthy,False,43.50000000000479,7.73559468257625e-10
healthy_lfp_ses-78,healthy,False,44.000000000004846,8.390845147715033e-10
healthy_lfp_ses-78,healthy,False,44.5000000000049,7.221675344628286e-10
healthy_lfp_ses-78,healthy,False,45.00000000000496,6.942558700377094e-10
healthy_lfp_ses-78,healthy,False,45.50000000000501,5.169319062253866e-10
healthy_lfp_ses-78,healthy,False,46.000000000005066,6.665458348717661e-10
healthy_lfp_ses-78,healthy,False,46.50000000000512,9.602137377627042e-10
healthy_lfp_ses-78,healthy,False,47.00000000000517,9.802879112421336e-10
healthy_lfp_ses-78,healthy,False,47.50000000000523,7.651910212975721e-10
healthy_lfp_ses-78,healthy,False,48.000000000005286,6.57542621683799e-10
healthy_lfp_ses-78,healthy,False,48.50000000000534,5.291351411246711e-10
healthy_lfp_ses-78,healthy,False,49.0000000000054,7.524284205485553e-10
healthy_lfp_ses-78,healthy,False,49.50000000000545,7.662699671032116e-10
healthy_lfp_ses-78,healthy,False,50.00000000000551,7.933883160221719e-10
healthy_lfp_ses-78,healthy,False,50.50000000000556,7.04097845166258e-10
healthy_lfp_ses-78,healthy,False,51.00000000000561,6.659522277642169e-10
healthy_lfp_ses-78,healthy,False,51.50000000000567,9.146326116687541e-10
healthy_lfp_ses-78,healthy,False,52.00000000000573,1.083828915410317e-09
healthy_lfp_ses-78,healthy,False,52.500000000005784,9.142093508457235e-10
healthy_lfp_ses-78,healthy,False,53.00000000000584,1.243719094378117e-09
healthy_lfp_ses-78,healthy,False,53.50000000000589,1.1125648636154423e-09
healthy_lfp_ses-78,healthy,False,54.00000000000595,1.075121367258549e-09
healthy_lfp_ses-78,healthy,False,54.500000000006004,1.0112560652448128e-09
healthy_lfp_ses-78,healthy,False,55.000000000006054,7.302537181282659e-10
healthy_lfp_ses-78,healthy,False,55.50000000000611,8.43763911684346e-10
healthy_lfp_ses-78,healthy,False,56.00000000000617,9.588857972558334e-10
healthy_lfp_ses-78,healthy,False,56.500000000006224,1.0167402775819374e-09
healthy_lfp_ses-78,healthy,False,57.00000000000628,8.670841855046159e-10
healthy_lfp_ses-78,healthy,False,57.50000000000633,8.296072861505425e-10
healthy_lfp_ses-78,healthy,False,58.00000000000639,1.0127476403452479e-09
healthy_lfp_ses-78,healthy,False,58.500000000006445,9.705511719979975e-10
healthy_lfp_ses-78,healthy,False,59.000000000006494,5.90536263726865e-10
healthy_lfp_ses-78,healthy,False,59.50000000000655,5.835960607892494e-10
healthy_lfp_ses-78,healthy,False,60.00000000000661,7.92970864143506e-10
healthy_lfp_ses-78,healthy,False,60.500000000006665,7.883713859305465e-10
healthy_lfp_ses-78,healthy,False,61.00000000000672,5.790418458110172e-10
healthy_lfp_ses-78,healthy,False,61.50000000000677,7.676649505674472e-10
healthy_lfp_ses-78,healthy,False,62.00000000000683,1.065976957919593e-09
healthy_lfp_ses-78,healthy,False,62.500000000006885,8.320807124718366e-10
healthy_lfp_ses-78,healthy,False,63.000000000006935,6.330880141281485e-10
healthy_lfp_ses-78,healthy,False,63.50000000000699,6.225192785079761e-10
healthy_lfp_ses-78,healthy,False,64.00000000000705,6.206491804951503e-10
healthy_lfp_ses-78,healthy,False,64.5000000000071,5.461633474375012e-10
healthy_lfp_ses-78,healthy,False,65.00000000000716,7.656290422060751e-10
healthy_lfp_ses-78,healthy,False,65.50000000000722,7.290043210257722e-10
healthy_lfp_ses-78,healthy,False,66.00000000000728,5.364538970247136e-10
healthy_lfp_ses-78,healthy,False,66.50000000000732,5.854532679738301e-10
healthy_lfp_ses-78,healthy,False,67.00000000000738,4.574396227869197e-10
healthy_lfp_ses-78,healthy,False,67.50000000000743,3.892666133946197e-10
healthy_lfp_ses-78,healthy,False,68.00000000000749,5.724617411061737e-10
healthy_lfp_ses-78,healthy,False,68.50000000000755,6.032780148057949e-10
healthy_lfp_ses-78,healthy,False,69.0000000000076,5.239199822672864e-10
healthy_lfp_ses-78,healthy,False,69.50000000000766,6.136296878270555e-10
healthy_lfp_ses-78,healthy,False,70.0000000000077,5.994986308991717e-10
healthy_lfp_ses-78,healthy,False,70.50000000000776,5.172319850730148e-10
healthy_lfp_ses-78,healthy,False,71.00000000000782,5.655521582431523e-10
healthy_lfp_ses-78,healthy,False,71.50000000000787,6.114934402117693e-10
healthy_lfp_ses-78,healthy,False,72.00000000000793,5.23462795911959e-10
healthy_lfp_ses-78,healthy,False,72.50000000000799,6.450237228626128e-10
healthy_lfp_ses-78,healthy,False,73.00000000000804,5.881410993830123e-10
healthy_lfp_ses-78,healthy,False,73.5000000000081,6.774361986209819e-10
healthy_lfp_ses-78,healthy,False,74.00000000000816,6.657830955373656e-10
healthy_lfp_ses-78,healthy,False,74.5000000000082,5.895292020703316e-10
healthy_lfp_ses-78,healthy,False,75.00000000000826,4.362488580675668e-10
healthy_lfp_ses-78,healthy,False,75.50000000000831,4.338672619107292e-10
healthy_lfp_ses-78,healthy,False,76.00000000000837,7.166417762225156e-10
healthy_lfp_ses-78,healthy,False,76.50000000000843,6.365509516175787e-10
healthy_lfp_ses-78,healthy,False,77.00000000000848,6.504898832301483e-10
healthy_lfp_ses-78,healthy,False,77.50000000000854,7.27850352453662e-10
healthy_lfp_ses-78,healthy,False,78.00000000000858,5.78001878042533e-10
healthy_lfp_ses-78,healthy,False,78.50000000000864,4.6401387398655277e-10
healthy_lfp_ses-78,healthy,False,79.0000000000087,5.573555272987411e-10
healthy_lfp_ses-78,healthy,False,79.50000000000875,6.619975078333825e-10
healthy_lfp_ses-78,healthy,False,80.00000000000881,9.43675961007965e-10
healthy_lfp_ses-78,healthy,False,80.50000000000887,8.38789853558711e-10
healthy_lfp_ses-78,healthy,False,81.00000000000892,7.586986421557034e-10
healthy_lfp_ses-78,healthy,False,81.50000000000898,6.918696682629882e-10
healthy_lfp_ses-78,healthy,False,82.00000000000904,6.889514993258582e-10
healthy_lfp_ses-78,healthy,False,82.50000000000908,6.106098768540802e-10
healthy_lfp_ses-78,healthy,False,83.00000000000914,5.228380697576227e-10
healthy_lfp_ses-78,healthy,False,83.5000000000092,4.713481269678494e-10
healthy_lfp_ses-78,healthy,False,84.00000000000925,6.695952736614431e-10
healthy_lfp_ses-78,healthy,False,84.50000000000931,3.804325715817144e-10
healthy_lfp_ses-78,healthy,False,85.00000000000936,4.78748220703382e-10
healthy_lfp_ses-78,healthy,False,85.50000000000942,7.068303396541312e-10
healthy_lfp_ses-78,healthy,False,86.00000000000946,7.35672569960947e-10
healthy_lfp_ses-78,healthy,False,86.50000000000952,6.136457968783459e-10
healthy_lfp_ses-78,healthy,False,87.00000000000958,4.496252870196449e-10
healthy_lfp_ses-78,healthy,False,87.50000000000963,5.119983917563463e-10
healthy_lfp_ses-78,healthy,False,88.00000000000969,6.442998763401651e-10
healthy_lfp_ses-78,healthy,False,88.50000000000975,4.4003639471654974e-10
healthy_lfp_ses-78,healthy,False,89.0000000000098,4.3748631288376674e-10
healthy_lfp_ses-78,healthy,False,89.50000000000986,4.3193577600999136e-10
healthy_lfp_ses-78,healthy,False,90.00000000000992,3.6589394419628843e-10
healthy_lfp_ses-78,healthy,False,90.50000000000996,3.1853108231469593e-10
healthy_lfp_ses-78,healthy,False,91.00000000001002,3.2928929460871924e-10
healthy_lfp_ses-78,healthy,False,91.50000000001008,4.1940541891477974e-10
healthy_lfp_ses-78,healthy,False,92.00000000001013,4.803076296847106e-10
healthy_lfp_ses-78,healthy,False,92.50000000001019,3.013595131020268e-10
healthy_lfp_ses-78,healthy,False,93.00000000001025,2.8358240364712117e-10
healthy_lfp_ses-78,healthy,False,93.5000000000103,3.581113453768559e-10
healthy_lfp_ses-78,healthy,False,94.00000000001035,5.21779271863124e-10
healthy_lfp_ses-78,healthy,False,94.5000000000104,4.910547377842644e-10
healthy_lfp_ses-78,healthy,False,95.00000000001046,4.944553732505403e-10
healthy_lfp_ses-78,healthy,False,95.50000000001052,4.0959100291764933e-10
healthy_lfp_ses-78,healthy,False,96.00000000001057,3.819299951194303e-10
healthy_lfp_ses-78,healthy,False,96.50000000001063,4.527831730246666e-10
healthy_lfp_ses-78,healthy,False,97.00000000001069,3.68318946917147e-10
healthy_lfp_ses-78,healthy,False,97.50000000001074,3.5853984687659634e-10
healthy_lfp_ses-78,healthy,False,98.0000000000108,4.2643938914832336e-10
healthy_lfp_ses-78,healthy,False,98.50000000001084,4.253081344007076e-10
healthy_lfp_ses-78,healthy,False,99.0000000000109,4.658401368363819e-10
healthy_lfp_ses-78,healthy,False,99.50000000001096,4.855430067133618e-10
parkinsonian_lfp_ses-111,parkinsonian,True,0.0,5.599685752586274e-10
parkinsonian_lfp_ses-111,parkinsonian,True,0.5000000000000551,2.8931638984151666e-09
parkinsonian_lfp_ses-111,parkinsonian,True,1.0000000000001101,3.921191167757955e-09
parkinsonian_lfp_ses-111,parkinsonian,True,1.5000000000001652,6.700850479021453e-09
parkinsonian_lfp_ses-111,parkinsonian,True,2.0000000000002203,5.572058364818836e-09
parkinsonian_lfp_ses-111,parkinsonian,True,2.5000000000002753,4.932821343064483e-09
parkinsonian_lfp_ses-111,parkinsonian,True,3.0000000000003304,4.2000843224078976e-09
parkinsonian_lfp_ses-111,parkinsonian,True,3.5000000000003855,3.842372172623358e-09
parkinsonian_lfp_ses-111,parkinsonian,True,4.0000000000004405,3.907141619425959e-09
parkinsonian_lfp_ses-111,parkinsonian,True,4.500000000000496,4.32642796734276e-09
parkinsonian_lfp_ses-111,parkinsonian,True,5.000000000000551,3.7237447099857852e-09
parkinsonian_lfp_ses-111,parkinsonian,True,5.500000000000606,3.365212165339458e-09
parkinsonian_lfp_ses-111,parkinsonian,True,6.000000000000661,2.6065552058515582e-09
parkinsonian_lfp_ses-111,parkinsonian,True,6.500000000000716,2.734427549494321e-09
parkinsonian_lfp_ses-111,parkinsonian,True,7.000000000000771,3.115123192809951e-09
parkinsonian_lfp_ses-111,parkinsonian,True,7.500000000000826,3.662718561267846e-09
parkinsonian_lfp_ses-111,parkinsonian,True,8.000000000000881,3.2015107733147596e-09
parkinsonian_lfp_ses-111,parkinsonian,True,8.500000000000936,2.937031553939288e-09
parkinsonian_lfp_ses-111,parkinsonian,True,9.000000000000991,2.6126535967502807e-09
parkinsonian_lfp_ses-111,parkinsonian,True,9.500000000001046,2.6980848400449286e-09
parkinsonian_lfp_ses-111,parkinsonian,True,10.000000000001101,2.7886991277972124e-09
parkinsonian_lfp_ses-111,parkinsonian,True,10.500000000001156,3.4406965297639673e-09
parkinsonian_lfp_ses-111,parkinsonian,True,11.000000000001211,3.079002262928846e-09
parkinsonian_lfp_ses-111,parkinsonian,True,11.500000000001267,2.3012860678577036e-09
parkinsonian_lfp_ses-111,parkinsonian,True,12.000000000001322,2.2380512288663312e-09
parkinsonian_lfp_ses-111,parkinsonian,True,12.500000000001377,2.4740928017605176e-09
parkinsonian_lfp_ses-111,parkinsonian,True,13.000000000001432,2.968690125757752e-09
parkinsonian_lfp_ses-111,parkinsonian,True,13.500000000001487,3.409384777050189e-09
parkinsonian_lfp_ses-111,parkinsonian,True,14.000000000001542,4.1273917208872744e-09
parkinsonian_lfp_ses-111,parkinsonian,True,14.500000000001597,3.946009925996686e-09
parkinsonian_lfp_ses-111,parkinsonian,True,15.000000000001652,3.34312298655623e-09
parkinsonian_lfp_ses-111,parkinsonian,True,15.500000000001707,2.7593023055320864e-09
parkinsonian_lfp_ses-111,parkinsonian,True,16.000000000001762,2.415633160155582e-09
parkinsonian_lfp_ses-111,parkinsonian,True,16.50000000000182,3.249664407822445e-09
parkinsonian_lfp_ses-111,parkinsonian,True,17.000000000001872,5.125496178427058e-09
parkinsonian_lfp_ses-111,parkinsonian,True,17.500000000001926,7.713510569349886e-09
parkinsonian_lfp_ses-111,parkinsonian,True,18.000000000001982,4.573805222403075e-09
parkinsonian_lfp_ses-111,parkinsonian,True,18.50000000000204,3.9521153668980905e-09
parkinsonian_lfp_ses-111,parkinsonian,True,19.000000000002093,4.760344083868209e-09
parkinsonian_lfp_ses-111,parkinsonian,True,19.500000000002146,3.6485349446436345e-09
parkinsonian_lfp_ses-111,parkinsonian,True,20.000000000002203,3.3785845914385007e-09
parkinsonian_lfp_ses-111,parkinsonian,True,20.50000000000226,4.380470781746127e-09
parkinsonian_lfp_ses-111,parkinsonian,True,21.000000000002313,4.9784987048192925e-09
parkinsonian_lfp_ses-111,parkinsonian,True,21.500000000002366,5.815868855506785e-09
parkinsonian_lfp_ses-111,parkinsonian,True,22.000000000002423,5.546262513582549e-09
parkinsonian_lfp_ses-111,parkinsonian,True,22.50000000000248,4.436972694881642e-09
parkinsonian_lfp_ses-111,parkinsonian,True,23.000000000002533,3.893819728699447e-09
parkinsonian_lfp_ses-111,parkinsonian,True,23.500000000002586,4.246876870405645e-09
parkinsonian_lfp_ses-111,parkinsonian,True,24.000000000002643,5.972976205378984e-09
parkinsonian_lfp_ses-111,parkinsonian,True,24.5000000000027,1.9962596417058253e-08
parkinsonian_lfp_ses-111,parkinsonian,True,25.000000000002753,3.2726261096635374e-08
parkinsonian_lfp_ses-111,parkinsonian,True,25.500000000002807,2.675231903630765e-08
parkinsonian_lfp_ses-111,parkinsonian,True,26.000000000002863,2.315546163005858e-08
parkinsonian_lfp_ses-111,parkinsonian,True,26.50000000000292,1.6496631218501377e-08
parkinsonian_lfp_ses-111,parkinsonian,True,27.000000000002974,9.491394433842987e-09
parkinsonian_lfp_ses-111,parkinsonian,True,27.500000000003027,5.0298741422787585e-09
parkinsonian_lfp_ses-111,parkinsonian,True,28.000000000003084,7.669448186980946e-09
parkinsonian_lfp_ses-111,parkinsonian,True,28.50000000000314,5.775282922533767e-09
parkinsonian_lfp_ses-111,parkinsonian,True,29.000000000003194,3.964667131254724e-09
parkinsonian_lfp_ses-111,parkinsonian,True,29.500000000003247,3.395766292652402e-09
parkinsonian_lfp_ses-111,parkinsonian,True,30.000000000003304,4.484007949830145e-09
parkinsonian_lfp_ses-111,parkinsonian,True,30.50000000000336,3.3204593601428834e-09
parkinsonian_lfp_ses-111,parkinsonian,True,31.000000000003414,2.5880130408507205e-09
parkinsonian_lfp_ses-111,parkinsonian,True,31.500000000003467,2.6984039520693595e-09
parkinsonian_lfp_ses-111,parkinsonian,True,32.000000000003524,2.122102854934974e-09
parkinsonian_lfp_ses-111,parkinsonian,True,32.50000000000358,2.315056109846687e-09
parkinsonian_lfp_ses-111,parkinsonian,True,33.00000000000364,2.1790491085440403e-09
parkinsonian_lfp_ses-111,parkinsonian,True,33.50000000000369,2.14021368140895e-09
parkinsonian_lfp_ses-111,parkinsonian,True,34.000000000003745,2.257364336208149e-09
parkinsonian_lfp_ses-111,parkinsonian,True,34.5000000000038,2.545080303705109e-09
parkinsonian_lfp_ses-111,parkinsonian,True,35.00000000000385,1.7332024786399542e-09
parkinsonian_lfp_ses-111,parkinsonian,True,35.50000000000391,1.3906272375888412e-09
parkinsonian_lfp_ses-111,parkinsonian,True,36.000000000003965,1.8931249473454352e-09
parkinsonian_lfp_ses-111,parkinsonian,True,36.50000000000402,2.0184287801618556e-09
parkinsonian_lfp_ses-111,parkinsonian,True,37.00000000000408,2.0123664158574893e-09
parkinsonian_lfp_ses-111,parkinsonian,True,37.50000000000413,1.7711716173297305e-09
parkinsonian_lfp_ses-111,parkinsonian,True,38.000000000004185,2.0577699145426247e-09
parkinsonian_lfp_ses-111,parkinsonian,True,38.50000000000424,2.4240316565981266e-09
parkinsonian_lfp_ses-111,parkinsonian,True,39.00000000000429,2.5159716110271233e-09
parkinsonian_lfp_ses-111,parkinsonian,True,39.50000000000435,1.992880130265981e-09
parkinsonian_lfp_ses-111,parkinsonian,True,40.000000000004405,2.0634995660538837e-09
parkinsonian_lfp_ses-111,parkinsonian,True,40.50000000000446,1.8628051407443082e-09
parkinsonian_lfp_ses-111,parkinsonian,True,41.00000000000452,1.7561559865190685e-09
parkinsonian_lfp_ses-111,parkinsonian,True,41.50000000000457,1.8363860334077724e-09
parkinsonian_lfp_ses-111,parkinsonian,True,42.000000000004626,2.0870498445345874e-09
parkinsonian_lfp_ses-111,parkinsonian,True,42.50000000000468,1.6989291393318462e-09
parkinsonian_lfp_ses-111,parkinsonian,True,43.00000000000473,1.4060327108202727e-09
parkinsonian_lfp_ses-111,parkinsonian,True,43.50000000000479,1.6961919004324942e-09
parkinsonian_lfp_ses-111,parkinsonian,True,44.000000000004846,2.2496056774685674e-09
parkinsonian_lfp_ses-111,parkinsonian,True,44.5000000000049,2.0687313066480917e-09
parkinsonian_lfp_ses-111,parkinsonian,True,45.00000000000496,1.7465090610188859e-09
parkinsonian_lfp_ses-111,parkinsonian,True,45.50000000000501,1.705035158798243e-09
parkinsonian_lfp_ses-111,parkinsonian,True,46.000000000005066,2.3120740053378857e-09
parkinsonian_lfp_ses-111,parkinsonian,True,46.50000000000512,2.2869207813382545e-09
parkinsonian_lfp_ses-111,parkinsonian,True,47.00000000000517,1.8442204720589076e-09
parkinsonian_lfp_ses-111,parkinsonian,True,47.50000000000523,1.4992862614981982e-09
parkinsonian_lfp_ses-111,parkinsonian,True,48.000000000005286,2.2304857137983802e-09
parkinsonian_lfp_ses-111,parkinsonian,True,48.50000000000534,1.9250463244063777e-09
parkinsonian_lfp_ses-111,parkinsonian,True,49.0000000000054,2.2479383612727643e-09
parkinsonian_lfp_ses-111,parkinsonian,True,49.50000000000545,3.1431030153025263e-09
parkinsonian_lfp_ses-111,parkinsonian,True,50.00000000000551,3.955881889677029e-09
parkinsonian_lfp_ses-111,parkinsonian,True,50.50000000000556,3.2432763942368702e-09
parkinsonian_lfp_ses-111,parkinsonian,True,51.00000000000561,2.408960580976854e-09
parkinsonian_lfp_ses-111,parkinsonian,True,51.50000000000567,2.4185446218196812e-09
parkinsonian_lfp_ses-111,parkinsonian,True,52.00000000000573,2.5529191456869145e-09
parkinsonian_lfp_ses-111,parkinsonian,True,52.500000000005784,2.119173598675311e-09
parkinsonian_lfp_ses-111,parkinsonian,True,53.00000000000584,2.7434314980798677e-09
parkinsonian_lfp_ses-111,parkinsonian,True,53.50000000000589,2.4338535017026898e-09
parkinsonian_lfp_ses-111,parkinsonian,True,54.00000000000595,2.0764263423541513e-09
parkinsonian_lfp_ses-111,parkinsonian,True,54.500000000006004,2.3474371580126126e-09
parkinsonian_lfp_ses-111,parkinsonian,True,55.000000000006054,2.355151348526861e-09
parkinsonian_lfp_ses-111,parkinsonian,True,55.50000000000611,1.9144292540082403e-09
parkinsonian_lfp_ses-111,parkinsonian,True,56.00000000000617,2.0339971047321164e-09
parkinsonian_lfp_ses-111,parkinsonian,True,56.500000000006224,1.90159375836511e-09
parkinsonian_lfp_ses-111,parkinsonian,True,57.00000000000628,1.6727045976489184e-09
parkinsonian_lfp_ses-111,parkinsonian,True,57.50000000000633,1.6680838937490926e-09
parkinsonian_lfp_ses-111,parkinsonian,True,58.00000000000639,2.160484407393099e-09
parkinsonian_lfp_ses-111,parkinsonian,True,58.500000000006445,2.086407786323292e-09
parkinsonian_lfp_ses-111,parkinsonian,True,59.000000000006494,1.684654519313459e-09
parkinsonian_lfp_ses-111,parkinsonian,True,59.50000000000655,1.2963767234229748e-09
parkinsonian_lfp_ses-111,parkinsonian,True,60.00000000000661,1.343708458942946e-09
parkinsonian_lfp_ses-111,parkinsonian,True,60.500000000006665,1.3596427015414423e-09
parkinsonian_lfp_ses-111,parkinsonian,True,61.00000000000672,1.277626187089431e-09
parkinsonian_lfp_ses-111,parkinsonian,True,61.50000000000677,1.994370299934689e-09
parkinsonian_lfp_ses-111,parkinsonian,True,62.00000000000683,1.8166679100954526e-09
parkinsonian_lfp_ses-111,parkinsonian,True,62.500000000006885,1.5851383562550898e-09
parkinsonian_lfp_ses-111,parkinsonian,True,63.000000000006935,1.2333013268055689e-09
parkinsonian_lfp_ses-111,parkinsonian,True,63.50000000000699,1.2537293210421355e-09
parkinsonian_lfp_ses-111,parkinsonian,True,64.00000000000705,1.3680676933197244e-09
parkinsonian_lfp_ses-111,parkinsonian,True,64.5000000000071,1.789479981527569e-09
parkinsonian_lfp_ses-111,parkinsonian,True,65.00000000000716,2.016614393034267e-09
parkinsonian_lfp_ses-111,parkinsonian,True,65.50000000000722,1.951978027807219e-09
parkinsonian_lfp_ses-111,parkinsonian,True,66.00000000000728,1.5787607047480077e-09
parkinsonian_lfp_ses-111,parkinsonian,True,66.50000000000732,1.7434299817775728e-09
parkinsonian_lfp_ses-111,parkinsonian,True,67.00000000000738,1.3660728634621712e-09
parkinsonian_lfp_ses-111,parkinsonian,True,67.50000000000743,1.2134978278195594e-09
parkinsonian_lfp_ses-111,parkinsonian,True,68.00000000000749,1.532342581112694e-09
parkinsonian_lfp_ses-111,parkinsonian,True,68.50000000000755,1.4879510653037336e-09
parkinsonian_lfp_ses-111,parkinsonian,True,69.0000000000076,1.7100468278757864e-09
parkinsonian_lfp_ses-111,parkinsonian,True,69.50000000000766,1.647178228824521e-09
parkinsonian_lfp_ses-111,parkinsonian,True,70.0000000000077,1.8677266449409525e-09
parkinsonian_lfp_ses-111,parkinsonian,True,70.50000000000776,1.6147792109296628e-09
parkinsonian_lfp_ses-111,parkinsonian,True,71.00000000000782,1.373067150109265e-09
parkinsonian_lfp_ses-111,parkinsonian,True,71.50000000000787,1.3079279913514487e-09
parkinsonian_lfp_ses-111,parkinsonian,True,72.00000000000793,1.1748112010203661e-09
parkinsonian_lfp_ses-111,parkinsonian,True,72.50000000000799,1.6612386614402143e-09
parkinsonian_lfp_ses-111,parkinsonian,True,73.00000000000804,1.7077513205657962e-09
parkinsonian_lfp_ses-111,parkinsonian,True,73.5000000000081,1.5439515356179835e-09
parkinsonian_lfp_ses-111,parkinsonian,True,74.00000000000816,1.464878761095148e-09
parkinsonian_lfp_ses-111,parkinsonian,True,74.5000000000082,1.890482809452778e-09
parkinsonian_lfp_ses-111,parkinsonian,True,75.00000000000826,1.8691357751008274e-09
parkinsonian_lfp_ses-111,parkinsonian,True,75.50000000000831,1.7055192400481314e-09
parkinsonian_lfp_ses-111,parkinsonian,True,76.00000000000837,1.565721397740658e-09
parkinsonian_lfp_ses-111,parkinsonian,True,76.50000000000843,1.3578432620563499e-09
parkinsonian_lfp_ses-111,parkinsonian,True,77.00000000000848,1.4818913079280114e-09
parkinsonian_lfp_ses-111,parkinsonian,True,77.50000000000854,1.6018125652771938e-09
parkinsonian_lfp_ses-111,parkinsonian,True,78.00000000000858,1.6251896580862535e-09
parkinsonian_lfp_ses-111,parkinsonian,True,78.50000000000864,1.476916966741369e-09
parkinsonian_lfp_ses-111,parkinsonian,True,79.0000000000087,1.1961319292478401e-09
parkinsonian_lfp_ses-111,parkinsonian,True,79.50000000000875,1.6021289637232833e-09
parkinsonian_lfp_ses-111,parkinsonian,True,80.00000000000881,1.96832429135941e-09
parkinsonian_lfp_ses-111,parkinsonian,True,80.50000000000887,1.6850466107531108e-09
parkinsonian_lfp_ses-111,parkinsonian,True,81.00000000000892,1.5622341813547145e-09
parkinsonian_lfp_ses-111,parkinsonian,True,81.50000000000898,1.6147846954907119e-09
parkinsonian_lfp_ses-111,parkinsonian,True,82.00000000000904,1.7097849206711996e-09
parkinsonian_lfp_ses-111,parkinsonian,True,82.50000000000908,1.5801942153253808e-09
parkinsonian_lfp_ses-111,parkinsonian,True,83.00000000000914,1.951089542138142e-09
parkinsonian_lfp_ses-111,parkinsonian,True,83.5000000000092,1.5099075841680907e-09
parkinsonian_lfp_ses-111,parkinsonian,True,84.00000000000925,1.561679822015425e-09
parkinsonian_lfp_ses-111,parkinsonian,True,84.50000000000931,1.1726617330011637e-09
parkinsonian_lfp_ses-111,parkinsonian,True,85.00000000000936,1.0022466313519775e-09
parkinsonian_lfp_ses-111,parkinsonian,True,85.50000000000942,1.1871434550242419e-09
parkinsonian_lfp_ses-111,parkinsonian,True,86.00000000000946,1.3154703166296658e-09
parkinsonian_lfp_ses-111,parkinsonian,True,86.50000000000952,1.382165109162853e-09
parkinsonian_lfp_ses-111,parkinsonian,True,87.00000000000958,1.3274559914642152e-09
parkinsonian_lfp_ses-111,parkinsonian,True,87.50000000000963,1.397811452780921e-09
parkinsonian_lfp_ses-111,parkinsonian,True,88.00000000000969,1.615700085976829e-09
parkinsonian_lfp_ses-111,parkinsonian,True,88.50000000000975,1.1902798488066399e-09
parkinsonian_lfp_ses-111,parkinsonian,True,89.0000000000098,1.1274989385617578e-09
parkinsonian_lfp_ses-111,parkinsonian,True,89.50000000000986,1.2545197698134717e-09
parkinsonian_lfp_ses-111,parkinsonian,True,90.00000000000992,1.1718132103502685e-09
parkinsonian_lfp_ses-111,parkinsonian,True,90.50000000000996,1.2799159447614867e-09
parkinsonian_lfp_ses-111,parkinsonian,True,91.00000000001002,1.3551378476108363e-09
parkinsonian_lfp_ses-111,parkinsonian,True,91.50000000001008,1.3929145599518758e-09
parkinsonian_lfp_ses-111,parkinsonian,True,92.00000000001013,1.2852852071012508e-09
parkinsonian_lfp_ses-111,parkinsonian,True,92.50000000001019,1.107789734052764e-09
parkinsonian_lfp_ses-111,parkinsonian,True,93.00000000001025,1.0676864115967247e-09
parkinsonian_lfp_ses-111,parkinsonian,True,93.5000000000103,8.276283156487534e-10
parkinsonian_lfp_ses-111,parkinsonian,True,94.00000000001035,9.55351174068897e-10
parkinsonian_lfp_ses-111,parkinsonian,True,94.5000000000104,1.330588966805874e-09
parkinsonian_lfp_ses-111,parkinsonian,True,95.00000000001046,1.508925406463678e-09
parkinsonian_lfp_ses-111,parkinsonian,True,95.50000000001052,1.1598147248618728e-09
parkinsonian_lfp_ses-111,parkinsonian,True,96.00000000001057,1.0209931878943118e-09
parkinsonian_lfp_ses-111,parkinsonian,True,96.50000000001063,1.23451698589855e-09
parkinsonian_lfp_ses-111,parkinsonian,True,97.00000000001069,1.0178462263511534e-09
parkinsonian_lfp_ses-111,parkinsonian,True,97.50000000001074,1.1853687211049116e-09
parkinsonian_lfp_ses-111,parkinsonian,True,98.0000000000108,1.1691918944687404e-09
parkinsonian_lfp_ses-111,parkinsonian,True,98.50000000001084,1.082591280454725e-09
parkinsonian_lfp_ses-111,parkinsonian,True,99.0000000000109,1.0177481012710901e-09
parkinsonian_lfp_ses-111,parkinsonian,True,99.50000000001096,1.0980137711632718e-09
parkinsonian_lfp_ses-112,parkinsonian,True,0.0,9.172369116496173e-10
parkinsonian_lfp_ses-112,parkinsonian,True,0.5000000000000551,4.4857340024181815e-09
parkinsonian_lfp_ses-112,parkinsonian,True,1.0000000000001101,4.0741342473769635e-09
parkinsonian_lfp_ses-112,parkinsonian,True,1.5000000000001652,5.1098798881935664e-09
parkinsonian_lfp_ses-112,parkinsonian,True,2.0000000000002203,5.873153493649937e-09
parkinsonian_lfp_ses-112,parkinsonian,True,2.5000000000002753,6.363138221771156e-09
parkinsonian_lfp_ses-112,parkinsonian,True,3.0000000000003304,5.174274776733926e-09
parkinsonian_lfp_ses-112,parkinsonian,True,3.5000000000003855,5.301392621308376e-09
parkinsonian_lfp_ses-112,parkinsonian,True,4.0000000000004405,3.4633868202396742e-09
parkinsonian_lfp_ses-112,parkinsonian,True,4.500000000000496,2.6605218413941428e-09
parkinsonian_lfp_ses-112,parkinsonian,True,5.000000000000551,3.713436033692645e-09
parkinsonian_lfp_ses-112,parkinsonian,True,5.500000000000606,3.1100860519194738e-09
parkinsonian_lfp_ses-112,parkinsonian,True,6.000000000000661,3.0950797744303095e-09
parkinsonian_lfp_ses-112,parkinsonian,True,6.500000000000716,3.3373833976126146e-09
parkinsonian_lfp_ses-112,parkinsonian,True,7.000000000000771,4.384478243460752e-09
parkinsonian_lfp_ses-112,parkinsonian,True,7.500000000000826,4.066055313967495e-09
parkinsonian_lfp_ses-112,parkinsonian,True,8.000000000000881,3.6092257495502497e-09
parkinsonian_lfp_ses-112,parkinsonian,True,8.500000000000936,2.9063695328618745e-09
parkinsonian_lfp_ses-112,parkinsonian,True,9.000000000000991,2.5828942062396753e-09
parkinsonian_lfp_ses-112,parkinsonian,True,9.500000000001046,2.7631585730188075e-09
parkinsonian_lfp_ses-112,parkinsonian,True,10.000000000001101,4.037564235055129e-09
parkinsonian_lfp_ses-112,parkinsonian,True,10.500000000001156,3.9676653276439984e-09
parkinsonian_lfp_ses-112,parkinsonian,True,11.000000000001211,4.139122608086949e-09
parkinsonian_lfp_ses-112,parkinsonian,True,11.500000000001267,3.3909635856204688e-09
parkinsonian_lfp_ses-112,parkinsonian,True,12.000000000001322,2.9963034153999345e-09
parkinsonian_lfp_ses-112,parkinsonian,True,12.500000000001377,1.99210282765075e-09
parkinsonian_lfp_ses-112,parkinsonian,True,13.000000000001432,2.3842930630448653e-09
parkinsonian_lfp_ses-112,parkinsonian,True,13.500000000001487,2.8018564140384016e-09
parkinsonian_lfp_ses-112,parkinsonian,True,14.000000000001542,3.751541469009096e-09
parkinsonian_lfp_ses-112,parkinsonian,True,14.500000000001597,3.991899942451142e-09
parkinsonian_lfp_ses-112,parkinsonian,True,15.000000000001652,3.833304469349672e-09
parkinsonian_lfp_ses-112,parkinsonian,True,15.500000000001707,3.3067454129268405e-09
parkinsonian_lfp_ses-112,parkinsonian,True,16.000000000001762,2.679246620334706e-09
parkinsonian_lfp_ses-112,parkinsonian,True,16.50000000000182,4.058225737199936e-09
parkinsonian_lfp_ses-112,parkinsonian,True,17.000000000001872,5.158680123953116e-09
parkinsonian_lfp_ses-112,parkinsonian,True,17.500000000001926,5.6100378143092675e-09
parkinsonian_lfp_ses-112,parkinsonian,True,18.000000000001982,3.82254123054889e-09
parkinsonian_lfp_ses-112,parkinsonian,True,18.50000000000204,4.246944536839959e-09
parkinsonian_lfp_ses-112,parkinsonian,True,19.000000000002093,4.467658399254336e-09
parkinsonian_lfp_ses-112,parkinsonian,True,19.500000000002146,4.005458736709882e-09
parkinsonian_lfp_ses-112,parkinsonian,True,20.000000000002203,4.122482086472082e-09
parkinsonian_lfp_ses-112,parkinsonian,True,20.50000000000226,3.6179116456279307e-09
parkinsonian_lfp_ses-112,parkinsonian,True,21.000000000002313,4.1856516796058e-09
parkinsonian_lfp_ses-112,parkinsonian,True,21.500000000002366,3.524695057747702e-09
parkinsonian_lfp_ses-112,parkinsonian,True,22.000000000002423,4.385901955715145e-09
parkinsonian_lfp_ses-112,parkinsonian,True,22.50000000000248,3.892701318986206e-09
parkinsonian_lfp_ses-112,parkinsonian,True,23.000000000002533,3.560151195133853e-09
parkinsonian_lfp_ses-112,parkinsonian,True,23.500000000002586,3.78463308587492e-09
parkinsonian_lfp_ses-112,parkinsonian,True,24.000000000002643,5.273310534454715e-09
parkinsonian_lfp_ses-112,parkinsonian,True,24.5000000000027,1.9315929853977393e-08
parkinsonian_lfp_ses-112,parkinsonian,True,25.000000000002753,3.3320483399872834e-08
parkinsonian_lfp_ses-112,parkinsonian,True,25.500000000002807,3.584801407283867e-08
parkinsonian_lfp_ses-112,parkinsonian,True,26.000000000002863,2.7125713647794038e-08
parkinsonian_lfp_ses-112,parkinsonian,True,26.50000000000292,1.645658600354511e-08
parkinsonian_lfp_ses-112,parkinsonian,True,27.000000000002974,9.7696072721543e-09
parkinsonian_lfp_ses-112,parkinsonian,True,27.500000000003027,5.915522295487204e-09
parkinsonian_lfp_ses-112,parkinsonian,True,28.000000000003084,7.758864261992613e-09
parkinsonian_lfp_ses-112,parkinsonian,True,28.50000000000314,5.582038983984509e-09
parkinsonian_lfp_ses-112,parkinsonian,True,29.000000000003194,3.0731893943678774e-09
parkinsonian_lfp_ses-112,parkinsonian,True,29.500000000003247,3.3488234601740075e-09
parkinsonian_lfp_ses-112,parkinsonian,True,30.000000000003304,4.306691235505876e-09
parkinsonian_lfp_ses-112,parkinsonian,True,30.50000000000336,3.238618331638694e-09
parkinsonian_lfp_ses-112,parkinsonian,True,31.000000000003414,2.807933170122839e-09
parkinsonian_lfp_ses-112,parkinsonian,True,31.500000000003467,2.551191834514767e-09
parkinsonian_lfp_ses-112,parkinsonian,True,32.000000000003524,2.340697639377206e-09
parkinsonian_lfp_ses-112,parkinsonian,True,32.50000000000358,2.1849324464999356e-09
parkinsonian_lfp_ses-112,parkinsonian,True,33.00000000000364,1.9709281540960273e-09
parkinsonian_lfp_ses-112,parkinsonian,True,33.50000000000369,2.2747827134843413e-09
parkinsonian_lfp_ses-112,parkinsonian,True,34.000000000003745,1.5027458530498781e-09
parkinsonian_lfp_ses-112,parkinsonian,True,34.5000000000038,1.7611393057311167e-09
parkinsonian_lfp_ses-112,parkinsonian,True,35.00000000000385,1.8216599855334963e-09
parkinsonian_lfp_ses-112,parkinsonian,True,35.50000000000391,2.007666681509391e-09
parkinsonian_lfp_ses-112,parkinsonian,True,36.000000000003965,1.8268095395505734e-09
parkinsonian_lfp_ses-112,parkinsonian,True,36.50000000000402,2.006223333219867e-09
parkinsonian_lfp_ses-112,parkinsonian,True,37.00000000000408,1.7171646035629849e-09
parkinsonian_lfp_ses-112,parkinsonian,True,37.50000000000413,2.502495436181101e-09
parkinsonian_lfp_ses-112,parkinsonian,True,38.000000000004185,2.5913787485748094e-09
parkinsonian_lfp_ses-112,parkinsonian,True,38.50000000000424,2.226940085970116e-09
parkinsonian_lfp_ses-112,parkinsonian,True,39.00000000000429,2.29375630869695e-09
parkinsonian_lfp_ses-112,parkinsonian,True,39.50000000000435,1.6821975167351993e-09
parkinsonian_lfp_ses-112,parkinsonian,True,40.000000000004405,2.0656752143756632e-09
parkinsonian_lfp_ses-112,parkinsonian,True,40.50000000000446,1.924545091536753e-09
parkinsonian_lfp_ses-112,parkinsonian,True,41.00000000000452,2.11656289997956e-09
parkinsonian_lfp_ses-112,parkinsonian,True,41.50000000000457,1.925119820028373e-09
parkinsonian_lfp_ses-112,parkinsonian,True,42.000000000004626,1.6674441590963427e-09
parkinsonian_lfp_ses-112,parkinsonian,True,42.50000000000468,1.5238707886602363e-09
parkinsonian_lfp_ses-112,parkinsonian,True,43.00000000000473,1.6259706464844726e-09
parkinsonian_lfp_ses-112,parkinsonian,True,43.50000000000479,1.855856550922503e-09
parkinsonian_lfp_ses-112,parkinsonian,True,44.000000000004846,1.838133085453293e-09
parkinsonian_lfp_ses-112,parkinsonian,True,44.5000000000049,1.5959859740424805e-09
parkinsonian_lfp_ses-112,parkinsonian,True,45.00000000000496,1.815442820412452e-09
parkinsonian_lfp_ses-112,parkinsonian,True,45.50000000000501,1.4866565123683931e-09
parkinsonian_lfp_ses-112,parkinsonian,True,46.000000000005066,1.3168290527500434e-09
parkinsonian_lfp_ses-112,parkinsonian,True,46.50000000000512,1.9406756947900433e-09
parkinsonian_lfp_ses-112,parkinsonian,True,47.00000000000517,2.0002812468748633e-09
parkinsonian_lfp_ses-112,parkinsonian,True,47.50000000000523,1.935053162208286e-09
parkinsonian_lfp_ses-112,parkinsonian,True,48.000000000005286,1.6067685054414792e-09
parkinsonian_lfp_ses-112,parkinsonian,True,48.50000000000534,1.6142149634918171e-09
parkinsonian_lfp_ses-112,parkinsonian,True,49.0000000000054,1.7756506764707407e-09
parkinsonian_lfp_ses-112,parkinsonian,True,49.50000000000545,2.6466339728081877e-09
parkinsonian_lfp_ses-112,parkinsonian,True,50.00000000000551,3.403774061529928e-09
parkinsonian_lfp_ses-112,parkinsonian,True,50.50000000000556,3.703889270040251e-09
parkinsonian_lfp_ses-112,parkinsonian,True,51.00000000000561,4.496762716236872e-09
parkinsonian_lfp_ses-112,parkinsonian,True,51.50000000000567,3.1808963370520696e-09
parkinsonian_lfp_ses-112,parkinsonian,True,52.00000000000573,2.494307465701651e-09
parkinsonian_lfp_ses-112,parkinsonian,True,52.500000000005784,2.2252226214352986e-09
parkinsonian_lfp_ses-112,parkinsonian,True,53.00000000000584,2.4665516734682526e-09
parkinsonian_lfp_ses-112,parkinsonian,True,53.50000000000589,2.2514016880869705e-09
parkinsonian_lfp_ses-112,parkinsonian,True,54.00000000000595,1.999311674924779e-09
parkinsonian_lfp_ses-112,parkinsonian,True,54.500000000006004,2.2105835098100067e-09
parkinsonian_lfp_ses-112,parkinsonian,True,55.000000000006054,2.156505171029952e-09
parkinsonian_lfp_ses-112,parkinsonian,True,55.50000000000611,1.9119630583296767e-09
parkinsonian_lfp_ses-112,parkinsonian,True,56.00000000000617,2.0373705866117697e-09
parkinsonian_lfp_ses-112,parkinsonian,True,56.500000000006224,1.6365090349550617e-09
parkinsonian_lfp_ses-112,parkinsonian,True,57.00000000000628,1.5858420623892523e-09
parkinsonian_lfp_ses-112,parkinsonian,True,57.50000000000633,1.5532798441467232e-09
parkinsonian_lfp_ses-112,parkinsonian,True,58.00000000000639,2.1272841402055986e-09
parkinsonian_lfp_ses-112,parkinsonian,True,58.500000000006445,1.4014437994138766e-09
parkinsonian_lfp_ses-112,parkinsonian,True,59.000000000006494,1.1143669345566623e-09
parkinsonian_lfp_ses-112,parkinsonian,True,59.50000000000655,1.5026262384181387e-09
parkinsonian_lfp_ses-112,parkinsonian,True,60.00000000000661,1.637843195483034e-09
parkinsonian_lfp_ses-112,parkinsonian,True,60.500000000006665,1.1295128569518633e-09
parkinsonian_lfp_ses-112,parkinsonian,True,61.00000000000672,1.1942071552528267e-09
parkinsonian_lfp_ses-112,parkinsonian,True,61.50000000000677,1.7325457378739215e-09
parkinsonian_lfp_ses-112,parkinsonian,True,62.00000000000683,1.9523748849078795e-09
parkinsonian_lfp_ses-112,parkinsonian,True,62.500000000006885,1.395446224627608e-09
parkinsonian_lfp_ses-112,parkinsonian,True,63.000000000006935,1.513972163037423e-09
parkinsonian_lfp_ses-112,parkinsonian,True,63.50000000000699,1.1843923565272022e-09
parkinsonian_lfp_ses-112,parkinsonian,True,64.00000000000705,1.0488046083954183e-09
parkinsonian_lfp_ses-112,parkinsonian,True,64.5000000000071,1.1000494156016028e-09
parkinsonian_lfp_ses-112,parkinsonian,True,65.00000000000716,1.5299286047455013e-09
parkinsonian_lfp_ses-112,parkinsonian,True,65.50000000000722,1.8565987279428774e-09
parkinsonian_lfp_ses-112,parkinsonian,True,66.00000000000728,1.7084499953796555e-09
parkinsonian_lfp_ses-112,parkinsonian,True,66.50000000000732,2.0967783445952207e-09
parkinsonian_lfp_ses-112,parkinsonian,True,67.00000000000738,1.621010887507097e-09
parkinsonian_lfp_ses-112,parkinsonian,True,67.50000000000743,1.4678659246663325e-09
parkinsonian_lfp_ses-112,parkinsonian,True,68.00000000000749,1.737944995066918e-09
parkinsonian_lfp_ses-112,parkinsonian,True,68.50000000000755,1.6357306593479577e-09
parkinsonian_lfp_ses-112,parkinsonian,True,69.0000000000076,1.3603976320478537e-09
parkinsonian_lfp_ses-112,parkinsonian,True,69.50000000000766,9.923905494137125e-10
parkinsonian_lfp_ses-112,parkinsonian,True,70.0000000000077,1.2627106663990524e-09
parkinsonian_lfp_ses-112,parkinsonian,True,70.50000000000776,1.4141367554294488e-09
parkinsonian_lfp_ses-112,parkinsonian,True,71.00000000000782,1.3962252600765694e-09
parkinsonian_lfp_ses-112,parkinsonian,True,71.50000000000787,1.2672955492905501e-09
parkinsonian_lfp_ses-112,parkinsonian,True,72.00000000000793,1.1170998249774553e-09
parkinsonian_lfp_ses-112,parkinsonian,True,72.50000000000799,1.6468589647313856e-09
parkinsonian_lfp_ses-112,parkinsonian,True,73.00000000000804,1.393792156802633e-09
parkinsonian_lfp_ses-112,parkinsonian,True,73.5000000000081,1.8116773038895352e-09
parkinsonian_lfp_ses-112,parkinsonian,True,74.00000000000816,1.4958060663912745e-09
parkinsonian_lfp_ses-112,parkinsonian,True,74.5000000000082,1.4579997835753411e-09
parkinsonian_lfp_ses-112,parkinsonian,True,75.00000000000826,1.4825096615520173e-09
parkinsonian_lfp_ses-112,parkinsonian,True,75.50000000000831,1.6535623914053477e-09
parkinsonian_lfp_ses-112,parkinsonian,True,76.00000000000837,1.700411261633272e-09
parkinsonian_lfp_ses-112,parkinsonian,True,76.50000000000843,1.7206393213450745e-09
parkinsonian_lfp_ses-112,parkinsonian,True,77.00000000000848,1.1136243934106514e-09
parkinsonian_lfp_ses-112,parkinsonian,True,77.50000000000854,1.0791891549824864e-09
parkinsonian_lfp_ses-112,parkinsonian,True,78.00000000000858,1.4024777922070198e-09
parkinsonian_lfp_ses-112,parkinsonian,True,78.50000000000864,1.709735537217059e-09
parkinsonian_lfp_ses-112,parkinsonian,True,79.0000000000087,1.8194029606775936e-09
parkinsonian_lfp_ses-112,parkinsonian,True,79.50000000000875,1.770041011133523e-09
parkinsonian_lfp_ses-112,parkinsonian,True,80.00000000000881,1.7655351019521334e-09
parkinsonian_lfp_ses-112,parkinsonian,True,80.50000000000887,1.3352312787085968e-09
parkinsonian_lfp_ses-112,parkinsonian,True,81.00000000000892,1.4443162530008875e-09
parkinsonian_lfp_ses-112,parkinsonian,True,81.50000000000898,1.5093008762053296e-09
parkinsonian_lfp_ses-112,parkinsonian,True,82.00000000000904,1.5986833406986447e-09
parkinsonian_lfp_ses-112,parkinsonian,True,82.50000000000908,1.5031131654968123e-09
parkinsonian_lfp_ses-112,parkinsonian,True,83.00000000000914,1.6094506141625946e-09
parkinsonian_lfp_ses-112,parkinsonian,True,83.5000000000092,1.4148214336650363e-09
parkinsonian_lfp_ses-112,parkinsonian,True,84.00000000000925,1.7870431465870297e-09
parkinsonian_lfp_ses-112,parkinsonian,True,84.50000000000931,1.3583699117395217e-09
parkinsonian_lfp_ses-112,parkinsonian,True,85.00000000000936,1.2378148638038765e-09
parkinsonian_lfp_ses-112,parkinsonian,True,85.50000000000942,1.6243758171647546e-09
parkinsonian_lfp_ses-112,parkinsonian,True,86.00000000000946,1.6805138532213232e-09
parkinsonian_lfp_ses-112,parkinsonian,True,86.50000000000952,1.819241097846686e-09
parkinsonian_lfp_ses-112,parkinsonian,True,87.00000000000958,1.5104718581014975e-09
parkinsonian_lfp_ses-112,parkinsonian,True,87.50000000000963,1.2732997413436275e-09
parkinsonian_lfp_ses-112,parkinsonian,True,88.00000000000969,1.427911058492644e-09
parkinsonian_lfp_ses-112,parkinsonian,True,88.50000000000975,1.082638593414858e-09
parkinsonian_lfp_ses-112,parkinsonian,True,89.0000000000098,1.190978016689099e-09
parkinsonian_lfp_ses-112,parkinsonian,True,89.50000000000986,1.19898615805973e-09
parkinsonian_lfp_ses-112,parkinsonian,True,90.00000000000992,1.2454473993138945e-09
parkinsonian_lfp_ses-112,parkinsonian,True,90.50000000000996,1.01159387553865e-09
parkinsonian_lfp_ses-112,parkinsonian,True,91.00000000001002,1.3373436333453472e-09
parkinsonian_lfp_ses-112,parkinsonian,True,91.50000000001008,1.4048126895519018e-09
parkinsonian_lfp_ses-112,parkinsonian,True,92.00000000001013,1.5671790004118543e-09
parkinsonian_lfp_ses-112,parkinsonian,True,92.50000000001019,1.154535362989215e-09
parkinsonian_lfp_ses-112,parkinsonian,True,93.00000000001025,1.0615603610242944e-09
parkinsonian_lfp_ses-112,parkinsonian,True,93.5000000000103,1.3792633466555496e-09
parkinsonian_lfp_ses-112,parkinsonian,True,94.00000000001035,1.6285286582138672e-09
parkinsonian_lfp_ses-112,parkinsonian,True,94.5000000000104,1.2474020732041496e-09
parkinsonian_lfp_ses-112,parkinsonian,True,95.00000000001046,1.1767354338594315e-09
parkinsonian_lfp_ses-112,parkinsonian,True,95.50000000001052,1.302963674783825e-09
parkinsonian_lfp_ses-112,parkinsonian,True,96.00000000001057,1.0724999095554713e-09
parkinsonian_lfp_ses-112,parkinsonian,True,96.50000000001063,1.0552660085109612e-09
parkinsonian_lfp_ses-112,parkinsonian,True,97.00000000001069,9.440687193695384e-10
parkinsonian_lfp_ses-112,parkinsonian,True,97.50000000001074,8.482475494311819e-10
parkinsonian_lfp_ses-112,parkinsonian,True,98.0000000000108,1.1074915711023853e-09
parkinsonian_lfp_ses-112,parkinsonian,True,98.50000000001084,1.3697508002947824e-09
parkinsonian_lfp_ses-112,parkinsonian,True,99.0000000000109,1.4393699639251254e-09
parkinsonian_lfp_ses-112,parkinsonian,True,99.50000000001096,1.4661475579758798e-09
parkinsonian_lfp_ses-120,parkinsonian,True,0.0,4.0735779307439036e-10
parkinsonian_lfp_ses-120,parkinsonian,True,0.5000000000000551,2.893990006014415e-09
parkinsonian_lfp_ses-120,parkinsonian,True,1.0000000000001101,3.9615581995371204e-09
parkinsonian_lfp_ses-120,parkinsonian,True,1.5000000000001652,6.678791828070912e-09
parkinsonian_lfp_ses-120,parkinsonian,True,2.0000000000002203,7.1553832885956576e-09
parkinsonian_lfp_ses-120,parkinsonian,True,2.5000000000002753,7.563063716860755e-09
parkinsonian_lfp_ses-120,parkinsonian,True,3.0000000000003304,5.889000559937079e-09
parkinsonian_lfp_ses-120,parkinsonian,True,3.5000000000003855,5.203676321008017e-09
parkinsonian_lfp_ses-120,parkinsonian,True,4.0000000000004405,4.214150723779362e-09
parkinsonian_lfp_ses-120,parkinsonian,True,4.500000000000496,3.6259765285599666e-09
parkinsonian_lfp_ses-120,parkinsonian,True,5.000000000000551,3.6170164172789147e-09
parkinsonian_lfp_ses-120,parkinsonian,True,5.500000000000606,3.906979279482698e-09
parkinsonian_lfp_ses-120,parkinsonian,True,6.000000000000661,4.328845081247268e-09
parkinsonian_lfp_ses-120,parkinsonian,True,6.500000000000716,4.0281075425921535e-09
parkinsonian_lfp_ses-120,parkinsonian,True,7.000000000000771,3.1555127507991723e-09
parkinsonian_lfp_ses-120,parkinsonian,True,7.500000000000826,4.2533964730582915e-09
parkinsonian_lfp_ses-120,parkinsonian,True,8.000000000000881,3.69159344482627e-09
parkinsonian_lfp_ses-120,parkinsonian,True,8.500000000000936,3.5768338535469173e-09
parkinsonian_lfp_ses-120,parkinsonian,True,9.000000000000991,3.637731063064426e-09
parkinsonian_lfp_ses-120,parkinsonian,True,9.500000000001046,3.0123221211326776e-09
parkinsonian_lfp_ses-120,parkinsonian,True,10.000000000001101,3.32524187663576e-09
parkinsonian_lfp_ses-120,parkinsonian,True,10.500000000001156,3.2199052851436162e-09
parkinsonian_lfp_ses-120,parkinsonian,True,11.000000000001211,2.5452623672866912e-09
parkinsonian_lfp_ses-120,parkinsonian,True,11.500000000001267,3.241761943486597e-09
parkinsonian_lfp_ses-120,parkinsonian,True,12.000000000001322,3.0973667850403193e-09
parkinsonian_lfp_ses-120,parkinsonian,True,12.500000000001377,2.0870164562849516e-09
parkinsonian_lfp_ses-120,parkinsonian,True,13.000000000001432,2.527904236494884e-09
parkinsonian_lfp_ses-120,parkinsonian,True,13.500000000001487,2.686067730481707e-09
parkinsonian_lfp_ses-120,parkinsonian,True,14.000000000001542,2.8653392035769615e-09
parkinsonian_lfp_ses-120,parkinsonian,True,14.500000000001597,3.1177456782598557e-09
parkinsonian_lfp_ses-120,parkinsonian,True,15.000000000001652,3.1244433322680347e-09
parkinsonian_lfp_ses-120,parkinsonian,True,15.500000000001707,2.8071407748846696e-09
parkinsonian_lfp_ses-120,parkinsonian,True,16.000000000001762,2.9357316625220043e-09
parkinsonian_lfp_ses-120,parkinsonian,True,16.50000000000182,4.9434213798192815e-09
parkinsonian_lfp_ses-120,parkinsonian,True,17.000000000001872,5.611052575616888e-09
parkinsonian_lfp_ses-120,parkinsonian,True,17.500000000001926,7.405248650919779e-09
parkinsonian_lfp_ses-120,parkinsonian,True,18.000000000001982,5.531438953128576e-09
parkinsonian_lfp_ses-120,parkinsonian,True,18.50000000000204,4.860818988951181e-09
parkinsonian_lfp_ses-120,parkinsonian,True,19.000000000002093,3.61874673206123e-09
parkinsonian_lfp_ses-120,parkinsonian,True,19.500000000002146,3.4979169044055152e-09
parkinsonian_lfp_ses-120,parkinsonian,True,20.000000000002203,3.453682402642189e-09
parkinsonian_lfp_ses-120,parkinsonian,True,20.50000000000226,2.812270231849722e-09
parkinsonian_lfp_ses-120,parkinsonian,True,21.000000000002313,3.277096932410157e-09
parkinsonian_lfp_ses-120,parkinsonian,True,21.500000000002366,3.762719325370004e-09
parkinsonian_lfp_ses-120,parkinsonian,True,22.000000000002423,5.1787064272640354e-09
parkinsonian_lfp_ses-120,parkinsonian,True,22.50000000000248,4.755311354321473e-09
parkinsonian_lfp_ses-120,parkinsonian,True,23.000000000002533,3.9218637491766905e-09
parkinsonian_lfp_ses-120,parkinsonian,True,23.500000000002586,5.391633553228727e-09
parkinsonian_lfp_ses-120,parkinsonian,True,24.000000000002643,6.949971802678976e-09
parkinsonian_lfp_ses-120,parkinsonian,True,24.5000000000027,2.169570373493867e-08
parkinsonian_lfp_ses-120,parkinsonian,True,25.000000000002753,3.350919836758336e-08
parkinsonian_lfp_ses-120,parkinsonian,True,25.500000000002807,3.102048723348747e-08
parkinsonian_lfp_ses-120,parkinsonian,True,26.000000000002863,2.710082423548866e-08
parkinsonian_lfp_ses-120,parkinsonian,True,26.50000000000292,1.686986825108318e-08
parkinsonian_lfp_ses-120,parkinsonian,True,27.000000000002974,8.855776067081275e-09
parkinsonian_lfp_ses-120,parkinsonian,True,27.500000000003027,5.230981054497839e-09
parkinsonian_lfp_ses-120,parkinsonian,True,28.000000000003084,6.506059633011099e-09
parkinsonian_lfp_ses-120,parkinsonian,True,28.50000000000314,5.410779024940473e-09
parkinsonian_lfp_ses-120,parkinsonian,True,29.000000000003194,4.774523945826295e-09
parkinsonian_lfp_ses-120,parkinsonian,True,29.500000000003247,4.058905649807192e-09
parkinsonian_lfp_ses-120,parkinsonian,True,30.000000000003304,4.554769552103673e-09
parkinsonian_lfp_ses-120,parkinsonian,True,30.50000000000336,3.5735585908611144e-09
parkinsonian_lfp_ses-120,parkinsonian,True,31.000000000003414,2.4674817992154667e-09
parkinsonian_lfp_ses-120,parkinsonian,True,31.500000000003467,2.4768769836050016e-09
parkinsonian_lfp_ses-120,parkinsonian,True,32.000000000003524,2.2775953287489267e-09
parkinsonian_lfp_ses-120,parkinsonian,True,32.50000000000358,2.3007918362621857e-09
parkinsonian_lfp_ses-120,parkinsonian,True,33.00000000000364,2.5960091355485266e-09
parkinsonian_lfp_ses-120,parkinsonian,True,33.50000000000369,2.199899748449188e-09
parkinsonian_lfp_ses-120,parkinsonian,True,34.000000000003745,1.5760268396691873e-09
parkinsonian_lfp_ses-120,parkinsonian,True,34.5000000000038,2.0585868928075437e-09
parkinsonian_lfp_ses-120,parkinsonian,True,35.00000000000385,2.6019593672695375e-09
parkinsonian_lfp_ses-120,parkinsonian,True,35.50000000000391,1.7224339243722605e-09
parkinsonian_lfp_ses-120,parkinsonian,True,36.000000000003965,1.501555477060602e-09
parkinsonian_lfp_ses-120,parkinsonian,True,36.50000000000402,1.7884227764963182e-09
parkinsonian_lfp_ses-120,parkinsonian,True,37.00000000000408,1.763959487727771e-09
parkinsonian_lfp_ses-120,parkinsonian,True,37.50000000000413,2.5861451409439153e-09
parkinsonian_lfp_ses-120,parkinsonian,True,38.000000000004185,2.617883373805058e-09
parkinsonian_lfp_ses-120,parkinsonian,True,38.50000000000424,1.741170731651167e-09
parkinsonian_lfp_ses-120,parkinsonian,True,39.00000000000429,1.7008068794453698e-09
parkinsonian_lfp_ses-120,parkinsonian,True,39.50000000000435,1.6946756116454023e-09
parkinsonian_lfp_ses-120,parkinsonian,True,40.000000000004405,1.531213739891268e-09
parkinsonian_lfp_ses-120,parkinsonian,True,40.50000000000446,1.2015563895611182e-09
parkinsonian_lfp_ses-120,parkinsonian,True,41.00000000000452,1.6765251976922136e-09
parkinsonian_lfp_ses-120,parkinsonian,True,41.50000000000457,1.6556157587476343e-09
parkinsonian_lfp_ses-120,parkinsonian,True,42.000000000004626,1.6944605865800758e-09
parkinsonian_lfp_ses-120,parkinsonian,True,42.50000000000468,1.956903199486444e-09
parkinsonian_lfp_ses-120,parkinsonian,True,43.00000000000473,2.534877540476701e-09
parkinsonian_lfp_ses-120,parkinsonian,True,43.50000000000479,2.109692785148555e-09
parkinsonian_lfp_ses-120,parkinsonian,True,44.000000000004846,1.8532788798899203e-09
parkinsonian_lfp_ses-120,parkinsonian,True,44.5000000000049,1.335061207255958e-09
parkinsonian_lfp_ses-120,parkinsonian,True,45.00000000000496,1.4058287370940352e-09
parkinsonian_lfp_ses-120,parkinsonian,True,45.50000000000501,1.2506231984156697e-09
parkinsonian_lfp_ses-120,parkinsonian,True,46.000000000005066,1.5532521894139351e-09
parkinsonian_lfp_ses-120,parkinsonian,True,46.50000000000512,1.6683106441720684e-09
parkinsonian_lfp_ses-120,parkinsonian,True,47.00000000000517,1.910402686792288e-09
parkinsonian_lfp_ses-120,parkinsonian,True,47.50000000000523,1.6064361509903998e-09
parkinsonian_lfp_ses-120,parkinsonian,True,48.000000000005286,1.5539152088661071e-09
parkinsonian_lfp_ses-120,parkinsonian,True,48.50000000000534,2.60147367535635e-09
parkinsonian_lfp_ses-120,parkinsonian,True,49.0000000000054,1.9661614785878064e-09
parkinsonian_lfp_ses-120,parkinsonian,True,49.50000000000545,2.6027589876829303e-09
parkinsonian_lfp_ses-120,parkinsonian,True,50.00000000000551,3.899096979676846e-09
parkinsonian_lfp_ses-120,parkinsonian,True,50.50000000000556,3.813990210774386e-09
parkinsonian_lfp_ses-120,parkinsonian,True,51.00000000000561,3.593277365411009e-09
parkinsonian_lfp_ses-120,parkinsonian,True,51.50000000000567,4.109411707872142e-09
parkinsonian_lfp_ses-120,parkinsonian,True,52.00000000000573,2.9604941646115798e-09
parkinsonian_lfp_ses-120,parkinsonian,True,52.500000000005784,2.204194409523136e-09
parkinsonian_lfp_ses-120,parkinsonian,True,53.00000000000584,2.665820836368545e-09
parkinsonian_lfp_ses-120,parkinsonian,True,53.50000000000589,2.0675872878452636e-09
parkinsonian_lfp_ses-120,parkinsonian,True,54.00000000000595,2.038022458106597e-09
parkinsonian_lfp_ses-120,parkinsonian,True,54.500000000006004,2.5211261857866e-09
parkinsonian_lfp_ses-120,parkinsonian,True,55.000000000006054,2.280876089010595e-09
parkinsonian_lfp_ses-120,parkinsonian,True,55.50000000000611,1.2838728751318515e-09
parkinsonian_lfp_ses-120,parkinsonian,True,56.00000000000617,1.3138645171060478e-09
parkinsonian_lfp_ses-120,parkinsonian,True,56.500000000006224,2.150472510192573e-09
parkinsonian_lfp_ses-120,parkinsonian,True,57.00000000000628,2.2940471713739573e-09
parkinsonian_lfp_ses-120,parkinsonian,True,57.50000000000633,1.889915151870371e-09
parkinsonian_lfp_ses-120,parkinsonian,True,58.00000000000639,2.2923081130141903e-09
parkinsonian_lfp_ses-120,parkinsonian,True,58.500000000006445,2.0623949925251827e-09
parkinsonian_lfp_ses-120,parkinsonian,True,59.000000000006494,1.8490150223728187e-09
parkinsonian_lfp_ses-120,parkinsonian,True,59.50000000000655,1.5509339591390768e-09
parkinsonian_lfp_ses-120,parkinsonian,True,60.00000000000661,1.4276728915023963e-09
parkinsonian_lfp_ses-120,parkinsonian,True,60.500000000006665,1.5512424248393306e-09
parkinsonian_lfp_ses-120,parkinsonian,True,61.00000000000672,1.88328878415533e-09
parkinsonian_lfp_ses-120,parkinsonian,True,61.50000000000677,1.566495295104237e-09
parkinsonian_lfp_ses-120,parkinsonian,True,62.00000000000683,2.2311112004308632e-09
parkinsonian_lfp_ses-120,parkinsonian,True,62.500000000006885,1.8827255624438003e-09
parkinsonian_lfp_ses-120,parkinsonian,True,63.000000000006935,1.481928160864498e-09
parkinsonian_lfp_ses-120,parkinsonian,True,63.50000000000699,1.7458719978268887e-09
parkinsonian_lfp_ses-120,parkinsonian,True,64.00000000000705,1.6121433553609503e-09
parkinsonian_lfp_ses-120,parkinsonian,True,64.5000000000071,1.2042212169135861e-09
parkinsonian_lfp_ses-120,parkinsonian,True,65.00000000000716,1.2860156562002377e-09
parkinsonian_lfp_ses-120,parkinsonian,True,65.50000000000722,1.3649222587194897e-09
parkinsonian_lfp_ses-120,parkinsonian,True,66.00000000000728,1.5326216653470495e-09
parkinsonian_lfp_ses-120,parkinsonian,True,66.50000000000732,1.5812313299719996e-09
parkinsonian_lfp_ses-120,parkinsonian,True,67.00000000000738,1.45379249329056e-09
parkinsonian_lfp_ses-120,parkinsonian,True,67.50000000000743,1.4414117018295426e-09
parkinsonian_lfp_ses-120,parkinsonian,True,68.00000000000749,1.779780989701944e-09
parkinsonian_lfp_ses-120,parkinsonian,True,68.50000000000755,2.019506521261506e-09
parkinsonian_lfp_ses-120,parkinsonian,True,69.0000000000076,1.700475510563026e-09
parkinsonian_lfp_ses-120,parkinsonian,True,69.50000000000766,1.665191360980066e-09
parkinsonian_lfp_ses-120,parkinsonian,True,70.0000000000077,1.5640459303474891e-09
parkinsonian_lfp_ses-120,parkinsonian,True,70.50000000000776,1.621573461310947e-09
parkinsonian_lfp_ses-120,parkinsonian,True,71.00000000000782,1.490506906428982e-09
parkinsonian_lfp_ses-120,parkinsonian,True,71.50000000000787,1.467235223457842e-09
parkinsonian_lfp_ses-120,parkinsonian,True,72.00000000000793,1.4899366042950285e-09
parkinsonian_lfp_ses-120,parkinsonian,True,72.50000000000799,1.5033913653494678e-09
parkinsonian_lfp_ses-120,parkinsonian,True,73.00000000000804,1.7872529716147242e-09
parkinsonian_lfp_ses-120,parkinsonian,True,73.5000000000081,2.197929278582204e-09
parkinsonian_lfp_ses-120,parkinsonian,True,74.00000000000816,1.5215092986948271e-09
parkinsonian_lfp_ses-120,parkinsonian,True,74.5000000000082,1.5256508168730914e-09
parkinsonian_lfp_ses-120,parkinsonian,True,75.00000000000826,1.7217642853787495e-09
parkinsonian_lfp_ses-120,parkinsonian,True,75.50000000000831,1.9441434521542585e-09
parkinsonian_lfp_ses-120,parkinsonian,True,76.00000000000837,1.980953692420525e-09
parkinsonian_lfp_ses-120,parkinsonian,True,76.50000000000843,1.4352595492287024e-09
parkinsonian_lfp_ses-120,parkinsonian,True,77.00000000000848,1.4805597211814566e-09
parkinsonian_lfp_ses-120,parkinsonian,True,77.50000000000854,1.7966034139205477e-09
parkinsonian_lfp_ses-120,parkinsonian,True,78.00000000000858,1.4350939422811814e-09
parkinsonian_lfp_ses-120,parkinsonian,True,78.50000000000864,1.60979995148215e-09
parkinsonian_lfp_ses-120,parkinsonian,True,79.0000000000087,1.3877826026142275e-09
parkinsonian_lfp_ses-120,parkinsonian,True,79.50000000000875,1.3764587094786999e-09
parkinsonian_lfp_ses-120,parkinsonian,True,80.00000000000881,2.0116687221849257e-09
parkinsonian_lfp_ses-120,parkinsonian,True,80.50000000000887,1.6128586125262815e-09
parkinsonian_lfp_ses-120,parkinsonian,True,81.00000000000892,1.3092581992192153e-09
parkinsonian_lfp_ses-120,parkinsonian,True,81.50000000000898,1.261683836013755e-09
parkinsonian_lfp_ses-120,parkinsonian,True,82.00000000000904,1.911221909583708e-09
parkinsonian_lfp_ses-120,parkinsonian,True,82.50000000000908,1.7283399602567065e-09
parkinsonian_lfp_ses-120,parkinsonian,True,83.00000000000914,1.52883677845089e-09
parkinsonian_lfp_ses-120,parkinsonian,True,83.5000000000092,1.0953936557510506e-09
parkinsonian_lfp_ses-120,parkinsonian,True,84.00000000000925,1.1875049462546776e-09
parkinsonian_lfp_ses-120,parkinsonian,True,84.50000000000931,1.2630223332403284e-09
parkinsonian_lfp_ses-120,parkinsonian,True,85.00000000000936,1.519409165093573e-09
parkinsonian_lfp_ses-120,parkinsonian,True,85.50000000000942,1.3489832145266626e-09
parkinsonian_lfp_ses-120,parkinsonian,True,86.00000000000946,1.4602140084647033e-09
parkinsonian_lfp_ses-120,parkinsonian,True,86.50000000000952,1.1986458066257127e-09
parkinsonian_lfp_ses-120,parkinsonian,True,87.00000000000958,8.534319207350689e-10
parkinsonian_lfp_ses-120,parkinsonian,True,87.50000000000963,1.4359818368004023e-09
parkinsonian_lfp_ses-120,parkinsonian,True,88.00000000000969,1.7207679456785787e-09
parkinsonian_lfp_ses-120,parkinsonian,True,88.50000000000975,1.5814588979900286e-09
parkinsonian_lfp_ses-120,parkinsonian,True,89.0000000000098,1.5234193433905964e-09
parkinsonian_lfp_ses-120,parkinsonian,True,89.50000000000986,1.617494491987965e-09
parkinsonian_lfp_ses-120,parkinsonian,True,90.00000000000992,1.7893310822660413e-09
parkinsonian_lfp_ses-120,parkinsonian,True,90.50000000000996,1.7107175741142493e-09
parkinsonian_lfp_ses-120,parkinsonian,True,91.00000000001002,1.359356104034521e-09
parkinsonian_lfp_ses-120,parkinsonian,True,91.50000000001008,1.3656301330506377e-09
parkinsonian_lfp_ses-120,parkinsonian,True,92.00000000001013,1.307064297009482e-09
parkinsonian_lfp_ses-120,parkinsonian,True,92.50000000001019,1.0893099700528615e-09
parkinsonian_lfp_ses-120,parkinsonian,True,93.00000000001025,9.386896205904547e-10
parkinsonian_lfp_ses-120,parkinsonian,True,93.5000000000103,1.1890953902466873e-09
parkinsonian_lfp_ses-120,parkinsonian,True,94.00000000001035,1.5066345307238016e-09
parkinsonian_lfp_ses-120,parkinsonian,True,94.5000000000104,1.5979521158864806e-09
parkinsonian_lfp_ses-120,parkinsonian,True,95.00000000001046,1.4015546834989613e-09
parkinsonian_lfp_ses-120,parkinsonian,True,95.50000000001052,1.3177156937026378e-09
parkinsonian_lfp_ses-120,parkinsonian,True,96.00000000001057,1.2395146114010565e-09
parkinsonian_lfp_ses-120,parkinsonian,True,96.50000000001063,1.5023566165173624e-09
parkinsonian_lfp_ses-120,parkinsonian,True,97.00000000001069,1.4824556038689408e-09
parkinsonian_lfp_ses-120,parkinsonian,True,97.50000000001074,1.1985254934624438e-09
parkinsonian_lfp_ses-120,parkinsonian,True,98.0000000000108,1.349752562175184e-09
parkinsonian_lfp_ses-120,parkinsonian,True,98.50000000001084,1.650389288386723e-09
parkinsonian_lfp_ses-120,parkinsonian,True,99.0000000000109,1.2570711677622067e-09
parkinsonian_lfp_ses-120,parkinsonian,True,99.50000000001096,1.317232829510537e-09
parkinsonian_lfp_ses-124,parkinsonian,True,0.0,1.301333749725132e-09
parkinsonian_lfp_ses-124,parkinsonian,True,0.5000000000002771,5.734821255689927e-09
parkinsonian_lfp_ses-124,parkinsonian,True,1.0000000000005542,7.705361292454579e-09
parkinsonian_lfp_ses-124,parkinsonian,True,1.5000000000008313,8.321354327172408e-09
parkinsonian_lfp_ses-124,parkinsonian,True,2.0000000000011084,5.316475732182048e-09
parkinsonian_lfp_ses-124,parkinsonian,True,2.5000000000013856,5.159440811423345e-09
parkinsonian_lfp_ses-124,parkinsonian,True,3.0000000000016627,7.09549309822227e-09
parkinsonian_lfp_ses-124,parkinsonian,True,3.50000000000194,4.889703929625872e-09
parkinsonian_lfp_ses-124,parkinsonian,True,4.000000000002217,3.5168317159468815e-09
parkinsonian_lfp_ses-124,parkinsonian,True,4.500000000002494,3.6582590281514343e-09
parkinsonian_lfp_ses-124,parkinsonian,True,5.000000000002771,3.671491113581501e-09
parkinsonian_lfp_ses-124,parkinsonian,True,5.500000000003048,2.945209323744972e-09
parkinsonian_lfp_ses-124,parkinsonian,True,6.000000000003325,2.255991289084078e-09
parkinsonian_lfp_ses-124,parkinsonian,True,6.5000000000036025,3.5204505997124827e-09
parkinsonian_lfp_ses-124,parkinsonian,True,7.00000000000388,4.784112221541195e-09
parkinsonian_lfp_ses-124,parkinsonian,True,7.500000000004157,3.5827045763193992e-09
parkinsonian_lfp_ses-124,parkinsonian,True,8.000000000004434,3.347833608089795e-09
parkinsonian_lfp_ses-124,parkinsonian,True,8.500000000004711,3.486276017768167e-09
parkinsonian_lfp_ses-124,parkinsonian,True,9.000000000004988,2.79922872136056e-09
parkinsonian_lfp_ses-124,parkinsonian,True,9.500000000005265,3.960386819635335e-09
parkinsonian_lfp_ses-124,parkinsonian,True,10.000000000005542,3.645376991267775e-09
parkinsonian_lfp_ses-124,parkinsonian,True,10.50000000000582,3.2036578414006273e-09
parkinsonian_lfp_ses-124,parkinsonian,True,11.000000000006096,3.391716115929629e-09
parkinsonian_lfp_ses-124,parkinsonian,True,11.500000000006374,2.2105626415429545e-09
parkinsonian_lfp_ses-124,parkinsonian,True,12.00000000000665,2.8927375790893515e-09
parkinsonian_lfp_ses-124,parkinsonian,True,12.500000000006928,3.855432109166164e-09
parkinsonian_lfp_ses-124,parkinsonian,True,13.000000000007205,3.4758896905346624e-09
parkinsonian_lfp_ses-124,parkinsonian,True,13.500000000007482,2.870431947862362e-09
parkinsonian_lfp_ses-124,parkinsonian,True,14.00000000000776,4.032979822755773e-09
parkinsonian_lfp_ses-124,parkinsonian,True,14.500000000008036,3.981625193155427e-09
parkinsonian_lfp_ses-124,parkinsonian,True,15.000000000008313,4.550463927733917e-09
parkinsonian_lfp_ses-124,parkinsonian,True,15.50000000000859,3.1949580617784217e-09
parkinsonian_lfp_ses-124,parkinsonian,True,16.000000000008868,2.5274784129235766e-09
parkinsonian_lfp_ses-124,parkinsonian,True,16.500000000009145,3.922558246049044e-09
parkinsonian_lfp_ses-124,parkinsonian,True,17.000000000009422,5.204902365979067e-09
parkinsonian_lfp_ses-124,parkinsonian,True,17.5000000000097,4.982453014416577e-09
parkinsonian_lfp_ses-124,parkinsonian,True,18.000000000009976,4.296651573348923e-09
parkinsonian_lfp_ses-124,parkinsonian,True,18.500000000010253,4.211132555093735e-09
parkinsonian_lfp_ses-124,parkinsonian,True,19.00000000001053,4.3898825278639145e-09
parkinsonian_lfp_ses-124,parkinsonian,True,19.500000000010807,3.70675627493396e-09
parkinsonian_lfp_ses-124,parkinsonian,True,20.000000000011084,4.347637559334829e-09
parkinsonian_lfp_ses-124,parkinsonian,True,20.50000000001136,4.265146604608201e-09
parkinsonian_lfp_ses-124,parkinsonian,True,21.00000000001164,4.23553011214884e-09
parkinsonian_lfp_ses-124,parkinsonian,True,21.500000000011916,4.460006923925524e-09
parkinsonian_lfp_ses-124,parkinsonian,True,22.000000000012193,4.1072414127789115e-09
parkinsonian_lfp_ses-124,parkinsonian,True,22.50000000001247,3.9109209288726175e-09
parkinsonian_lfp_ses-124,parkinsonian,True,23.000000000012747,4.179917473308666e-09
parkinsonian_lfp_ses-124,parkinsonian,True,23.500000000013024,3.826951903052392e-09
parkinsonian_lfp_ses-124,parkinsonian,True,24.0000000000133,6.586931630348446e-09
parkinsonian_lfp_ses-124,parkinsonian,True,24.50000000001358,2.0736547995662408e-08
parkinsonian_lfp_ses-124,parkinsonian,True,25.000000000013856,3.628222406768898e-08
parkinsonian_lfp_ses-124,parkinsonian,True,25.500000000014133,4.0929619449014724e-08
parkinsonian_lfp_ses-124,parkinsonian,True,26.00000000001441,2.3286172333512532e-08
parkinsonian_lfp_ses-124,parkinsonian,True,26.500000000014687,1.2894401450524086e-08
parkinsonian_lfp_ses-124,parkinsonian,True,27.000000000014964,6.3803084963038756e-09
parkinsonian_lfp_ses-124,parkinsonian,True,27.50000000001524,6.5190204074867995e-09
parkinsonian_lfp_ses-124,parkinsonian,True,28.00000000001552,5.641852075660971e-09
parkinsonian_lfp_ses-124,parkinsonian,True,28.500000000015795,4.4215951531083055e-09
parkinsonian_lfp_ses-124,parkinsonian,True,29.000000000016072,4.8832396039741405e-09
parkinsonian_lfp_ses-124,parkinsonian,True,29.50000000001635,6.157131575499639e-09
parkinsonian_lfp_ses-124,parkinsonian,True,30.000000000016627,4.647101396723463e-09
parkinsonian_lfp_ses-124,parkinsonian,True,30.500000000016904,2.780680941757478e-09
parkinsonian_lfp_ses-124,parkinsonian,True,31.00000000001718,2.716018779250265e-09
parkinsonian_lfp_ses-124,parkinsonian,True,31.500000000017458,2.677987874368069e-09
parkinsonian_lfp_ses-124,parkinsonian,True,32.000000000017735,2.6077083833617126e-09
parkinsonian_lfp_ses-124,parkinsonian,True,32.50000000001801,1.9593615978184983e-09
parkinsonian_lfp_ses-124,parkinsonian,True,33.00000000001829,1.9386053069910484e-09
parkinsonian_lfp_ses-124,parkinsonian,True,33.50000000001857,1.7542146427551391e-09
parkinsonian_lfp_ses-124,parkinsonian,True,34.000000000018844,2.058779546432052e-09
parkinsonian_lfp_ses-124,parkinsonian,True,34.50000000001912,2.700791940176023e-09
parkinsonian_lfp_ses-124,parkinsonian,True,35.0000000000194,2.6685071569004046e-09
parkinsonian_lfp_ses-124,parkinsonian,True,35.500000000019675,1.9218827436867256e-09
parkinsonian_lfp_ses-124,parkinsonian,True,36.00000000001995,1.8413565606796365e-09
parkinsonian_lfp_ses-124,parkinsonian,True,36.50000000002023,1.9317115674583076e-09
parkinsonian_lfp_ses-124,parkinsonian,True,37.000000000020506,2.04994271246045e-09
parkinsonian_lfp_ses-124,parkinsonian,True,37.50000000002078,1.8680741185777687e-09
parkinsonian_lfp_ses-124,parkinsonian,True,38.00000000002106,1.7882855283001963e-09
parkinsonian_lfp_ses-124,parkinsonian,True,38.50000000002134,1.7633573896612792e-09
parkinsonian_lfp_ses-124,parkinsonian,True,39.000000000021615,2.26131986927668e-09
parkinsonian_lfp_ses-124,parkinsonian,True,39.50000000002189,2.2560270409020117e-09
parkinsonian_lfp_ses-124,parkinsonian,True,40.00000000002217,1.582797280754129e-09
parkinsonian_lfp_ses-124,parkinsonian,True,40.500000000022446,1.5301683960592315e-09
parkinsonian_lfp_ses-124,parkinsonian,True,41.00000000002272,1.1460388830959866e-09
parkinsonian_lfp_ses-124,parkinsonian,True,41.500000000023,1.1502387993713502e-09
parkinsonian_lfp_ses-124,parkinsonian,True,42.00000000002328,1.2441788805370265e-09
parkinsonian_lfp_ses-124,parkinsonian,True,42.500000000023554,1.7983332897691075e-09
parkinsonian_lfp_ses-124,parkinsonian,True,43.00000000002383,1.8672464425856065e-09
parkinsonian_lfp_ses-124,parkinsonian,True,43.50000000002411,1.596949259766483e-09
parkinsonian_lfp_ses-124,parkinsonian,True,44.000000000024386,2.197989751800483e-09
parkinsonian_lfp_ses-124,parkinsonian,True,44.50000000002466,2.3220687783127132e-09
parkinsonian_lfp_ses-124,parkinsonian,True,45.00000000002494,1.681625301526951e-09
parkinsonian_lfp_ses-124,parkinsonian,True,45.50000000002522,1.706758949332798e-09
parkinsonian_lfp_ses-124,parkinsonian,True,46.000000000025494,1.8421756190633665e-09
parkinsonian_lfp_ses-124,parkinsonian,True,46.50000000002577,2.523117755313038e-09
parkinsonian_lfp_ses-124,parkinsonian,True,47.00000000002605,2.6390408021031306e-09
parkinsonian_lfp_ses-124,parkinsonian,True,47.500000000026326,2.2775626856827193e-09
parkinsonian_lfp_ses-124,parkinsonian,True,48.0000000000266,2.187285240837939e-09
parkinsonian_lfp_ses-124,parkinsonian,True,48.50000000002688,2.1801488281346466e-09
parkinsonian_lfp_ses-124,parkinsonian,True,49.00000000002716,2.3357150590605406e-09
parkinsonian_lfp_ses-124,parkinsonian,True,49.500000000027434,3.034898971200256e-09
parkinsonian_lfp_ses-124,parkinsonian,True,50.00000000002771,3.560941601149205e-09
parkinsonian_lfp_ses-124,parkinsonian,True,50.50000000002799,3.856677125796307e-09
parkinsonian_lfp_ses-124,parkinsonian,True,51.000000000028265,3.871425844104569e-09
parkinsonian_lfp_ses-124,parkinsonian,True,51.50000000002854,2.6198074048195673e-09
parkinsonian_lfp_ses-124,parkinsonian,True,52.00000000002882,2.1770833497786307e-09
parkinsonian_lfp_ses-124,parkinsonian,True,52.5000000000291,2.5000642549557646e-09
parkinsonian_lfp_ses-124,parkinsonian,True,53.000000000029374,1.9986246164283666e-09
parkinsonian_lfp_ses-124,parkinsonian,True,53.50000000002965,1.7357746087434535e-09
parkinsonian_lfp_ses-124,parkinsonian,True,54.00000000002993,1.4783208632221322e-09
parkinsonian_lfp_ses-124,parkinsonian,True,54.500000000030205,1.5413038868438072e-09
parkinsonian_lfp_ses-124,parkinsonian,True,55.00000000003048,2.146781130725581e-09
parkinsonian_lfp_ses-124,parkinsonian,True,55.50000000003076,1.9943733973348107e-09
parkinsonian_lfp_ses-124,parkinsonian,True,56.00000000003104,1.9154531188281654e-09
parkinsonian_lfp_ses-124,parkinsonian,True,56.500000000031314,1.6791319811305879e-09
parkinsonian_lfp_ses-124,parkinsonian,True,57.00000000003159,1.0106598717244533e-09
parkinsonian_lfp_ses-124,parkinsonian,True,57.50000000003187,1.4174877413184704e-09
parkinsonian_lfp_ses-124,parkinsonian,True,58.000000000032145,1.3410619888441093e-09
parkinsonian_lfp_ses-124,parkinsonian,True,58.50000000003242,1.8350687774173648e-09
parkinsonian_lfp_ses-124,parkinsonian,True,59.0000000000327,1.8690086142570124e-09
parkinsonian_lfp_ses-124,parkinsonian,True,59.500000000032976,1.7447125734227796e-09
parkinsonian_lfp_ses-124,parkinsonian,True,60.00000000003325,2.2318123577907186e-09
parkinsonian_lfp_ses-124,parkinsonian,True,60.50000000003353,1.7926414634249234e-09
parkinsonian_lfp_ses-124,parkinsonian,True,61.00000000003381,1.0255832874374684e-09
parkinsonian_lfp_ses-124,parkinsonian,True,61.500000000034085,1.3557373717187039e-09
parkinsonian_lfp_ses-124,parkinsonian,True,62.00000000003436,1.5737089130515938e-09
parkinsonian_lfp_ses-124,parkinsonian,True,62.50000000003464,1.3763687002176716e-09
parkinsonian_lfp_ses-124,parkinsonian,True,63.000000000034916,1.3103000474238969e-09
parkinsonian_lfp_ses-124,parkinsonian,True,63.50000000003519,1.4825549225131679e-09
parkinsonian_lfp_ses-124,parkinsonian,True,64.00000000003547,1.664034869974495e-09
parkinsonian_lfp_ses-124,parkinsonian,True,64.50000000003575,1.5330585444312469e-09
parkinsonian_lfp_ses-124,parkinsonian,True,65.00000000003602,1.518737069564565e-09
parkinsonian_lfp_ses-124,parkinsonian,True,65.5000000000363,1.575829221198171e-09
parkinsonian_lfp_ses-124,parkinsonian,True,66.00000000003658,1.4875333592287608e-09
parkinsonian_lfp_ses-124,parkinsonian,True,66.50000000003686,1.446552079457454e-09
parkinsonian_lfp_ses-124,parkinsonian,True,67.00000000003713,1.1228401905298165e-09
parkinsonian_lfp_ses-124,parkinsonian,True,67.5000000000374,1.1656517519962231e-09
parkinsonian_lfp_ses-124,parkinsonian,True,68.00000000003769,1.2861980834375613e-09
parkinsonian_lfp_ses-124,parkinsonian,True,68.50000000003797,1.5434742013254014e-09
parkinsonian_lfp_ses-124,parkinsonian,True,69.00000000003824,1.7782556121008662e-09
parkinsonian_lfp_ses-124,parkinsonian,True,69.50000000003851,1.8402106140633017e-09
parkinsonian_lfp_ses-124,parkinsonian,True,70.0000000000388,1.872741324745759e-09
parkinsonian_lfp_ses-124,parkinsonian,True,70.50000000003908,1.2838582030248913e-09
parkinsonian_lfp_ses-124,parkinsonian,True,71.00000000003935,1.2784601324489004e-09
parkinsonian_lfp_ses-124,parkinsonian,True,71.50000000003962,1.5749877996327836e-09
parkinsonian_lfp_ses-124,parkinsonian,True,72.0000000000399,1.3734313352044686e-09
parkinsonian_lfp_ses-124,parkinsonian,True,72.50000000004019,1.5588479025633574e-09
parkinsonian_lfp_ses-124,parkinsonian,True,73.00000000004046,1.8265580949687992e-09
parkinsonian_lfp_ses-124,parkinsonian,True,73.50000000004073,1.9458154233331794e-09
parkinsonian_lfp_ses-124,parkinsonian,True,74.00000000004101,1.7316228199904047e-09
parkinsonian_lfp_ses-124,parkinsonian,True,74.5000000000413,2.1898365736327074e-09
parkinsonian_lfp_ses-124,parkinsonian,True,75.00000000004157,1.9371000176006253e-09
parkinsonian_lfp_ses-124,parkinsonian,True,75.50000000004184,1.5209587408434267e-09
parkinsonian_lfp_ses-124,parkinsonian,True,76.00000000004212,1.2453824779204338e-09
parkinsonian_lfp_ses-124,parkinsonian,True,76.5000000000424,1.7866699761948698e-09
parkinsonian_lfp_ses-124,parkinsonian,True,77.00000000004268,1.427766881827951e-09
parkinsonian_lfp_ses-124,parkinsonian,True,77.50000000004295,1.5537286909192757e-09
parkinsonian_lfp_ses-124,parkinsonian,True,78.00000000004323,1.387945134018332e-09
parkinsonian_lfp_ses-124,parkinsonian,True,78.50000000004351,1.3629727410710429e-09
parkinsonian_lfp_ses-124,parkinsonian,True,79.00000000004378,1.4386440990573648e-09
parkinsonian_lfp_ses-124,parkinsonian,True,79.50000000004405,1.1668197169570349e-09
parkinsonian_lfp_ses-124,parkinsonian,True,80.00000000004434,1.6674542902496292e-09
parkinsonian_lfp_ses-124,parkinsonian,True,80.50000000004462,2.1075594355367428e-09
parkinsonian_lfp_ses-124,parkinsonian,True,81.00000000004489,1.2252850033598787e-09
parkinsonian_lfp_ses-124,parkinsonian,True,81.50000000004516,1.3955496571390124e-09
parkinsonian_lfp_ses-124,parkinsonian,True,82.00000000004545,1.402168280824308e-09
parkinsonian_lfp_ses-124,parkinsonian,True,82.50000000004573,1.140003511214642e-09
parkinsonian_lfp_ses-124,parkinsonian,True,83.000000000046,1.2463058453586914e-09
parkinsonian_lfp_ses-124,parkinsonian,True,83.50000000004627,1.2178834026504176e-09
parkinsonian_lfp_ses-124,parkinsonian,True,84.00000000004655,1.3057409550292513e-09
parkinsonian_lfp_ses-124,parkinsonian,True,84.50000000004684,1.3684373166107527e-09
parkinsonian_lfp_ses-124,parkinsonian,True,85.00000000004711,1.3559551673736889e-09
parkinsonian_lfp_ses-124,parkinsonian,True,85.50000000004738,1.3561614007837169e-09
parkinsonian_lfp_ses-124,parkinsonian,True,86.00000000004766,1.2141461065989508e-09
parkinsonian_lfp_ses-124,parkinsonian,True,86.50000000004795,1.0269485260870055e-09
parkinsonian_lfp_ses-124,parkinsonian,True,87.00000000004822,1.3832622067085228e-09
parkinsonian_lfp_ses-124,parkinsonian,True,87.50000000004849,1.5567650178564135e-09
parkinsonian_lfp_ses-124,parkinsonian,True,88.00000000004877,1.285830170208329e-09
parkinsonian_lfp_ses-124,parkinsonian,True,88.50000000004906,1.4806505185776252e-09
parkinsonian_lfp_ses-124,parkinsonian,True,89.00000000004933,1.4870520277873687e-09
parkinsonian_lfp_ses-124,parkinsonian,True,89.5000000000496,1.6816715363232774e-09
parkinsonian_lfp_ses-124,parkinsonian,True,90.00000000004988,1.7666257254340022e-09
parkinsonian_lfp_ses-124,parkinsonian,True,90.50000000005016,2.0353713774960644e-09
parkinsonian_lfp_ses-124,parkinsonian,True,91.00000000005043,1.7830961029791619e-09
parkinsonian_lfp_ses-124,parkinsonian,True,91.5000000000507,1.546256006977421e-09
parkinsonian_lfp_ses-124,parkinsonian,True,92.00000000005099,1.3079242245205583e-09
parkinsonian_lfp_ses-124,parkinsonian,True,92.50000000005127,1.6734240389094943e-09
parkinsonian_lfp_ses-124,parkinsonian,True,93.00000000005154,1.6076357528748242e-09
parkinsonian_lfp_ses-124,parkinsonian,True,93.50000000005181,1.2414244374827992e-09
parkinsonian_lfp_ses-124,parkinsonian,True,94.0000000000521,1.1158199779076112e-09
parkinsonian_lfp_ses-124,parkinsonian,True,94.50000000005238,1.250661791663627e-09
parkinsonian_lfp_ses-124,parkinsonian,True,95.00000000005265,1.7547336040324884e-09
parkinsonian_lfp_ses-124,parkinsonian,True,95.50000000005292,1.725274436638265e-09
parkinsonian_lfp_ses-124,parkinsonian,True,96.0000000000532,1.4409186772568465e-09
parkinsonian_lfp_ses-124,parkinsonian,True,96.50000000005349,1.3484975407684178e-09
parkinsonian_lfp_ses-124,parkinsonian,True,97.00000000005376,1.2550291529825855e-09
parkinsonian_lfp_ses-124,parkinsonian,True,97.50000000005403,1.422143742850345e-09
parkinsonian_lfp_ses-124,parkinsonian,True,98.00000000005431,1.7566285673079988e-09
parkinsonian_lfp_ses-124,parkinsonian,True,98.5000000000546,1.2876949220788469e-09
parkinsonian_lfp_ses-124,parkinsonian,True,99.00000000005487,1.1858698270041657e-09
parkinsonian_lfp_ses-124,parkinsonian,True,99.50000000005514,1.3775954925732595e-09
parkinsonian_lfp_ses-159,parkinsonian,True,0.0,7.167191363000861e-10
parkinsonian_lfp_ses-159,parkinsonian,True,0.5000000000002771,4.571983931264769e-09
parkinsonian_lfp_ses-159,parkinsonian,True,1.0000000000005542,5.111264682546678e-09
parkinsonian_lfp_ses-159,parkinsonian,True,1.5000000000008313,5.1803432325647666e-09
parkinsonian_lfp_ses-159,parkinsonian,True,2.0000000000011084,4.8433751076234425e-09
parkinsonian_lfp_ses-159,parkinsonian,True,2.5000000000013856,4.81251164136143e-09
parkinsonian_lfp_ses-159,parkinsonian,True,3.0000000000016627,4.024451343216325e-09
parkinsonian_lfp_ses-159,parkinsonian,True,3.50000000000194,3.7683644969616165e-09
parkinsonian_lfp_ses-159,parkinsonian,True,4.000000000002217,4.923749718299477e-09
parkinsonian_lfp_ses-159,parkinsonian,True,4.500000000002494,5.074463421988905e-09
parkinsonian_lfp_ses-159,parkinsonian,True,5.000000000002771,4.337546298480061e-09
parkinsonian_lfp_ses-159,parkinsonian,True,5.500000000003048,4.362114852928764e-09
parkinsonian_lfp_ses-159,parkinsonian,True,6.000000000003325,4.334170826717736e-09
parkinsonian_lfp_ses-159,parkinsonian,True,6.5000000000036025,4.474825657238385e-09
parkinsonian_lfp_ses-159,parkinsonian,True,7.00000000000388,3.2802452704391592e-09
parkinsonian_lfp_ses-159,parkinsonian,True,7.500000000004157,3.435141254177578e-09
parkinsonian_lfp_ses-159,parkinsonian,True,8.000000000004434,2.6438250063316218e-09
parkinsonian_lfp_ses-159,parkinsonian,True,8.500000000004711,2.693039627645241e-09
parkinsonian_lfp_ses-159,parkinsonian,True,9.000000000004988,3.4644253610628715e-09
parkinsonian_lfp_ses-159,parkinsonian,True,9.500000000005265,3.2902219039319547e-09
parkinsonian_lfp_ses-159,parkinsonian,True,10.000000000005542,2.7694615521790305e-09
parkinsonian_lfp_ses-159,parkinsonian,True,10.50000000000582,3.0115797098488925e-09
parkinsonian_lfp_ses-159,parkinsonian,True,11.000000000006096,3.1529138097937113e-09
parkinsonian_lfp_ses-159,parkinsonian,True,11.500000000006374,3.4088309266423807e-09
parkinsonian_lfp_ses-159,parkinsonian,True,12.00000000000665,3.098901076237219e-09
parkinsonian_lfp_ses-159,parkinsonian,True,12.500000000006928,2.562858132709422e-09
parkinsonian_lfp_ses-159,parkinsonian,True,13.000000000007205,3.0145177961970175e-09
parkinsonian_lfp_ses-159,parkinsonian,True,13.500000000007482,2.6953917737201823e-09
parkinsonian_lfp_ses-159,parkinsonian,True,14.00000000000776,2.5671079964728134e-09
parkinsonian_lfp_ses-159,parkinsonian,True,14.500000000008036,2.5928848700874804e-09
parkinsonian_lfp_ses-159,parkinsonian,True,15.000000000008313,3.04306705415222e-09
parkinsonian_lfp_ses-159,parkinsonian,True,15.50000000000859,2.695320913093318e-09
parkinsonian_lfp_ses-159,parkinsonian,True,16.000000000008868,3.808496646549457e-09
parkinsonian_lfp_ses-159,parkinsonian,True,16.500000000009145,3.844129056323029e-09
parkinsonian_lfp_ses-159,parkinsonian,True,17.000000000009422,3.113407454802734e-09
parkinsonian_lfp_ses-159,parkinsonian,True,17.5000000000097,4.757624902111319e-09
parkinsonian_lfp_ses-159,parkinsonian,True,18.000000000009976,4.956057446176965e-09
parkinsonian_lfp_ses-159,parkinsonian,True,18.500000000010253,4.190216110783831e-09
parkinsonian_lfp_ses-159,parkinsonian,True,19.00000000001053,3.4627235575714022e-09
parkinsonian_lfp_ses-159,parkinsonian,True,19.500000000010807,3.7332055228811355e-09
parkinsonian_lfp_ses-159,parkinsonian,True,20.000000000011084,4.598840216708645e-09
parkinsonian_lfp_ses-159,parkinsonian,True,20.50000000001136,4.110377803601249e-09
parkinsonian_lfp_ses-159,parkinsonian,True,21.00000000001164,2.7532049051958166e-09
parkinsonian_lfp_ses-159,parkinsonian,True,21.500000000011916,4.238830790946804e-09
parkinsonian_lfp_ses-159,parkinsonian,True,22.000000000012193,3.815210945317715e-09
parkinsonian_lfp_ses-159,parkinsonian,True,22.50000000001247,3.3794426852836546e-09
parkinsonian_lfp_ses-159,parkinsonian,True,23.000000000012747,3.1585364892908204e-09
parkinsonian_lfp_ses-159,parkinsonian,True,23.500000000013024,4.609117400742565e-09
parkinsonian_lfp_ses-159,parkinsonian,True,24.0000000000133,6.416539161748528e-09
parkinsonian_lfp_ses-159,parkinsonian,True,24.50000000001358,2.2536818905959e-08
parkinsonian_lfp_ses-159,parkinsonian,True,25.000000000013856,3.5576782573369484e-08
parkinsonian_lfp_ses-159,parkinsonian,True,25.500000000014133,3.854233935691742e-08
parkinsonian_lfp_ses-159,parkinsonian,True,26.00000000001441,2.1916642067739397e-08
parkinsonian_lfp_ses-159,parkinsonian,True,26.500000000014687,1.2422198749199254e-08
parkinsonian_lfp_ses-159,parkinsonian,True,27.000000000014964,8.006255820372618e-09
parkinsonian_lfp_ses-159,parkinsonian,True,27.50000000001524,5.312623050480108e-09
parkinsonian_lfp_ses-159,parkinsonian,True,28.00000000001552,4.519395306466772e-09
parkinsonian_lfp_ses-159,parkinsonian,True,28.500000000015795,4.931963346476856e-09
parkinsonian_lfp_ses-159,parkinsonian,True,29.000000000016072,4.3034083926531944e-09
parkinsonian_lfp_ses-159,parkinsonian,True,29.50000000001635,5.36413161204446e-09
parkinsonian_lfp_ses-159,parkinsonian,True,30.000000000016627,4.467837243438795e-09
parkinsonian_lfp_ses-159,parkinsonian,True,30.500000000016904,2.879744438825898e-09
parkinsonian_lfp_ses-159,parkinsonian,True,31.00000000001718,2.5689863166523244e-09
parkinsonian_lfp_ses-159,parkinsonian,True,31.500000000017458,2.9158730757961025e-09
parkinsonian_lfp_ses-159,parkinsonian,True,32.000000000017735,2.8339011342548613e-09
parkinsonian_lfp_ses-159,parkinsonian,True,32.50000000001801,2.1082209328504046e-09
parkinsonian_lfp_ses-159,parkinsonian,True,33.00000000001829,2.1650461776774067e-09
parkinsonian_lfp_ses-159,parkinsonian,True,33.50000000001857,2.1460464174396297e-09
parkinsonian_lfp_ses-159,parkinsonian,True,34.000000000018844,2.0655139462672985e-09
parkinsonian_lfp_ses-159,parkinsonian,True,34.50000000001912,2.2396008460755626e-09
parkinsonian_lfp_ses-159,parkinsonian,True,35.0000000000194,2.0495930433528145e-09
parkinsonian_lfp_ses-159,parkinsonian,True,35.500000000019675,2.580893159063863e-09
parkinsonian_lfp_ses-159,parkinsonian,True,36.00000000001995,2.135989250757416e-09
parkinsonian_lfp_ses-159,parkinsonian,True,36.50000000002023,1.7606930042429735e-09
parkinsonian_lfp_ses-159,parkinsonian,True,37.000000000020506,1.5032004901849339e-09
parkinsonian_lfp_ses-159,parkinsonian,True,37.50000000002078,1.6744177380468818e-09
parkinsonian_lfp_ses-159,parkinsonian,True,38.00000000002106,2.324701520572067e-09
parkinsonian_lfp_ses-159,parkinsonian,True,38.50000000002134,1.6083252367141684e-09
parkinsonian_lfp_ses-159,parkinsonian,True,39.000000000021615,1.0914058245856563e-09
parkinsonian_lfp_ses-159,parkinsonian,True,39.50000000002189,1.4308005354538834e-09
parkinsonian_lfp_ses-159,parkinsonian,True,40.00000000002217,1.8249050013574343e-09
parkinsonian_lfp_ses-159,parkinsonian,True,40.500000000022446,1.6901611386385033e-09
parkinsonian_lfp_ses-159,parkinsonian,True,41.00000000002272,1.7930062092644541e-09
parkinsonian_lfp_ses-159,parkinsonian,True,41.500000000023,1.8812139415650445e-09
parkinsonian_lfp_ses-159,parkinsonian,True,42.00000000002328,1.7951134966598055e-09
parkinsonian_lfp_ses-159,parkinsonian,True,42.500000000023554,1.933451189746483e-09
parkinsonian_lfp_ses-159,parkinsonian,True,43.00000000002383,2.0667013724403387e-09
parkinsonian_lfp_ses-159,parkinsonian,True,43.50000000002411,2.4758225475424193e-09
parkinsonian_lfp_ses-159,parkinsonian,True,44.000000000024386,2.1761903759725554e-09
parkinsonian_lfp_ses-159,parkinsonian,True,44.50000000002466,1.595941673987924e-09
parkinsonian_lfp_ses-159,parkinsonian,True,45.00000000002494,1.3914756257686163e-09
parkinsonian_lfp_ses-159,parkinsonian,True,45.50000000002522,1.2523608663826649e-09
parkinsonian_lfp_ses-159,parkinsonian,True,46.000000000025494,1.3649994160366096e-09
parkinsonian_lfp_ses-159,parkinsonian,True,46.50000000002577,1.8289881379640493e-09
parkinsonian_lfp_ses-159,parkinsonian,True,47.00000000002605,1.5896936087933473e-09
parkinsonian_lfp_ses-159,parkinsonian,True,47.500000000026326,1.5138446141729383e-09
parkinsonian_lfp_ses-159,parkinsonian,True,48.0000000000266,1.4895029557729768e-09
parkinsonian_lfp_ses-159,parkinsonian,True,48.50000000002688,2.5023613719352318e-09
parkinsonian_lfp_ses-159,parkinsonian,True,49.00000000002716,3.290426823492676e-09
parkinsonian_lfp_ses-159,parkinsonian,True,49.500000000027434,3.500418182784538e-09
parkinsonian_lfp_ses-159,parkinsonian,True,50.00000000002771,3.821514162080633e-09
parkinsonian_lfp_ses-159,parkinsonian,True,50.50000000002799,3.989171975736236e-09
parkinsonian_lfp_ses-159,parkinsonian,True,51.000000000028265,2.8687056065179106e-09
parkinsonian_lfp_ses-159,parkinsonian,True,51.50000000002854,2.6867414278941546e-09
parkinsonian_lfp_ses-159,parkinsonian,True,52.00000000002882,2.3052215260473526e-09
parkinsonian_lfp_ses-159,parkinsonian,True,52.5000000000291,2.467937246405912e-09
parkinsonian_lfp_ses-159,parkinsonian,True,53.000000000029374,2.7739267548258775e-09
parkinsonian_lfp_ses-159,parkinsonian,True,53.50000000002965,2.3216202428777604e-09
parkinsonian_lfp_ses-159,parkinsonian,True,54.00000000002993,1.8581975436569089e-09
parkinsonian_lfp_ses-159,parkinsonian,True,54.500000000030205,1.707738179443037e-09
parkinsonian_lfp_ses-159,parkinsonian,True,55.00000000003048,1.3967186888870925e-09
parkinsonian_lfp_ses-159,parkinsonian,True,55.50000000003076,1.492012131075457e-09
parkinsonian_lfp_ses-159,parkinsonian,True,56.00000000003104,2.0146633181348108e-09
parkinsonian_lfp_ses-159,parkinsonian,True,56.500000000031314,1.3921823569875424e-09
parkinsonian_lfp_ses-159,parkinsonian,True,57.00000000003159,1.4705672269870166e-09
parkinsonian_lfp_ses-159,parkinsonian,True,57.50000000003187,1.751662626212555e-09
parkinsonian_lfp_ses-159,parkinsonian,True,58.000000000032145,1.5600360169484004e-09
parkinsonian_lfp_ses-159,parkinsonian,True,58.50000000003242,1.3800551381125622e-09
parkinsonian_lfp_ses-159,parkinsonian,True,59.0000000000327,1.5172333829881318e-09
parkinsonian_lfp_ses-159,parkinsonian,True,59.500000000032976,1.7323044809860214e-09
parkinsonian_lfp_ses-159,parkinsonian,True,60.00000000003325,2.103879871216496e-09
parkinsonian_lfp_ses-159,parkinsonian,True,60.50000000003353,2.1121445023941154e-09
parkinsonian_lfp_ses-159,parkinsonian,True,61.00000000003381,1.4376604347144442e-09
parkinsonian_lfp_ses-159,parkinsonian,True,61.500000000034085,1.2286008423179748e-09
parkinsonian_lfp_ses-159,parkinsonian,True,62.00000000003436,1.0886451682236924e-09
parkinsonian_lfp_ses-159,parkinsonian,True,62.50000000003464,1.3671242666014444e-09
parkinsonian_lfp_ses-159,parkinsonian,True,63.000000000034916,1.6261488917992924e-09
parkinsonian_lfp_ses-159,parkinsonian,True,63.50000000003519,1.4414310730358338e-09
parkinsonian_lfp_ses-159,parkinsonian,True,64.00000000003547,1.491827974222016e-09
parkinsonian_lfp_ses-159,parkinsonian,True,64.50000000003575,1.3035756108803105e-09
parkinsonian_lfp_ses-159,parkinsonian,True,65.00000000003602,1.077266047126693e-09
parkinsonian_lfp_ses-159,parkinsonian,True,65.5000000000363,1.1996696178517044e-09
parkinsonian_lfp_ses-159,parkinsonian,True,66.00000000003658,1.5026393614045576e-09
parkinsonian_lfp_ses-159,parkinsonian,True,66.50000000003686,1.6877169689828166e-09
parkinsonian_lfp_ses-159,parkinsonian,True,67.00000000003713,2.0018752626272804e-09
parkinsonian_lfp_ses-159,parkinsonian,True,67.5000000000374,1.915427721365092e-09
parkinsonian_lfp_ses-159,parkinsonian,True,68.00000000003769,2.4969096074017222e-09
parkinsonian_lfp_ses-159,parkinsonian,True,68.50000000003797,2.2598223229517557e-09
parkinsonian_lfp_ses-159,parkinsonian,True,69.00000000003824,1.7871313157044797e-09
parkinsonian_lfp_ses-159,parkinsonian,True,69.50000000003851,1.8680004374959436e-09
parkinsonian_lfp_ses-159,parkinsonian,True,70.0000000000388,1.6236647523450612e-09
parkinsonian_lfp_ses-159,parkinsonian,True,70.50000000003908,1.3935846591000926e-09
parkinsonian_lfp_ses-159,parkinsonian,True,71.00000000003935,1.5333892127133727e-09
parkinsonian_lfp_ses-159,parkinsonian,True,71.50000000003962,1.4369220401043778e-09
parkinsonian_lfp_ses-159,parkinsonian,True,72.0000000000399,1.4227389108068581e-09
parkinsonian_lfp_ses-159,parkinsonian,True,72.50000000004019,1.5564434866210922e-09
parkinsonian_lfp_ses-159,parkinsonian,True,73.00000000004046,1.2390080898046789e-09
parkinsonian_lfp_ses-159,parkinsonian,True,73.50000000004073,1.56746784269024e-09
parkinsonian_lfp_ses-159,parkinsonian,True,74.00000000004101,2.020465488067004e-09
parkinsonian_lfp_ses-159,parkinsonian,True,74.5000000000413,2.4074253915703794e-09
parkinsonian_lfp_ses-159,parkinsonian,True,75.00000000004157,1.3520570184380964e-09
parkinsonian_lfp_ses-159,parkinsonian,True,75.50000000004184,1.1916802980954463e-09
parkinsonian_lfp_ses-159,parkinsonian,True,76.00000000004212,1.6509369716064063e-09
parkinsonian_lfp_ses-159,parkinsonian,True,76.5000000000424,1.6762782688120351e-09
parkinsonian_lfp_ses-159,parkinsonian,True,77.00000000004268,1.387568231580473e-09
parkinsonian_lfp_ses-159,parkinsonian,True,77.50000000004295,1.5007635826438532e-09
parkinsonian_lfp_ses-159,parkinsonian,True,78.00000000004323,1.805174212384232e-09
parkinsonian_lfp_ses-159,parkinsonian,True,78.50000000004351,1.7184221132249037e-09
parkinsonian_lfp_ses-159,parkinsonian,True,79.00000000004378,1.6477612750816432e-09
parkinsonian_lfp_ses-159,parkinsonian,True,79.50000000004405,1.7252292561874607e-09
parkinsonian_lfp_ses-159,parkinsonian,True,80.00000000004434,1.4574945689554708e-09
parkinsonian_lfp_ses-159,parkinsonian,True,80.50000000004462,1.5316923362654871e-09
parkinsonian_lfp_ses-159,parkinsonian,True,81.00000000004489,1.5457899706476623e-09
parkinsonian_lfp_ses-159,parkinsonian,True,81.50000000004516,1.3211920554465923e-09
parkinsonian_lfp_ses-159,parkinsonian,True,82.00000000004545,1.7029645326773984e-09
parkinsonian_lfp_ses-159,parkinsonian,True,82.50000000004573,1.3383132311021874e-09
parkinsonian_lfp_ses-159,parkinsonian,True,83.000000000046,1.2007157258820192e-09
parkinsonian_lfp_ses-159,parkinsonian,True,83.50000000004627,1.292504889155948e-09
parkinsonian_lfp_ses-159,parkinsonian,True,84.00000000004655,2.0377709436902067e-09
parkinsonian_lfp_ses-159,parkinsonian,True,84.50000000004684,1.963812085877197e-09
parkinsonian_lfp_ses-159,parkinsonian,True,85.00000000004711,1.6874909037129377e-09
parkinsonian_lfp_ses-159,parkinsonian,True,85.50000000004738,1.7884834346701583e-09
parkinsonian_lfp_ses-159,parkinsonian,True,86.00000000004766,1.5723189380876391e-09
parkinsonian_lfp_ses-159,parkinsonian,True,86.50000000004795,1.393225700169006e-09
parkinsonian_lfp_ses-159,parkinsonian,True,87.00000000004822,1.147181634469744e-09
parkinsonian_lfp_ses-159,parkinsonian,True,87.50000000004849,1.0066513673471376e-09
parkinsonian_lfp_ses-159,parkinsonian,True,88.00000000004877,1.201457980666746e-09
parkinsonian_lfp_ses-159,parkinsonian,True,88.50000000004906,1.006762939985466e-09
parkinsonian_lfp_ses-159,parkinsonian,True,89.00000000004933,7.904842129295912e-10
parkinsonian_lfp_ses-159,parkinsonian,True,89.5000000000496,1.291316731241454e-09
parkinsonian_lfp_ses-159,parkinsonian,True,90.00000000004988,1.6065503441969408e-09
parkinsonian_lfp_ses-159,parkinsonian,True,90.50000000005016,1.7354432082768639e-09
parkinsonian_lfp_ses-159,parkinsonian,True,91.00000000005043,1.3263864773390543e-09
parkinsonian_lfp_ses-159,parkinsonian,True,91.5000000000507,1.0780633333204252e-09
parkinsonian_lfp_ses-159,parkinsonian,True,92.00000000005099,1.6115301524165283e-09
parkinsonian_lfp_ses-159,parkinsonian,True,92.50000000005127,1.288965053882304e-09
parkinsonian_lfp_ses-159,parkinsonian,True,93.00000000005154,1.2956887854094118e-09
parkinsonian_lfp_ses-159,parkinsonian,True,93.50000000005181,1.6101320770139364e-09
parkinsonian_lfp_ses-159,parkinsonian,True,94.0000000000521,1.4773890354130962e-09
parkinsonian_lfp_ses-159,parkinsonian,True,94.50000000005238,1.8303155556597314e-09
parkinsonian_lfp_ses-159,parkinsonian,True,95.00000000005265,1.6750295461198488e-09
parkinsonian_lfp_ses-159,parkinsonian,True,95.50000000005292,1.5612736690106125e-09
parkinsonian_lfp_ses-159,parkinsonian,True,96.0000000000532,1.498826390809235e-09
parkinsonian_lfp_ses-159,parkinsonian,True,96.50000000005349,1.2115114646532708e-09
parkinsonian_lfp_ses-159,parkinsonian,True,97.00000000005376,1.6187654476866924e-09
parkinsonian_lfp_ses-159,parkinsonian,True,97.50000000005403,1.9150625813172865e-09
parkinsonian_lfp_ses-159,parkinsonian,True,98.00000000005431,1.6077368228940599e-09
parkinsonian_lfp_ses-159,parkinsonian,True,98.5000000000546,1.3007676913057256e-09
parkinsonian_lfp_ses-159,parkinsonian,True,99.00000000005487,1.2962551325609754e-09
parkinsonian_lfp_ses-159,parkinsonian,True,99.50000000005514,1.5334911138422438e-09
parkinsonian_lfp_ses-163,parkinsonian,True,0.0,8.31191772340854e-10
parkinsonian_lfp_ses-163,parkinsonian,True,0.5000000000000551,3.563931711794548e-09
parkinsonian_lfp_ses-163,parkinsonian,True,1.0000000000001101,3.6179641971493316e-09
parkinsonian_lfp_ses-163,parkinsonian,True,1.5000000000001652,5.373125320615239e-09
parkinsonian_lfp_ses-163,parkinsonian,True,2.0000000000002203,4.42170360977476e-09
parkinsonian_lfp_ses-163,parkinsonian,True,2.5000000000002753,3.896133013148694e-09
parkinsonian_lfp_ses-163,parkinsonian,True,3.0000000000003304,4.120940282815034e-09
parkinsonian_lfp_ses-163,parkinsonian,True,3.5000000000003855,5.3906315805891516e-09
parkinsonian_lfp_ses-163,parkinsonian,True,4.0000000000004405,4.703071530411083e-09
parkinsonian_lfp_ses-163,parkinsonian,True,4.500000000000496,3.544168858915027e-09
parkinsonian_lfp_ses-163,parkinsonian,True,5.000000000000551,3.4404855799758845e-09
parkinsonian_lfp_ses-163,parkinsonian,True,5.500000000000606,3.5934104811970478e-09
parkinsonian_lfp_ses-163,parkinsonian,True,6.000000000000661,2.797530301639714e-09
parkinsonian_lfp_ses-163,parkinsonian,True,6.500000000000716,3.1028536145377454e-09
parkinsonian_lfp_ses-163,parkinsonian,True,7.000000000000771,3.041375063055959e-09
parkinsonian_lfp_ses-163,parkinsonian,True,7.500000000000826,3.3506747630312957e-09
parkinsonian_lfp_ses-163,parkinsonian,True,8.000000000000881,2.9820806182962966e-09
parkinsonian_lfp_ses-163,parkinsonian,True,8.500000000000936,2.6026526715513433e-09
parkinsonian_lfp_ses-163,parkinsonian,True,9.000000000000991,3.4134840179306255e-09
parkinsonian_lfp_ses-163,parkinsonian,True,9.500000000001046,2.484536147034334e-09
parkinsonian_lfp_ses-163,parkinsonian,True,10.000000000001101,2.759419321459986e-09
parkinsonian_lfp_ses-163,parkinsonian,True,10.500000000001156,2.745254077403147e-09
parkinsonian_lfp_ses-163,parkinsonian,True,11.000000000001211,2.671096155814947e-09
parkinsonian_lfp_ses-163,parkinsonian,True,11.500000000001267,3.643272908566986e-09
parkinsonian_lfp_ses-163,parkinsonian,True,12.000000000001322,4.07889390703217e-09
parkinsonian_lfp_ses-163,parkinsonian,True,12.500000000001377,2.8163674201973222e-09
parkinsonian_lfp_ses-163,parkinsonian,True,13.000000000001432,2.0777145009140557e-09
parkinsonian_lfp_ses-163,parkinsonian,True,13.500000000001487,2.2179434909863814e-09
parkinsonian_lfp_ses-163,parkinsonian,True,14.000000000001542,3.512588150014487e-09
parkinsonian_lfp_ses-163,parkinsonian,True,14.500000000001597,3.622979526721704e-09
parkinsonian_lfp_ses-163,parkinsonian,True,15.000000000001652,2.85736788760532e-09
parkinsonian_lfp_ses-163,parkinsonian,True,15.500000000001707,3.2067193257908302e-09
parkinsonian_lfp_ses-163,parkinsonian,True,16.000000000001762,3.6212464152782945e-09
parkinsonian_lfp_ses-163,parkinsonian,True,16.50000000000182,4.428223385781879e-09
parkinsonian_lfp_ses-163,parkinsonian,True,17.000000000001872,4.2250875248049185e-09
parkinsonian_lfp_ses-163,parkinsonian,True,17.500000000001926,6.230611276810411e-09
parkinsonian_lfp_ses-163,parkinsonian,True,18.000000000001982,6.763352727686509e-09
parkinsonian_lfp_ses-163,parkinsonian,True,18.50000000000204,4.675354524054543e-09
parkinsonian_lfp_ses-163,parkinsonian,True,19.000000000002093,5.0957201618840905e-09
parkinsonian_lfp_ses-163,parkinsonian,True,19.500000000002146,4.041114854120943e-09
parkinsonian_lfp_ses-163,parkinsonian,True,20.000000000002203,3.425308684297664e-09
parkinsonian_lfp_ses-163,parkinsonian,True,20.50000000000226,2.6442133678383784e-09
parkinsonian_lfp_ses-163,parkinsonian,True,21.000000000002313,3.3395292785475623e-09
parkinsonian_lfp_ses-163,parkinsonian,True,21.500000000002366,3.5301557942106663e-09
parkinsonian_lfp_ses-163,parkinsonian,True,22.000000000002423,4.9977768761850445e-09
parkinsonian_lfp_ses-163,parkinsonian,True,22.50000000000248,5.2003828341625194e-09
parkinsonian_lfp_ses-163,parkinsonian,True,23.000000000002533,4.3140397740701394e-09
parkinsonian_lfp_ses-163,parkinsonian,True,23.500000000002586,4.304442551448489e-09
parkinsonian_lfp_ses-163,parkinsonian,True,24.000000000002643,6.446860806970316e-09
parkinsonian_lfp_ses-163,parkinsonian,True,24.5000000000027,2.15637045767084e-08
parkinsonian_lfp_ses-163,parkinsonian,True,25.000000000002753,3.707176788622273e-08
parkinsonian_lfp_ses-163,parkinsonian,True,25.500000000002807,3.328456192200306e-08
parkinsonian_lfp_ses-163,parkinsonian,True,26.000000000002863,2.3824473241609872e-08
parkinsonian_lfp_ses-163,parkinsonian,True,26.50000000000292,1.6967378030275777e-08
parkinsonian_lfp_ses-163,parkinsonian,True,27.000000000002974,1.0662764900685444e-08
parkinsonian_lfp_ses-163,parkinsonian,True,27.500000000003027,6.459889518276788e-09
parkinsonian_lfp_ses-163,parkinsonian,True,28.000000000003084,7.231529655501025e-09
parkinsonian_lfp_ses-163,parkinsonian,True,28.50000000000314,4.978532374707795e-09
parkinsonian_lfp_ses-163,parkinsonian,True,29.000000000003194,3.9748589158905736e-09
parkinsonian_lfp_ses-163,parkinsonian,True,29.500000000003247,3.834907079092772e-09
parkinsonian_lfp_ses-163,parkinsonian,True,30.000000000003304,4.302757533289879e-09
parkinsonian_lfp_ses-163,parkinsonian,True,30.50000000000336,3.2097016531967994e-09
parkinsonian_lfp_ses-163,parkinsonian,True,31.000000000003414,2.7085115793208477e-09
parkinsonian_lfp_ses-163,parkinsonian,True,31.500000000003467,2.347042716045382e-09
parkinsonian_lfp_ses-163,parkinsonian,True,32.000000000003524,1.9912452032362666e-09
parkinsonian_lfp_ses-163,parkinsonian,True,32.50000000000358,2.6051940626394478e-09
parkinsonian_lfp_ses-163,parkinsonian,True,33.00000000000364,2.2229476286649223e-09
parkinsonian_lfp_ses-163,parkinsonian,True,33.50000000000369,2.469185944732733e-09
parkinsonian_lfp_ses-163,parkinsonian,True,34.000000000003745,2.481117293644792e-09
parkinsonian_lfp_ses-163,parkinsonian,True,34.5000000000038,1.9820698793473746e-09
parkinsonian_lfp_ses-163,parkinsonian,True,35.00000000000385,2.335479504234411e-09
parkinsonian_lfp_ses-163,parkinsonian,True,35.50000000000391,2.3091699674079926e-09
parkinsonian_lfp_ses-163,parkinsonian,True,36.000000000003965,1.9957556646134277e-09
parkinsonian_lfp_ses-163,parkinsonian,True,36.50000000000402,2.0477080718311583e-09
parkinsonian_lfp_ses-163,parkinsonian,True,37.00000000000408,1.94243126213286e-09
parkinsonian_lfp_ses-163,parkinsonian,True,37.50000000000413,2.46453295096803e-09
parkinsonian_lfp_ses-163,parkinsonian,True,38.000000000004185,2.190423442345514e-09
parkinsonian_lfp_ses-163,parkinsonian,True,38.50000000000424,2.189733933748064e-09
parkinsonian_lfp_ses-163,parkinsonian,True,39.00000000000429,1.8667245881918716e-09
parkinsonian_lfp_ses-163,parkinsonian,True,39.50000000000435,2.0041675400988108e-09
parkinsonian_lfp_ses-163,parkinsonian,True,40.000000000004405,2.104440720801317e-09
parkinsonian_lfp_ses-163,parkinsonian,True,40.50000000000446,1.5353776199686539e-09
parkinsonian_lfp_ses-163,parkinsonian,True,41.00000000000452,1.8314614205647908e-09
parkinsonian_lfp_ses-163,parkinsonian,True,41.50000000000457,1.546080975966769e-09
parkinsonian_lfp_ses-163,parkinsonian,True,42.000000000004626,1.475630595872854e-09
parkinsonian_lfp_ses-163,parkinsonian,True,42.50000000000468,1.5008161774661708e-09
parkinsonian_lfp_ses-163,parkinsonian,True,43.00000000000473,1.1626081423119317e-09
parkinsonian_lfp_ses-163,parkinsonian,True,43.50000000000479,1.0426430085662255e-09
parkinsonian_lfp_ses-163,parkinsonian,True,44.000000000004846,1.3124533847780691e-09
parkinsonian_lfp_ses-163,parkinsonian,True,44.5000000000049,1.6143167251326933e-09
parkinsonian_lfp_ses-163,parkinsonian,True,45.00000000000496,1.5788517644182225e-09
parkinsonian_lfp_ses-163,parkinsonian,True,45.50000000000501,1.4446635094698874e-09
parkinsonian_lfp_ses-163,parkinsonian,True,46.000000000005066,1.351563363553035e-09
parkinsonian_lfp_ses-163,parkinsonian,True,46.50000000000512,1.4395997801229181e-09
parkinsonian_lfp_ses-163,parkinsonian,True,47.00000000000517,1.4037866035625568e-09
parkinsonian_lfp_ses-163,parkinsonian,True,47.50000000000523,1.6927969228189535e-09
parkinsonian_lfp_ses-163,parkinsonian,True,48.000000000005286,1.7066076095527627e-09
parkinsonian_lfp_ses-163,parkinsonian,True,48.50000000000534,1.457669610409334e-09
parkinsonian_lfp_ses-163,parkinsonian,True,49.0000000000054,1.6551580516403053e-09
parkinsonian_lfp_ses-163,parkinsonian,True,49.50000000000545,2.584838598898885e-09
parkinsonian_lfp_ses-163,parkinsonian,True,50.00000000000551,3.9719549624230175e-09
parkinsonian_lfp_ses-163,parkinsonian,True,50.50000000000556,4.074882718745697e-09
parkinsonian_lfp_ses-163,parkinsonian,True,51.00000000000561,3.409715076672712e-09
parkinsonian_lfp_ses-163,parkinsonian,True,51.50000000000567,2.8295781488622882e-09
parkinsonian_lfp_ses-163,parkinsonian,True,52.00000000000573,3.0409847157989353e-09
parkinsonian_lfp_ses-163,parkinsonian,True,52.500000000005784,2.3636209117768686e-09
parkinsonian_lfp_ses-163,parkinsonian,True,53.00000000000584,2.6387993718015956e-09
parkinsonian_lfp_ses-163,parkinsonian,True,53.50000000000589,2.0569286298755488e-09
parkinsonian_lfp_ses-163,parkinsonian,True,54.00000000000595,2.2485529367557153e-09
parkinsonian_lfp_ses-163,parkinsonian,True,54.500000000006004,2.4363459881919258e-09
parkinsonian_lfp_ses-163,parkinsonian,True,55.000000000006054,1.8697902966859436e-09
parkinsonian_lfp_ses-163,parkinsonian,True,55.50000000000611,1.59549924353912e-09
parkinsonian_lfp_ses-163,parkinsonian,True,56.00000000000617,2.1219448442385478e-09
parkinsonian_lfp_ses-163,parkinsonian,True,56.500000000006224,2.1217888226606398e-09
parkinsonian_lfp_ses-163,parkinsonian,True,57.00000000000628,1.5933086736902064e-09
parkinsonian_lfp_ses-163,parkinsonian,True,57.50000000000633,1.6842881744028937e-09
parkinsonian_lfp_ses-163,parkinsonian,True,58.00000000000639,2.2771190354631955e-09
parkinsonian_lfp_ses-163,parkinsonian,True,58.500000000006445,2.0695469365855248e-09
parkinsonian_lfp_ses-163,parkinsonian,True,59.000000000006494,1.920519218292956e-09
parkinsonian_lfp_ses-163,parkinsonian,True,59.50000000000655,1.8555781429292303e-09
parkinsonian_lfp_ses-163,parkinsonian,True,60.00000000000661,1.440031436762027e-09
parkinsonian_lfp_ses-163,parkinsonian,True,60.500000000006665,1.2486725894444501e-09
parkinsonian_lfp_ses-163,parkinsonian,True,61.00000000000672,1.5311786529953528e-09
parkinsonian_lfp_ses-163,parkinsonian,True,61.50000000000677,2.066582917162664e-09
parkinsonian_lfp_ses-163,parkinsonian,True,62.00000000000683,2.0093285112157358e-09
parkinsonian_lfp_ses-163,parkinsonian,True,62.500000000006885,1.62762300961483e-09
parkinsonian_lfp_ses-163,parkinsonian,True,63.000000000006935,1.4602910289581048e-09
parkinsonian_lfp_ses-163,parkinsonian,True,63.50000000000699,1.6141822505936247e-09
parkinsonian_lfp_ses-163,parkinsonian,True,64.00000000000705,1.486053367905415e-09
parkinsonian_lfp_ses-163,parkinsonian,True,64.5000000000071,1.3635008457986944e-09
parkinsonian_lfp_ses-163,parkinsonian,True,65.00000000000716,1.0784992579097857e-09
parkinsonian_lfp_ses-163,parkinsonian,True,65.50000000000722,9.695067356596136e-10
parkinsonian_lfp_ses-163,parkinsonian,True,66.00000000000728,1.3125185562937612e-09
parkinsonian_lfp_ses-163,parkinsonian,True,66.50000000000732,1.6884438561291596e-09
parkinsonian_lfp_ses-163,parkinsonian,True,67.00000000000738,1.5843145857524967e-09
parkinsonian_lfp_ses-163,parkinsonian,True,67.50000000000743,1.449025877263682e-09
parkinsonian_lfp_ses-163,parkinsonian,True,68.00000000000749,1.4609916569432067e-09
parkinsonian_lfp_ses-163,parkinsonian,True,68.50000000000755,1.5449711874932953e-09
parkinsonian_lfp_ses-163,parkinsonian,True,69.0000000000076,1.243453891873693e-09
parkinsonian_lfp_ses-163,parkinsonian,True,69.50000000000766,1.288912129352123e-09
parkinsonian_lfp_ses-163,parkinsonian,True,70.0000000000077,1.1427606930835125e-09
parkinsonian_lfp_ses-163,parkinsonian,True,70.50000000000776,1.0177542303629163e-09
parkinsonian_lfp_ses-163,parkinsonian,True,71.00000000000782,1.0899023964825576e-09
parkinsonian_lfp_ses-163,parkinsonian,True,71.50000000000787,1.196109498753298e-09
parkinsonian_lfp_ses-163,parkinsonian,True,72.00000000000793,1.6148454658636854e-09
parkinsonian_lfp_ses-163,parkinsonian,True,72.50000000000799,1.6047063534214463e-09
parkinsonian_lfp_ses-163,parkinsonian,True,73.00000000000804,1.462616661055248e-09
parkinsonian_lfp_ses-163,parkinsonian,True,73.5000000000081,1.7377209122453365e-09
parkinsonian_lfp_ses-163,parkinsonian,True,74.00000000000816,1.7972202890628763e-09
parkinsonian_lfp_ses-163,parkinsonian,True,74.5000000000082,1.5592929364937793e-09
parkinsonian_lfp_ses-163,parkinsonian,True,75.00000000000826,1.7840506789224095e-09
parkinsonian_lfp_ses-163,parkinsonian,True,75.50000000000831,1.981885739318851e-09
parkinsonian_lfp_ses-163,parkinsonian,True,76.00000000000837,1.8023199742305184e-09
parkinsonian_lfp_ses-163,parkinsonian,True,76.50000000000843,1.445031793771609e-09
parkinsonian_lfp_ses-163,parkinsonian,True,77.00000000000848,1.3603966997076824e-09
parkinsonian_lfp_ses-163,parkinsonian,True,77.50000000000854,1.4285386673500886e-09
parkinsonian_lfp_ses-163,parkinsonian,True,78.00000000000858,1.5640767278636038e-09
parkinsonian_lfp_ses-163,parkinsonian,True,78.50000000000864,1.5851262792657038e-09
parkinsonian_lfp_ses-163,parkinsonian,True,79.0000000000087,1.4952750323976116e-09
parkinsonian_lfp_ses-163,parkinsonian,True,79.50000000000875,1.2976311143755317e-09
parkinsonian_lfp_ses-163,parkinsonian,True,80.00000000000881,2.0283043519307196e-09
parkinsonian_lfp_ses-163,parkinsonian,True,80.50000000000887,1.7792994566352457e-09
parkinsonian_lfp_ses-163,parkinsonian,True,81.00000000000892,1.347152768663736e-09
parkinsonian_lfp_ses-163,parkinsonian,True,81.50000000000898,1.6095020159147115e-09
parkinsonian_lfp_ses-163,parkinsonian,True,82.00000000000904,1.6290950509136542e-09
parkinsonian_lfp_ses-163,parkinsonian,True,82.50000000000908,1.2607760358924436e-09
parkinsonian_lfp_ses-163,parkinsonian,True,83.00000000000914,1.1839907828072863e-09
parkinsonian_lfp_ses-163,parkinsonian,True,83.5000000000092,1.3183968637997619e-09
parkinsonian_lfp_ses-163,parkinsonian,True,84.00000000000925,1.6809596571998235e-09
parkinsonian_lfp_ses-163,parkinsonian,True,84.50000000000931,1.2829135796684463e-09
parkinsonian_lfp_ses-163,parkinsonian,True,85.00000000000936,1.3346848829921228e-09
parkinsonian_lfp_ses-163,parkinsonian,True,85.50000000000942,1.320597408110176e-09
parkinsonian_lfp_ses-163,parkinsonian,True,86.00000000000946,1.4800652779978072e-09
parkinsonian_lfp_ses-163,parkinsonian,True,86.50000000000952,1.6319685873723678e-09
parkinsonian_lfp_ses-163,parkinsonian,True,87.00000000000958,1.4197571232226746e-09
parkinsonian_lfp_ses-163,parkinsonian,True,87.50000000000963,1.5073546025243443e-09
parkinsonian_lfp_ses-163,parkinsonian,True,88.00000000000969,1.2014030737783665e-09
parkinsonian_lfp_ses-163,parkinsonian,True,88.50000000000975,1.0450192640683549e-09
parkinsonian_lfp_ses-163,parkinsonian,True,89.0000000000098,1.1527522342168253e-09
parkinsonian_lfp_ses-163,parkinsonian,True,89.50000000000986,1.1535705995525267e-09
parkinsonian_lfp_ses-163,parkinsonian,True,90.00000000000992,1.09740163230754e-09
parkinsonian_lfp_ses-163,parkinsonian,True,90.50000000000996,1.1878939127683648e-09
parkinsonian_lfp_ses-163,parkinsonian,True,91.00000000001002,1.2721118210304726e-09
parkinsonian_lfp_ses-163,parkinsonian,True,91.50000000001008,1.4841121926315955e-09
parkinsonian_lfp_ses-163,parkinsonian,True,92.00000000001013,1.5793577632319654e-09
parkinsonian_lfp_ses-163,parkinsonian,True,92.50000000001019,1.2068904871936784e-09
parkinsonian_lfp_ses-163,parkinsonian,True,93.00000000001025,1.312263770005008e-09
parkinsonian_lfp_ses-163,parkinsonian,True,93.5000000000103,1.1730216462924105e-09
parkinsonian_lfp_ses-163,parkinsonian,True,94.00000000001035,1.1771273475689917e-09
parkinsonian_lfp_ses-163,parkinsonian,True,94.5000000000104,1.2483311166205588e-09
parkinsonian_lfp_ses-163,parkinsonian,True,95.00000000001046,1.1329066730443692e-09
parkinsonian_lfp_ses-163,parkinsonian,True,95.50000000001052,9.085215415926255e-10
parkinsonian_lfp_ses-163,parkinsonian,True,96.00000000001057,1.2439233350611947e-09
parkinsonian_lfp_ses-163,parkinsonian,True,96.50000000001063,1.4962934954452837e-09
parkinsonian_lfp_ses-163,parkinsonian,True,97.00000000001069,1.060003026118715e-09
parkinsonian_lfp_ses-163,parkinsonian,True,97.50000000001074,9.394540117514602e-10
parkinsonian_lfp_ses-163,parkinsonian,True,98.0000000000108,1.0489889419479056e-09
parkinsonian_lfp_ses-163,parkinsonian,True,98.50000000001084,1.143761497231496e-09
parkinsonian_lfp_ses-163,parkinsonian,True,99.0000000000109,1.8743981889539173e-09
parkinsonian_lfp_ses-163,parkinsonian,True,99.50000000001096,1.3567768084857805e-09
parkinsonian_lfp_ses-164,parkinsonian,True,0.0,6.885197518758799e-10
parkinsonian_lfp_ses-164,parkinsonian,True,0.5000000000000551,4.654108929524446e-09
parkinsonian_lfp_ses-164,parkinsonian,True,1.0000000000001101,5.430562419557341e-09
parkinsonian_lfp_ses-164,parkinsonian,True,1.5000000000001652,5.229004545736561e-09
parkinsonian_lfp_ses-164,parkinsonian,True,2.0000000000002203,4.5921695217140256e-09
parkinsonian_lfp_ses-164,parkinsonian,True,2.5000000000002753,4.268324781114531e-09
parkinsonian_lfp_ses-164,parkinsonian,True,3.0000000000003304,3.830449166727555e-09
parkinsonian_lfp_ses-164,parkinsonian,True,3.5000000000003855,4.935671615300204e-09
parkinsonian_lfp_ses-164,parkinsonian,True,4.0000000000004405,4.232209013043323e-09
parkinsonian_lfp_ses-164,parkinsonian,True,4.500000000000496,4.229092550503923e-09
parkinsonian_lfp_ses-164,parkinsonian,True,5.000000000000551,3.185220593460697e-09
parkinsonian_lfp_ses-164,parkinsonian,True,5.500000000000606,3.0743535723199664e-09
parkinsonian_lfp_ses-164,parkinsonian,True,6.000000000000661,2.581002535890481e-09
parkinsonian_lfp_ses-164,parkinsonian,True,6.500000000000716,3.753851600361925e-09
parkinsonian_lfp_ses-164,parkinsonian,True,7.000000000000771,4.014070241663283e-09
parkinsonian_lfp_ses-164,parkinsonian,True,7.500000000000826,3.0342611048192545e-09
parkinsonian_lfp_ses-164,parkinsonian,True,8.000000000000881,1.8861539102741396e-09
parkinsonian_lfp_ses-164,parkinsonian,True,8.500000000000936,2.7360465642814983e-09
parkinsonian_lfp_ses-164,parkinsonian,True,9.000000000000991,3.4448075642611412e-09
parkinsonian_lfp_ses-164,parkinsonian,True,9.500000000001046,3.3546491617905555e-09
parkinsonian_lfp_ses-164,parkinsonian,True,10.000000000001101,2.9033151786290924e-09
parkinsonian_lfp_ses-164,parkinsonian,True,10.500000000001156,2.411574637843932e-09
parkinsonian_lfp_ses-164,parkinsonian,True,11.000000000001211,2.4499260959826295e-09
parkinsonian_lfp_ses-164,parkinsonian,True,11.500000000001267,3.3774250966883387e-09
parkinsonian_lfp_ses-164,parkinsonian,True,12.000000000001322,3.2967020657274673e-09
parkinsonian_lfp_ses-164,parkinsonian,True,12.500000000001377,2.4080959081187363e-09
parkinsonian_lfp_ses-164,parkinsonian,True,13.000000000001432,2.644235775278261e-09
parkinsonian_lfp_ses-164,parkinsonian,True,13.500000000001487,2.9234042962422787e-09
parkinsonian_lfp_ses-164,parkinsonian,True,14.000000000001542,4.116183336325898e-09
parkinsonian_lfp_ses-164,parkinsonian,True,14.500000000001597,3.820374892506778e-09
parkinsonian_lfp_ses-164,parkinsonian,True,15.000000000001652,3.5450122665561124e-09
parkinsonian_lfp_ses-164,parkinsonian,True,15.500000000001707,2.433155410878337e-09
parkinsonian_lfp_ses-164,parkinsonian,True,16.000000000001762,2.5150364332942878e-09
parkinsonian_lfp_ses-164,parkinsonian,True,16.50000000000182,4.003287457089662e-09
parkinsonian_lfp_ses-164,parkinsonian,True,17.000000000001872,4.596190193266208e-09
parkinsonian_lfp_ses-164,parkinsonian,True,17.500000000001926,5.014151753181696e-09
parkinsonian_lfp_ses-164,parkinsonian,True,18.000000000001982,4.651395848805988e-09
parkinsonian_lfp_ses-164,parkinsonian,True,18.50000000000204,4.068282673136802e-09
parkinsonian_lfp_ses-164,parkinsonian,True,19.000000000002093,4.094064455585713e-09
parkinsonian_lfp_ses-164,parkinsonian,True,19.500000000002146,4.546291932693207e-09
parkinsonian_lfp_ses-164,parkinsonian,True,20.000000000002203,4.4459497052452774e-09
parkinsonian_lfp_ses-164,parkinsonian,True,20.50000000000226,3.4913979411907233e-09
parkinsonian_lfp_ses-164,parkinsonian,True,21.000000000002313,4.065244860070353e-09
parkinsonian_lfp_ses-164,parkinsonian,True,21.500000000002366,4.8506195965665985e-09
parkinsonian_lfp_ses-164,parkinsonian,True,22.000000000002423,5.067743592458448e-09
parkinsonian_lfp_ses-164,parkinsonian,True,22.50000000000248,5.3701538428509895e-09
parkinsonian_lfp_ses-164,parkinsonian,True,23.000000000002533,4.872030839653887e-09
parkinsonian_lfp_ses-164,parkinsonian,True,23.500000000002586,3.7141248202042164e-09
parkinsonian_lfp_ses-164,parkinsonian,True,24.000000000002643,6.002698345780323e-09
parkinsonian_lfp_ses-164,parkinsonian,True,24.5000000000027,1.7902204841428795e-08
parkinsonian_lfp_ses-164,parkinsonian,True,25.000000000002753,3.324582156931461e-08
parkinsonian_lfp_ses-164,parkinsonian,True,25.500000000002807,3.293815028962552e-08
parkinsonian_lfp_ses-164,parkinsonian,True,26.000000000002863,2.4965342753331815e-08
parkinsonian_lfp_ses-164,parkinsonian,True,26.50000000000292,1.6542976296308305e-08
parkinsonian_lfp_ses-164,parkinsonian,True,27.000000000002974,9.910716351866255e-09
parkinsonian_lfp_ses-164,parkinsonian,True,27.500000000003027,5.816675597735374e-09
parkinsonian_lfp_ses-164,parkinsonian,True,28.000000000003084,7.166645936606135e-09
parkinsonian_lfp_ses-164,parkinsonian,True,28.50000000000314,5.408776607321096e-09
parkinsonian_lfp_ses-164,parkinsonian,True,29.000000000003194,3.966247349068475e-09
parkinsonian_lfp_ses-164,parkinsonian,True,29.500000000003247,3.933906599609756e-09
parkinsonian_lfp_ses-164,parkinsonian,True,30.000000000003304,4.135797269132437e-09
parkinsonian_lfp_ses-164,parkinsonian,True,30.50000000000336,3.014956075578607e-09
parkinsonian_lfp_ses-164,parkinsonian,True,31.000000000003414,2.7640982518244257e-09
parkinsonian_lfp_ses-164,parkinsonian,True,31.500000000003467,2.3081427287539986e-09
parkinsonian_lfp_ses-164,parkinsonian,True,32.000000000003524,2.3481054037707622e-09
parkinsonian_lfp_ses-164,parkinsonian,True,32.50000000000358,2.433261922727385e-09
parkinsonian_lfp_ses-164,parkinsonian,True,33.00000000000364,1.8216744861959466e-09
parkinsonian_lfp_ses-164,parkinsonian,True,33.50000000000369,1.875092979605239e-09
parkinsonian_lfp_ses-164,parkinsonian,True,34.000000000003745,2.1061043975255646e-09
parkinsonian_lfp_ses-164,parkinsonian,True,34.5000000000038,1.7321633931773008e-09
parkinsonian_lfp_ses-164,parkinsonian,True,35.00000000000385,1.7240741984482124e-09
parkinsonian_lfp_ses-164,parkinsonian,True,35.50000000000391,1.455078533749434e-09
parkinsonian_lfp_ses-164,parkinsonian,True,36.000000000003965,1.3672406529688978e-09
parkinsonian_lfp_ses-164,parkinsonian,True,36.50000000000402,2.093779312796115e-09
parkinsonian_lfp_ses-164,parkinsonian,True,37.00000000000408,2.5799211061046184e-09
parkinsonian_lfp_ses-164,parkinsonian,True,37.50000000000413,2.803080279036935e-09
parkinsonian_lfp_ses-164,parkinsonian,True,38.000000000004185,2.4518523639435506e-09
parkinsonian_lfp_ses-164,parkinsonian,True,38.50000000000424,2.2161228682268335e-09
parkinsonian_lfp_ses-164,parkinsonian,True,39.00000000000429,1.972671031575074e-09
parkinsonian_lfp_ses-164,parkinsonian,True,39.50000000000435,1.6271294169822458e-09
parkinsonian_lfp_ses-164,parkinsonian,True,40.000000000004405,1.695122079495257e-09
parkinsonian_lfp_ses-164,parkinsonian,True,40.50000000000446,1.593194939656824e-09
parkinsonian_lfp_ses-164,parkinsonian,True,41.00000000000452,1.8756430536021326e-09
parkinsonian_lfp_ses-164,parkinsonian,True,41.50000000000457,1.438863283764131e-09
parkinsonian_lfp_ses-164,parkinsonian,True,42.000000000004626,1.5492439287586698e-09
parkinsonian_lfp_ses-164,parkinsonian,True,42.50000000000468,1.5279423494503349e-09
parkinsonian_lfp_ses-164,parkinsonian,True,43.00000000000473,1.5711680882096518e-09
parkinsonian_lfp_ses-164,parkinsonian,True,43.50000000000479,1.7280967630267203e-09
parkinsonian_lfp_ses-164,parkinsonian,True,44.000000000004846,1.8644930118306438e-09
parkinsonian_lfp_ses-164,parkinsonian,True,44.5000000000049,1.8468643451384034e-09
parkinsonian_lfp_ses-164,parkinsonian,True,45.00000000000496,2.287700553164533e-09
parkinsonian_lfp_ses-164,parkinsonian,True,45.50000000000501,1.6814171233652178e-09
parkinsonian_lfp_ses-164,parkinsonian,True,46.000000000005066,1.528728429859011e-09
parkinsonian_lfp_ses-164,parkinsonian,True,46.50000000000512,2.129225205826528e-09
parkinsonian_lfp_ses-164,parkinsonian,True,47.00000000000517,2.0981179882135977e-09
parkinsonian_lfp_ses-164,parkinsonian,True,47.50000000000523,1.3813519304642685e-09
parkinsonian_lfp_ses-164,parkinsonian,True,48.000000000005286,1.2970341602944793e-09
parkinsonian_lfp_ses-164,parkinsonian,True,48.50000000000534,1.6235178458718041e-09
parkinsonian_lfp_ses-164,parkinsonian,True,49.0000000000054,1.9303058471866984e-09
parkinsonian_lfp_ses-164,parkinsonian,True,49.50000000000545,2.4608708260892677e-09
parkinsonian_lfp_ses-164,parkinsonian,True,50.00000000000551,2.960384721447201e-09
parkinsonian_lfp_ses-164,parkinsonian,True,50.50000000000556,3.4173946665427542e-09
parkinsonian_lfp_ses-164,parkinsonian,True,51.00000000000561,3.695290435317271e-09
parkinsonian_lfp_ses-164,parkinsonian,True,51.50000000000567,3.1787361643562726e-09
parkinsonian_lfp_ses-164,parkinsonian,True,52.00000000000573,2.356983130088295e-09
parkinsonian_lfp_ses-164,parkinsonian,True,52.500000000005784,2.425951781970484e-09
parkinsonian_lfp_ses-164,parkinsonian,True,53.00000000000584,2.7708528252661142e-09
parkinsonian_lfp_ses-164,parkinsonian,True,53.50000000000589,2.024639539403487e-09
parkinsonian_lfp_ses-164,parkinsonian,True,54.00000000000595,2.1715858540910065e-09
parkinsonian_lfp_ses-164,parkinsonian,True,54.500000000006004,2.4210324842513685e-09
parkinsonian_lfp_ses-164,parkinsonian,True,55.000000000006054,2.0874512064498017e-09
parkinsonian_lfp_ses-164,parkinsonian,True,55.50000000000611,1.7480300557678279e-09
parkinsonian_lfp_ses-164,parkinsonian,True,56.00000000000617,1.9972200199212176e-09
parkinsonian_lfp_ses-164,parkinsonian,True,56.500000000006224,1.8101127263699485e-09
parkinsonian_lfp_ses-164,parkinsonian,True,57.00000000000628,1.964602240529553e-09
parkinsonian_lfp_ses-164,parkinsonian,True,57.50000000000633,2.1523928820890565e-09
parkinsonian_lfp_ses-164,parkinsonian,True,58.00000000000639,2.3156658803082468e-09
parkinsonian_lfp_ses-164,parkinsonian,True,58.500000000006445,2.1114219131800423e-09
parkinsonian_lfp_ses-164,parkinsonian,True,59.000000000006494,1.5164029882312738e-09
parkinsonian_lfp_ses-164,parkinsonian,True,59.50000000000655,1.4162610026471938e-09
parkinsonian_lfp_ses-164,parkinsonian,True,60.00000000000661,1.9382277223315012e-09
parkinsonian_lfp_ses-164,parkinsonian,True,60.500000000006665,1.9207874241684944e-09
parkinsonian_lfp_ses-164,parkinsonian,True,61.00000000000672,1.3539982037898958e-09
parkinsonian_lfp_ses-164,parkinsonian,True,61.50000000000677,1.6773937781741173e-09
parkinsonian_lfp_ses-164,parkinsonian,True,62.00000000000683,2.5865794825797014e-09
parkinsonian_lfp_ses-164,parkinsonian,True,62.500000000006885,1.5601829705193082e-09
parkinsonian_lfp_ses-164,parkinsonian,True,63.000000000006935,1.1677340239349536e-09
parkinsonian_lfp_ses-164,parkinsonian,True,63.50000000000699,1.1835937191866985e-09
parkinsonian_lfp_ses-164,parkinsonian,True,64.00000000000705,1.3172681680717912e-09
parkinsonian_lfp_ses-164,parkinsonian,True,64.5000000000071,1.3026056605636928e-09
parkinsonian_lfp_ses-164,parkinsonian,True,65.00000000000716,1.2594278957710979e-09
parkinsonian_lfp_ses-164,parkinsonian,True,65.50000000000722,1.2846351730853647e-09
parkinsonian_lfp_ses-164,parkinsonian,True,66.00000000000728,1.4439672609613927e-09
parkinsonian_lfp_ses-164,parkinsonian,True,66.50000000000732,1.563067546797964e-09
parkinsonian_lfp_ses-164,parkinsonian,True,67.00000000000738,1.6694169292213097e-09
parkinsonian_lfp_ses-164,parkinsonian,True,67.50000000000743,1.1032604752191298e-09
parkinsonian_lfp_ses-164,parkinsonian,True,68.00000000000749,1.5976404281088535e-09
parkinsonian_lfp_ses-164,parkinsonian,True,68.50000000000755,1.816700032265329e-09
parkinsonian_lfp_ses-164,parkinsonian,True,69.0000000000076,1.3485414881439074e-09
parkinsonian_lfp_ses-164,parkinsonian,True,69.50000000000766,1.3465367991950116e-09
parkinsonian_lfp_ses-164,parkinsonian,True,70.0000000000077,1.701222440556878e-09
parkinsonian_lfp_ses-164,parkinsonian,True,70.50000000000776,1.6534501476741383e-09
parkinsonian_lfp_ses-164,parkinsonian,True,71.00000000000782,1.3325679745186136e-09
parkinsonian_lfp_ses-164,parkinsonian,True,71.50000000000787,1.512346641228426e-09
parkinsonian_lfp_ses-164,parkinsonian,True,72.00000000000793,1.156551472151005e-09
parkinsonian_lfp_ses-164,parkinsonian,True,72.50000000000799,1.3131458458192378e-09
parkinsonian_lfp_ses-164,parkinsonian,True,73.00000000000804,1.3046340524918344e-09
parkinsonian_lfp_ses-164,parkinsonian,True,73.5000000000081,1.5851218851989554e-09
parkinsonian_lfp_ses-164,parkinsonian,True,74.00000000000816,1.398341126454651e-09
parkinsonian_lfp_ses-164,parkinsonian,True,74.5000000000082,1.6482687454967385e-09
parkinsonian_lfp_ses-164,parkinsonian,True,75.00000000000826,1.7353762471334357e-09
parkinsonian_lfp_ses-164,parkinsonian,True,75.50000000000831,1.5134868359918253e-09
parkinsonian_lfp_ses-164,parkinsonian,True,76.00000000000837,1.7436531028702394e-09
parkinsonian_lfp_ses-164,parkinsonian,True,76.50000000000843,1.647293504986086e-09
parkinsonian_lfp_ses-164,parkinsonian,True,77.00000000000848,1.487607735085324e-09
parkinsonian_lfp_ses-164,parkinsonian,True,77.50000000000854,1.7189209892729427e-09
parkinsonian_lfp_ses-164,parkinsonian,True,78.00000000000858,1.5335858625454672e-09
parkinsonian_lfp_ses-164,parkinsonian,True,78.50000000000864,1.0727427052890824e-09
parkinsonian_lfp_ses-164,parkinsonian,True,79.0000000000087,1.317170986275621e-09
parkinsonian_lfp_ses-164,parkinsonian,True,79.50000000000875,1.3237784315159137e-09
parkinsonian_lfp_ses-164,parkinsonian,True,80.00000000000881,1.7181460395264394e-09
parkinsonian_lfp_ses-164,parkinsonian,True,80.50000000000887,1.7174263191458881e-09
parkinsonian_lfp_ses-164,parkinsonian,True,81.00000000000892,1.5595350236548482e-09
parkinsonian_lfp_ses-164,parkinsonian,True,81.50000000000898,1.1624636033649214e-09
parkinsonian_lfp_ses-164,parkinsonian,True,82.00000000000904,1.6409718006001271e-09
parkinsonian_lfp_ses-164,parkinsonian,True,82.50000000000908,1.854603935533925e-09
parkinsonian_lfp_ses-164,parkinsonian,True,83.00000000000914,1.4367230685692652e-09
parkinsonian_lfp_ses-164,parkinsonian,True,83.5000000000092,9.800604836868733e-10
parkinsonian_lfp_ses-164,parkinsonian,True,84.00000000000925,1.3530231372496442e-09
parkinsonian_lfp_ses-164,parkinsonian,True,84.50000000000931,1.456966461350763e-09
parkinsonian_lfp_ses-164,parkinsonian,True,85.00000000000936,1.763972030118854e-09
parkinsonian_lfp_ses-164,parkinsonian,True,85.50000000000942,1.4975712369245526e-09
parkinsonian_lfp_ses-164,parkinsonian,True,86.00000000000946,1.2404218568246612e-09
parkinsonian_lfp_ses-164,parkinsonian,True,86.50000000000952,1.3485686355556853e-09
parkinsonian_lfp_ses-164,parkinsonian,True,87.00000000000958,1.4489960725715278e-09
parkinsonian_lfp_ses-164,parkinsonian,True,87.50000000000963,1.4886221763139802e-09
parkinsonian_lfp_ses-164,parkinsonian,True,88.00000000000969,1.5501902263986212e-09
parkinsonian_lfp_ses-164,parkinsonian,True,88.50000000000975,1.6996284818721716e-09
parkinsonian_lfp_ses-164,parkinsonian,True,89.0000000000098,1.5867411509216006e-09
parkinsonian_lfp_ses-164,parkinsonian,True,89.50000000000986,1.1949770391675738e-09
parkinsonian_lfp_ses-164,parkinsonian,True,90.00000000000992,1.3873772794152622e-09
parkinsonian_lfp_ses-164,parkinsonian,True,90.50000000000996,1.1026273494438184e-09
parkinsonian_lfp_ses-164,parkinsonian,True,91.00000000001002,9.098032581922931e-10
parkinsonian_lfp_ses-164,parkinsonian,True,91.50000000001008,1.4083551895971072e-09
parkinsonian_lfp_ses-164,parkinsonian,True,92.00000000001013,1.5992166338342943e-09
parkinsonian_lfp_ses-164,parkinsonian,True,92.50000000001019,1.2320058129477989e-09
parkinsonian_lfp_ses-164,parkinsonian,True,93.00000000001025,1.2255886571873207e-09
parkinsonian_lfp_ses-164,parkinsonian,True,93.5000000000103,1.1386953225030136e-09
parkinsonian_lfp_ses-164,parkinsonian,True,94.00000000001035,1.1176557816147517e-09
parkinsonian_lfp_ses-164,parkinsonian,True,94.5000000000104,9.682816131690057e-10
parkinsonian_lfp_ses-164,parkinsonian,True,95.00000000001046,1.366638765128069e-09
parkinsonian_lfp_ses-164,parkinsonian,True,95.50000000001052,1.1103522429186917e-09
parkinsonian_lfp_ses-164,parkinsonian,True,96.00000000001057,1.0683994117159188e-09
parkinsonian_lfp_ses-164,parkinsonian,True,96.50000000001063,1.2783700211191291e-09
parkinsonian_lfp_ses-164,parkinsonian,True,97.00000000001069,1.2186512763392361e-09
parkinsonian_lfp_ses-164,parkinsonian,True,97.50000000001074,1.1858906103689943e-09
parkinsonian_lfp_ses-164,parkinsonian,True,98.0000000000108,1.4446119976570335e-09
parkinsonian_lfp_ses-164,parkinsonian,True,98.50000000001084,1.174172396286546e-09
parkinsonian_lfp_ses-164,parkinsonian,True,99.0000000000109,1.3456558798443899e-09
parkinsonian_lfp_ses-164,parkinsonian,True,99.50000000001096,1.5793585577356582e-09
parkinsonian_lfp_ses-219,parkinsonian,True,0.0,6.487777383244431e-10
parkinsonian_lfp_ses-219,parkinsonian,True,0.5000000000002771,3.625239996033695e-09
parkinsonian_lfp_ses-219,parkinsonian,True,1.0000000000005542,5.725480212677198e-09
parkinsonian_lfp_ses-219,parkinsonian,True,1.5000000000008313,5.3407259819766774e-09
parkinsonian_lfp_ses-219,parkinsonian,True,2.0000000000011084,5.892552557113954e-09
parkinsonian_lfp_ses-219,parkinsonian,True,2.5000000000013856,4.788248503143917e-09
parkinsonian_lfp_ses-219,parkinsonian,True,3.0000000000016627,4.9902056450985385e-09
parkinsonian_lfp_ses-219,parkinsonian,True,3.50000000000194,4.5411783106418015e-09
parkinsonian_lfp_ses-219,parkinsonian,True,4.000000000002217,4.998735279318883e-09
parkinsonian_lfp_ses-219,parkinsonian,True,4.500000000002494,5.412260392190208e-09
parkinsonian_lfp_ses-219,parkinsonian,True,5.000000000002771,4.5393519937181115e-09
parkinsonian_lfp_ses-219,parkinsonian,True,5.500000000003048,3.6380776421055135e-09
parkinsonian_lfp_ses-219,parkinsonian,True,6.000000000003325,5.1277282633117124e-09
parkinsonian_lfp_ses-219,parkinsonian,True,6.5000000000036025,5.937764418684106e-09
parkinsonian_lfp_ses-219,parkinsonian,True,7.00000000000388,3.4102708352599222e-09
parkinsonian_lfp_ses-219,parkinsonian,True,7.500000000004157,3.1322312737210498e-09
parkinsonian_lfp_ses-219,parkinsonian,True,8.000000000004434,3.0832359364618978e-09
parkinsonian_lfp_ses-219,parkinsonian,True,8.500000000004711,2.3066728356218853e-09
parkinsonian_lfp_ses-219,parkinsonian,True,9.000000000004988,3.172488537322368e-09
parkinsonian_lfp_ses-219,parkinsonian,True,9.500000000005265,3.1344088787008385e-09
parkinsonian_lfp_ses-219,parkinsonian,True,10.000000000005542,4.350175855452093e-09
parkinsonian_lfp_ses-219,parkinsonian,True,10.50000000000582,2.970872360765348e-09
parkinsonian_lfp_ses-219,parkinsonian,True,11.000000000006096,2.4234238289944133e-09
parkinsonian_lfp_ses-219,parkinsonian,True,11.500000000006374,2.8045693320185946e-09
parkinsonian_lfp_ses-219,parkinsonian,True,12.00000000000665,2.3369732167302778e-09
parkinsonian_lfp_ses-219,parkinsonian,True,12.500000000006928,3.3071428046132044e-09
parkinsonian_lfp_ses-219,parkinsonian,True,13.000000000007205,3.241376520976299e-09
parkinsonian_lfp_ses-219,parkinsonian,True,13.500000000007482,2.8946431852818637e-09
parkinsonian_lfp_ses-219,parkinsonian,True,14.00000000000776,2.5390330637741894e-09
parkinsonian_lfp_ses-219,parkinsonian,True,14.500000000008036,2.492415821243518e-09
parkinsonian_lfp_ses-219,parkinsonian,True,15.000000000008313,2.3245736985821764e-09
parkinsonian_lfp_ses-219,parkinsonian,True,15.50000000000859,2.703607147902155e-09
parkinsonian_lfp_ses-219,parkinsonian,True,16.000000000008868,3.599816869826014e-09
parkinsonian_lfp_ses-219,parkinsonian,True,16.500000000009145,4.458021179406652e-09
parkinsonian_lfp_ses-219,parkinsonian,True,17.000000000009422,4.889443139465664e-09
parkinsonian_lfp_ses-219,parkinsonian,True,17.5000000000097,6.660756682472786e-09
parkinsonian_lfp_ses-219,parkinsonian,True,18.000000000009976,5.203161296489942e-09
parkinsonian_lfp_ses-219,parkinsonian,True,18.500000000010253,2.9541301508438314e-09
parkinsonian_lfp_ses-219,parkinsonian,True,19.00000000001053,3.3944858111238374e-09
parkinsonian_lfp_ses-219,parkinsonian,True,19.500000000010807,4.748234060492662e-09
parkinsonian_lfp_ses-219,parkinsonian,True,20.000000000011084,4.538934701516916e-09
parkinsonian_lfp_ses-219,parkinsonian,True,20.50000000001136,3.7309203619505785e-09
parkinsonian_lfp_ses-219,parkinsonian,True,21.00000000001164,4.796939747579253e-09
parkinsonian_lfp_ses-219,parkinsonian,True,21.500000000011916,4.684551894271335e-09
parkinsonian_lfp_ses-219,parkinsonian,True,22.000000000012193,4.524380541969933e-09
parkinsonian_lfp_ses-219,parkinsonian,True,22.50000000001247,3.181137399902747e-09
parkinsonian_lfp_ses-219,parkinsonian,True,23.000000000012747,2.430991044375115e-09
parkinsonian_lfp_ses-219,parkinsonian,True,23.500000000013024,4.1793722020055615e-09
parkinsonian_lfp_ses-219,parkinsonian,True,24.0000000000133,5.370052908955497e-09
parkinsonian_lfp_ses-219,parkinsonian,True,24.50000000001358,1.9748302135642112e-08
parkinsonian_lfp_ses-219,parkinsonian,True,25.000000000013856,4.184482019111486e-08
parkinsonian_lfp_ses-219,parkinsonian,True,25.500000000014133,4.262355995729096e-08
parkinsonian_lfp_ses-219,parkinsonian,True,26.00000000001441,2.8745051226934602e-08
parkinsonian_lfp_ses-219,parkinsonian,True,26.500000000014687,1.1830898484424562e-08
parkinsonian_lfp_ses-219,parkinsonian,True,27.000000000014964,9.28023691269464e-09
parkinsonian_lfp_ses-219,parkinsonian,True,27.50000000001524,7.817571329618476e-09
parkinsonian_lfp_ses-219,parkinsonian,True,28.00000000001552,5.162935052471951e-09
parkinsonian_lfp_ses-219,parkinsonian,True,28.500000000015795,4.1735153877759845e-09
parkinsonian_lfp_ses-219,parkinsonian,True,29.000000000016072,4.84102323643903e-09
parkinsonian_lfp_ses-219,parkinsonian,True,29.50000000001635,5.5252498505833824e-09
parkinsonian_lfp_ses-219,parkinsonian,True,30.000000000016627,6.240139492688629e-09
parkinsonian_lfp_ses-219,parkinsonian,True,30.500000000016904,4.337849227826245e-09
parkinsonian_lfp_ses-219,parkinsonian,True,31.00000000001718,3.2722570320824725e-09
parkinsonian_lfp_ses-219,parkinsonian,True,31.500000000017458,2.4309452850324897e-09
parkinsonian_lfp_ses-219,parkinsonian,True,32.000000000017735,2.0538767099425167e-09
parkinsonian_lfp_ses-219,parkinsonian,True,32.50000000001801,2.198383129549237e-09
parkinsonian_lfp_ses-219,parkinsonian,True,33.00000000001829,2.281616243274057e-09
parkinsonian_lfp_ses-219,parkinsonian,True,33.50000000001857,2.35743367302936e-09
parkinsonian_lfp_ses-219,parkinsonian,True,34.000000000018844,2.7041392837009374e-09
parkinsonian_lfp_ses-219,parkinsonian,True,34.50000000001912,2.2594949104207874e-09
parkinsonian_lfp_ses-219,parkinsonian,True,35.0000000000194,2.165746813755909e-09
parkinsonian_lfp_ses-219,parkinsonian,True,35.500000000019675,1.8150451895053075e-09
parkinsonian_lfp_ses-219,parkinsonian,True,36.00000000001995,2.0316094893280818e-09
parkinsonian_lfp_ses-219,parkinsonian,True,36.50000000002023,2.024162903425729e-09
parkinsonian_lfp_ses-219,parkinsonian,True,37.000000000020506,2.5182188465382773e-09
parkinsonian_lfp_ses-219,parkinsonian,True,37.50000000002078,2.3902011168031805e-09
parkinsonian_lfp_ses-219,parkinsonian,True,38.00000000002106,1.8295563451240953e-09
parkinsonian_lfp_ses-219,parkinsonian,True,38.50000000002134,2.1080361281992667e-09
parkinsonian_lfp_ses-219,parkinsonian,True,39.000000000021615,2.427804601667967e-09
parkinsonian_lfp_ses-219,parkinsonian,True,39.50000000002189,2.2752282065970872e-09
parkinsonian_lfp_ses-219,parkinsonian,True,40.00000000002217,2.2300862056602945e-09
parkinsonian_lfp_ses-219,parkinsonian,True,40.500000000022446,2.313356724464534e-09
parkinsonian_lfp_ses-219,parkinsonian,True,41.00000000002272,2.1531535106352663e-09
parkinsonian_lfp_ses-219,parkinsonian,True,41.500000000023,1.6431752885489714e-09
parkinsonian_lfp_ses-219,parkinsonian,True,42.00000000002328,1.4826699192496145e-09
parkinsonian_lfp_ses-219,parkinsonian,True,42.500000000023554,1.7670381304774307e-09
parkinsonian_lfp_ses-219,parkinsonian,True,43.00000000002383,1.7714392313534841e-09
parkinsonian_lfp_ses-219,parkinsonian,True,43.50000000002411,1.8961118955631427e-09
parkinsonian_lfp_ses-219,parkinsonian,True,44.000000000024386,1.924013082219611e-09
parkinsonian_lfp_ses-219,parkinsonian,True,44.50000000002466,1.2561338355868608e-09
parkinsonian_lfp_ses-219,parkinsonian,True,45.00000000002494,2.0644995061009735e-09
parkinsonian_lfp_ses-219,parkinsonian,True,45.50000000002522,2.566889990576465e-09
parkinsonian_lfp_ses-219,parkinsonian,True,46.000000000025494,1.9294374748142197e-09
parkinsonian_lfp_ses-219,parkinsonian,True,46.50000000002577,1.3684383016948397e-09
parkinsonian_lfp_ses-219,parkinsonian,True,47.00000000002605,1.7787349486738738e-09
parkinsonian_lfp_ses-219,parkinsonian,True,47.500000000026326,1.7350179762139418e-09
parkinsonian_lfp_ses-219,parkinsonian,True,48.0000000000266,1.8815124174260378e-09
parkinsonian_lfp_ses-219,parkinsonian,True,48.50000000002688,1.9706147700394144e-09
parkinsonian_lfp_ses-219,parkinsonian,True,49.00000000002716,2.0161891210028354e-09
parkinsonian_lfp_ses-219,parkinsonian,True,49.500000000027434,2.3887748700855634e-09
parkinsonian_lfp_ses-219,parkinsonian,True,50.00000000002771,4.0196293344707386e-09
parkinsonian_lfp_ses-219,parkinsonian,True,50.50000000002799,5.225419437903871e-09
parkinsonian_lfp_ses-219,parkinsonian,True,51.000000000028265,3.4881433294321604e-09
parkinsonian_lfp_ses-219,parkinsonian,True,51.50000000002854,2.728017582578897e-09
parkinsonian_lfp_ses-219,parkinsonian,True,52.00000000002882,2.7764173430380623e-09
parkinsonian_lfp_ses-219,parkinsonian,True,52.5000000000291,3.0619744084458595e-09
parkinsonian_lfp_ses-219,parkinsonian,True,53.000000000029374,2.657328027826805e-09
parkinsonian_lfp_ses-219,parkinsonian,True,53.50000000002965,2.1047777324644555e-09
parkinsonian_lfp_ses-219,parkinsonian,True,54.00000000002993,2.0834717281387345e-09
parkinsonian_lfp_ses-219,parkinsonian,True,54.500000000030205,2.247853589217632e-09
parkinsonian_lfp_ses-219,parkinsonian,True,55.00000000003048,1.729693940058385e-09
parkinsonian_lfp_ses-219,parkinsonian,True,55.50000000003076,2.4091650182960224e-09
parkinsonian_lfp_ses-219,parkinsonian,True,56.00000000003104,2.58676702210131e-09
parkinsonian_lfp_ses-219,parkinsonian,True,56.500000000031314,1.8183602404943446e-09
parkinsonian_lfp_ses-219,parkinsonian,True,57.00000000003159,1.8825708516439606e-09
parkinsonian_lfp_ses-219,parkinsonian,True,57.50000000003187,2.0497968843852553e-09
parkinsonian_lfp_ses-219,parkinsonian,True,58.000000000032145,1.871461188126516e-09
parkinsonian_lfp_ses-219,parkinsonian,True,58.50000000003242,1.868825494651642e-09
parkinsonian_lfp_ses-219,parkinsonian,True,59.0000000000327,1.9606758560999237e-09
parkinsonian_lfp_ses-219,parkinsonian,True,59.500000000032976,1.5646955611143633e-09
parkinsonian_lfp_ses-219,parkinsonian,True,60.00000000003325,1.5081941392091965e-09
parkinsonian_lfp_ses-219,parkinsonian,True,60.50000000003353,1.2083045534831615e-09
parkinsonian_lfp_ses-219,parkinsonian,True,61.00000000003381,1.0600113321864279e-09
parkinsonian_lfp_ses-219,parkinsonian,True,61.500000000034085,1.2629083901210699e-09
parkinsonian_lfp_ses-219,parkinsonian,True,62.00000000003436,1.3624765071271138e-09
parkinsonian_lfp_ses-219,parkinsonian,True,62.50000000003464,2.1414104182401573e-09
parkinsonian_lfp_ses-219,parkinsonian,True,63.000000000034916,2.1897960579254784e-09
parkinsonian_lfp_ses-219,parkinsonian,True,63.50000000003519,1.9942305787815544e-09
parkinsonian_lfp_ses-219,parkinsonian,True,64.00000000003547,2.200460005474881e-09
parkinsonian_lfp_ses-219,parkinsonian,True,64.50000000003575,1.787339599492362e-09
parkinsonian_lfp_ses-219,parkinsonian,True,65.00000000003602,1.4693895503674953e-09
parkinsonian_lfp_ses-219,parkinsonian,True,65.5000000000363,1.267553389067612e-09
parkinsonian_lfp_ses-219,parkinsonian,True,66.00000000003658,1.404709753987472e-09
parkinsonian_lfp_ses-219,parkinsonian,True,66.50000000003686,1.5882831062363011e-09
parkinsonian_lfp_ses-219,parkinsonian,True,67.00000000003713,1.4544119877201202e-09
parkinsonian_lfp_ses-219,parkinsonian,True,67.5000000000374,1.5539306412529185e-09
parkinsonian_lfp_ses-219,parkinsonian,True,68.00000000003769,1.372036984612594e-09
parkinsonian_lfp_ses-219,parkinsonian,True,68.50000000003797,1.4001896277379682e-09
parkinsonian_lfp_ses-219,parkinsonian,True,69.00000000003824,1.4221158046398353e-09
parkinsonian_lfp_ses-219,parkinsonian,True,69.50000000003851,1.3563460540918916e-09
parkinsonian_lfp_ses-219,parkinsonian,True,70.0000000000388,1.790427302202075e-09
parkinsonian_lfp_ses-219,parkinsonian,True,70.50000000003908,2.042101668336269e-09
parkinsonian_lfp_ses-219,parkinsonian,True,71.00000000003935,1.8723448354332845e-09
parkinsonian_lfp_ses-219,parkinsonian,True,71.50000000003962,1.6208777845531674e-09
parkinsonian_lfp_ses-219,parkinsonian,True,72.0000000000399,1.6506444097157179e-09
parkinsonian_lfp_ses-219,parkinsonian,True,72.50000000004019,1.2935740934613438e-09
parkinsonian_lfp_ses-219,parkinsonian,True,73.00000000004046,1.6884444115304126e-09
parkinsonian_lfp_ses-219,parkinsonian,True,73.50000000004073,1.6924151853954238e-09
parkinsonian_lfp_ses-219,parkinsonian,True,74.00000000004101,1.4312025650788573e-09
parkinsonian_lfp_ses-219,parkinsonian,True,74.5000000000413,1.08196830824704e-09
parkinsonian_lfp_ses-219,parkinsonian,True,75.00000000004157,1.4721655881457095e-09
parkinsonian_lfp_ses-219,parkinsonian,True,75.50000000004184,2.3141699126646282e-09
parkinsonian_lfp_ses-219,parkinsonian,True,76.00000000004212,1.969579653694083e-09
parkinsonian_lfp_ses-219,parkinsonian,True,76.5000000000424,1.6772806331875144e-09
parkinsonian_lfp_ses-219,parkinsonian,True,77.00000000004268,1.5660704429596508e-09
parkinsonian_lfp_ses-219,parkinsonian,True,77.50000000004295,1.451113420616114e-09
parkinsonian_lfp_ses-219,parkinsonian,True,78.00000000004323,1.8358960024695231e-09
parkinsonian_lfp_ses-219,parkinsonian,True,78.50000000004351,2.070860422643959e-09
parkinsonian_lfp_ses-219,parkinsonian,True,79.00000000004378,1.4804839415664669e-09
parkinsonian_lfp_ses-219,parkinsonian,True,79.50000000004405,1.0976538615760318e-09
parkinsonian_lfp_ses-219,parkinsonian,True,80.00000000004434,1.3785344714670843e-09
parkinsonian_lfp_ses-219,parkinsonian,True,80.50000000004462,1.5334607265657175e-09
parkinsonian_lfp_ses-219,parkinsonian,True,81.00000000004489,1.5852721704298452e-09
parkinsonian_lfp_ses-219,parkinsonian,True,81.50000000004516,1.5619180924446575e-09
parkinsonian_lfp_ses-219,parkinsonian,True,82.00000000004545,1.863472916097936e-09
parkinsonian_lfp_ses-219,parkinsonian,True,82.50000000004573,1.777251675176398e-09
parkinsonian_lfp_ses-219,parkinsonian,True,83.000000000046,1.9113807094282463e-09
parkinsonian_lfp_ses-219,parkinsonian,True,83.50000000004627,1.6805571184096262e-09
parkinsonian_lfp_ses-219,parkinsonian,True,84.00000000004655,1.7135593872148688e-09
parkinsonian_lfp_ses-219,parkinsonian,True,84.50000000004684,1.506217490696173e-09
parkinsonian_lfp_ses-219,parkinsonian,True,85.00000000004711,1.7121954468465875e-09
parkinsonian_lfp_ses-219,parkinsonian,True,85.50000000004738,1.4273106172898657e-09
parkinsonian_lfp_ses-219,parkinsonian,True,86.00000000004766,1.1137045922876275e-09
parkinsonian_lfp_ses-219,parkinsonian,True,86.50000000004795,8.96728179961398e-10
parkinsonian_lfp_ses-219,parkinsonian,True,87.00000000004822,1.3064607189269502e-09
parkinsonian_lfp_ses-219,parkinsonian,True,87.50000000004849,1.4439350995374439e-09
parkinsonian_lfp_ses-219,parkinsonian,True,88.00000000004877,1.4807311970060275e-09
parkinsonian_lfp_ses-219,parkinsonian,True,88.50000000004906,1.4914471902036375e-09
parkinsonian_lfp_ses-219,parkinsonian,True,89.00000000004933,1.5054785476020899e-09
parkinsonian_lfp_ses-219,parkinsonian,True,89.5000000000496,1.4643617557746596e-09
parkinsonian_lfp_ses-219,parkinsonian,True,90.00000000004988,1.4955081560348808e-09
parkinsonian_lfp_ses-219,parkinsonian,True,90.50000000005016,1.4612637364904864e-09
parkinsonian_lfp_ses-219,parkinsonian,True,91.00000000005043,1.4788542948669589e-09
parkinsonian_lfp_ses-219,parkinsonian,True,91.5000000000507,1.5484592261822285e-09
parkinsonian_lfp_ses-219,parkinsonian,True,92.00000000005099,1.29301244674707e-09
parkinsonian_lfp_ses-219,parkinsonian,True,92.50000000005127,1.4811442865181307e-09
parkinsonian_lfp_ses-219,parkinsonian,True,93.00000000005154,1.341768704219898e-09
parkinsonian_lfp_ses-219,parkinsonian,True,93.50000000005181,1.3480264367622128e-09
parkinsonian_lfp_ses-219,parkinsonian,True,94.0000000000521,1.345730558607553e-09
parkinsonian_lfp_ses-219,parkinsonian,True,94.50000000005238,1.5737714140748492e-09
parkinsonian_lfp_ses-219,parkinsonian,True,95.00000000005265,1.533989159043614e-09
parkinsonian_lfp_ses-219,parkinsonian,True,95.50000000005292,1.3745077828965322e-09
parkinsonian_lfp_ses-219,parkinsonian,True,96.0000000000532,1.3430567232743063e-09
parkinsonian_lfp_ses-219,parkinsonian,True,96.50000000005349,1.3675901008046427e-09
parkinsonian_lfp_ses-219,parkinsonian,True,97.00000000005376,1.1503221619359417e-09
parkinsonian_lfp_ses-219,parkinsonian,True,97.50000000005403,1.0535798141027792e-09
parkinsonian_lfp_ses-219,parkinsonian,True,98.00000000005431,1.1918118343116882e-09
parkinsonian_lfp_ses-219,parkinsonian,True,98.5000000000546,1.2106435946776989e-09
parkinsonian_lfp_ses-219,parkinsonian,True,99.00000000005487,1.358189243941488e-09
parkinsonian_lfp_ses-219,parkinsonian,True,99.50000000005514,1.0218049533760172e-09
parkinsonian_lfp_ses-245,parkinsonian,True,0.0,8.071001539557766e-10
parkinsonian_lfp_ses-245,parkinsonian,True,0.5000000000002771,4.3995226919270685e-09
parkinsonian_lfp_ses-245,parkinsonian,True,1.0000000000005542,6.427117405700711e-09
parkinsonian_lfp_ses-245,parkinsonian,True,1.5000000000008313,5.2163997094651715e-09
parkinsonian_lfp_ses-245,parkinsonian,True,2.0000000000011084,6.5055756028064005e-09
parkinsonian_lfp_ses-245,parkinsonian,True,2.5000000000013856,5.610348141665932e-09
parkinsonian_lfp_ses-245,parkinsonian,True,3.0000000000016627,3.779669824567879e-09
parkinsonian_lfp_ses-245,parkinsonian,True,3.50000000000194,2.4902067075416546e-09
parkinsonian_lfp_ses-245,parkinsonian,True,4.000000000002217,2.9773291866639893e-09
parkinsonian_lfp_ses-245,parkinsonian,True,4.500000000002494,3.590711885706279e-09
parkinsonian_lfp_ses-245,parkinsonian,True,5.000000000002771,3.5063511264801768e-09
parkinsonian_lfp_ses-245,parkinsonian,True,5.500000000003048,4.062985352589252e-09
parkinsonian_lfp_ses-245,parkinsonian,True,6.000000000003325,3.4847327825410523e-09
parkinsonian_lfp_ses-245,parkinsonian,True,6.5000000000036025,3.0021728970361216e-09
parkinsonian_lfp_ses-245,parkinsonian,True,7.00000000000388,2.853807507384363e-09
parkinsonian_lfp_ses-245,parkinsonian,True,7.500000000004157,3.459146134438954e-09
parkinsonian_lfp_ses-245,parkinsonian,True,8.000000000004434,3.820532023840567e-09
parkinsonian_lfp_ses-245,parkinsonian,True,8.500000000004711,3.1222518889998166e-09
parkinsonian_lfp_ses-245,parkinsonian,True,9.000000000004988,2.8899258419160425e-09
parkinsonian_lfp_ses-245,parkinsonian,True,9.500000000005265,2.8099697266083525e-09
parkinsonian_lfp_ses-245,parkinsonian,True,10.000000000005542,3.767370333545163e-09
parkinsonian_lfp_ses-245,parkinsonian,True,10.50000000000582,3.281777952135902e-09
parkinsonian_lfp_ses-245,parkinsonian,True,11.000000000006096,2.874664722182926e-09
parkinsonian_lfp_ses-245,parkinsonian,True,11.500000000006374,3.747753211506774e-09
parkinsonian_lfp_ses-245,parkinsonian,True,12.00000000000665,3.0215372344958455e-09
parkinsonian_lfp_ses-245,parkinsonian,True,12.500000000006928,2.2642167665107468e-09
parkinsonian_lfp_ses-245,parkinsonian,True,13.000000000007205,3.3126214114908458e-09
parkinsonian_lfp_ses-245,parkinsonian,True,13.500000000007482,3.5622697718736484e-09
parkinsonian_lfp_ses-245,parkinsonian,True,14.00000000000776,2.1938148133610325e-09
parkinsonian_lfp_ses-245,parkinsonian,True,14.500000000008036,2.535071948568229e-09
parkinsonian_lfp_ses-245,parkinsonian,True,15.000000000008313,2.7326995963603836e-09
parkinsonian_lfp_ses-245,parkinsonian,True,15.50000000000859,2.3079623177085682e-09
parkinsonian_lfp_ses-245,parkinsonian,True,16.000000000008868,3.4335739202346805e-09
parkinsonian_lfp_ses-245,parkinsonian,True,16.500000000009145,3.6123281522334537e-09
parkinsonian_lfp_ses-245,parkinsonian,True,17.000000000009422,3.886685539913917e-09
parkinsonian_lfp_ses-245,parkinsonian,True,17.5000000000097,6.590993637769591e-09
parkinsonian_lfp_ses-245,parkinsonian,True,18.000000000009976,4.225499983815206e-09
parkinsonian_lfp_ses-245,parkinsonian,True,18.500000000010253,3.1920604218432736e-09
parkinsonian_lfp_ses-245,parkinsonian,True,19.00000000001053,3.8428262227432376e-09
parkinsonian_lfp_ses-245,parkinsonian,True,19.500000000010807,4.716308814766043e-09
parkinsonian_lfp_ses-245,parkinsonian,True,20.000000000011084,5.274157911552662e-09
parkinsonian_lfp_ses-245,parkinsonian,True,20.50000000001136,4.544150358829421e-09
parkinsonian_lfp_ses-245,parkinsonian,True,21.00000000001164,3.2258210947428076e-09
parkinsonian_lfp_ses-245,parkinsonian,True,21.500000000011916,2.9835395385160043e-09
parkinsonian_lfp_ses-245,parkinsonian,True,22.000000000012193,4.452334440134692e-09
parkinsonian_lfp_ses-245,parkinsonian,True,22.50000000001247,4.440912793989715e-09
parkinsonian_lfp_ses-245,parkinsonian,True,23.000000000012747,2.9705116914962024e-09
parkinsonian_lfp_ses-245,parkinsonian,True,23.500000000013024,3.1220890182065865e-09
parkinsonian_lfp_ses-245,parkinsonian,True,24.0000000000133,5.751292056137972e-09
parkinsonian_lfp_ses-245,parkinsonian,True,24.50000000001358,2.1714042580664708e-08
parkinsonian_lfp_ses-245,parkinsonian,True,25.000000000013856,4.3016103453372654e-08
parkinsonian_lfp_ses-245,parkinsonian,True,25.500000000014133,4.426899700745694e-08
parkinsonian_lfp_ses-245,parkinsonian,True,26.00000000001441,2.817785228338926e-08
parkinsonian_lfp_ses-245,parkinsonian,True,26.500000000014687,9.066275795538645e-09
parkinsonian_lfp_ses-245,parkinsonian,True,27.000000000014964,6.213455659113221e-09
parkinsonian_lfp_ses-245,parkinsonian,True,27.50000000001524,4.701111478924555e-09
parkinsonian_lfp_ses-245,parkinsonian,True,28.00000000001552,5.0880259067973135e-09
parkinsonian_lfp_ses-245,parkinsonian,True,28.500000000015795,5.461039753925212e-09
parkinsonian_lfp_ses-245,parkinsonian,True,29.000000000016072,4.317304613962987e-09
parkinsonian_lfp_ses-245,parkinsonian,True,29.50000000001635,3.633948563252111e-09
parkinsonian_lfp_ses-245,parkinsonian,True,30.000000000016627,3.972038130873224e-09
parkinsonian_lfp_ses-245,parkinsonian,True,30.500000000016904,3.3173228955553112e-09
parkinsonian_lfp_ses-245,parkinsonian,True,31.00000000001718,2.1259393434795007e-09
parkinsonian_lfp_ses-245,parkinsonian,True,31.500000000017458,2.7004292660275695e-09
parkinsonian_lfp_ses-245,parkinsonian,True,32.000000000017735,3.175668805239655e-09
parkinsonian_lfp_ses-245,parkinsonian,True,32.50000000001801,2.7468530764599097e-09
parkinsonian_lfp_ses-245,parkinsonian,True,33.00000000001829,2.194413234705541e-09
parkinsonian_lfp_ses-245,parkinsonian,True,33.50000000001857,2.2211059351742044e-09
parkinsonian_lfp_ses-245,parkinsonian,True,34.000000000018844,2.6215222169238702e-09
parkinsonian_lfp_ses-245,parkinsonian,True,34.50000000001912,2.6430342833073987e-09
parkinsonian_lfp_ses-245,parkinsonian,True,35.0000000000194,2.1586245518905307e-09
parkinsonian_lfp_ses-245,parkinsonian,True,35.500000000019675,1.6294469656458202e-09
parkinsonian_lfp_ses-245,parkinsonian,True,36.00000000001995,2.6303098031738835e-09
parkinsonian_lfp_ses-245,parkinsonian,True,36.50000000002023,2.608637126792967e-09
parkinsonian_lfp_ses-245,parkinsonian,True,37.000000000020506,2.3538129705694605e-09
parkinsonian_lfp_ses-245,parkinsonian,True,37.50000000002078,2.260700377261666e-09
parkinsonian_lfp_ses-245,parkinsonian,True,38.00000000002106,1.9094943843600565e-09
parkinsonian_lfp_ses-245,parkinsonian,True,38.50000000002134,2.0729873120738623e-09
parkinsonian_lfp_ses-245,parkinsonian,True,39.000000000021615,2.4765849927644573e-09
parkinsonian_lfp_ses-245,parkinsonian,True,39.50000000002189,2.1180845292343007e-09
parkinsonian_lfp_ses-245,parkinsonian,True,40.00000000002217,1.4791141009382095e-09
parkinsonian_lfp_ses-245,parkinsonian,True,40.500000000022446,2.134145521812181e-09
parkinsonian_lfp_ses-245,parkinsonian,True,41.00000000002272,1.965370495630845e-09
parkinsonian_lfp_ses-245,parkinsonian,True,41.500000000023,1.4037331501985596e-09
parkinsonian_lfp_ses-245,parkinsonian,True,42.00000000002328,1.5159111233394996e-09
parkinsonian_lfp_ses-245,parkinsonian,True,42.500000000023554,2.0042028522443894e-09
parkinsonian_lfp_ses-245,parkinsonian,True,43.00000000002383,1.4359624626716059e-09
parkinsonian_lfp_ses-245,parkinsonian,True,43.50000000002411,1.455918982976455e-09
parkinsonian_lfp_ses-245,parkinsonian,True,44.000000000024386,1.6818432555040108e-09
parkinsonian_lfp_ses-245,parkinsonian,True,44.50000000002466,1.7593098227892553e-09
parkinsonian_lfp_ses-245,parkinsonian,True,45.00000000002494,1.800715031075104e-09
parkinsonian_lfp_ses-245,parkinsonian,True,45.50000000002522,1.330301371450977e-09
parkinsonian_lfp_ses-245,parkinsonian,True,46.000000000025494,1.3505806873877019e-09
parkinsonian_lfp_ses-245,parkinsonian,True,46.50000000002577,1.5986193258159498e-09
parkinsonian_lfp_ses-245,parkinsonian,True,47.00000000002605,1.5778568503935068e-09
parkinsonian_lfp_ses-245,parkinsonian,True,47.500000000026326,1.7939214780556654e-09
parkinsonian_lfp_ses-245,parkinsonian,True,48.0000000000266,1.692402949364461e-09
parkinsonian_lfp_ses-245,parkinsonian,True,48.50000000002688,2.0287123497364822e-09
parkinsonian_lfp_ses-245,parkinsonian,True,49.00000000002716,2.822414832214566e-09
parkinsonian_lfp_ses-245,parkinsonian,True,49.500000000027434,3.348441240813763e-09
parkinsonian_lfp_ses-245,parkinsonian,True,50.00000000002771,4.258434007604506e-09
parkinsonian_lfp_ses-245,parkinsonian,True,50.50000000002799,5.680004540253371e-09
parkinsonian_lfp_ses-245,parkinsonian,True,51.000000000028265,5.566706498946506e-09
parkinsonian_lfp_ses-245,parkinsonian,True,51.50000000002854,3.863616894497689e-09
parkinsonian_lfp_ses-245,parkinsonian,True,52.00000000002882,3.192698418680149e-09
parkinsonian_lfp_ses-245,parkinsonian,True,52.5000000000291,2.851077588941473e-09
parkinsonian_lfp_ses-245,parkinsonian,True,53.000000000029374,2.802831306998605e-09
parkinsonian_lfp_ses-245,parkinsonian,True,53.50000000002965,2.2251878312324932e-09
parkinsonian_lfp_ses-245,parkinsonian,True,54.00000000002993,2.038109699659847e-09
parkinsonian_lfp_ses-245,parkinsonian,True,54.500000000030205,1.89919079633782e-09
parkinsonian_lfp_ses-245,parkinsonian,True,55.00000000003048,1.7980684685625896e-09
parkinsonian_lfp_ses-245,parkinsonian,True,55.50000000003076,1.6153390169484556e-09
parkinsonian_lfp_ses-245,parkinsonian,True,56.00000000003104,1.9162975235797215e-09
parkinsonian_lfp_ses-245,parkinsonian,True,56.500000000031314,2.5361172834040372e-09
parkinsonian_lfp_ses-245,parkinsonian,True,57.00000000003159,1.7920142812046444e-09
parkinsonian_lfp_ses-245,parkinsonian,True,57.50000000003187,2.040934870351685e-09
parkinsonian_lfp_ses-245,parkinsonian,True,58.000000000032145,1.5660276855373272e-09
parkinsonian_lfp_ses-245,parkinsonian,True,58.50000000003242,1.2611951999515928e-09
parkinsonian_lfp_ses-245,parkinsonian,True,59.0000000000327,1.5076232171273571e-09
parkinsonian_lfp_ses-245,parkinsonian,True,59.500000000032976,1.8362667933388143e-09
parkinsonian_lfp_ses-245,parkinsonian,True,60.00000000003325,1.2862498335864356e-09
parkinsonian_lfp_ses-245,parkinsonian,True,60.50000000003353,1.4608693846626751e-09
parkinsonian_lfp_ses-245,parkinsonian,True,61.00000000003381,1.9427022584442326e-09
parkinsonian_lfp_ses-245,parkinsonian,True,61.500000000034085,1.7405678737283317e-09
parkinsonian_lfp_ses-245,parkinsonian,True,62.00000000003436,1.5975486543937765e-09
parkinsonian_lfp_ses-245,parkinsonian,True,62.50000000003464,1.5617004517172501e-09
parkinsonian_lfp_ses-245,parkinsonian,True,63.000000000034916,1.3629025617059076e-09
parkinsonian_lfp_ses-245,parkinsonian,True,63.50000000003519,1.2947044415418922e-09
parkinsonian_lfp_ses-245,parkinsonian,True,64.00000000003547,1.5313174878040371e-09
parkinsonian_lfp_ses-245,parkinsonian,True,64.50000000003575,1.8179651631463976e-09
parkinsonian_lfp_ses-245,parkinsonian,True,65.00000000003602,2.3057975762823943e-09
parkinsonian_lfp_ses-245,parkinsonian,True,65.5000000000363,1.818790679741383e-09
parkinsonian_lfp_ses-245,parkinsonian,True,66.00000000003658,1.5426693058090384e-09
parkinsonian_lfp_ses-245,parkinsonian,True,66.50000000003686,1.5494805708730802e-09
parkinsonian_lfp_ses-245,parkinsonian,True,67.00000000003713,1.7284143490260171e-09
parkinsonian_lfp_ses-245,parkinsonian,True,67.5000000000374,1.6608950657837052e-09
parkinsonian_lfp_ses-245,parkinsonian,True,68.00000000003769,1.6285538454275806e-09
parkinsonian_lfp_ses-245,parkinsonian,True,68.50000000003797,1.9580651388033917e-09
parkinsonian_lfp_ses-245,parkinsonian,True,69.00000000003824,1.7319699811488896e-09
parkinsonian_lfp_ses-245,parkinsonian,True,69.50000000003851,1.8514505237383686e-09
parkinsonian_lfp_ses-245,parkinsonian,True,70.0000000000388,1.66946579207964e-09
parkinsonian_lfp_ses-245,parkinsonian,True,70.50000000003908,1.8170552716002321e-09
parkinsonian_lfp_ses-245,parkinsonian,True,71.00000000003935,1.3695002055732631e-09
parkinsonian_lfp_ses-245,parkinsonian,True,71.50000000003962,1.141910980768453e-09
parkinsonian_lfp_ses-245,parkinsonian,True,72.0000000000399,1.4758978049751152e-09
parkinsonian_lfp_ses-245,parkinsonian,True,72.50000000004019,1.4562253117922655e-09
parkinsonian_lfp_ses-245,parkinsonian,True,73.00000000004046,1.6030187942222199e-09
parkinsonian_lfp_ses-245,parkinsonian,True,73.50000000004073,1.1620648626141558e-09
parkinsonian_lfp_ses-245,parkinsonian,True,74.00000000004101,1.1258865465971724e-09
parkinsonian_lfp_ses-245,parkinsonian,True,74.5000000000413,1.1127278090243644e-09
parkinsonian_lfp_ses-245,parkinsonian,True,75.00000000004157,1.6931742294716058e-09
parkinsonian_lfp_ses-245,parkinsonian,True,75.50000000004184,1.7830740096150496e-09
parkinsonian_lfp_ses-245,parkinsonian,True,76.00000000004212,1.8519145214102864e-09
parkinsonian_lfp_ses-245,parkinsonian,True,76.5000000000424,1.8518294050837416e-09
parkinsonian_lfp_ses-245,parkinsonian,True,77.00000000004268,2.0551821586557563e-09
parkinsonian_lfp_ses-245,parkinsonian,True,77.50000000004295,1.8122129706846552e-09
parkinsonian_lfp_ses-245,parkinsonian,True,78.00000000004323,1.6713903364705974e-09
parkinsonian_lfp_ses-245,parkinsonian,True,78.50000000004351,2.0294055926511556e-09
parkinsonian_lfp_ses-245,parkinsonian,True,79.00000000004378,1.476156304865089e-09
parkinsonian_lfp_ses-245,parkinsonian,True,79.50000000004405,1.4442842381796573e-09
parkinsonian_lfp_ses-245,parkinsonian,True,80.00000000004434,1.921198479585518e-09
parkinsonian_lfp_ses-245,parkinsonian,True,80.50000000004462,1.9297389850620165e-09
parkinsonian_lfp_ses-245,parkinsonian,True,81.00000000004489,1.396343991107138e-09
parkinsonian_lfp_ses-245,parkinsonian,True,81.50000000004516,1.2962130647602695e-09
parkinsonian_lfp_ses-245,parkinsonian,True,82.00000000004545,1.651834836508927e-09
parkinsonian_lfp_ses-245,parkinsonian,True,82.50000000004573,1.5010256296005918e-09
parkinsonian_lfp_ses-245,parkinsonian,True,83.000000000046,1.3554439796911289e-09
parkinsonian_lfp_ses-245,parkinsonian,True,83.50000000004627,1.2309969723186172e-09
parkinsonian_lfp_ses-245,parkinsonian,True,84.00000000004655,1.231455575337348e-09
parkinsonian_lfp_ses-245,parkinsonian,True,84.50000000004684,1.3350591534011438e-09
parkinsonian_lfp_ses-245,parkinsonian,True,85.00000000004711,1.4699658706187576e-09
parkinsonian_lfp_ses-245,parkinsonian,True,85.50000000004738,1.1789388563042912e-09
parkinsonian_lfp_ses-245,parkinsonian,True,86.00000000004766,1.3343047356846517e-09
parkinsonian_lfp_ses-245,parkinsonian,True,86.50000000004795,1.4604284020495894e-09
parkinsonian_lfp_ses-245,parkinsonian,True,87.00000000004822,1.318713878280584e-09
parkinsonian_lfp_ses-245,parkinsonian,True,87.50000000004849,1.6360628356546782e-09
parkinsonian_lfp_ses-245,parkinsonian,True,88.00000000004877,1.6766064805461422e-09
parkinsonian_lfp_ses-245,parkinsonian,True,88.50000000004906,1.8454424379443643e-09
parkinsonian_lfp_ses-245,parkinsonian,True,89.00000000004933,1.9170199617920776e-09
parkinsonian_lfp_ses-245,parkinsonian,True,89.5000000000496,1.661207403358435e-09
parkinsonian_lfp_ses-245,parkinsonian,True,90.00000000004988,1.3760309703318333e-09
parkinsonian_lfp_ses-245,parkinsonian,True,90.50000000005016,1.230576706732368e-09
parkinsonian_lfp_ses-245,parkinsonian,True,91.00000000005043,1.4868036647968227e-09
parkinsonian_lfp_ses-245,parkinsonian,True,91.5000000000507,1.395590964701658e-09
parkinsonian_lfp_ses-245,parkinsonian,True,92.00000000005099,1.3996426276291923e-09
parkinsonian_lfp_ses-245,parkinsonian,True,92.50000000005127,1.4095988477636047e-09
parkinsonian_lfp_ses-245,parkinsonian,True,93.00000000005154,1.6357224318078804e-09
parkinsonian_lfp_ses-245,parkinsonian,True,93.50000000005181,1.670899553797763e-09
parkinsonian_lfp_ses-245,parkinsonian,True,94.0000000000521,1.3086660569363433e-09
parkinsonian_lfp_ses-245,parkinsonian,True,94.50000000005238,1.3791662565610892e-09
parkinsonian_lfp_ses-245,parkinsonian,True,95.00000000005265,1.0021818152385346e-09
parkinsonian_lfp_ses-245,parkinsonian,True,95.50000000005292,1.0936820482290848e-09
parkinsonian_lfp_ses-245,parkinsonian,True,96.0000000000532,1.1965998863781739e-09
parkinsonian_lfp_ses-245,parkinsonian,True,96.50000000005349,9.412354581073717e-10
parkinsonian_lfp_ses-245,parkinsonian,True,97.00000000005376,1.2031311070855726e-09
parkinsonian_lfp_ses-245,parkinsonian,True,97.50000000005403,1.3785940228099055e-09
parkinsonian_lfp_ses-245,parkinsonian,True,98.00000000005431,1.1832709841449779e-09
parkinsonian_lfp_ses-245,parkinsonian,True,98.5000000000546,1.2465820153840776e-09
parkinsonian_lfp_ses-245,parkinsonian,True,99.00000000005487,1.3699593615150153e-09
parkinsonian_lfp_ses-245,parkinsonian,True,99.50000000005514,1.172192562596633e-09
parkinsonian_lfp_ses-284,parkinsonian,True,0.0,7.157640259966374e-10
parkinsonian_lfp_ses-284,parkinsonian,True,0.5000000000000551,3.457178596925178e-09
parkinsonian_lfp_ses-284,parkinsonian,True,1.0000000000001101,4.2559359439998846e-09
parkinsonian_lfp_ses-284,parkinsonian,True,1.5000000000001652,4.382939423439429e-09
parkinsonian_lfp_ses-284,parkinsonian,True,2.0000000000002203,4.819025626182986e-09
parkinsonian_lfp_ses-284,parkinsonian,True,2.5000000000002753,5.0267442466843454e-09
parkinsonian_lfp_ses-284,parkinsonian,True,3.0000000000003304,2.788254484796807e-09
parkinsonian_lfp_ses-284,parkinsonian,True,3.5000000000003855,3.3275818325317077e-09
parkinsonian_lfp_ses-284,parkinsonian,True,4.0000000000004405,3.9769250191737834e-09
parkinsonian_lfp_ses-284,parkinsonian,True,4.500000000000496,4.296617204256506e-09
parkinsonian_lfp_ses-284,parkinsonian,True,5.000000000000551,3.839021129968761e-09
parkinsonian_lfp_ses-284,parkinsonian,True,5.500000000000606,3.751465498117829e-09
parkinsonian_lfp_ses-284,parkinsonian,True,6.000000000000661,5.004950776958762e-09
parkinsonian_lfp_ses-284,parkinsonian,True,6.500000000000716,3.7625802702917195e-09
parkinsonian_lfp_ses-284,parkinsonian,True,7.000000000000771,4.157686952631806e-09
parkinsonian_lfp_ses-284,parkinsonian,True,7.500000000000826,3.4911245088135027e-09
parkinsonian_lfp_ses-284,parkinsonian,True,8.000000000000881,2.6864396087309525e-09
parkinsonian_lfp_ses-284,parkinsonian,True,8.500000000000936,2.600060580016775e-09
parkinsonian_lfp_ses-284,parkinsonian,True,9.000000000000991,2.5753723574695376e-09
parkinsonian_lfp_ses-284,parkinsonian,True,9.500000000001046,2.7848097751666007e-09
parkinsonian_lfp_ses-284,parkinsonian,True,10.000000000001101,2.3189333572505154e-09
parkinsonian_lfp_ses-284,parkinsonian,True,10.500000000001156,2.3934351018803346e-09
parkinsonian_lfp_ses-284,parkinsonian,True,11.000000000001211,2.7481166823805935e-09
parkinsonian_lfp_ses-284,parkinsonian,True,11.500000000001267,3.423408459966718e-09
parkinsonian_lfp_ses-284,parkinsonian,True,12.000000000001322,3.191027624276873e-09
parkinsonian_lfp_ses-284,parkinsonian,True,12.500000000001377,2.8811187051845047e-09
parkinsonian_lfp_ses-284,parkinsonian,True,13.000000000001432,2.6939303139346144e-09
parkinsonian_lfp_ses-284,parkinsonian,True,13.500000000001487,2.7779064147397477e-09
parkinsonian_lfp_ses-284,parkinsonian,True,14.000000000001542,3.1463271939897613e-09
parkinsonian_lfp_ses-284,parkinsonian,True,14.500000000001597,4.09263280675204e-09
parkinsonian_lfp_ses-284,parkinsonian,True,15.000000000001652,3.110303808360071e-09
parkinsonian_lfp_ses-284,parkinsonian,True,15.500000000001707,3.2012819571117347e-09
parkinsonian_lfp_ses-284,parkinsonian,True,16.000000000001762,3.1865077622825118e-09
parkinsonian_lfp_ses-284,parkinsonian,True,16.50000000000182,3.327228381999424e-09
parkinsonian_lfp_ses-284,parkinsonian,True,17.000000000001872,3.779079141559273e-09
parkinsonian_lfp_ses-284,parkinsonian,True,17.500000000001926,6.323613932930139e-09
parkinsonian_lfp_ses-284,parkinsonian,True,18.000000000001982,4.446385784192229e-09
parkinsonian_lfp_ses-284,parkinsonian,True,18.50000000000204,3.57087412517159e-09
parkinsonian_lfp_ses-284,parkinsonian,True,19.000000000002093,3.1880365818491467e-09
parkinsonian_lfp_ses-284,parkinsonian,True,19.500000000002146,4.255189237340173e-09
parkinsonian_lfp_ses-284,parkinsonian,True,20.000000000002203,4.910050827400213e-09
parkinsonian_lfp_ses-284,parkinsonian,True,20.50000000000226,3.48838946554356e-09
parkinsonian_lfp_ses-284,parkinsonian,True,21.000000000002313,2.8537664556028838e-09
parkinsonian_lfp_ses-284,parkinsonian,True,21.500000000002366,3.254778327948687e-09
parkinsonian_lfp_ses-284,parkinsonian,True,22.000000000002423,5.392494701961319e-09
parkinsonian_lfp_ses-284,parkinsonian,True,22.50000000000248,5.100669394615235e-09
parkinsonian_lfp_ses-284,parkinsonian,True,23.000000000002533,5.3606644924188655e-09
parkinsonian_lfp_ses-284,parkinsonian,True,23.500000000002586,5.116164873962482e-09
parkinsonian_lfp_ses-284,parkinsonian,True,24.000000000002643,7.381453934682333e-09
parkinsonian_lfp_ses-284,parkinsonian,True,24.5000000000027,2.2907730640893334e-08
parkinsonian_lfp_ses-284,parkinsonian,True,25.000000000002753,3.412904607795736e-08
parkinsonian_lfp_ses-284,parkinsonian,True,25.500000000002807,2.9623213243198765e-08
parkinsonian_lfp_ses-284,parkinsonian,True,26.000000000002863,2.453694984553441e-08
parkinsonian_lfp_ses-284,parkinsonian,True,26.50000000000292,1.550911212008376e-08
parkinsonian_lfp_ses-284,parkinsonian,True,27.000000000002974,1.1034298658752884e-08
parkinsonian_lfp_ses-284,parkinsonian,True,27.500000000003027,5.9166544330627466e-09
parkinsonian_lfp_ses-284,parkinsonian,True,28.000000000003084,8.323220186577641e-09
parkinsonian_lfp_ses-284,parkinsonian,True,28.50000000000314,5.251754686043703e-09
parkinsonian_lfp_ses-284,parkinsonian,True,29.000000000003194,4.0969707270049696e-09
parkinsonian_lfp_ses-284,parkinsonian,True,29.500000000003247,5.080985417005176e-09
parkinsonian_lfp_ses-284,parkinsonian,True,30.000000000003304,4.7904160333366414e-09
parkinsonian_lfp_ses-284,parkinsonian,True,30.50000000000336,3.270761639725658e-09
parkinsonian_lfp_ses-284,parkinsonian,True,31.000000000003414,2.3837459849081486e-09
parkinsonian_lfp_ses-284,parkinsonian,True,31.500000000003467,2.2402095902080385e-09
parkinsonian_lfp_ses-284,parkinsonian,True,32.000000000003524,2.2559063027376915e-09
parkinsonian_lfp_ses-284,parkinsonian,True,32.50000000000358,2.9829837112268728e-09
parkinsonian_lfp_ses-284,parkinsonian,True,33.00000000000364,3.0666367513264514e-09
parkinsonian_lfp_ses-284,parkinsonian,True,33.50000000000369,2.73558901826863e-09
parkinsonian_lfp_ses-284,parkinsonian,True,34.000000000003745,2.3542968264550693e-09
parkinsonian_lfp_ses-284,parkinsonian,True,34.5000000000038,2.2076624749019226e-09
parkinsonian_lfp_ses-284,parkinsonian,True,35.00000000000385,2.3168823532412674e-09
parkinsonian_lfp_ses-284,parkinsonian,True,35.50000000000391,2.096848202896927e-09
parkinsonian_lfp_ses-284,parkinsonian,True,36.000000000003965,2.355273052183459e-09
parkinsonian_lfp_ses-284,parkinsonian,True,36.50000000000402,2.048281205332724e-09
parkinsonian_lfp_ses-284,parkinsonian,True,37.00000000000408,2.1593042528057014e-09
parkinsonian_lfp_ses-284,parkinsonian,True,37.50000000000413,2.5446588915165116e-09
parkinsonian_lfp_ses-284,parkinsonian,True,38.000000000004185,2.152408205469637e-09
parkinsonian_lfp_ses-284,parkinsonian,True,38.50000000000424,2.171262584507637e-09
parkinsonian_lfp_ses-284,parkinsonian,True,39.00000000000429,2.2315433214553534e-09
parkinsonian_lfp_ses-284,parkinsonian,True,39.50000000000435,1.502774167059482e-09
parkinsonian_lfp_ses-284,parkinsonian,True,40.000000000004405,1.4838597020233965e-09
parkinsonian_lfp_ses-284,parkinsonian,True,40.50000000000446,1.4854255537763665e-09
parkinsonian_lfp_ses-284,parkinsonian,True,41.00000000000452,1.3756390275788978e-09
parkinsonian_lfp_ses-284,parkinsonian,True,41.50000000000457,1.7366870909117633e-09
parkinsonian_lfp_ses-284,parkinsonian,True,42.000000000004626,1.966080057730395e-09
parkinsonian_lfp_ses-284,parkinsonian,True,42.50000000000468,1.7137228083788015e-09
parkinsonian_lfp_ses-284,parkinsonian,True,43.00000000000473,1.312559441435282e-09
parkinsonian_lfp_ses-284,parkinsonian,True,43.50000000000479,1.8545525284554353e-09
parkinsonian_lfp_ses-284,parkinsonian,True,44.000000000004846,1.949657736309848e-09
parkinsonian_lfp_ses-284,parkinsonian,True,44.5000000000049,1.6027073429414955e-09
parkinsonian_lfp_ses-284,parkinsonian,True,45.00000000000496,1.959217050104864e-09
parkinsonian_lfp_ses-284,parkinsonian,True,45.50000000000501,2.1458163311520785e-09
parkinsonian_lfp_ses-284,parkinsonian,True,46.000000000005066,1.834892943487467e-09
parkinsonian_lfp_ses-284,parkinsonian,True,46.50000000000512,2.0675975311302465e-09
parkinsonian_lfp_ses-284,parkinsonian,True,47.00000000000517,2.2096945504813416e-09
parkinsonian_lfp_ses-284,parkinsonian,True,47.50000000000523,1.8122503110325168e-09
parkinsonian_lfp_ses-284,parkinsonian,True,48.000000000005286,1.5103669475823747e-09
parkinsonian_lfp_ses-284,parkinsonian,True,48.50000000000534,1.6218664372933643e-09
parkinsonian_lfp_ses-284,parkinsonian,True,49.0000000000054,2.016974534707002e-09
parkinsonian_lfp_ses-284,parkinsonian,True,49.50000000000545,3.013547533779687e-09
parkinsonian_lfp_ses-284,parkinsonian,True,50.00000000000551,3.965397903914411e-09
parkinsonian_lfp_ses-284,parkinsonian,True,50.50000000000556,4.053281494369601e-09
parkinsonian_lfp_ses-284,parkinsonian,True,51.00000000000561,3.1827096662192284e-09
parkinsonian_lfp_ses-284,parkinsonian,True,51.50000000000567,3.049257115804301e-09
parkinsonian_lfp_ses-284,parkinsonian,True,52.00000000000573,3.1404819591975305e-09
parkinsonian_lfp_ses-284,parkinsonian,True,52.500000000005784,2.4115836715185234e-09
parkinsonian_lfp_ses-284,parkinsonian,True,53.00000000000584,3.041184763346829e-09
parkinsonian_lfp_ses-284,parkinsonian,True,53.50000000000589,2.78292219860307e-09
parkinsonian_lfp_ses-284,parkinsonian,True,54.00000000000595,2.8315142935136194e-09
parkinsonian_lfp_ses-284,parkinsonian,True,54.500000000006004,2.455548102860229e-09
parkinsonian_lfp_ses-284,parkinsonian,True,55.000000000006054,1.7863293365739204e-09
parkinsonian_lfp_ses-284,parkinsonian,True,55.50000000000611,1.468718947571153e-09
parkinsonian_lfp_ses-284,parkinsonian,True,56.00000000000617,1.5957436278159631e-09
parkinsonian_lfp_ses-284,parkinsonian,True,56.500000000006224,1.8628434590926568e-09
parkinsonian_lfp_ses-284,parkinsonian,True,57.00000000000628,1.8755023586810793e-09
parkinsonian_lfp_ses-284,parkinsonian,True,57.50000000000633,1.7804995852513656e-09
parkinsonian_lfp_ses-284,parkinsonian,True,58.00000000000639,2.0059285585613246e-09
parkinsonian_lfp_ses-284,parkinsonian,True,58.500000000006445,1.9522581814347983e-09
parkinsonian_lfp_ses-284,parkinsonian,True,59.000000000006494,1.5301874754677591e-09
parkinsonian_lfp_ses-284,parkinsonian,True,59.50000000000655,1.2078064666708702e-09
parkinsonian_lfp_ses-284,parkinsonian,True,60.00000000000661,1.2511349814027522e-09
parkinsonian_lfp_ses-284,parkinsonian,True,60.500000000006665,1.3739472409966754e-09
parkinsonian_lfp_ses-284,parkinsonian,True,61.00000000000672,1.5033738821501167e-09
parkinsonian_lfp_ses-284,parkinsonian,True,61.50000000000677,1.660403861327493e-09
parkinsonian_lfp_ses-284,parkinsonian,True,62.00000000000683,2.1667815804042463e-09
parkinsonian_lfp_ses-284,parkinsonian,True,62.500000000006885,1.7638354165986828e-09
parkinsonian_lfp_ses-284,parkinsonian,True,63.000000000006935,1.6136205711019554e-09
parkinsonian_lfp_ses-284,parkinsonian,True,63.50000000000699,1.4701147512455488e-09
parkinsonian_lfp_ses-284,parkinsonian,True,64.00000000000705,1.2963938837579039e-09
parkinsonian_lfp_ses-284,parkinsonian,True,64.5000000000071,1.3113102803156229e-09
parkinsonian_lfp_ses-284,parkinsonian,True,65.00000000000716,1.4561307068628357e-09
parkinsonian_lfp_ses-284,parkinsonian,True,65.50000000000722,9.7080963380161e-10
parkinsonian_lfp_ses-284,parkinsonian,True,66.00000000000728,1.2789665747280746e-09
parkinsonian_lfp_ses-284,parkinsonian,True,66.50000000000732,1.084533384897402e-09
parkinsonian_lfp_ses-284,parkinsonian,True,67.00000000000738,1.2107958544237928e-09
parkinsonian_lfp_ses-284,parkinsonian,True,67.50000000000743,1.1348889182809594e-09
parkinsonian_lfp_ses-284,parkinsonian,True,68.00000000000749,1.4561164440801486e-09
parkinsonian_lfp_ses-284,parkinsonian,True,68.50000000000755,1.907329815959285e-09
parkinsonian_lfp_ses-284,parkinsonian,True,69.0000000000076,1.643285188758897e-09
parkinsonian_lfp_ses-284,parkinsonian,True,69.50000000000766,1.27877913685406e-09
parkinsonian_lfp_ses-284,parkinsonian,True,70.0000000000077,1.5350064853254249e-09
parkinsonian_lfp_ses-284,parkinsonian,True,70.50000000000776,1.6258468942033893e-09
parkinsonian_lfp_ses-284,parkinsonian,True,71.00000000000782,1.5959630873695012e-09
parkinsonian_lfp_ses-284,parkinsonian,True,71.50000000000787,1.3453101206567362e-09
parkinsonian_lfp_ses-284,parkinsonian,True,72.00000000000793,1.4419954245249024e-09
parkinsonian_lfp_ses-284,parkinsonian,True,72.50000000000799,1.4453515742268685e-09
parkinsonian_lfp_ses-284,parkinsonian,True,73.00000000000804,1.6836855405786281e-09
parkinsonian_lfp_ses-284,parkinsonian,True,73.5000000000081,2.2580028334539678e-09
parkinsonian_lfp_ses-284,parkinsonian,True,74.00000000000816,1.6089208484236334e-09
parkinsonian_lfp_ses-284,parkinsonian,True,74.5000000000082,1.5180472459621492e-09
parkinsonian_lfp_ses-284,parkinsonian,True,75.00000000000826,1.4042039160575927e-09
parkinsonian_lfp_ses-284,parkinsonian,True,75.50000000000831,1.4158070464903452e-09
parkinsonian_lfp_ses-284,parkinsonian,True,76.00000000000837,1.5474284029587498e-09
parkinsonian_lfp_ses-284,parkinsonian,True,76.50000000000843,1.3358748119784394e-09
parkinsonian_lfp_ses-284,parkinsonian,True,77.00000000000848,1.6085543636999844e-09
parkinsonian_lfp_ses-284,parkinsonian,True,77.50000000000854,2.024141455512149e-09
parkinsonian_lfp_ses-284,parkinsonian,True,78.00000000000858,1.685418859113912e-09
parkinsonian_lfp_ses-284,parkinsonian,True,78.50000000000864,1.501849477157312e-09
parkinsonian_lfp_ses-284,parkinsonian,True,79.0000000000087,1.7997621239198358e-09
parkinsonian_lfp_ses-284,parkinsonian,True,79.50000000000875,1.8137234786357523e-09
parkinsonian_lfp_ses-284,parkinsonian,True,80.00000000000881,1.7640717378662458e-09
parkinsonian_lfp_ses-284,parkinsonian,True,80.50000000000887,1.7263073936555743e-09
parkinsonian_lfp_ses-284,parkinsonian,True,81.00000000000892,1.9217132462232577e-09
parkinsonian_lfp_ses-284,parkinsonian,True,81.50000000000898,1.9301985488554026e-09
parkinsonian_lfp_ses-284,parkinsonian,True,82.00000000000904,1.6536513204204748e-09
parkinsonian_lfp_ses-284,parkinsonian,True,82.50000000000908,1.3845583336002948e-09
parkinsonian_lfp_ses-284,parkinsonian,True,83.00000000000914,1.0840268590888472e-09
parkinsonian_lfp_ses-284,parkinsonian,True,83.5000000000092,1.4002861800808539e-09
parkinsonian_lfp_ses-284,parkinsonian,True,84.00000000000925,1.7819714572456773e-09
parkinsonian_lfp_ses-284,parkinsonian,True,84.50000000000931,1.1911177339053955e-09
parkinsonian_lfp_ses-284,parkinsonian,True,85.00000000000936,1.4533209807854197e-09
parkinsonian_lfp_ses-284,parkinsonian,True,85.50000000000942,1.836126284554922e-09
parkinsonian_lfp_ses-284,parkinsonian,True,86.00000000000946,1.3752788116661706e-09
parkinsonian_lfp_ses-284,parkinsonian,True,86.50000000000952,9.468380621352512e-10
parkinsonian_lfp_ses-284,parkinsonian,True,87.00000000000958,8.00606290194766e-10
parkinsonian_lfp_ses-284,parkinsonian,True,87.50000000000963,1.2128690789483776e-09
parkinsonian_lfp_ses-284,parkinsonian,True,88.00000000000969,1.5149909454950396e-09
parkinsonian_lfp_ses-284,parkinsonian,True,88.50000000000975,1.195038181719135e-09
parkinsonian_lfp_ses-284,parkinsonian,True,89.0000000000098,1.3689424491171681e-09
parkinsonian_lfp_ses-284,parkinsonian,True,89.50000000000986,1.4980569360741447e-09
parkinsonian_lfp_ses-284,parkinsonian,True,90.00000000000992,1.403576658665303e-09
parkinsonian_lfp_ses-284,parkinsonian,True,90.50000000000996,1.1792228976744161e-09
parkinsonian_lfp_ses-284,parkinsonian,True,91.00000000001002,1.252454926517656e-09
parkinsonian_lfp_ses-284,parkinsonian,True,91.50000000001008,1.4591077975513635e-09
parkinsonian_lfp_ses-284,parkinsonian,True,92.00000000001013,1.4660904261600058e-09
parkinsonian_lfp_ses-284,parkinsonian,True,92.50000000001019,1.0779362684606304e-09
parkinsonian_lfp_ses-284,parkinsonian,True,93.00000000001025,1.078842881649448e-09
parkinsonian_lfp_ses-284,parkinsonian,True,93.5000000000103,1.407874649007981e-09
parkinsonian_lfp_ses-284,parkinsonian,True,94.00000000001035,1.5221924442621405e-09
parkinsonian_lfp_ses-284,parkinsonian,True,94.5000000000104,1.420344895904823e-09
parkinsonian_lfp_ses-284,parkinsonian,True,95.00000000001046,1.303347354447946e-09
parkinsonian_lfp_ses-284,parkinsonian,True,95.50000000001052,1.3394543768437508e-09
parkinsonian_lfp_ses-284,parkinsonian,True,96.00000000001057,1.0454678146615607e-09
parkinsonian_lfp_ses-284,parkinsonian,True,96.50000000001063,1.3411405537012258e-09
parkinsonian_lfp_ses-284,parkinsonian,True,97.00000000001069,9.837952142811475e-10
parkinsonian_lfp_ses-284,parkinsonian,True,97.50000000001074,9.707529246324e-10
parkinsonian_lfp_ses-284,parkinsonian,True,98.0000000000108,1.0582365501367993e-09
parkinsonian_lfp_ses-284,parkinsonian,True,98.50000000001084,1.2523437406466215e-09
parkinsonian_lfp_ses-284,parkinsonian,True,99.0000000000109,1.3489115825943172e-09
parkinsonian_lfp_ses-284,parkinsonian,True,99.50000000001096,1.1761273551948054e-09
parkinsonian_lfp_ses-289,parkinsonian,True,0.0,6.451577595053693e-10
parkinsonian_lfp_ses-289,parkinsonian,True,0.5000000000000551,3.3298739140677856e-09
parkinsonian_lfp_ses-289,parkinsonian,True,1.0000000000001101,5.758361914120995e-09
parkinsonian_lfp_ses-289,parkinsonian,True,1.5000000000001652,5.294479711831283e-09
parkinsonian_lfp_ses-289,parkinsonian,True,2.0000000000002203,5.741262172578774e-09
parkinsonian_lfp_ses-289,parkinsonian,True,2.5000000000002753,5.960405983740717e-09
parkinsonian_lfp_ses-289,parkinsonian,True,3.0000000000003304,4.383236427776679e-09
parkinsonian_lfp_ses-289,parkinsonian,True,3.5000000000003855,5.207425263939394e-09
parkinsonian_lfp_ses-289,parkinsonian,True,4.0000000000004405,5.188955096716372e-09
parkinsonian_lfp_ses-289,parkinsonian,True,4.500000000000496,3.7638232190413814e-09
parkinsonian_lfp_ses-289,parkinsonian,True,5.000000000000551,4.320991973661025e-09
parkinsonian_lfp_ses-289,parkinsonian,True,5.500000000000606,3.7241001842960378e-09
parkinsonian_lfp_ses-289,parkinsonian,True,6.000000000000661,3.3557792607112452e-09
parkinsonian_lfp_ses-289,parkinsonian,True,6.500000000000716,2.800931327790069e-09
parkinsonian_lfp_ses-289,parkinsonian,True,7.000000000000771,2.810112252016486e-09
parkinsonian_lfp_ses-289,parkinsonian,True,7.500000000000826,3.506194524441313e-09
parkinsonian_lfp_ses-289,parkinsonian,True,8.000000000000881,3.2430010971108744e-09
parkinsonian_lfp_ses-289,parkinsonian,True,8.500000000000936,2.5849606588575397e-09
parkinsonian_lfp_ses-289,parkinsonian,True,9.000000000000991,2.515820065288873e-09
parkinsonian_lfp_ses-289,parkinsonian,True,9.500000000001046,2.7877528841904536e-09
parkinsonian_lfp_ses-289,parkinsonian,True,10.000000000001101,3.180661087262805e-09
parkinsonian_lfp_ses-289,parkinsonian,True,10.500000000001156,2.6172863966484084e-09
parkinsonian_lfp_ses-289,parkinsonian,True,11.000000000001211,2.5351244528482364e-09
parkinsonian_lfp_ses-289,parkinsonian,True,11.500000000001267,2.357131183351319e-09
parkinsonian_lfp_ses-289,parkinsonian,True,12.000000000001322,3.0724751831224515e-09
parkinsonian_lfp_ses-289,parkinsonian,True,12.500000000001377,3.1557435756505114e-09
parkinsonian_lfp_ses-289,parkinsonian,True,13.000000000001432,2.6556637916845534e-09
parkinsonian_lfp_ses-289,parkinsonian,True,13.500000000001487,2.9890975184111284e-09
parkinsonian_lfp_ses-289,parkinsonian,True,14.000000000001542,3.918261739810013e-09
parkinsonian_lfp_ses-289,parkinsonian,True,14.500000000001597,4.216618171460988e-09
parkinsonian_lfp_ses-289,parkinsonian,True,15.000000000001652,3.2715182979620683e-09
parkinsonian_lfp_ses-289,parkinsonian,True,15.500000000001707,3.043680621790841e-09
parkinsonian_lfp_ses-289,parkinsonian,True,16.000000000001762,2.7805023527304884e-09
parkinsonian_lfp_ses-289,parkinsonian,True,16.50000000000182,3.2870079650842857e-09
parkinsonian_lfp_ses-289,parkinsonian,True,17.000000000001872,4.138473581500479e-09
parkinsonian_lfp_ses-289,parkinsonian,True,17.500000000001926,6.399754978264078e-09
parkinsonian_lfp_ses-289,parkinsonian,True,18.000000000001982,4.114045222690524e-09
parkinsonian_lfp_ses-289,parkinsonian,True,18.50000000000204,3.2405998779495496e-09
parkinsonian_lfp_ses-289,parkinsonian,True,19.000000000002093,4.786638528715254e-09
parkinsonian_lfp_ses-289,parkinsonian,True,19.500000000002146,4.5367762103507486e-09
parkinsonian_lfp_ses-289,parkinsonian,True,20.000000000002203,4.350374211254308e-09
parkinsonian_lfp_ses-289,parkinsonian,True,20.50000000000226,3.0317605351782966e-09
parkinsonian_lfp_ses-289,parkinsonian,True,21.000000000002313,3.3777649492556773e-09
parkinsonian_lfp_ses-289,parkinsonian,True,21.500000000002366,4.066245691775412e-09
parkinsonian_lfp_ses-289,parkinsonian,True,22.000000000002423,4.495469413725609e-09
parkinsonian_lfp_ses-289,parkinsonian,True,22.50000000000248,4.205448809885358e-09
parkinsonian_lfp_ses-289,parkinsonian,True,23.000000000002533,4.76015046997461e-09
parkinsonian_lfp_ses-289,parkinsonian,True,23.500000000002586,4.4871146688356884e-09
parkinsonian_lfp_ses-289,parkinsonian,True,24.000000000002643,7.592780075918964e-09
parkinsonian_lfp_ses-289,parkinsonian,True,24.5000000000027,2.383099904158886e-08
parkinsonian_lfp_ses-289,parkinsonian,True,25.000000000002753,3.344197520874754e-08
parkinsonian_lfp_ses-289,parkinsonian,True,25.500000000002807,3.64433211777754e-08
parkinsonian_lfp_ses-289,parkinsonian,True,26.000000000002863,2.666410125345062e-08
parkinsonian_lfp_ses-289,parkinsonian,True,26.50000000000292,1.5550022983329506e-08
parkinsonian_lfp_ses-289,parkinsonian,True,27.000000000002974,1.0002742954835119e-08
parkinsonian_lfp_ses-289,parkinsonian,True,27.500000000003027,6.0107013475826415e-09
parkinsonian_lfp_ses-289,parkinsonian,True,28.000000000003084,7.7308117204544e-09
parkinsonian_lfp_ses-289,parkinsonian,True,28.50000000000314,5.9076947445537545e-09
parkinsonian_lfp_ses-289,parkinsonian,True,29.000000000003194,4.781074401544861e-09
parkinsonian_lfp_ses-289,parkinsonian,True,29.500000000003247,3.6662174319651492e-09
parkinsonian_lfp_ses-289,parkinsonian,True,30.000000000003304,4.162504551956105e-09
parkinsonian_lfp_ses-289,parkinsonian,True,30.50000000000336,2.7888515754378338e-09
parkinsonian_lfp_ses-289,parkinsonian,True,31.000000000003414,2.0002767871550277e-09
parkinsonian_lfp_ses-289,parkinsonian,True,31.500000000003467,2.1101188800988718e-09
parkinsonian_lfp_ses-289,parkinsonian,True,32.000000000003524,2.0755939899711972e-09
parkinsonian_lfp_ses-289,parkinsonian,True,32.50000000000358,2.2103533950214168e-09
parkinsonian_lfp_ses-289,parkinsonian,True,33.00000000000364,1.9755651046878932e-09
parkinsonian_lfp_ses-289,parkinsonian,True,33.50000000000369,1.8000933439563812e-09
parkinsonian_lfp_ses-289,parkinsonian,True,34.000000000003745,1.9835856252259845e-09
parkinsonian_lfp_ses-289,parkinsonian,True,34.5000000000038,2.1790891773343553e-09
parkinsonian_lfp_ses-289,parkinsonian,True,35.00000000000385,2.13538083918766e-09
parkinsonian_lfp_ses-289,parkinsonian,True,35.50000000000391,1.4949652742766512e-09
parkinsonian_lfp_ses-289,parkinsonian,True,36.000000000003965,1.8588037952536101e-09
parkinsonian_lfp_ses-289,parkinsonian,True,36.50000000000402,1.7182200917803012e-09
parkinsonian_lfp_ses-289,parkinsonian,True,37.00000000000408,1.8063642829104844e-09
parkinsonian_lfp_ses-289,parkinsonian,True,37.50000000000413,1.6613823410545159e-09
parkinsonian_lfp_ses-289,parkinsonian,True,38.000000000004185,1.7683721516175172e-09
parkinsonian_lfp_ses-289,parkinsonian,True,38.50000000000424,2.1483551418693067e-09
parkinsonian_lfp_ses-289,parkinsonian,True,39.00000000000429,1.919633170226432e-09
parkinsonian_lfp_ses-289,parkinsonian,True,39.50000000000435,2.159622263282595e-09
parkinsonian_lfp_ses-289,parkinsonian,True,40.000000000004405,2.3459541273633206e-09
parkinsonian_lfp_ses-289,parkinsonian,True,40.50000000000446,2.1673824240005325e-09
parkinsonian_lfp_ses-289,parkinsonian,True,41.00000000000452,1.893778896121514e-09
parkinsonian_lfp_ses-289,parkinsonian,True,41.50000000000457,2.2231818745358577e-09
parkinsonian_lfp_ses-289,parkinsonian,True,42.000000000004626,2.750315814516414e-09
parkinsonian_lfp_ses-289,parkinsonian,True,42.50000000000468,2.1736231695723634e-09
parkinsonian_lfp_ses-289,parkinsonian,True,43.00000000000473,1.3811782470466286e-09
parkinsonian_lfp_ses-289,parkinsonian,True,43.50000000000479,1.4779394334807666e-09
parkinsonian_lfp_ses-289,parkinsonian,True,44.000000000004846,1.6393477082654584e-09
parkinsonian_lfp_ses-289,parkinsonian,True,44.5000000000049,1.9821143152299837e-09
parkinsonian_lfp_ses-289,parkinsonian,True,45.00000000000496,2.2052095496337024e-09
parkinsonian_lfp_ses-289,parkinsonian,True,45.50000000000501,1.2578133940145623e-09
parkinsonian_lfp_ses-289,parkinsonian,True,46.000000000005066,1.7686733285123957e-09
parkinsonian_lfp_ses-289,parkinsonian,True,46.50000000000512,1.89956202411063e-09
parkinsonian_lfp_ses-289,parkinsonian,True,47.00000000000517,1.3885818763691774e-09
parkinsonian_lfp_ses-289,parkinsonian,True,47.50000000000523,1.7770960332864213e-09
parkinsonian_lfp_ses-289,parkinsonian,True,48.000000000005286,1.9815197821936055e-09
parkinsonian_lfp_ses-289,parkinsonian,True,48.50000000000534,2.4907896759356308e-09
parkinsonian_lfp_ses-289,parkinsonian,True,49.0000000000054,2.618228205936288e-09
parkinsonian_lfp_ses-289,parkinsonian,True,49.50000000000545,2.9707339432217555e-09
parkinsonian_lfp_ses-289,parkinsonian,True,50.00000000000551,3.863958196905803e-09
parkinsonian_lfp_ses-289,parkinsonian,True,50.50000000000556,4.159831396164469e-09
parkinsonian_lfp_ses-289,parkinsonian,True,51.00000000000561,3.327849789692997e-09
parkinsonian_lfp_ses-289,parkinsonian,True,51.50000000000567,2.93024728093171e-09
parkinsonian_lfp_ses-289,parkinsonian,True,52.00000000000573,2.395057205575576e-09
parkinsonian_lfp_ses-289,parkinsonian,True,52.500000000005784,2.0293379668685512e-09
parkinsonian_lfp_ses-289,parkinsonian,True,53.00000000000584,2.3812675699084015e-09
parkinsonian_lfp_ses-289,parkinsonian,True,53.50000000000589,2.1133873149230987e-09
parkinsonian_lfp_ses-289,parkinsonian,True,54.00000000000595,2.413410258704175e-09
parkinsonian_lfp_ses-289,parkinsonian,True,54.500000000006004,2.002416957843759e-09
parkinsonian_lfp_ses-289,parkinsonian,True,55.000000000006054,1.7480043513861203e-09
parkinsonian_lfp_ses-289,parkinsonian,True,55.50000000000611,1.422625479145777e-09
parkinsonian_lfp_ses-289,parkinsonian,True,56.00000000000617,1.7295988935917592e-09
parkinsonian_lfp_ses-289,parkinsonian,True,56.500000000006224,2.092957041406694e-09
parkinsonian_lfp_ses-289,parkinsonian,True,57.00000000000628,1.7710768817281565e-09
parkinsonian_lfp_ses-289,parkinsonian,True,57.50000000000633,1.446535300032067e-09
parkinsonian_lfp_ses-289,parkinsonian,True,58.00000000000639,1.8186660981047306e-09
parkinsonian_lfp_ses-289,parkinsonian,True,58.500000000006445,1.668699395981433e-09
parkinsonian_lfp_ses-289,parkinsonian,True,59.000000000006494,1.532019737268824e-09
parkinsonian_lfp_ses-289,parkinsonian,True,59.50000000000655,1.603703152954119e-09
parkinsonian_lfp_ses-289,parkinsonian,True,60.00000000000661,1.434479434347148e-09
parkinsonian_lfp_ses-289,parkinsonian,True,60.500000000006665,1.4413894677516588e-09
parkinsonian_lfp_ses-289,parkinsonian,True,61.00000000000672,1.5623782729272783e-09
parkinsonian_lfp_ses-289,parkinsonian,True,61.50000000000677,1.6283510965754886e-09
parkinsonian_lfp_ses-289,parkinsonian,True,62.00000000000683,2.2462171783867476e-09
parkinsonian_lfp_ses-289,parkinsonian,True,62.500000000006885,1.2677577506222157e-09
parkinsonian_lfp_ses-289,parkinsonian,True,63.000000000006935,1.2501349134884149e-09
parkinsonian_lfp_ses-289,parkinsonian,True,63.50000000000699,1.208028274534286e-09
parkinsonian_lfp_ses-289,parkinsonian,True,64.00000000000705,1.4218825622119214e-09
parkinsonian_lfp_ses-289,parkinsonian,True,64.5000000000071,1.3257801879803272e-09
parkinsonian_lfp_ses-289,parkinsonian,True,65.00000000000716,1.3334097712365881e-09
parkinsonian_lfp_ses-289,parkinsonian,True,65.50000000000722,1.5204313467906593e-09
parkinsonian_lfp_ses-289,parkinsonian,True,66.00000000000728,1.5762628146344612e-09
parkinsonian_lfp_ses-289,parkinsonian,True,66.50000000000732,1.3514891605861402e-09
parkinsonian_lfp_ses-289,parkinsonian,True,67.00000000000738,1.077088634379784e-09
parkinsonian_lfp_ses-289,parkinsonian,True,67.50000000000743,1.3223382746370014e-09
parkinsonian_lfp_ses-289,parkinsonian,True,68.00000000000749,1.8475852447300443e-09
parkinsonian_lfp_ses-289,parkinsonian,True,68.50000000000755,1.7247554980473121e-09
parkinsonian_lfp_ses-289,parkinsonian,True,69.0000000000076,1.560758782904102e-09
parkinsonian_lfp_ses-289,parkinsonian,True,69.50000000000766,1.475528146164587e-09
parkinsonian_lfp_ses-289,parkinsonian,True,70.0000000000077,1.5781903937597582e-09
parkinsonian_lfp_ses-289,parkinsonian,True,70.50000000000776,1.8360425909519626e-09
parkinsonian_lfp_ses-289,parkinsonian,True,71.00000000000782,1.5213584473566796e-09
parkinsonian_lfp_ses-289,parkinsonian,True,71.50000000000787,1.3396272925668446e-09
parkinsonian_lfp_ses-289,parkinsonian,True,72.00000000000793,1.3928446015513964e-09
parkinsonian_lfp_ses-289,parkinsonian,True,72.50000000000799,1.3288075377286546e-09
parkinsonian_lfp_ses-289,parkinsonian,True,73.00000000000804,1.6337666992859115e-09
parkinsonian_lfp_ses-289,parkinsonian,True,73.5000000000081,2.1048438078500676e-09
parkinsonian_lfp_ses-289,parkinsonian,True,74.00000000000816,1.5846929472618967e-09
parkinsonian_lfp_ses-289,parkinsonian,True,74.5000000000082,1.5339781387821113e-09
parkinsonian_lfp_ses-289,parkinsonian,True,75.00000000000826,1.4572921037930988e-09
parkinsonian_lfp_ses-289,parkinsonian,True,75.50000000000831,1.7787690185139986e-09
parkinsonian_lfp_ses-289,parkinsonian,True,76.00000000000837,1.998664682352266e-09
parkinsonian_lfp_ses-289,parkinsonian,True,76.50000000000843,1.62354143643913e-09
parkinsonian_lfp_ses-289,parkinsonian,True,77.00000000000848,1.6236446226086422e-09
parkinsonian_lfp_ses-289,parkinsonian,True,77.50000000000854,1.667941666126239e-09
parkinsonian_lfp_ses-289,parkinsonian,True,78.00000000000858,1.3047127462874103e-09
parkinsonian_lfp_ses-289,parkinsonian,True,78.50000000000864,1.2946475826082988e-09
parkinsonian_lfp_ses-289,parkinsonian,True,79.0000000000087,1.1844094120778327e-09
parkinsonian_lfp_ses-289,parkinsonian,True,79.50000000000875,1.5977890059242862e-09
parkinsonian_lfp_ses-289,parkinsonian,True,80.00000000000881,1.8302823708467581e-09
parkinsonian_lfp_ses-289,parkinsonian,True,80.50000000000887,1.4370279076897678e-09
parkinsonian_lfp_ses-289,parkinsonian,True,81.00000000000892,1.4423876661704902e-09
parkinsonian_lfp_ses-289,parkinsonian,True,81.50000000000898,1.5064019471291254e-09
parkinsonian_lfp_ses-289,parkinsonian,True,82.00000000000904,1.4957287808503629e-09
parkinsonian_lfp_ses-289,parkinsonian,True,82.50000000000908,9.80307679280481e-10
parkinsonian_lfp_ses-289,parkinsonian,True,83.00000000000914,1.1083143826925448e-09
parkinsonian_lfp_ses-289,parkinsonian,True,83.5000000000092,1.3983612410042637e-09
parkinsonian_lfp_ses-289,parkinsonian,True,84.00000000000925,1.633464969364755e-09
parkinsonian_lfp_ses-289,parkinsonian,True,84.50000000000931,1.4901470849948872e-09
parkinsonian_lfp_ses-289,parkinsonian,True,85.00000000000936,1.2829161869800185e-09
parkinsonian_lfp_ses-289,parkinsonian,True,85.50000000000942,1.0958853538033667e-09
parkinsonian_lfp_ses-289,parkinsonian,True,86.00000000000946,1.6553010924485586e-09
parkinsonian_lfp_ses-289,parkinsonian,True,86.50000000000952,1.5890526081958546e-09
parkinsonian_lfp_ses-289,parkinsonian,True,87.00000000000958,1.3931433131533867e-09
parkinsonian_lfp_ses-289,parkinsonian,True,87.50000000000963,1.3732990976543936e-09
parkinsonian_lfp_ses-289,parkinsonian,True,88.00000000000969,1.4524463256329385e-09
parkinsonian_lfp_ses-289,parkinsonian,True,88.50000000000975,1.2528887284846359e-09
parkinsonian_lfp_ses-289,parkinsonian,True,89.0000000000098,1.383866194446911e-09
parkinsonian_lfp_ses-289,parkinsonian,True,89.50000000000986,1.129606747292629e-09
parkinsonian_lfp_ses-289,parkinsonian,True,90.00000000000992,8.002816369192397e-10
parkinsonian_lfp_ses-289,parkinsonian,True,90.50000000000996,1.0720350953159041e-09
parkinsonian_lfp_ses-289,parkinsonian,True,91.00000000001002,1.1954636602171522e-09
parkinsonian_lfp_ses-289,parkinsonian,True,91.50000000001008,1.2081994824793798e-09
parkinsonian_lfp_ses-289,parkinsonian,True,92.00000000001013,1.2677703534957275e-09
parkinsonian_lfp_ses-289,parkinsonian,True,92.50000000001019,1.0872143765904487e-09
parkinsonian_lfp_ses-289,parkinsonian,True,93.00000000001025,1.2055934860747927e-09
parkinsonian_lfp_ses-289,parkinsonian,True,93.5000000000103,1.6052309221340377e-09
parkinsonian_lfp_ses-289,parkinsonian,True,94.00000000001035,1.3036649262479866e-09
parkinsonian_lfp_ses-289,parkinsonian,True,94.5000000000104,1.308609690949182e-09
parkinsonian_lfp_ses-289,parkinsonian,True,95.00000000001046,1.457830086604137e-09
parkinsonian_lfp_ses-289,parkinsonian,True,95.50000000001052,1.2088485324052903e-09
parkinsonian_lfp_ses-289,parkinsonian,True,96.00000000001057,1.086845848723039e-09
parkinsonian_lfp_ses-289,parkinsonian,True,96.50000000001063,1.3594199577932059e-09
parkinsonian_lfp_ses-289,parkinsonian,True,97.00000000001069,1.4009249747739999e-09
parkinsonian_lfp_ses-289,parkinsonian,True,97.50000000001074,1.2391343948356205e-09
parkinsonian_lfp_ses-289,parkinsonian,True,98.0000000000108,1.4670094717848225e-09
parkinsonian_lfp_ses-289,parkinsonian,True,98.50000000001084,1.4480535659347472e-09
parkinsonian_lfp_ses-289,parkinsonian,True,99.0000000000109,1.2977188954797969e-09
parkinsonian_lfp_ses-289,parkinsonian,True,99.50000000001096,1.0904394335525291e-09
parkinsonian_lfp_ses-298,parkinsonian,True,0.0,9.772910397750455e-10
parkinsonian_lfp_ses-298,parkinsonian,True,0.5000000000000551,3.576106314533918e-09
parkinsonian_lfp_ses-298,parkinsonian,True,1.0000000000001101,4.541092063869003e-09
parkinsonian_lfp_ses-298,parkinsonian,True,1.5000000000001652,6.39233412287479e-09
parkinsonian_lfp_ses-298,parkinsonian,True,2.0000000000002203,5.534156770142131e-09
parkinsonian_lfp_ses-298,parkinsonian,True,2.5000000000002753,4.42909620476014e-09
parkinsonian_lfp_ses-298,parkinsonian,True,3.0000000000003304,3.945105599292568e-09
parkinsonian_lfp_ses-298,parkinsonian,True,3.5000000000003855,4.995584255091995e-09
parkinsonian_lfp_ses-298,parkinsonian,True,4.0000000000004405,4.440748657195892e-09
parkinsonian_lfp_ses-298,parkinsonian,True,4.500000000000496,3.3718356598337283e-09
parkinsonian_lfp_ses-298,parkinsonian,True,5.000000000000551,4.801859001273101e-09
parkinsonian_lfp_ses-298,parkinsonian,True,5.500000000000606,3.762382919439219e-09
parkinsonian_lfp_ses-298,parkinsonian,True,6.000000000000661,2.4092986866642545e-09
parkinsonian_lfp_ses-298,parkinsonian,True,6.500000000000716,2.1267944387075235e-09
parkinsonian_lfp_ses-298,parkinsonian,True,7.000000000000771,2.382805806654733e-09
parkinsonian_lfp_ses-298,parkinsonian,True,7.500000000000826,3.0138690814999486e-09
parkinsonian_lfp_ses-298,parkinsonian,True,8.000000000000881,2.4126398844899884e-09
parkinsonian_lfp_ses-298,parkinsonian,True,8.500000000000936,2.542261541759056e-09
parkinsonian_lfp_ses-298,parkinsonian,True,9.000000000000991,3.0351233246039575e-09
parkinsonian_lfp_ses-298,parkinsonian,True,9.500000000001046,3.0872099645948323e-09
parkinsonian_lfp_ses-298,parkinsonian,True,10.000000000001101,3.4543734390670693e-09
parkinsonian_lfp_ses-298,parkinsonian,True,10.500000000001156,2.688279872697001e-09
parkinsonian_lfp_ses-298,parkinsonian,True,11.000000000001211,2.4307246193129198e-09
parkinsonian_lfp_ses-298,parkinsonian,True,11.500000000001267,3.804359611616105e-09
parkinsonian_lfp_ses-298,parkinsonian,True,12.000000000001322,3.414102509893558e-09
parkinsonian_lfp_ses-298,parkinsonian,True,12.500000000001377,2.7886050813153577e-09
parkinsonian_lfp_ses-298,parkinsonian,True,13.000000000001432,3.6216714961940027e-09
parkinsonian_lfp_ses-298,parkinsonian,True,13.500000000001487,3.366734501117905e-09
parkinsonian_lfp_ses-298,parkinsonian,True,14.000000000001542,3.574683314828243e-09
parkinsonian_lfp_ses-298,parkinsonian,True,14.500000000001597,4.160529299857326e-09
parkinsonian_lfp_ses-298,parkinsonian,True,15.000000000001652,4.292351217628484e-09
parkinsonian_lfp_ses-298,parkinsonian,True,15.500000000001707,3.983392487104477e-09
parkinsonian_lfp_ses-298,parkinsonian,True,16.000000000001762,4.154491174172845e-09
parkinsonian_lfp_ses-298,parkinsonian,True,16.50000000000182,2.8742231100172563e-09
parkinsonian_lfp_ses-298,parkinsonian,True,17.000000000001872,4.3321691708525165e-09
parkinsonian_lfp_ses-298,parkinsonian,True,17.500000000001926,7.270427347454429e-09
parkinsonian_lfp_ses-298,parkinsonian,True,18.000000000001982,5.34521000009036e-09
parkinsonian_lfp_ses-298,parkinsonian,True,18.50000000000204,4.350687616801194e-09
parkinsonian_lfp_ses-298,parkinsonian,True,19.000000000002093,4.203470086586418e-09
parkinsonian_lfp_ses-298,parkinsonian,True,19.500000000002146,4.112876848863703e-09
parkinsonian_lfp_ses-298,parkinsonian,True,20.000000000002203,3.575829373514274e-09
parkinsonian_lfp_ses-298,parkinsonian,True,20.50000000000226,4.025197435738231e-09
parkinsonian_lfp_ses-298,parkinsonian,True,21.000000000002313,3.014129422446643e-09
parkinsonian_lfp_ses-298,parkinsonian,True,21.500000000002366,3.422077989069046e-09
parkinsonian_lfp_ses-298,parkinsonian,True,22.000000000002423,5.458376312005577e-09
parkinsonian_lfp_ses-298,parkinsonian,True,22.50000000000248,5.2521125515686e-09
parkinsonian_lfp_ses-298,parkinsonian,True,23.000000000002533,4.522961564536806e-09
parkinsonian_lfp_ses-298,parkinsonian,True,23.500000000002586,3.89010380211795e-09
parkinsonian_lfp_ses-298,parkinsonian,True,24.000000000002643,5.809393179158473e-09
parkinsonian_lfp_ses-298,parkinsonian,True,24.5000000000027,1.927512229679379e-08
parkinsonian_lfp_ses-298,parkinsonian,True,25.000000000002753,3.007191207758283e-08
parkinsonian_lfp_ses-298,parkinsonian,True,25.500000000002807,2.941963758452155e-08
parkinsonian_lfp_ses-298,parkinsonian,True,26.000000000002863,2.661252800360495e-08
parkinsonian_lfp_ses-298,parkinsonian,True,26.50000000000292,1.7223582819833586e-08
parkinsonian_lfp_ses-298,parkinsonian,True,27.000000000002974,1.0071477457239925e-08
parkinsonian_lfp_ses-298,parkinsonian,True,27.500000000003027,5.72905240224148e-09
parkinsonian_lfp_ses-298,parkinsonian,True,28.000000000003084,7.221440766400374e-09
parkinsonian_lfp_ses-298,parkinsonian,True,28.50000000000314,5.574423572161588e-09
parkinsonian_lfp_ses-298,parkinsonian,True,29.000000000003194,3.894773842787566e-09
parkinsonian_lfp_ses-298,parkinsonian,True,29.500000000003247,4.796312967024468e-09
parkinsonian_lfp_ses-298,parkinsonian,True,30.000000000003304,4.402207065810977e-09
parkinsonian_lfp_ses-298,parkinsonian,True,30.50000000000336,2.766301671866312e-09
parkinsonian_lfp_ses-298,parkinsonian,True,31.000000000003414,2.261497837048346e-09
parkinsonian_lfp_ses-298,parkinsonian,True,31.500000000003467,2.7953207530467283e-09
parkinsonian_lfp_ses-298,parkinsonian,True,32.000000000003524,2.5620288291743096e-09
parkinsonian_lfp_ses-298,parkinsonian,True,32.50000000000358,2.4761500207876034e-09
parkinsonian_lfp_ses-298,parkinsonian,True,33.00000000000364,2.567120952455333e-09
parkinsonian_lfp_ses-298,parkinsonian,True,33.50000000000369,1.951425506746481e-09
parkinsonian_lfp_ses-298,parkinsonian,True,34.000000000003745,1.7556015921498133e-09
parkinsonian_lfp_ses-298,parkinsonian,True,34.5000000000038,2.143024948457538e-09
parkinsonian_lfp_ses-298,parkinsonian,True,35.00000000000385,2.6044236530811517e-09
parkinsonian_lfp_ses-298,parkinsonian,True,35.50000000000391,2.1880725326909006e-09
parkinsonian_lfp_ses-298,parkinsonian,True,36.000000000003965,2.642475063260812e-09
parkinsonian_lfp_ses-298,parkinsonian,True,36.50000000000402,2.8932210584391923e-09
parkinsonian_lfp_ses-298,parkinsonian,True,37.00000000000408,2.3268095573124487e-09
parkinsonian_lfp_ses-298,parkinsonian,True,37.50000000000413,2.2933609640980374e-09
parkinsonian_lfp_ses-298,parkinsonian,True,38.000000000004185,2.000831509853598e-09
parkinsonian_lfp_ses-298,parkinsonian,True,38.50000000000424,1.773589233073021e-09
parkinsonian_lfp_ses-298,parkinsonian,True,39.00000000000429,2.2107456528542263e-09
parkinsonian_lfp_ses-298,parkinsonian,True,39.50000000000435,2.168638293816127e-09
parkinsonian_lfp_ses-298,parkinsonian,True,40.000000000004405,1.8833456321623422e-09
parkinsonian_lfp_ses-298,parkinsonian,True,40.50000000000446,1.964963031613852e-09
parkinsonian_lfp_ses-298,parkinsonian,True,41.00000000000452,1.590940650758238e-09
parkinsonian_lfp_ses-298,parkinsonian,True,41.50000000000457,1.0339432910521649e-09
parkinsonian_lfp_ses-298,parkinsonian,True,42.000000000004626,1.3778684305296925e-09
parkinsonian_lfp_ses-298,parkinsonian,True,42.50000000000468,1.4099158281994998e-09
parkinsonian_lfp_ses-298,parkinsonian,True,43.00000000000473,1.5155839453854692e-09
parkinsonian_lfp_ses-298,parkinsonian,True,43.50000000000479,1.5624243281958861e-09
parkinsonian_lfp_ses-298,parkinsonian,True,44.000000000004846,1.6021017615219078e-09
parkinsonian_lfp_ses-298,parkinsonian,True,44.5000000000049,1.3668128530532637e-09
parkinsonian_lfp_ses-298,parkinsonian,True,45.00000000000496,1.7602440626174871e-09
parkinsonian_lfp_ses-298,parkinsonian,True,45.50000000000501,1.5779597238174439e-09
parkinsonian_lfp_ses-298,parkinsonian,True,46.000000000005066,1.735798502509476e-09
parkinsonian_lfp_ses-298,parkinsonian,True,46.50000000000512,1.8758077284377937e-09
parkinsonian_lfp_ses-298,parkinsonian,True,47.00000000000517,2.27098641554084e-09
parkinsonian_lfp_ses-298,parkinsonian,True,47.50000000000523,2.237055217899399e-09
parkinsonian_lfp_ses-298,parkinsonian,True,48.000000000005286,2.2931184516429784e-09
parkinsonian_lfp_ses-298,parkinsonian,True,48.50000000000534,1.911495535430928e-09
parkinsonian_lfp_ses-298,parkinsonian,True,49.0000000000054,2.1446466702724645e-09
parkinsonian_lfp_ses-298,parkinsonian,True,49.50000000000545,2.826541847728106e-09
parkinsonian_lfp_ses-298,parkinsonian,True,50.00000000000551,3.484671597584469e-09
parkinsonian_lfp_ses-298,parkinsonian,True,50.50000000000556,3.5868023317767413e-09
parkinsonian_lfp_ses-298,parkinsonian,True,51.00000000000561,2.6159663645053827e-09
parkinsonian_lfp_ses-298,parkinsonian,True,51.50000000000567,3.05682647399284e-09
parkinsonian_lfp_ses-298,parkinsonian,True,52.00000000000573,2.5359518733544953e-09
parkinsonian_lfp_ses-298,parkinsonian,True,52.500000000005784,2.0306537257643386e-09
parkinsonian_lfp_ses-298,parkinsonian,True,53.00000000000584,2.714374117090262e-09
parkinsonian_lfp_ses-298,parkinsonian,True,53.50000000000589,2.5966163988995964e-09
parkinsonian_lfp_ses-298,parkinsonian,True,54.00000000000595,2.672372635798044e-09
parkinsonian_lfp_ses-298,parkinsonian,True,54.500000000006004,2.651543774249068e-09
parkinsonian_lfp_ses-298,parkinsonian,True,55.000000000006054,2.0666115087130845e-09
parkinsonian_lfp_ses-298,parkinsonian,True,55.50000000000611,1.5451479384811933e-09
parkinsonian_lfp_ses-298,parkinsonian,True,56.00000000000617,1.8414719804556832e-09
parkinsonian_lfp_ses-298,parkinsonian,True,56.500000000006224,2.3375910184425616e-09
parkinsonian_lfp_ses-298,parkinsonian,True,57.00000000000628,2.1948758066488584e-09
parkinsonian_lfp_ses-298,parkinsonian,True,57.50000000000633,1.4386406044089334e-09
parkinsonian_lfp_ses-298,parkinsonian,True,58.00000000000639,1.596972598042656e-09
parkinsonian_lfp_ses-298,parkinsonian,True,58.500000000006445,1.2095008294377697e-09
parkinsonian_lfp_ses-298,parkinsonian,True,59.000000000006494,1.431774600064902e-09
parkinsonian_lfp_ses-298,parkinsonian,True,59.50000000000655,1.6297753529848334e-09
parkinsonian_lfp_ses-298,parkinsonian,True,60.00000000000661,1.747723322322363e-09
parkinsonian_lfp_ses-298,parkinsonian,True,60.500000000006665,1.4727372995260594e-09
parkinsonian_lfp_ses-298,parkinsonian,True,61.00000000000672,1.7503683537246466e-09
parkinsonian_lfp_ses-298,parkinsonian,True,61.50000000000677,1.8386503466218202e-09
parkinsonian_lfp_ses-298,parkinsonian,True,62.00000000000683,1.9825314964915716e-09
parkinsonian_lfp_ses-298,parkinsonian,True,62.500000000006885,1.73695170738457e-09
parkinsonian_lfp_ses-298,parkinsonian,True,63.000000000006935,1.4549606430199403e-09
parkinsonian_lfp_ses-298,parkinsonian,True,63.50000000000699,1.3195057406544173e-09
parkinsonian_lfp_ses-298,parkinsonian,True,64.00000000000705,1.2558139680892299e-09
parkinsonian_lfp_ses-298,parkinsonian,True,64.5000000000071,1.4898706815847958e-09
parkinsonian_lfp_ses-298,parkinsonian,True,65.00000000000716,1.4550186237587445e-09
parkinsonian_lfp_ses-298,parkinsonian,True,65.50000000000722,1.3431487679326736e-09
parkinsonian_lfp_ses-298,parkinsonian,True,66.00000000000728,1.2791722097958981e-09
parkinsonian_lfp_ses-298,parkinsonian,True,66.50000000000732,1.3466032776716407e-09
parkinsonian_lfp_ses-298,parkinsonian,True,67.00000000000738,1.5382342853204985e-09
parkinsonian_lfp_ses-298,parkinsonian,True,67.50000000000743,1.3681946828599405e-09
parkinsonian_lfp_ses-298,parkinsonian,True,68.00000000000749,1.404786054518429e-09
parkinsonian_lfp_ses-298,parkinsonian,True,68.50000000000755,1.8957964243060824e-09
parkinsonian_lfp_ses-298,parkinsonian,True,69.0000000000076,1.795163108769725e-09
parkinsonian_lfp_ses-298,parkinsonian,True,69.50000000000766,2.024130220759056e-09
parkinsonian_lfp_ses-298,parkinsonian,True,70.0000000000077,1.64279659146694e-09
parkinsonian_lfp_ses-298,parkinsonian,True,70.50000000000776,1.502999875087759e-09
parkinsonian_lfp_ses-298,parkinsonian,True,71.00000000000782,1.5080405758886586e-09
parkinsonian_lfp_ses-298,parkinsonian,True,71.50000000000787,1.6669537667431748e-09
parkinsonian_lfp_ses-298,parkinsonian,True,72.00000000000793,1.569495311825633e-09
parkinsonian_lfp_ses-298,parkinsonian,True,72.50000000000799,1.51793869607801e-09
parkinsonian_lfp_ses-298,parkinsonian,True,73.00000000000804,1.560985862564605e-09
parkinsonian_lfp_ses-298,parkinsonian,True,73.5000000000081,1.6618132894721542e-09
parkinsonian_lfp_ses-298,parkinsonian,True,74.00000000000816,1.4366059998476052e-09
parkinsonian_lfp_ses-298,parkinsonian,True,74.5000000000082,1.6476945140379694e-09
parkinsonian_lfp_ses-298,parkinsonian,True,75.00000000000826,1.569724907891783e-09
parkinsonian_lfp_ses-298,parkinsonian,True,75.50000000000831,1.4934326347271017e-09
parkinsonian_lfp_ses-298,parkinsonian,True,76.00000000000837,1.3890088955513497e-09
parkinsonian_lfp_ses-298,parkinsonian,True,76.50000000000843,1.3277216066725363e-09
parkinsonian_lfp_ses-298,parkinsonian,True,77.00000000000848,1.2889171295265352e-09
parkinsonian_lfp_ses-298,parkinsonian,True,77.50000000000854,1.2809413070350654e-09
parkinsonian_lfp_ses-298,parkinsonian,True,78.00000000000858,1.2023847665560318e-09
parkinsonian_lfp_ses-298,parkinsonian,True,78.50000000000864,1.3941878161732643e-09
parkinsonian_lfp_ses-298,parkinsonian,True,79.0000000000087,1.7219795505988777e-09
parkinsonian_lfp_ses-298,parkinsonian,True,79.50000000000875,1.4817876913185763e-09
parkinsonian_lfp_ses-298,parkinsonian,True,80.00000000000881,1.5500849115153308e-09
parkinsonian_lfp_ses-298,parkinsonian,True,80.50000000000887,1.3224931291173085e-09
parkinsonian_lfp_ses-298,parkinsonian,True,81.00000000000892,1.4007734005635397e-09
parkinsonian_lfp_ses-298,parkinsonian,True,81.50000000000898,1.6661487338237152e-09
parkinsonian_lfp_ses-298,parkinsonian,True,82.00000000000904,1.8223950537146844e-09
parkinsonian_lfp_ses-298,parkinsonian,True,82.50000000000908,1.518668319353395e-09
parkinsonian_lfp_ses-298,parkinsonian,True,83.00000000000914,1.6032890885139812e-09
parkinsonian_lfp_ses-298,parkinsonian,True,83.5000000000092,1.1591382686859545e-09
parkinsonian_lfp_ses-298,parkinsonian,True,84.00000000000925,1.3719078530163644e-09
parkinsonian_lfp_ses-298,parkinsonian,True,84.50000000000931,1.4694828276846257e-09
parkinsonian_lfp_ses-298,parkinsonian,True,85.00000000000936,1.56320582021706e-09
parkinsonian_lfp_ses-298,parkinsonian,True,85.50000000000942,1.8423506195365973e-09
parkinsonian_lfp_ses-298,parkinsonian,True,86.00000000000946,1.6877345159837205e-09
parkinsonian_lfp_ses-298,parkinsonian,True,86.50000000000952,1.4246687637204386e-09
parkinsonian_lfp_ses-298,parkinsonian,True,87.00000000000958,1.4395658696082092e-09
parkinsonian_lfp_ses-298,parkinsonian,True,87.50000000000963,1.412902600786562e-09
parkinsonian_lfp_ses-298,parkinsonian,True,88.00000000000969,1.3979480225316468e-09
parkinsonian_lfp_ses-298,parkinsonian,True,88.50000000000975,9.503716361183817e-10
parkinsonian_lfp_ses-298,parkinsonian,True,89.0000000000098,1.1432844218161078e-09
parkinsonian_lfp_ses-298,parkinsonian,True,89.50000000000986,1.1493475533173655e-09
parkinsonian_lfp_ses-298,parkinsonian,True,90.00000000000992,1.2378742523884099e-09
parkinsonian_lfp_ses-298,parkinsonian,True,90.50000000000996,1.5081436731309255e-09
parkinsonian_lfp_ses-298,parkinsonian,True,91.00000000001002,1.4679948095740935e-09
parkinsonian_lfp_ses-298,parkinsonian,True,91.50000000001008,1.6642090460495362e-09
parkinsonian_lfp_ses-298,parkinsonian,True,92.00000000001013,1.2313135453136263e-09
parkinsonian_lfp_ses-298,parkinsonian,True,92.50000000001019,1.0302679924161476e-09
parkinsonian_lfp_ses-298,parkinsonian,True,93.00000000001025,1.449116702797919e-09
parkinsonian_lfp_ses-298,parkinsonian,True,93.5000000000103,1.3765165413820199e-09
parkinsonian_lfp_ses-298,parkinsonian,True,94.00000000001035,1.2344950736742283e-09
parkinsonian_lfp_ses-298,parkinsonian,True,94.5000000000104,1.2233058193764547e-09
parkinsonian_lfp_ses-298,parkinsonian,True,95.00000000001046,1.1616026009749335e-09
parkinsonian_lfp_ses-298,parkinsonian,True,95.50000000001052,1.225798824028926e-09
parkinsonian_lfp_ses-298,parkinsonian,True,96.00000000001057,1.0044051755257973e-09
parkinsonian_lfp_ses-298,parkinsonian,True,96.50000000001063,8.708170155980578e-10
parkinsonian_lfp_ses-298,parkinsonian,True,97.00000000001069,1.0017704154405136e-09
parkinsonian_lfp_ses-298,parkinsonian,True,97.50000000001074,1.3416201923777946e-09
parkinsonian_lfp_ses-298,parkinsonian,True,98.0000000000108,1.1576589065188263e-09
parkinsonian_lfp_ses-298,parkinsonian,True,98.50000000001084,1.3430509330069993e-09
parkinsonian_lfp_ses-298,parkinsonian,True,99.0000000000109,1.017154214715029e-09
parkinsonian_lfp_ses-298,parkinsonian,True,99.50000000001096,1.104039754887764e-09
parkinsonian_lfp_ses-318,parkinsonian,True,0.0,1.475072717236717e-09
parkinsonian_lfp_ses-318,parkinsonian,True,0.5000000000002771,7.13440848671846e-09
parkinsonian_lfp_ses-318,parkinsonian,True,1.0000000000005542,7.283520293259422e-09
parkinsonian_lfp_ses-318,parkinsonian,True,1.5000000000008313,6.9951911791366096e-09
parkinsonian_lfp_ses-318,parkinsonian,True,2.0000000000011084,7.265814178301754e-09
parkinsonian_lfp_ses-318,parkinsonian,True,2.5000000000013856,4.908912346626762e-09
parkinsonian_lfp_ses-318,parkinsonian,True,3.0000000000016627,4.064577321892695e-09
parkinsonian_lfp_ses-318,parkinsonian,True,3.50000000000194,4.684536074847898e-09
parkinsonian_lfp_ses-318,parkinsonian,True,4.000000000002217,4.676402831979967e-09
parkinsonian_lfp_ses-318,parkinsonian,True,4.500000000002494,6.450181301218204e-09
parkinsonian_lfp_ses-318,parkinsonian,True,5.000000000002771,6.384455962635576e-09
parkinsonian_lfp_ses-318,parkinsonian,True,5.500000000003048,5.6948125279737955e-09
parkinsonian_lfp_ses-318,parkinsonian,True,6.000000000003325,3.515217439211455e-09
parkinsonian_lfp_ses-318,parkinsonian,True,6.5000000000036025,3.4006142493708427e-09
parkinsonian_lfp_ses-318,parkinsonian,True,7.00000000000388,3.919169254408864e-09
parkinsonian_lfp_ses-318,parkinsonian,True,7.500000000004157,3.911445416968467e-09
parkinsonian_lfp_ses-318,parkinsonian,True,8.000000000004434,3.5134390927680616e-09
parkinsonian_lfp_ses-318,parkinsonian,True,8.500000000004711,3.0162376517229423e-09
parkinsonian_lfp_ses-318,parkinsonian,True,9.000000000004988,2.4969408644639922e-09
parkinsonian_lfp_ses-318,parkinsonian,True,9.500000000005265,3.0695335663884077e-09
parkinsonian_lfp_ses-318,parkinsonian,True,10.000000000005542,4.135684963350484e-09
parkinsonian_lfp_ses-318,parkinsonian,True,10.50000000000582,3.1022922258190585e-09
parkinsonian_lfp_ses-318,parkinsonian,True,11.000000000006096,3.0794617579073844e-09
parkinsonian_lfp_ses-318,parkinsonian,True,11.500000000006374,3.0897151934586914e-09
parkinsonian_lfp_ses-318,parkinsonian,True,12.00000000000665,3.4598023268402576e-09
parkinsonian_lfp_ses-318,parkinsonian,True,12.500000000006928,2.748566133241067e-09
parkinsonian_lfp_ses-318,parkinsonian,True,13.000000000007205,3.438427543515224e-09
parkinsonian_lfp_ses-318,parkinsonian,True,13.500000000007482,3.422600269925618e-09
parkinsonian_lfp_ses-318,parkinsonian,True,14.00000000000776,3.4590549347294935e-09
parkinsonian_lfp_ses-318,parkinsonian,True,14.500000000008036,2.4419126233805544e-09
parkinsonian_lfp_ses-318,parkinsonian,True,15.000000000008313,2.968052401584674e-09
parkinsonian_lfp_ses-318,parkinsonian,True,15.50000000000859,3.5445748162080302e-09
parkinsonian_lfp_ses-318,parkinsonian,True,16.000000000008868,3.4139503458868505e-09
parkinsonian_lfp_ses-318,parkinsonian,True,16.500000000009145,3.700905862827978e-09
parkinsonian_lfp_ses-318,parkinsonian,True,17.000000000009422,5.5254890157222585e-09
parkinsonian_lfp_ses-318,parkinsonian,True,17.5000000000097,6.74832359769123e-09
parkinsonian_lfp_ses-318,parkinsonian,True,18.000000000009976,4.923399142768175e-09
parkinsonian_lfp_ses-318,parkinsonian,True,18.500000000010253,3.3278643459753158e-09
parkinsonian_lfp_ses-318,parkinsonian,True,19.00000000001053,3.251963843348096e-09
parkinsonian_lfp_ses-318,parkinsonian,True,19.500000000010807,3.809939937487439e-09
parkinsonian_lfp_ses-318,parkinsonian,True,20.000000000011084,3.5606621797874578e-09
parkinsonian_lfp_ses-318,parkinsonian,True,20.50000000001136,3.5062956392725184e-09
parkinsonian_lfp_ses-318,parkinsonian,True,21.00000000001164,3.1373825394932835e-09
parkinsonian_lfp_ses-318,parkinsonian,True,21.500000000011916,3.3061300317491685e-09
parkinsonian_lfp_ses-318,parkinsonian,True,22.000000000012193,3.561667158687541e-09
parkinsonian_lfp_ses-318,parkinsonian,True,22.50000000001247,4.729491030195609e-09
parkinsonian_lfp_ses-318,parkinsonian,True,23.000000000012747,3.764657687692821e-09
parkinsonian_lfp_ses-318,parkinsonian,True,23.500000000013024,3.639394066634317e-09
parkinsonian_lfp_ses-318,parkinsonian,True,24.0000000000133,6.9351501442592404e-09
parkinsonian_lfp_ses-318,parkinsonian,True,24.50000000001358,2.215464828757424e-08
parkinsonian_lfp_ses-318,parkinsonian,True,25.000000000013856,4.315659335911872e-08
parkinsonian_lfp_ses-318,parkinsonian,True,25.500000000014133,4.7866511226145595e-08
parkinsonian_lfp_ses-318,parkinsonian,True,26.00000000001441,2.4997211728706392e-08
parkinsonian_lfp_ses-318,parkinsonian,True,26.500000000014687,1.0180319367324695e-08
parkinsonian_lfp_ses-318,parkinsonian,True,27.000000000014964,7.127836551679691e-09
parkinsonian_lfp_ses-318,parkinsonian,True,27.50000000001524,5.5735693323523606e-09
parkinsonian_lfp_ses-318,parkinsonian,True,28.00000000001552,4.5396137369721806e-09
parkinsonian_lfp_ses-318,parkinsonian,True,28.500000000015795,4.589966837317115e-09
parkinsonian_lfp_ses-318,parkinsonian,True,29.000000000016072,3.9764817404705e-09
parkinsonian_lfp_ses-318,parkinsonian,True,29.50000000001635,2.9226357339819155e-09
parkinsonian_lfp_ses-318,parkinsonian,True,30.000000000016627,2.7793951005659874e-09
parkinsonian_lfp_ses-318,parkinsonian,True,30.500000000016904,2.4492424221703322e-09
parkinsonian_lfp_ses-318,parkinsonian,True,31.00000000001718,2.7256732450262614e-09
parkinsonian_lfp_ses-318,parkinsonian,True,31.500000000017458,2.809656883406162e-09
parkinsonian_lfp_ses-318,parkinsonian,True,32.000000000017735,2.3074316515104627e-09
parkinsonian_lfp_ses-318,parkinsonian,True,32.50000000001801,2.3020904521885743e-09
parkinsonian_lfp_ses-318,parkinsonian,True,33.00000000001829,2.1299613392093288e-09
parkinsonian_lfp_ses-318,parkinsonian,True,33.50000000001857,2.2271827163530677e-09
parkinsonian_lfp_ses-318,parkinsonian,True,34.000000000018844,2.466075506934892e-09
parkinsonian_lfp_ses-318,parkinsonian,True,34.50000000001912,1.7457755770604699e-09
parkinsonian_lfp_ses-318,parkinsonian,True,35.0000000000194,1.7866986565858216e-09
parkinsonian_lfp_ses-318,parkinsonian,True,35.500000000019675,2.02784356025173e-09
parkinsonian_lfp_ses-318,parkinsonian,True,36.00000000001995,2.2660076741326083e-09
parkinsonian_lfp_ses-318,parkinsonian,True,36.50000000002023,1.967246826923549e-09
parkinsonian_lfp_ses-318,parkinsonian,True,37.000000000020506,1.8447182369432403e-09
parkinsonian_lfp_ses-318,parkinsonian,True,37.50000000002078,1.9617426316402237e-09
parkinsonian_lfp_ses-318,parkinsonian,True,38.00000000002106,1.5830385776242904e-09
parkinsonian_lfp_ses-318,parkinsonian,True,38.50000000002134,2.2643324050999553e-09
parkinsonian_lfp_ses-318,parkinsonian,True,39.000000000021615,2.189711966241322e-09
parkinsonian_lfp_ses-318,parkinsonian,True,39.50000000002189,2.533181583624954e-09
parkinsonian_lfp_ses-318,parkinsonian,True,40.00000000002217,1.923575868249373e-09
parkinsonian_lfp_ses-318,parkinsonian,True,40.500000000022446,1.4583446965486803e-09
parkinsonian_lfp_ses-318,parkinsonian,True,41.00000000002272,1.841865265308866e-09
parkinsonian_lfp_ses-318,parkinsonian,True,41.500000000023,2.440972880768779e-09
parkinsonian_lfp_ses-318,parkinsonian,True,42.00000000002328,2.1852873670776123e-09
parkinsonian_lfp_ses-318,parkinsonian,True,42.500000000023554,2.066504441901336e-09
parkinsonian_lfp_ses-318,parkinsonian,True,43.00000000002383,1.5975502614068235e-09
parkinsonian_lfp_ses-318,parkinsonian,True,43.50000000002411,1.56368855044467e-09
parkinsonian_lfp_ses-318,parkinsonian,True,44.000000000024386,1.7340165300310946e-09
parkinsonian_lfp_ses-318,parkinsonian,True,44.50000000002466,1.6668376021103386e-09
parkinsonian_lfp_ses-318,parkinsonian,True,45.00000000002494,2.2329853366996566e-09
parkinsonian_lfp_ses-318,parkinsonian,True,45.50000000002522,1.987272989839181e-09
parkinsonian_lfp_ses-318,parkinsonian,True,46.000000000025494,1.2507540308974918e-09
parkinsonian_lfp_ses-318,parkinsonian,True,46.50000000002577,1.2885512580667677e-09
parkinsonian_lfp_ses-318,parkinsonian,True,47.00000000002605,1.7660123945803469e-09
parkinsonian_lfp_ses-318,parkinsonian,True,47.500000000026326,1.598675208418224e-09
parkinsonian_lfp_ses-318,parkinsonian,True,48.0000000000266,1.7524494122898332e-09
parkinsonian_lfp_ses-318,parkinsonian,True,48.50000000002688,1.9058100113027345e-09
parkinsonian_lfp_ses-318,parkinsonian,True,49.00000000002716,2.059888557336071e-09
parkinsonian_lfp_ses-318,parkinsonian,True,49.500000000027434,2.4987418210344905e-09
parkinsonian_lfp_ses-318,parkinsonian,True,50.00000000002771,4.7581156115870905e-09
parkinsonian_lfp_ses-318,parkinsonian,True,50.50000000002799,5.0626371890460696e-09
parkinsonian_lfp_ses-318,parkinsonian,True,51.000000000028265,4.347426256782847e-09
parkinsonian_lfp_ses-318,parkinsonian,True,51.50000000002854,4.593905796103324e-09
parkinsonian_lfp_ses-318,parkinsonian,True,52.00000000002882,2.6399481206782046e-09
parkinsonian_lfp_ses-318,parkinsonian,True,52.5000000000291,1.9092397696023254e-09
parkinsonian_lfp_ses-318,parkinsonian,True,53.000000000029374,2.0004892790928646e-09
parkinsonian_lfp_ses-318,parkinsonian,True,53.50000000002965,1.9914068072533694e-09
parkinsonian_lfp_ses-318,parkinsonian,True,54.00000000002993,1.5791930287278684e-09
parkinsonian_lfp_ses-318,parkinsonian,True,54.500000000030205,1.5164025450021589e-09
parkinsonian_lfp_ses-318,parkinsonian,True,55.00000000003048,1.5012687994229484e-09
parkinsonian_lfp_ses-318,parkinsonian,True,55.50000000003076,1.493637539136446e-09
parkinsonian_lfp_ses-318,parkinsonian,True,56.00000000003104,1.9058074425565512e-09
parkinsonian_lfp_ses-318,parkinsonian,True,56.500000000031314,1.949792757949638e-09
parkinsonian_lfp_ses-318,parkinsonian,True,57.00000000003159,1.769428294061164e-09
parkinsonian_lfp_ses-318,parkinsonian,True,57.50000000003187,1.3650980979390634e-09
parkinsonian_lfp_ses-318,parkinsonian,True,58.000000000032145,1.1264372958223054e-09
parkinsonian_lfp_ses-318,parkinsonian,True,58.50000000003242,1.4587844774503168e-09
parkinsonian_lfp_ses-318,parkinsonian,True,59.0000000000327,1.5766778871725863e-09
parkinsonian_lfp_ses-318,parkinsonian,True,59.500000000032976,2.0552737470516913e-09
parkinsonian_lfp_ses-318,parkinsonian,True,60.00000000003325,1.8801999874329723e-09
parkinsonian_lfp_ses-318,parkinsonian,True,60.50000000003353,2.125379548374179e-09
parkinsonian_lfp_ses-318,parkinsonian,True,61.00000000003381,1.300313236195728e-09
parkinsonian_lfp_ses-318,parkinsonian,True,61.500000000034085,1.0470405582643738e-09
parkinsonian_lfp_ses-318,parkinsonian,True,62.00000000003436,1.91916944269002e-09
parkinsonian_lfp_ses-318,parkinsonian,True,62.50000000003464,1.6508444749022567e-09
parkinsonian_lfp_ses-318,parkinsonian,True,63.000000000034916,1.3977543502705276e-09
parkinsonian_lfp_ses-318,parkinsonian,True,63.50000000003519,1.4906103972239066e-09
parkinsonian_lfp_ses-318,parkinsonian,True,64.00000000003547,1.6432605842436171e-09
parkinsonian_lfp_ses-318,parkinsonian,True,64.50000000003575,1.3907357729453597e-09
parkinsonian_lfp_ses-318,parkinsonian,True,65.00000000003602,1.551784502957275e-09
parkinsonian_lfp_ses-318,parkinsonian,True,65.5000000000363,1.5377168789815658e-09
parkinsonian_lfp_ses-318,parkinsonian,True,66.00000000003658,1.49794259791444e-09
parkinsonian_lfp_ses-318,parkinsonian,True,66.50000000003686,1.4123701556102772e-09
parkinsonian_lfp_ses-318,parkinsonian,True,67.00000000003713,1.5313255620481155e-09
parkinsonian_lfp_ses-318,parkinsonian,True,67.5000000000374,1.1892624304340433e-09
parkinsonian_lfp_ses-318,parkinsonian,True,68.00000000003769,1.4869316593597214e-09
parkinsonian_lfp_ses-318,parkinsonian,True,68.50000000003797,1.4296774735929594e-09
parkinsonian_lfp_ses-318,parkinsonian,True,69.00000000003824,1.4141655081336516e-09
parkinsonian_lfp_ses-318,parkinsonian,True,69.50000000003851,1.1789396604936812e-09
parkinsonian_lfp_ses-318,parkinsonian,True,70.0000000000388,1.2728462878230375e-09
parkinsonian_lfp_ses-318,parkinsonian,True,70.50000000003908,1.2915894840284883e-09
parkinsonian_lfp_ses-318,parkinsonian,True,71.00000000003935,9.017663296787026e-10
parkinsonian_lfp_ses-318,parkinsonian,True,71.50000000003962,1.0197666684503166e-09
parkinsonian_lfp_ses-318,parkinsonian,True,72.0000000000399,1.2298026860804212e-09
parkinsonian_lfp_ses-318,parkinsonian,True,72.50000000004019,1.8607564106863273e-09
parkinsonian_lfp_ses-318,parkinsonian,True,73.00000000004046,1.350748924858621e-09
parkinsonian_lfp_ses-318,parkinsonian,True,73.50000000004073,1.882992517472111e-09
parkinsonian_lfp_ses-318,parkinsonian,True,74.00000000004101,2.038128236905807e-09
parkinsonian_lfp_ses-318,parkinsonian,True,74.5000000000413,1.8002856266580114e-09
parkinsonian_lfp_ses-318,parkinsonian,True,75.00000000004157,1.8900500354265964e-09
parkinsonian_lfp_ses-318,parkinsonian,True,75.50000000004184,1.7532238042553554e-09
parkinsonian_lfp_ses-318,parkinsonian,True,76.00000000004212,1.5565863163155488e-09
parkinsonian_lfp_ses-318,parkinsonian,True,76.5000000000424,1.956911537425707e-09
parkinsonian_lfp_ses-318,parkinsonian,True,77.00000000004268,1.7030310172763363e-09
parkinsonian_lfp_ses-318,parkinsonian,True,77.50000000004295,1.3205177157208302e-09
parkinsonian_lfp_ses-318,parkinsonian,True,78.00000000004323,1.7613234914626705e-09
parkinsonian_lfp_ses-318,parkinsonian,True,78.50000000004351,1.8442136044598629e-09
parkinsonian_lfp_ses-318,parkinsonian,True,79.00000000004378,1.4158680845464025e-09
parkinsonian_lfp_ses-318,parkinsonian,True,79.50000000004405,1.0664570451644266e-09
parkinsonian_lfp_ses-318,parkinsonian,True,80.00000000004434,1.574743634216598e-09
parkinsonian_lfp_ses-318,parkinsonian,True,80.50000000004462,1.8144543728013418e-09
parkinsonian_lfp_ses-318,parkinsonian,True,81.00000000004489,1.8118442367638501e-09
parkinsonian_lfp_ses-318,parkinsonian,True,81.50000000004516,2.293483644288634e-09
parkinsonian_lfp_ses-318,parkinsonian,True,82.00000000004545,1.5934531510443348e-09
parkinsonian_lfp_ses-318,parkinsonian,True,82.50000000004573,1.1123959248595135e-09
parkinsonian_lfp_ses-318,parkinsonian,True,83.000000000046,1.496783433575912e-09
parkinsonian_lfp_ses-318,parkinsonian,True,83.50000000004627,1.70075033481868e-09
parkinsonian_lfp_ses-318,parkinsonian,True,84.00000000004655,2.2068373134968486e-09
parkinsonian_lfp_ses-318,parkinsonian,True,84.50000000004684,1.3566180078366583e-09
parkinsonian_lfp_ses-318,parkinsonian,True,85.00000000004711,1.1030144842109354e-09
parkinsonian_lfp_ses-318,parkinsonian,True,85.50000000004738,9.70607894617549e-10
parkinsonian_lfp_ses-318,parkinsonian,True,86.00000000004766,1.2919960178839857e-09
parkinsonian_lfp_ses-318,parkinsonian,True,86.50000000004795,1.3741218943692225e-09
parkinsonian_lfp_ses-318,parkinsonian,True,87.00000000004822,8.072950522775888e-10
parkinsonian_lfp_ses-318,parkinsonian,True,87.50000000004849,9.623056668706801e-10
parkinsonian_lfp_ses-318,parkinsonian,True,88.00000000004877,1.1676066230321677e-09
parkinsonian_lfp_ses-318,parkinsonian,True,88.50000000004906,1.6476163639435228e-09
parkinsonian_lfp_ses-318,parkinsonian,True,89.00000000004933,1.205017794960855e-09
parkinsonian_lfp_ses-318,parkinsonian,True,89.5000000000496,1.2094192906680245e-09
parkinsonian_lfp_ses-318,parkinsonian,True,90.00000000004988,1.173460167982113e-09
parkinsonian_lfp_ses-318,parkinsonian,True,90.50000000005016,1.0893246391875845e-09
parkinsonian_lfp_ses-318,parkinsonian,True,91.00000000005043,1.153783765190396e-09
parkinsonian_lfp_ses-318,parkinsonian,True,91.5000000000507,1.0877946021835346e-09
parkinsonian_lfp_ses-318,parkinsonian,True,92.00000000005099,1.285258430661354e-09
parkinsonian_lfp_ses-318,parkinsonian,True,92.50000000005127,1.403278110816649e-09
parkinsonian_lfp_ses-318,parkinsonian,True,93.00000000005154,1.4994104525318376e-09
parkinsonian_lfp_ses-318,parkinsonian,True,93.50000000005181,1.8373343260572188e-09
parkinsonian_lfp_ses-318,parkinsonian,True,94.0000000000521,1.2103476380405494e-09
parkinsonian_lfp_ses-318,parkinsonian,True,94.50000000005238,9.870791621291607e-10
parkinsonian_lfp_ses-318,parkinsonian,True,95.00000000005265,1.214374003852506e-09
parkinsonian_lfp_ses-318,parkinsonian,True,95.50000000005292,1.1886079827239523e-09
parkinsonian_lfp_ses-318,parkinsonian,True,96.0000000000532,1.3084522570087589e-09
parkinsonian_lfp_ses-318,parkinsonian,True,96.50000000005349,9.004889187615327e-10
parkinsonian_lfp_ses-318,parkinsonian,True,97.00000000005376,9.305976798891643e-10
parkinsonian_lfp_ses-318,parkinsonian,True,97.50000000005403,8.759099269022354e-10
parkinsonian_lfp_ses-318,parkinsonian,True,98.00000000005431,1.1579993444499557e-09
parkinsonian_lfp_ses-318,parkinsonian,True,98.5000000000546,1.2647976203831153e-09
parkinsonian_lfp_ses-318,parkinsonian,True,99.00000000005487,1.2072072554741774e-09
parkinsonian_lfp_ses-318,parkinsonian,True,99.50000000005514,1.8048652068503985e-09
parkinsonian_lfp_ses-339,parkinsonian,True,0.0,7.14133412696726e-10
parkinsonian_lfp_ses-339,parkinsonian,True,0.5000000000000551,4.6890993997702945e-09
parkinsonian_lfp_ses-339,parkinsonian,True,1.0000000000001101,5.171400384728706e-09
parkinsonian_lfp_ses-339,parkinsonian,True,1.5000000000001652,5.307676728125334e-09
parkinsonian_lfp_ses-339,parkinsonian,True,2.0000000000002203,4.979506615282299e-09
parkinsonian_lfp_ses-339,parkinsonian,True,2.5000000000002753,5.7625506376044875e-09
parkinsonian_lfp_ses-339,parkinsonian,True,3.0000000000003304,5.138766862643758e-09
parkinsonian_lfp_ses-339,parkinsonian,True,3.5000000000003855,5.9174422180873344e-09
parkinsonian_lfp_ses-339,parkinsonian,True,4.0000000000004405,3.868810329936172e-09
parkinsonian_lfp_ses-339,parkinsonian,True,4.500000000000496,3.297810448163072e-09
parkinsonian_lfp_ses-339,parkinsonian,True,5.000000000000551,4.112776860486811e-09
parkinsonian_lfp_ses-339,parkinsonian,True,5.500000000000606,4.601854236624822e-09
parkinsonian_lfp_ses-339,parkinsonian,True,6.000000000000661,5.215237692471909e-09
parkinsonian_lfp_ses-339,parkinsonian,True,6.500000000000716,4.110003033618859e-09
parkinsonian_lfp_ses-339,parkinsonian,True,7.000000000000771,4.101425911520499e-09
parkinsonian_lfp_ses-339,parkinsonian,True,7.500000000000826,3.6655733285424725e-09
parkinsonian_lfp_ses-339,parkinsonian,True,8.000000000000881,2.7216854345284206e-09
parkinsonian_lfp_ses-339,parkinsonian,True,8.500000000000936,2.472698107699965e-09
parkinsonian_lfp_ses-339,parkinsonian,True,9.000000000000991,3.1119440056030484e-09
parkinsonian_lfp_ses-339,parkinsonian,True,9.500000000001046,2.5422504524299073e-09
parkinsonian_lfp_ses-339,parkinsonian,True,10.000000000001101,2.848582696991184e-09
parkinsonian_lfp_ses-339,parkinsonian,True,10.500000000001156,4.1115807439560975e-09
parkinsonian_lfp_ses-339,parkinsonian,True,11.000000000001211,3.487904033161239e-09
parkinsonian_lfp_ses-339,parkinsonian,True,11.500000000001267,2.5112399814935424e-09
parkinsonian_lfp_ses-339,parkinsonian,True,12.000000000001322,2.4196835366754744e-09
parkinsonian_lfp_ses-339,parkinsonian,True,12.500000000001377,3.2959854302175688e-09
parkinsonian_lfp_ses-339,parkinsonian,True,13.000000000001432,3.011939154279288e-09
parkinsonian_lfp_ses-339,parkinsonian,True,13.500000000001487,3.1111793969328257e-09
parkinsonian_lfp_ses-339,parkinsonian,True,14.000000000001542,3.732382370765701e-09
parkinsonian_lfp_ses-339,parkinsonian,True,14.500000000001597,3.97428698455595e-09
parkinsonian_lfp_ses-339,parkinsonian,True,15.000000000001652,3.407124619904738e-09
parkinsonian_lfp_ses-339,parkinsonian,True,15.500000000001707,2.843572443892156e-09
parkinsonian_lfp_ses-339,parkinsonian,True,16.000000000001762,3.0884793153353866e-09
parkinsonian_lfp_ses-339,parkinsonian,True,16.50000000000182,3.5791733111024053e-09
parkinsonian_lfp_ses-339,parkinsonian,True,17.000000000001872,5.137191955056716e-09
parkinsonian_lfp_ses-339,parkinsonian,True,17.500000000001926,6.343363991795101e-09
parkinsonian_lfp_ses-339,parkinsonian,True,18.000000000001982,5.160158586789785e-09
parkinsonian_lfp_ses-339,parkinsonian,True,18.50000000000204,5.362195058319591e-09
parkinsonian_lfp_ses-339,parkinsonian,True,19.000000000002093,4.651816098303564e-09
parkinsonian_lfp_ses-339,parkinsonian,True,19.500000000002146,4.606762113058433e-09
parkinsonian_lfp_ses-339,parkinsonian,True,20.000000000002203,4.923799125866013e-09
parkinsonian_lfp_ses-339,parkinsonian,True,20.50000000000226,4.0585333306404965e-09
parkinsonian_lfp_ses-339,parkinsonian,True,21.000000000002313,4.362090194082208e-09
parkinsonian_lfp_ses-339,parkinsonian,True,21.500000000002366,4.183062381019359e-09
parkinsonian_lfp_ses-339,parkinsonian,True,22.000000000002423,5.563486549770695e-09
parkinsonian_lfp_ses-339,parkinsonian,True,22.50000000000248,4.801369702016299e-09
parkinsonian_lfp_ses-339,parkinsonian,True,23.000000000002533,4.297435283310102e-09
parkinsonian_lfp_ses-339,parkinsonian,True,23.500000000002586,4.3208188780425176e-09
parkinsonian_lfp_ses-339,parkinsonian,True,24.000000000002643,6.118936454389859e-09
parkinsonian_lfp_ses-339,parkinsonian,True,24.5000000000027,1.9397471572126144e-08
parkinsonian_lfp_ses-339,parkinsonian,True,25.000000000002753,3.181522345146815e-08
parkinsonian_lfp_ses-339,parkinsonian,True,25.500000000002807,3.379462261981646e-08
parkinsonian_lfp_ses-339,parkinsonian,True,26.000000000002863,2.7191902486341173e-08
parkinsonian_lfp_ses-339,parkinsonian,True,26.50000000000292,1.72537609447135e-08
parkinsonian_lfp_ses-339,parkinsonian,True,27.000000000002974,1.131315781140715e-08
parkinsonian_lfp_ses-339,parkinsonian,True,27.500000000003027,6.4427252170616336e-09
parkinsonian_lfp_ses-339,parkinsonian,True,28.000000000003084,7.928589256529128e-09
parkinsonian_lfp_ses-339,parkinsonian,True,28.50000000000314,5.2585295412384904e-09
parkinsonian_lfp_ses-339,parkinsonian,True,29.000000000003194,3.853410383410372e-09
parkinsonian_lfp_ses-339,parkinsonian,True,29.500000000003247,4.231140674939936e-09
parkinsonian_lfp_ses-339,parkinsonian,True,30.000000000003304,4.122176356370975e-09
parkinsonian_lfp_ses-339,parkinsonian,True,30.50000000000336,2.8374293031619504e-09
parkinsonian_lfp_ses-339,parkinsonian,True,31.000000000003414,3.441587498808834e-09
parkinsonian_lfp_ses-339,parkinsonian,True,31.500000000003467,2.9303869844337696e-09
parkinsonian_lfp_ses-339,parkinsonian,True,32.000000000003524,2.1328084964293923e-09
parkinsonian_lfp_ses-339,parkinsonian,True,32.50000000000358,3.036436231427084e-09
parkinsonian_lfp_ses-339,parkinsonian,True,33.00000000000364,2.3958312606829052e-09
parkinsonian_lfp_ses-339,parkinsonian,True,33.50000000000369,2.5284515069833953e-09
parkinsonian_lfp_ses-339,parkinsonian,True,34.000000000003745,2.2925508641090834e-09
parkinsonian_lfp_ses-339,parkinsonian,True,34.5000000000038,1.960041446373341e-09
parkinsonian_lfp_ses-339,parkinsonian,True,35.00000000000385,1.8585938968489757e-09
parkinsonian_lfp_ses-339,parkinsonian,True,35.50000000000391,1.7569215415050407e-09
parkinsonian_lfp_ses-339,parkinsonian,True,36.000000000003965,2.3172998048386507e-09
parkinsonian_lfp_ses-339,parkinsonian,True,36.50000000000402,2.252130982851004e-09
parkinsonian_lfp_ses-339,parkinsonian,True,37.00000000000408,1.9841196660615288e-09
parkinsonian_lfp_ses-339,parkinsonian,True,37.50000000000413,2.0890514434987086e-09
parkinsonian_lfp_ses-339,parkinsonian,True,38.000000000004185,2.1708347487322054e-09
parkinsonian_lfp_ses-339,parkinsonian,True,38.50000000000424,2.177029202488476e-09
parkinsonian_lfp_ses-339,parkinsonian,True,39.00000000000429,2.6312704328261906e-09
parkinsonian_lfp_ses-339,parkinsonian,True,39.50000000000435,1.8417903306919663e-09
parkinsonian_lfp_ses-339,parkinsonian,True,40.000000000004405,2.0000229056467894e-09
parkinsonian_lfp_ses-339,parkinsonian,True,40.50000000000446,1.907924442690553e-09
parkinsonian_lfp_ses-339,parkinsonian,True,41.00000000000452,1.8105000752369626e-09
parkinsonian_lfp_ses-339,parkinsonian,True,41.50000000000457,1.6448015053314167e-09
parkinsonian_lfp_ses-339,parkinsonian,True,42.000000000004626,1.5680601968694168e-09
parkinsonian_lfp_ses-339,parkinsonian,True,42.50000000000468,1.1008758619380277e-09
parkinsonian_lfp_ses-339,parkinsonian,True,43.00000000000473,1.21826784058391e-09
parkinsonian_lfp_ses-339,parkinsonian,True,43.50000000000479,1.529165967549349e-09
parkinsonian_lfp_ses-339,parkinsonian,True,44.000000000004846,2.011185296580301e-09
parkinsonian_lfp_ses-339,parkinsonian,True,44.5000000000049,2.0804926039726177e-09
parkinsonian_lfp_ses-339,parkinsonian,True,45.00000000000496,2.1049182705149197e-09
parkinsonian_lfp_ses-339,parkinsonian,True,45.50000000000501,1.781683555283738e-09
parkinsonian_lfp_ses-339,parkinsonian,True,46.000000000005066,1.7552468188016186e-09
parkinsonian_lfp_ses-339,parkinsonian,True,46.50000000000512,2.0669504857099834e-09
parkinsonian_lfp_ses-339,parkinsonian,True,47.00000000000517,1.9184403435498643e-09
parkinsonian_lfp_ses-339,parkinsonian,True,47.50000000000523,1.1081804817904552e-09
parkinsonian_lfp_ses-339,parkinsonian,True,48.000000000005286,1.557400422888594e-09
parkinsonian_lfp_ses-339,parkinsonian,True,48.50000000000534,2.028433109116766e-09
parkinsonian_lfp_ses-339,parkinsonian,True,49.0000000000054,1.892773194467951e-09
parkinsonian_lfp_ses-339,parkinsonian,True,49.50000000000545,2.3880727694714537e-09
parkinsonian_lfp_ses-339,parkinsonian,True,50.00000000000551,3.1264022447871774e-09
parkinsonian_lfp_ses-339,parkinsonian,True,50.50000000000556,4.394795328659648e-09
parkinsonian_lfp_ses-339,parkinsonian,True,51.00000000000561,3.260236867839496e-09
parkinsonian_lfp_ses-339,parkinsonian,True,51.50000000000567,2.6918230453170303e-09
parkinsonian_lfp_ses-339,parkinsonian,True,52.00000000000573,2.669394045188596e-09
parkinsonian_lfp_ses-339,parkinsonian,True,52.500000000005784,1.927052136286725e-09
parkinsonian_lfp_ses-339,parkinsonian,True,53.00000000000584,2.3087578857714987e-09
parkinsonian_lfp_ses-339,parkinsonian,True,53.50000000000589,2.3857281199319016e-09
parkinsonian_lfp_ses-339,parkinsonian,True,54.00000000000595,2.394587851794749e-09
parkinsonian_lfp_ses-339,parkinsonian,True,54.500000000006004,2.099078848277043e-09
parkinsonian_lfp_ses-339,parkinsonian,True,55.000000000006054,2.0917124459282063e-09
parkinsonian_lfp_ses-339,parkinsonian,True,55.50000000000611,2.1492360662775793e-09
parkinsonian_lfp_ses-339,parkinsonian,True,56.00000000000617,1.557474576005555e-09
parkinsonian_lfp_ses-339,parkinsonian,True,56.500000000006224,1.8430644115588552e-09
parkinsonian_lfp_ses-339,parkinsonian,True,57.00000000000628,1.8101234242375577e-09
parkinsonian_lfp_ses-339,parkinsonian,True,57.50000000000633,1.4220722811009754e-09
parkinsonian_lfp_ses-339,parkinsonian,True,58.00000000000639,1.861803945913809e-09
parkinsonian_lfp_ses-339,parkinsonian,True,58.500000000006445,2.151290328504715e-09
parkinsonian_lfp_ses-339,parkinsonian,True,59.000000000006494,1.5409493408047046e-09
parkinsonian_lfp_ses-339,parkinsonian,True,59.50000000000655,1.3895343212395803e-09
parkinsonian_lfp_ses-339,parkinsonian,True,60.00000000000661,1.3240670539476054e-09
parkinsonian_lfp_ses-339,parkinsonian,True,60.500000000006665,1.59463149389149e-09
parkinsonian_lfp_ses-339,parkinsonian,True,61.00000000000672,1.5812323540616138e-09
parkinsonian_lfp_ses-339,parkinsonian,True,61.50000000000677,1.621865961359244e-09
parkinsonian_lfp_ses-339,parkinsonian,True,62.00000000000683,2.2503336728147273e-09
parkinsonian_lfp_ses-339,parkinsonian,True,62.500000000006885,1.823157723058688e-09
parkinsonian_lfp_ses-339,parkinsonian,True,63.000000000006935,1.4826188600306755e-09
parkinsonian_lfp_ses-339,parkinsonian,True,63.50000000000699,1.5032867232081153e-09
parkinsonian_lfp_ses-339,parkinsonian,True,64.00000000000705,1.4930199908037996e-09
parkinsonian_lfp_ses-339,parkinsonian,True,64.5000000000071,1.0840682661181281e-09
parkinsonian_lfp_ses-339,parkinsonian,True,65.00000000000716,1.7025893685064684e-09
parkinsonian_lfp_ses-339,parkinsonian,True,65.50000000000722,1.5186358752358232e-09
parkinsonian_lfp_ses-339,parkinsonian,True,66.00000000000728,1.4459775191103302e-09
parkinsonian_lfp_ses-339,parkinsonian,True,66.50000000000732,1.546853325862825e-09
parkinsonian_lfp_ses-339,parkinsonian,True,67.00000000000738,1.121439495253007e-09
parkinsonian_lfp_ses-339,parkinsonian,True,67.50000000000743,1.1663848407462514e-09
parkinsonian_lfp_ses-339,parkinsonian,True,68.00000000000749,1.0708736620320802e-09
parkinsonian_lfp_ses-339,parkinsonian,True,68.50000000000755,1.4025627495175573e-09
parkinsonian_lfp_ses-339,parkinsonian,True,69.0000000000076,1.6868095498111643e-09
parkinsonian_lfp_ses-339,parkinsonian,True,69.50000000000766,1.7945857745284696e-09
parkinsonian_lfp_ses-339,parkinsonian,True,70.0000000000077,1.7030165155195663e-09
parkinsonian_lfp_ses-339,parkinsonian,True,70.50000000000776,1.390299022280099e-09
parkinsonian_lfp_ses-339,parkinsonian,True,71.00000000000782,1.3201684326554837e-09
parkinsonian_lfp_ses-339,parkinsonian,True,71.50000000000787,1.730416917099498e-09
parkinsonian_lfp_ses-339,parkinsonian,True,72.00000000000793,1.6819692855484637e-09
parkinsonian_lfp_ses-339,parkinsonian,True,72.50000000000799,1.3145469542979689e-09
parkinsonian_lfp_ses-339,parkinsonian,True,73.00000000000804,1.433064777589104e-09
parkinsonian_lfp_ses-339,parkinsonian,True,73.5000000000081,1.9804125832080046e-09
parkinsonian_lfp_ses-339,parkinsonian,True,74.00000000000816,1.540949790559046e-09
parkinsonian_lfp_ses-339,parkinsonian,True,74.5000000000082,1.8208984914924866e-09
parkinsonian_lfp_ses-339,parkinsonian,True,75.00000000000826,1.5668064568430572e-09
parkinsonian_lfp_ses-339,parkinsonian,True,75.50000000000831,1.7259900210003273e-09
parkinsonian_lfp_ses-339,parkinsonian,True,76.00000000000837,1.882549325240255e-09
parkinsonian_lfp_ses-339,parkinsonian,True,76.50000000000843,1.5815232305539065e-09
parkinsonian_lfp_ses-339,parkinsonian,True,77.00000000000848,1.4613929082702e-09
parkinsonian_lfp_ses-339,parkinsonian,True,77.50000000000854,1.3844218515684945e-09
parkinsonian_lfp_ses-339,parkinsonian,True,78.00000000000858,1.1870817068493038e-09
parkinsonian_lfp_ses-339,parkinsonian,True,78.50000000000864,1.6404740130023702e-09
parkinsonian_lfp_ses-339,parkinsonian,True,79.0000000000087,1.873943184657891e-09
parkinsonian_lfp_ses-339,parkinsonian,True,79.50000000000875,1.7058230884964325e-09
parkinsonian_lfp_ses-339,parkinsonian,True,80.00000000000881,1.9164357642385923e-09
parkinsonian_lfp_ses-339,parkinsonian,True,80.50000000000887,1.7468994403058252e-09
parkinsonian_lfp_ses-339,parkinsonian,True,81.00000000000892,1.5370254345878401e-09
parkinsonian_lfp_ses-339,parkinsonian,True,81.50000000000898,1.5427538306280048e-09
parkinsonian_lfp_ses-339,parkinsonian,True,82.00000000000904,1.6796318599643348e-09
parkinsonian_lfp_ses-339,parkinsonian,True,82.50000000000908,1.4921925301866242e-09
parkinsonian_lfp_ses-339,parkinsonian,True,83.00000000000914,1.2880325115414316e-09
parkinsonian_lfp_ses-339,parkinsonian,True,83.5000000000092,1.3626518314963492e-09
parkinsonian_lfp_ses-339,parkinsonian,True,84.00000000000925,1.8703394416115277e-09
parkinsonian_lfp_ses-339,parkinsonian,True,84.50000000000931,1.8558741653012885e-09
parkinsonian_lfp_ses-339,parkinsonian,True,85.00000000000936,1.610531132584846e-09
parkinsonian_lfp_ses-339,parkinsonian,True,85.50000000000942,1.5781093837865863e-09
parkinsonian_lfp_ses-339,parkinsonian,True,86.00000000000946,1.3994957110249794e-09
parkinsonian_lfp_ses-339,parkinsonian,True,86.50000000000952,1.497828936649016e-09
parkinsonian_lfp_ses-339,parkinsonian,True,87.00000000000958,1.3510115039281779e-09
parkinsonian_lfp_ses-339,parkinsonian,True,87.50000000000963,1.2255387872517303e-09
parkinsonian_lfp_ses-339,parkinsonian,True,88.00000000000969,1.6014594529783583e-09
parkinsonian_lfp_ses-339,parkinsonian,True,88.50000000000975,1.293273513713307e-09
parkinsonian_lfp_ses-339,parkinsonian,True,89.0000000000098,1.2796158582263419e-09
parkinsonian_lfp_ses-339,parkinsonian,True,89.50000000000986,1.199687116283105e-09
parkinsonian_lfp_ses-339,parkinsonian,True,90.00000000000992,1.1879455105080422e-09
parkinsonian_lfp_ses-339,parkinsonian,True,90.50000000000996,1.0947148995379941e-09
parkinsonian_lfp_ses-339,parkinsonian,True,91.00000000001002,1.038303945456334e-09
parkinsonian_lfp_ses-339,parkinsonian,True,91.50000000001008,1.7489097032920318e-09
parkinsonian_lfp_ses-339,parkinsonian,True,92.00000000001013,1.497927268909163e-09
parkinsonian_lfp_ses-339,parkinsonian,True,92.50000000001019,9.456877165400963e-10
parkinsonian_lfp_ses-339,parkinsonian,True,93.00000000001025,1.3338814113412126e-09
parkinsonian_lfp_ses-339,parkinsonian,True,93.5000000000103,1.4976861477369857e-09
parkinsonian_lfp_ses-339,parkinsonian,True,94.00000000001035,1.4300184328655998e-09
parkinsonian_lfp_ses-339,parkinsonian,True,94.5000000000104,1.2897530260176503e-09
parkinsonian_lfp_ses-339,parkinsonian,True,95.00000000001046,1.4358142339716401e-09
parkinsonian_lfp_ses-339,parkinsonian,True,95.50000000001052,1.4656214494906009e-09
parkinsonian_lfp_ses-339,parkinsonian,True,96.00000000001057,1.3314028972821238e-09
parkinsonian_lfp_ses-339,parkinsonian,True,96.50000000001063,1.4062394444985294e-09
parkinsonian_lfp_ses-339,parkinsonian,True,97.00000000001069,1.3707663284819749e-09
parkinsonian_lfp_ses-339,parkinsonian,True,97.50000000001074,1.713552230991771e-09
parkinsonian_lfp_ses-339,parkinsonian,True,98.0000000000108,1.5652045426080776e-09
parkinsonian_lfp_ses-339,parkinsonian,True,98.50000000001084,1.454570108978246e-09
parkinsonian_lfp_ses-339,parkinsonian,True,99.0000000000109,1.4504599488312845e-09
parkinsonian_lfp_ses-339,parkinsonian,True,99.50000000001096,1.4433703404679613e-09
parkinsonian_lfp_ses-51,parkinsonian,True,0.0,6.686651823514614e-10
parkinsonian_lfp_ses-51,parkinsonian,True,0.5000000000000551,3.0384109687096963e-09
parkinsonian_lfp_ses-51,parkinsonian,True,1.0000000000001101,4.497822436389677e-09
parkinsonian_lfp_ses-51,parkinsonian,True,1.5000000000001652,6.092148367427902e-09
parkinsonian_lfp_ses-51,parkinsonian,True,2.0000000000002203,5.7032375587371385e-09
parkinsonian_lfp_ses-51,parkinsonian,True,2.5000000000002753,5.0984384662882446e-09
parkinsonian_lfp_ses-51,parkinsonian,True,3.0000000000003304,3.523743214435312e-09
parkinsonian_lfp_ses-51,parkinsonian,True,3.5000000000003855,4.969445079135347e-09
parkinsonian_lfp_ses-51,parkinsonian,True,4.0000000000004405,4.853243577613905e-09
parkinsonian_lfp_ses-51,parkinsonian,True,4.500000000000496,3.840382917418275e-09
parkinsonian_lfp_ses-51,parkinsonian,True,5.000000000000551,4.108914590073385e-09
parkinsonian_lfp_ses-51,parkinsonian,True,5.500000000000606,3.752698540574249e-09
parkinsonian_lfp_ses-51,parkinsonian,True,6.000000000000661,3.4224680702422667e-09
parkinsonian_lfp_ses-51,parkinsonian,True,6.500000000000716,2.8531477517365022e-09
parkinsonian_lfp_ses-51,parkinsonian,True,7.000000000000771,2.9801809260861e-09
parkinsonian_lfp_ses-51,parkinsonian,True,7.500000000000826,3.793679472404505e-09
parkinsonian_lfp_ses-51,parkinsonian,True,8.000000000000881,3.466658337254078e-09
parkinsonian_lfp_ses-51,parkinsonian,True,8.500000000000936,3.3942244636193746e-09
parkinsonian_lfp_ses-51,parkinsonian,True,9.000000000000991,3.55616271267695e-09
parkinsonian_lfp_ses-51,parkinsonian,True,9.500000000001046,3.267983615137793e-09
parkinsonian_lfp_ses-51,parkinsonian,True,10.000000000001101,3.1600703215709256e-09
parkinsonian_lfp_ses-51,parkinsonian,True,10.500000000001156,2.6928323312079868e-09
parkinsonian_lfp_ses-51,parkinsonian,True,11.000000000001211,3.468184090622365e-09
parkinsonian_lfp_ses-51,parkinsonian,True,11.500000000001267,3.4013212642431047e-09
parkinsonian_lfp_ses-51,parkinsonian,True,12.000000000001322,2.3911137371057845e-09
parkinsonian_lfp_ses-51,parkinsonian,True,12.500000000001377,2.5952334048669808e-09
parkinsonian_lfp_ses-51,parkinsonian,True,13.000000000001432,3.2265649958713997e-09
parkinsonian_lfp_ses-51,parkinsonian,True,13.500000000001487,3.346839333868902e-09
parkinsonian_lfp_ses-51,parkinsonian,True,14.000000000001542,3.647597618696386e-09
parkinsonian_lfp_ses-51,parkinsonian,True,14.500000000001597,3.627784208629469e-09
parkinsonian_lfp_ses-51,parkinsonian,True,15.000000000001652,3.2411679797361567e-09
parkinsonian_lfp_ses-51,parkinsonian,True,15.500000000001707,2.826270453601353e-09
parkinsonian_lfp_ses-51,parkinsonian,True,16.000000000001762,3.391566353126505e-09
parkinsonian_lfp_ses-51,parkinsonian,True,16.50000000000182,3.826322186498426e-09
parkinsonian_lfp_ses-51,parkinsonian,True,17.000000000001872,3.26959586498343e-09
parkinsonian_lfp_ses-51,parkinsonian,True,17.500000000001926,5.638499859084049e-09
parkinsonian_lfp_ses-51,parkinsonian,True,18.000000000001982,4.868165057865474e-09
parkinsonian_lfp_ses-51,parkinsonian,True,18.50000000000204,4.1650620185579545e-09
parkinsonian_lfp_ses-51,parkinsonian,True,19.000000000002093,4.472817384672491e-09
parkinsonian_lfp_ses-51,parkinsonian,True,19.500000000002146,3.538848489891036e-09
parkinsonian_lfp_ses-51,parkinsonian,True,20.000000000002203,4.40796258143943e-09
parkinsonian_lfp_ses-51,parkinsonian,True,20.50000000000226,4.6177430065262205e-09
parkinsonian_lfp_ses-51,parkinsonian,True,21.000000000002313,4.491783162383251e-09
parkinsonian_lfp_ses-51,parkinsonian,True,21.500000000002366,4.593614018352858e-09
parkinsonian_lfp_ses-51,parkinsonian,True,22.000000000002423,4.500608533175109e-09
parkinsonian_lfp_ses-51,parkinsonian,True,22.50000000000248,4.796128889179178e-09
parkinsonian_lfp_ses-51,parkinsonian,True,23.000000000002533,4.549915006030289e-09
parkinsonian_lfp_ses-51,parkinsonian,True,23.500000000002586,4.328118407043816e-09
parkinsonian_lfp_ses-51,parkinsonian,True,24.000000000002643,5.611690313140471e-09
parkinsonian_lfp_ses-51,parkinsonian,True,24.5000000000027,1.7399374672449507e-08
parkinsonian_lfp_ses-51,parkinsonian,True,25.000000000002753,2.912007544581105e-08
parkinsonian_lfp_ses-51,parkinsonian,True,25.500000000002807,2.967694978995284e-08
parkinsonian_lfp_ses-51,parkinsonian,True,26.000000000002863,2.905064909257093e-08
parkinsonian_lfp_ses-51,parkinsonian,True,26.50000000000292,1.6688956923585665e-08
parkinsonian_lfp_ses-51,parkinsonian,True,27.000000000002974,9.101044555643221e-09
parkinsonian_lfp_ses-51,parkinsonian,True,27.500000000003027,5.314563887965447e-09
parkinsonian_lfp_ses-51,parkinsonian,True,28.000000000003084,7.987081353058559e-09
parkinsonian_lfp_ses-51,parkinsonian,True,28.50000000000314,6.451367175001021e-09
parkinsonian_lfp_ses-51,parkinsonian,True,29.000000000003194,4.163556434936327e-09
parkinsonian_lfp_ses-51,parkinsonian,True,29.500000000003247,4.3031063255045075e-09
parkinsonian_lfp_ses-51,parkinsonian,True,30.000000000003304,4.4187449588197474e-09
parkinsonian_lfp_ses-51,parkinsonian,True,30.50000000000336,2.8195866697224863e-09
parkinsonian_lfp_ses-51,parkinsonian,True,31.000000000003414,2.941565875137725e-09
parkinsonian_lfp_ses-51,parkinsonian,True,31.500000000003467,2.826098626330794e-09
parkinsonian_lfp_ses-51,parkinsonian,True,32.000000000003524,2.918981538289519e-09
parkinsonian_lfp_ses-51,parkinsonian,True,32.50000000000358,2.2642712539935007e-09
parkinsonian_lfp_ses-51,parkinsonian,True,33.00000000000364,2.1835458018045825e-09
parkinsonian_lfp_ses-51,parkinsonian,True,33.50000000000369,2.167482267905929e-09
parkinsonian_lfp_ses-51,parkinsonian,True,34.000000000003745,1.8720036452656835e-09
parkinsonian_lfp_ses-51,parkinsonian,True,34.5000000000038,2.260229032672426e-09
parkinsonian_lfp_ses-51,parkinsonian,True,35.00000000000385,1.7847648199365696e-09
parkinsonian_lfp_ses-51,parkinsonian,True,35.50000000000391,1.91520474804175e-09
parkinsonian_lfp_ses-51,parkinsonian,True,36.000000000003965,2.134143642026496e-09
parkinsonian_lfp_ses-51,parkinsonian,True,36.50000000000402,2.092821895576525e-09
parkinsonian_lfp_ses-51,parkinsonian,True,37.00000000000408,1.5471120377688162e-09
parkinsonian_lfp_ses-51,parkinsonian,True,37.50000000000413,1.90903502811262e-09
parkinsonian_lfp_ses-51,parkinsonian,True,38.000000000004185,1.5999229117829445e-09
parkinsonian_lfp_ses-51,parkinsonian,True,38.50000000000424,1.7407974414373252e-09
parkinsonian_lfp_ses-51,parkinsonian,True,39.00000000000429,1.8293440415941847e-09
parkinsonian_lfp_ses-51,parkinsonian,True,39.50000000000435,1.7254594515435974e-09
parkinsonian_lfp_ses-51,parkinsonian,True,40.000000000004405,1.6096320935605362e-09
parkinsonian_lfp_ses-51,parkinsonian,True,40.50000000000446,1.6472922702148726e-09
parkinsonian_lfp_ses-51,parkinsonian,True,41.00000000000452,1.8837842747269423e-09
parkinsonian_lfp_ses-51,parkinsonian,True,41.50000000000457,1.5783534087185208e-09
parkinsonian_lfp_ses-51,parkinsonian,True,42.000000000004626,1.682540603331177e-09
parkinsonian_lfp_ses-51,parkinsonian,True,42.50000000000468,1.3893593274653254e-09
parkinsonian_lfp_ses-51,parkinsonian,True,43.00000000000473,1.0581928041331363e-09
parkinsonian_lfp_ses-51,parkinsonian,True,43.50000000000479,1.0570855359847089e-09
parkinsonian_lfp_ses-51,parkinsonian,True,44.000000000004846,1.2730448340449241e-09
parkinsonian_lfp_ses-51,parkinsonian,True,44.5000000000049,1.5127035815468176e-09
parkinsonian_lfp_ses-51,parkinsonian,True,45.00000000000496,1.7073012207412594e-09
parkinsonian_lfp_ses-51,parkinsonian,True,45.50000000000501,1.7760261215535203e-09
parkinsonian_lfp_ses-51,parkinsonian,True,46.000000000005066,1.545701545644605e-09
parkinsonian_lfp_ses-51,parkinsonian,True,46.50000000000512,1.635184155277299e-09
parkinsonian_lfp_ses-51,parkinsonian,True,47.00000000000517,1.5655281957622492e-09
parkinsonian_lfp_ses-51,parkinsonian,True,47.50000000000523,1.7916263952119558e-09
parkinsonian_lfp_ses-51,parkinsonian,True,48.000000000005286,1.8446668421532936e-09
parkinsonian_lfp_ses-51,parkinsonian,True,48.50000000000534,1.784759597472488e-09
parkinsonian_lfp_ses-51,parkinsonian,True,49.0000000000054,1.6107012677006655e-09
parkinsonian_lfp_ses-51,parkinsonian,True,49.50000000000545,2.2627255422580472e-09
parkinsonian_lfp_ses-51,parkinsonian,True,50.00000000000551,3.854647054312449e-09
parkinsonian_lfp_ses-51,parkinsonian,True,50.50000000000556,4.2901299597431155e-09
parkinsonian_lfp_ses-51,parkinsonian,True,51.00000000000561,3.6719902445453116e-09
parkinsonian_lfp_ses-51,parkinsonian,True,51.50000000000567,2.910687332060019e-09
parkinsonian_lfp_ses-51,parkinsonian,True,52.00000000000573,2.5346090442585484e-09
parkinsonian_lfp_ses-51,parkinsonian,True,52.500000000005784,2.1504155794927045e-09
parkinsonian_lfp_ses-51,parkinsonian,True,53.00000000000584,2.591665907224197e-09
parkinsonian_lfp_ses-51,parkinsonian,True,53.50000000000589,2.415481994122691e-09
parkinsonian_lfp_ses-51,parkinsonian,True,54.00000000000595,2.8727271825913407e-09
parkinsonian_lfp_ses-51,parkinsonian,True,54.500000000006004,2.4276945090605552e-09
parkinsonian_lfp_ses-51,parkinsonian,True,55.000000000006054,1.85338903257855e-09
parkinsonian_lfp_ses-51,parkinsonian,True,55.50000000000611,2.0767754469672574e-09
parkinsonian_lfp_ses-51,parkinsonian,True,56.00000000000617,1.9929990564559864e-09
parkinsonian_lfp_ses-51,parkinsonian,True,56.500000000006224,2.0086084183524197e-09
parkinsonian_lfp_ses-51,parkinsonian,True,57.00000000000628,1.7081902506529887e-09
parkinsonian_lfp_ses-51,parkinsonian,True,57.50000000000633,1.4691476832468115e-09
parkinsonian_lfp_ses-51,parkinsonian,True,58.00000000000639,2.048499556438783e-09
parkinsonian_lfp_ses-51,parkinsonian,True,58.500000000006445,2.001344494294028e-09
parkinsonian_lfp_ses-51,parkinsonian,True,59.000000000006494,1.6719877306819117e-09
parkinsonian_lfp_ses-51,parkinsonian,True,59.50000000000655,1.393385704126032e-09
parkinsonian_lfp_ses-51,parkinsonian,True,60.00000000000661,1.4237987365065546e-09
parkinsonian_lfp_ses-51,parkinsonian,True,60.500000000006665,1.0669825198872456e-09
parkinsonian_lfp_ses-51,parkinsonian,True,61.00000000000672,1.4322501683496235e-09
parkinsonian_lfp_ses-51,parkinsonian,True,61.50000000000677,1.420195234181892e-09
parkinsonian_lfp_ses-51,parkinsonian,True,62.00000000000683,1.6155123555112448e-09
parkinsonian_lfp_ses-51,parkinsonian,True,62.500000000006885,1.292201537564713e-09
parkinsonian_lfp_ses-51,parkinsonian,True,63.000000000006935,1.4474652439986724e-09
parkinsonian_lfp_ses-51,parkinsonian,True,63.50000000000699,1.4467467030485218e-09
parkinsonian_lfp_ses-51,parkinsonian,True,64.00000000000705,1.560367154946739e-09
parkinsonian_lfp_ses-51,parkinsonian,True,64.5000000000071,1.5988670184144683e-09
parkinsonian_lfp_ses-51,parkinsonian,True,65.00000000000716,1.6984185580148085e-09
parkinsonian_lfp_ses-51,parkinsonian,True,65.50000000000722,1.627272632529901e-09
parkinsonian_lfp_ses-51,parkinsonian,True,66.00000000000728,1.522882245821253e-09
parkinsonian_lfp_ses-51,parkinsonian,True,66.50000000000732,1.3605995938100926e-09
parkinsonian_lfp_ses-51,parkinsonian,True,67.00000000000738,1.1562199083174375e-09
parkinsonian_lfp_ses-51,parkinsonian,True,67.50000000000743,9.859121076286265e-10
parkinsonian_lfp_ses-51,parkinsonian,True,68.00000000000749,1.548706440008797e-09
parkinsonian_lfp_ses-51,parkinsonian,True,68.50000000000755,1.4856326196164223e-09
parkinsonian_lfp_ses-51,parkinsonian,True,69.0000000000076,1.4215560069803675e-09
parkinsonian_lfp_ses-51,parkinsonian,True,69.50000000000766,1.918048449823323e-09
parkinsonian_lfp_ses-51,parkinsonian,True,70.0000000000077,1.7176254705222978e-09
parkinsonian_lfp_ses-51,parkinsonian,True,70.50000000000776,1.245134532082137e-09
parkinsonian_lfp_ses-51,parkinsonian,True,71.00000000000782,1.2560198560321215e-09
parkinsonian_lfp_ses-51,parkinsonian,True,71.50000000000787,1.299777707926571e-09
parkinsonian_lfp_ses-51,parkinsonian,True,72.00000000000793,1.3129731807489e-09
parkinsonian_lfp_ses-51,parkinsonian,True,72.50000000000799,1.4052075243389714e-09
parkinsonian_lfp_ses-51,parkinsonian,True,73.00000000000804,1.4906914165274198e-09
parkinsonian_lfp_ses-51,parkinsonian,True,73.5000000000081,1.702947702064325e-09
parkinsonian_lfp_ses-51,parkinsonian,True,74.00000000000816,1.3743553086691994e-09
parkinsonian_lfp_ses-51,parkinsonian,True,74.5000000000082,1.6341894279667378e-09
parkinsonian_lfp_ses-51,parkinsonian,True,75.00000000000826,1.5667343585983168e-09
parkinsonian_lfp_ses-51,parkinsonian,True,75.50000000000831,1.9376356855538107e-09
parkinsonian_lfp_ses-51,parkinsonian,True,76.00000000000837,1.8722538295254336e-09
parkinsonian_lfp_ses-51,parkinsonian,True,76.50000000000843,1.7978416931374305e-09
parkinsonian_lfp_ses-51,parkinsonian,True,77.00000000000848,1.3280554936882565e-09
parkinsonian_lfp_ses-51,parkinsonian,True,77.50000000000854,1.4199712293604886e-09
parkinsonian_lfp_ses-51,parkinsonian,True,78.00000000000858,1.1281049523315655e-09
parkinsonian_lfp_ses-51,parkinsonian,True,78.50000000000864,1.0020656517405442e-09
parkinsonian_lfp_ses-51,parkinsonian,True,79.0000000000087,1.716795986293205e-09
parkinsonian_lfp_ses-51,parkinsonian,True,79.50000000000875,1.791584690144022e-09
parkinsonian_lfp_ses-51,parkinsonian,True,80.00000000000881,1.64138199803312e-09
parkinsonian_lfp_ses-51,parkinsonian,True,80.50000000000887,1.3404664552146483e-09
parkinsonian_lfp_ses-51,parkinsonian,True,81.00000000000892,1.3438501164427375e-09
parkinsonian_lfp_ses-51,parkinsonian,True,81.50000000000898,1.3381422629424905e-09
parkinsonian_lfp_ses-51,parkinsonian,True,82.00000000000904,1.347042944962411e-09
parkinsonian_lfp_ses-51,parkinsonian,True,82.50000000000908,1.2533554101785132e-09
parkinsonian_lfp_ses-51,parkinsonian,True,83.00000000000914,1.4398249384426782e-09
parkinsonian_lfp_ses-51,parkinsonian,True,83.5000000000092,1.2004894280784024e-09
parkinsonian_lfp_ses-51,parkinsonian,True,84.00000000000925,1.3883110595141349e-09
parkinsonian_lfp_ses-51,parkinsonian,True,84.50000000000931,1.4210088276701244e-09
parkinsonian_lfp_ses-51,parkinsonian,True,85.00000000000936,1.585517486745479e-09
parkinsonian_lfp_ses-51,parkinsonian,True,85.50000000000942,1.312036730931041e-09
parkinsonian_lfp_ses-51,parkinsonian,True,86.00000000000946,1.6020763557427138e-09
parkinsonian_lfp_ses-51,parkinsonian,True,86.50000000000952,1.2736842080535603e-09
parkinsonian_lfp_ses-51,parkinsonian,True,87.00000000000958,1.143948836014476e-09
parkinsonian_lfp_ses-51,parkinsonian,True,87.50000000000963,1.3289148582494948e-09
parkinsonian_lfp_ses-51,parkinsonian,True,88.00000000000969,1.213950065611854e-09
parkinsonian_lfp_ses-51,parkinsonian,True,88.50000000000975,9.116927784341587e-10
parkinsonian_lfp_ses-51,parkinsonian,True,89.0000000000098,1.0908386676164321e-09
parkinsonian_lfp_ses-51,parkinsonian,True,89.50000000000986,1.3503778201842636e-09
parkinsonian_lfp_ses-51,parkinsonian,True,90.00000000000992,1.2912700183534824e-09
parkinsonian_lfp_ses-51,parkinsonian,True,90.50000000000996,1.1383728602793428e-09
parkinsonian_lfp_ses-51,parkinsonian,True,91.00000000001002,1.2448462372699484e-09
parkinsonian_lfp_ses-51,parkinsonian,True,91.50000000001008,1.3876055209860448e-09
parkinsonian_lfp_ses-51,parkinsonian,True,92.00000000001013,1.384739255443279e-09
parkinsonian_lfp_ses-51,parkinsonian,True,92.50000000001019,1.0024130384293308e-09
parkinsonian_lfp_ses-51,parkinsonian,True,93.00000000001025,1.0628435307612788e-09
parkinsonian_lfp_ses-51,parkinsonian,True,93.5000000000103,1.0589857524731982e-09
parkinsonian_lfp_ses-51,parkinsonian,True,94.00000000001035,1.4032978593385128e-09
parkinsonian_lfp_ses-51,parkinsonian,True,94.5000000000104,1.4649254203110845e-09
parkinsonian_lfp_ses-51,parkinsonian,True,95.00000000001046,1.673078052802461e-09
parkinsonian_lfp_ses-51,parkinsonian,True,95.50000000001052,1.3136399425907189e-09
parkinsonian_lfp_ses-51,parkinsonian,True,96.00000000001057,8.719714529958045e-10
parkinsonian_lfp_ses-51,parkinsonian,True,96.50000000001063,1.1424681218004095e-09
parkinsonian_lfp_ses-51,parkinsonian,True,97.00000000001069,8.8558293178414e-10
parkinsonian_lfp_ses-51,parkinsonian,True,97.50000000001074,1.0632342411853123e-09
parkinsonian_lfp_ses-51,parkinsonian,True,98.0000000000108,1.4364832777843342e-09
parkinsonian_lfp_ses-51,parkinsonian,True,98.50000000001084,1.47764218438369e-09
parkinsonian_lfp_ses-51,parkinsonian,True,99.0000000000109,1.3525553626127473e-09
parkinsonian_lfp_ses-51,parkinsonian,True,99.50000000001096,1.463670344777993e-09
parkinsonian_lfp_ses-60,parkinsonian,True,0.0,9.337513176800583e-10
parkinsonian_lfp_ses-60,parkinsonian,True,0.5000000000000551,4.230778823841242e-09
parkinsonian_lfp_ses-60,parkinsonian,True,1.0000000000001101,4.8751521281259006e-09
parkinsonian_lfp_ses-60,parkinsonian,True,1.5000000000001652,5.6895401398656055e-09
parkinsonian_lfp_ses-60,parkinsonian,True,2.0000000000002203,5.479066216546431e-09
parkinsonian_lfp_ses-60,parkinsonian,True,2.5000000000002753,4.5679843059363716e-09
parkinsonian_lfp_ses-60,parkinsonian,True,3.0000000000003304,5.0471532515118766e-09
parkinsonian_lfp_ses-60,parkinsonian,True,3.5000000000003855,5.0613291531404306e-09
parkinsonian_lfp_ses-60,parkinsonian,True,4.0000000000004405,4.096250364627988e-09
parkinsonian_lfp_ses-60,parkinsonian,True,4.500000000000496,4.358402090735574e-09
parkinsonian_lfp_ses-60,parkinsonian,True,5.000000000000551,4.1583070533578936e-09
parkinsonian_lfp_ses-60,parkinsonian,True,5.500000000000606,4.457440674445201e-09
parkinsonian_lfp_ses-60,parkinsonian,True,6.000000000000661,4.669252123932392e-09
parkinsonian_lfp_ses-60,parkinsonian,True,6.500000000000716,2.963047237819948e-09
parkinsonian_lfp_ses-60,parkinsonian,True,7.000000000000771,2.477364251722421e-09
parkinsonian_lfp_ses-60,parkinsonian,True,7.500000000000826,3.227874493109687e-09
parkinsonian_lfp_ses-60,parkinsonian,True,8.000000000000881,2.549058910110715e-09
parkinsonian_lfp_ses-60,parkinsonian,True,8.500000000000936,2.130102578228502e-09
parkinsonian_lfp_ses-60,parkinsonian,True,9.000000000000991,3.541676181175078e-09
parkinsonian_lfp_ses-60,parkinsonian,True,9.500000000001046,3.90717347751923e-09
parkinsonian_lfp_ses-60,parkinsonian,True,10.000000000001101,4.336725789767788e-09
parkinsonian_lfp_ses-60,parkinsonian,True,10.500000000001156,3.4152821150484486e-09
parkinsonian_lfp_ses-60,parkinsonian,True,11.000000000001211,2.3938156633990564e-09
parkinsonian_lfp_ses-60,parkinsonian,True,11.500000000001267,2.065213776474999e-09
parkinsonian_lfp_ses-60,parkinsonian,True,12.000000000001322,2.286445709252703e-09
parkinsonian_lfp_ses-60,parkinsonian,True,12.500000000001377,2.435583522745079e-09
parkinsonian_lfp_ses-60,parkinsonian,True,13.000000000001432,2.8711896136933585e-09
parkinsonian_lfp_ses-60,parkinsonian,True,13.500000000001487,4.347027970900678e-09
parkinsonian_lfp_ses-60,parkinsonian,True,14.000000000001542,4.104928140656177e-09
parkinsonian_lfp_ses-60,parkinsonian,True,14.500000000001597,3.387488800537827e-09
parkinsonian_lfp_ses-60,parkinsonian,True,15.000000000001652,3.7097238905497633e-09
parkinsonian_lfp_ses-60,parkinsonian,True,15.500000000001707,4.19162953529846e-09
parkinsonian_lfp_ses-60,parkinsonian,True,16.000000000001762,3.1815698171906686e-09
parkinsonian_lfp_ses-60,parkinsonian,True,16.50000000000182,4.172750924945039e-09
parkinsonian_lfp_ses-60,parkinsonian,True,17.000000000001872,3.5897357673556186e-09
parkinsonian_lfp_ses-60,parkinsonian,True,17.500000000001926,5.464655018007048e-09
parkinsonian_lfp_ses-60,parkinsonian,True,18.000000000001982,5.303520051978068e-09
parkinsonian_lfp_ses-60,parkinsonian,True,18.50000000000204,4.444541156306627e-09
parkinsonian_lfp_ses-60,parkinsonian,True,19.000000000002093,4.328843219186679e-09
parkinsonian_lfp_ses-60,parkinsonian,True,19.500000000002146,3.6672768764780642e-09
parkinsonian_lfp_ses-60,parkinsonian,True,20.000000000002203,3.93049157474222e-09
parkinsonian_lfp_ses-60,parkinsonian,True,20.50000000000226,3.91832856127544e-09
parkinsonian_lfp_ses-60,parkinsonian,True,21.000000000002313,4.036586463628528e-09
parkinsonian_lfp_ses-60,parkinsonian,True,21.500000000002366,3.673332455771869e-09
parkinsonian_lfp_ses-60,parkinsonian,True,22.000000000002423,4.034094576367286e-09
parkinsonian_lfp_ses-60,parkinsonian,True,22.50000000000248,3.646129971628525e-09
parkinsonian_lfp_ses-60,parkinsonian,True,23.000000000002533,4.108324417956269e-09
parkinsonian_lfp_ses-60,parkinsonian,True,23.500000000002586,4.23313252242499e-09
parkinsonian_lfp_ses-60,parkinsonian,True,24.000000000002643,6.313455128704234e-09
parkinsonian_lfp_ses-60,parkinsonian,True,24.5000000000027,2.204591686504845e-08
parkinsonian_lfp_ses-60,parkinsonian,True,25.000000000002753,3.403754915207117e-08
parkinsonian_lfp_ses-60,parkinsonian,True,25.500000000002807,2.8719820890392657e-08
parkinsonian_lfp_ses-60,parkinsonian,True,26.000000000002863,2.5356832036490447e-08
parkinsonian_lfp_ses-60,parkinsonian,True,26.50000000000292,1.5764328091492628e-08
parkinsonian_lfp_ses-60,parkinsonian,True,27.000000000002974,1.085749078792429e-08
parkinsonian_lfp_ses-60,parkinsonian,True,27.500000000003027,6.265093198239681e-09
parkinsonian_lfp_ses-60,parkinsonian,True,28.000000000003084,7.636168596237882e-09
parkinsonian_lfp_ses-60,parkinsonian,True,28.50000000000314,5.8141704300265956e-09
parkinsonian_lfp_ses-60,parkinsonian,True,29.000000000003194,5.112696692444269e-09
parkinsonian_lfp_ses-60,parkinsonian,True,29.500000000003247,4.285846476562903e-09
parkinsonian_lfp_ses-60,parkinsonian,True,30.000000000003304,3.823017390177943e-09
parkinsonian_lfp_ses-60,parkinsonian,True,30.50000000000336,3.2181394790411347e-09
parkinsonian_lfp_ses-60,parkinsonian,True,31.000000000003414,2.5447223416464215e-09
parkinsonian_lfp_ses-60,parkinsonian,True,31.500000000003467,2.2637980913753974e-09
parkinsonian_lfp_ses-60,parkinsonian,True,32.000000000003524,1.9088714845619815e-09
parkinsonian_lfp_ses-60,parkinsonian,True,32.50000000000358,2.1587527272253957e-09
parkinsonian_lfp_ses-60,parkinsonian,True,33.00000000000364,2.555696873360272e-09
parkinsonian_lfp_ses-60,parkinsonian,True,33.50000000000369,1.954664486867946e-09
parkinsonian_lfp_ses-60,parkinsonian,True,34.000000000003745,1.7251354084596232e-09
parkinsonian_lfp_ses-60,parkinsonian,True,34.5000000000038,1.7252085234751447e-09
parkinsonian_lfp_ses-60,parkinsonian,True,35.00000000000385,1.4891246066235215e-09
parkinsonian_lfp_ses-60,parkinsonian,True,35.50000000000391,1.5838875295955099e-09
parkinsonian_lfp_ses-60,parkinsonian,True,36.000000000003965,2.153742674254939e-09
parkinsonian_lfp_ses-60,parkinsonian,True,36.50000000000402,2.5576083351146215e-09
parkinsonian_lfp_ses-60,parkinsonian,True,37.00000000000408,2.191050373123709e-09
parkinsonian_lfp_ses-60,parkinsonian,True,37.50000000000413,1.8652024844937476e-09
parkinsonian_lfp_ses-60,parkinsonian,True,38.000000000004185,1.6320183131438296e-09
parkinsonian_lfp_ses-60,parkinsonian,True,38.50000000000424,1.4919844575544642e-09
parkinsonian_lfp_ses-60,parkinsonian,True,39.00000000000429,1.913822658773558e-09
parkinsonian_lfp_ses-60,parkinsonian,True,39.50000000000435,1.8755302660810927e-09
parkinsonian_lfp_ses-60,parkinsonian,True,40.000000000004405,2.359064596190106e-09
parkinsonian_lfp_ses-60,parkinsonian,True,40.50000000000446,2.0847651496353893e-09
parkinsonian_lfp_ses-60,parkinsonian,True,41.00000000000452,1.7200766328838424e-09
parkinsonian_lfp_ses-60,parkinsonian,True,41.50000000000457,1.410280059648989e-09
parkinsonian_lfp_ses-60,parkinsonian,True,42.000000000004626,1.5603937603311277e-09
parkinsonian_lfp_ses-60,parkinsonian,True,42.50000000000468,1.770402851135402e-09
parkinsonian_lfp_ses-60,parkinsonian,True,43.00000000000473,1.7441884867129741e-09
parkinsonian_lfp_ses-60,parkinsonian,True,43.50000000000479,1.5969216647811207e-09
parkinsonian_lfp_ses-60,parkinsonian,True,44.000000000004846,1.6409007168971052e-09
parkinsonian_lfp_ses-60,parkinsonian,True,44.5000000000049,1.4090427029710875e-09
parkinsonian_lfp_ses-60,parkinsonian,True,45.00000000000496,1.5324751635604118e-09
parkinsonian_lfp_ses-60,parkinsonian,True,45.50000000000501,1.6210516867896088e-09
parkinsonian_lfp_ses-60,parkinsonian,True,46.000000000005066,1.4369809960677631e-09
parkinsonian_lfp_ses-60,parkinsonian,True,46.50000000000512,1.5325977270157535e-09
parkinsonian_lfp_ses-60,parkinsonian,True,47.00000000000517,1.7733227290730161e-09
parkinsonian_lfp_ses-60,parkinsonian,True,47.50000000000523,1.7243706032044922e-09
parkinsonian_lfp_ses-60,parkinsonian,True,48.000000000005286,1.7222071193441365e-09
parkinsonian_lfp_ses-60,parkinsonian,True,48.50000000000534,1.6155956405221002e-09
parkinsonian_lfp_ses-60,parkinsonian,True,49.0000000000054,1.1171085593778765e-09
parkinsonian_lfp_ses-60,parkinsonian,True,49.50000000000545,2.2065435151632898e-09
parkinsonian_lfp_ses-60,parkinsonian,True,50.00000000000551,3.6785675790817563e-09
parkinsonian_lfp_ses-60,parkinsonian,True,50.50000000000556,3.464204843051798e-09
parkinsonian_lfp_ses-60,parkinsonian,True,51.00000000000561,2.7471601593388206e-09
parkinsonian_lfp_ses-60,parkinsonian,True,51.50000000000567,2.775066060157616e-09
parkinsonian_lfp_ses-60,parkinsonian,True,52.00000000000573,3.1923929796119737e-09
parkinsonian_lfp_ses-60,parkinsonian,True,52.500000000005784,2.3224493617738773e-09
parkinsonian_lfp_ses-60,parkinsonian,True,53.00000000000584,2.919477161236273e-09
parkinsonian_lfp_ses-60,parkinsonian,True,53.50000000000589,2.731997728479055e-09
parkinsonian_lfp_ses-60,parkinsonian,True,54.00000000000595,2.558810485706459e-09
parkinsonian_lfp_ses-60,parkinsonian,True,54.500000000006004,2.3727910433165506e-09
parkinsonian_lfp_ses-60,parkinsonian,True,55.000000000006054,2.2117954612313115e-09
parkinsonian_lfp_ses-60,parkinsonian,True,55.50000000000611,2.0945524224189106e-09
parkinsonian_lfp_ses-60,parkinsonian,True,56.00000000000617,1.8961960269869975e-09
parkinsonian_lfp_ses-60,parkinsonian,True,56.500000000006224,2.1545883926966317e-09
parkinsonian_lfp_ses-60,parkinsonian,True,57.00000000000628,2.096151856507558e-09
parkinsonian_lfp_ses-60,parkinsonian,True,57.50000000000633,2.119691533983613e-09
parkinsonian_lfp_ses-60,parkinsonian,True,58.00000000000639,2.1545747875465984e-09
parkinsonian_lfp_ses-60,parkinsonian,True,58.500000000006445,1.5379587037561378e-09
parkinsonian_lfp_ses-60,parkinsonian,True,59.000000000006494,1.142481126221019e-09
parkinsonian_lfp_ses-60,parkinsonian,True,59.50000000000655,1.3115647358105099e-09
parkinsonian_lfp_ses-60,parkinsonian,True,60.00000000000661,1.285890922966269e-09
parkinsonian_lfp_ses-60,parkinsonian,True,60.500000000006665,1.4571029226049186e-09
parkinsonian_lfp_ses-60,parkinsonian,True,61.00000000000672,1.9358598174602648e-09
parkinsonian_lfp_ses-60,parkinsonian,True,61.50000000000677,2.3372074505028005e-09
parkinsonian_lfp_ses-60,parkinsonian,True,62.00000000000683,2.280197964451718e-09
parkinsonian_lfp_ses-60,parkinsonian,True,62.500000000006885,1.7012577971158705e-09
parkinsonian_lfp_ses-60,parkinsonian,True,63.000000000006935,1.2893132349109598e-09
parkinsonian_lfp_ses-60,parkinsonian,True,63.50000000000699,1.1589940061300955e-09
parkinsonian_lfp_ses-60,parkinsonian,True,64.00000000000705,1.08736835685951e-09
parkinsonian_lfp_ses-60,parkinsonian,True,64.5000000000071,1.303828283908834e-09
parkinsonian_lfp_ses-60,parkinsonian,True,65.00000000000716,1.7339763414437562e-09
parkinsonian_lfp_ses-60,parkinsonian,True,65.50000000000722,2.100213563623325e-09
parkinsonian_lfp_ses-60,parkinsonian,True,66.00000000000728,1.915698839138981e-09
parkinsonian_lfp_ses-60,parkinsonian,True,66.50000000000732,1.522725650494295e-09
parkinsonian_lfp_ses-60,parkinsonian,True,67.00000000000738,1.3612299905930809e-09
parkinsonian_lfp_ses-60,parkinsonian,True,67.50000000000743,1.24717906309602e-09
parkinsonian_lfp_ses-60,parkinsonian,True,68.00000000000749,1.306719346796085e-09
parkinsonian_lfp_ses-60,parkinsonian,True,68.50000000000755,1.3398143634339273e-09
parkinsonian_lfp_ses-60,parkinsonian,True,69.0000000000076,1.2575121288564819e-09
parkinsonian_lfp_ses-60,parkinsonian,True,69.50000000000766,1.5635903678478206e-09
parkinsonian_lfp_ses-60,parkinsonian,True,70.0000000000077,1.6927541196930555e-09
parkinsonian_lfp_ses-60,parkinsonian,True,70.50000000000776,1.5090193978226353e-09
parkinsonian_lfp_ses-60,parkinsonian,True,71.00000000000782,1.546910776639957e-09
parkinsonian_lfp_ses-60,parkinsonian,True,71.50000000000787,1.4917584625486568e-09
parkinsonian_lfp_ses-60,parkinsonian,True,72.00000000000793,1.2211807693307212e-09
parkinsonian_lfp_ses-60,parkinsonian,True,72.50000000000799,1.4236951206577808e-09
parkinsonian_lfp_ses-60,parkinsonian,True,73.00000000000804,1.6166412935139524e-09
parkinsonian_lfp_ses-60,parkinsonian,True,73.5000000000081,1.9148938962101237e-09
parkinsonian_lfp_ses-60,parkinsonian,True,74.00000000000816,1.5951104736870566e-09
parkinsonian_lfp_ses-60,parkinsonian,True,74.5000000000082,1.7424514643931416e-09
parkinsonian_lfp_ses-60,parkinsonian,True,75.00000000000826,1.6276909838767428e-09
parkinsonian_lfp_ses-60,parkinsonian,True,75.50000000000831,1.6759708367359467e-09
parkinsonian_lfp_ses-60,parkinsonian,True,76.00000000000837,1.8468166322645719e-09
parkinsonian_lfp_ses-60,parkinsonian,True,76.50000000000843,1.2462978044636542e-09
parkinsonian_lfp_ses-60,parkinsonian,True,77.00000000000848,1.2082195644398782e-09
parkinsonian_lfp_ses-60,parkinsonian,True,77.50000000000854,1.6628982909156515e-09
parkinsonian_lfp_ses-60,parkinsonian,True,78.00000000000858,1.7344796783771682e-09
parkinsonian_lfp_ses-60,parkinsonian,True,78.50000000000864,1.4636501870930088e-09
parkinsonian_lfp_ses-60,parkinsonian,True,79.0000000000087,1.7863934082617912e-09
parkinsonian_lfp_ses-60,parkinsonian,True,79.50000000000875,1.9129956246270794e-09
parkinsonian_lfp_ses-60,parkinsonian,True,80.00000000000881,2.0608576288339523e-09
parkinsonian_lfp_ses-60,parkinsonian,True,80.50000000000887,1.6649247785718266e-09
parkinsonian_lfp_ses-60,parkinsonian,True,81.00000000000892,1.7685332357972267e-09
parkinsonian_lfp_ses-60,parkinsonian,True,81.50000000000898,1.6758551603997799e-09
parkinsonian_lfp_ses-60,parkinsonian,True,82.00000000000904,1.7099650620400951e-09
parkinsonian_lfp_ses-60,parkinsonian,True,82.50000000000908,1.5258623359775818e-09
parkinsonian_lfp_ses-60,parkinsonian,True,83.00000000000914,1.3531505472817342e-09
parkinsonian_lfp_ses-60,parkinsonian,True,83.5000000000092,1.4588659156165894e-09
parkinsonian_lfp_ses-60,parkinsonian,True,84.00000000000925,1.3667732855783952e-09
parkinsonian_lfp_ses-60,parkinsonian,True,84.50000000000931,1.2227920987896018e-09
parkinsonian_lfp_ses-60,parkinsonian,True,85.00000000000936,1.5945989709364239e-09
parkinsonian_lfp_ses-60,parkinsonian,True,85.50000000000942,1.6111548256551259e-09
parkinsonian_lfp_ses-60,parkinsonian,True,86.00000000000946,1.7486958906652133e-09
parkinsonian_lfp_ses-60,parkinsonian,True,86.50000000000952,1.4454242591535886e-09
parkinsonian_lfp_ses-60,parkinsonian,True,87.00000000000958,1.3261711834530662e-09
parkinsonian_lfp_ses-60,parkinsonian,True,87.50000000000963,1.5762248256658802e-09
parkinsonian_lfp_ses-60,parkinsonian,True,88.00000000000969,1.3542581248152342e-09
parkinsonian_lfp_ses-60,parkinsonian,True,88.50000000000975,1.045536234175522e-09
parkinsonian_lfp_ses-60,parkinsonian,True,89.0000000000098,8.110920698436481e-10
parkinsonian_lfp_ses-60,parkinsonian,True,89.50000000000986,9.69513833114259e-10
parkinsonian_lfp_ses-60,parkinsonian,True,90.00000000000992,9.256645970280872e-10
parkinsonian_lfp_ses-60,parkinsonian,True,90.50000000000996,8.417902619327135e-10
parkinsonian_lfp_ses-60,parkinsonian,True,91.00000000001002,1.4554006351762587e-09
parkinsonian_lfp_ses-60,parkinsonian,True,91.50000000001008,2.1877573616105237e-09
parkinsonian_lfp_ses-60,parkinsonian,True,92.00000000001013,1.5706476943762768e-09
parkinsonian_lfp_ses-60,parkinsonian,True,92.50000000001019,1.134111372324778e-09
parkinsonian_lfp_ses-60,parkinsonian,True,93.00000000001025,8.873626773944358e-10
parkinsonian_lfp_ses-60,parkinsonian,True,93.5000000000103,7.505880372203082e-10
parkinsonian_lfp_ses-60,parkinsonian,True,94.00000000001035,1.0590157778646154e-09
parkinsonian_lfp_ses-60,parkinsonian,True,94.5000000000104,1.3245261949484217e-09
parkinsonian_lfp_ses-60,parkinsonian,True,95.00000000001046,1.2989891031141576e-09
parkinsonian_lfp_ses-60,parkinsonian,True,95.50000000001052,1.0512127734378551e-09
parkinsonian_lfp_ses-60,parkinsonian,True,96.00000000001057,1.1657605797603854e-09
parkinsonian_lfp_ses-60,parkinsonian,True,96.50000000001063,1.3286384320207037e-09
parkinsonian_lfp_ses-60,parkinsonian,True,97.00000000001069,9.025955338836693e-10
parkinsonian_lfp_ses-60,parkinsonian,True,97.50000000001074,8.466008415204969e-10
parkinsonian_lfp_ses-60,parkinsonian,True,98.0000000000108,1.143844279435513e-09
parkinsonian_lfp_ses-60,parkinsonian,True,98.50000000001084,1.1913787864007794e-09
parkinsonian_lfp_ses-60,parkinsonian,True,99.0000000000109,1.1302742573986444e-09
parkinsonian_lfp_ses-60,parkinsonian,True,99.50000000001096,1.2510511605041595e-09
parkinsonian_lfp_ses-66,parkinsonian,True,0.0,1.0127883420370365e-09
parkinsonian_lfp_ses-66,parkinsonian,True,0.5000000000002771,4.9816095368029926e-09
parkinsonian_lfp_ses-66,parkinsonian,True,1.0000000000005542,5.558624297980417e-09
parkinsonian_lfp_ses-66,parkinsonian,True,1.5000000000008313,5.17522427493483e-09
parkinsonian_lfp_ses-66,parkinsonian,True,2.0000000000011084,3.5911541593882556e-09
parkinsonian_lfp_ses-66,parkinsonian,True,2.5000000000013856,3.552127198679471e-09
parkinsonian_lfp_ses-66,parkinsonian,True,3.0000000000016627,4.160109575860209e-09
parkinsonian_lfp_ses-66,parkinsonian,True,3.50000000000194,5.4900431760032675e-09
parkinsonian_lfp_ses-66,parkinsonian,True,4.000000000002217,4.62056930150844e-09
parkinsonian_lfp_ses-66,parkinsonian,True,4.500000000002494,3.987366031604822e-09
parkinsonian_lfp_ses-66,parkinsonian,True,5.000000000002771,5.095802082082082e-09
parkinsonian_lfp_ses-66,parkinsonian,True,5.500000000003048,4.717604680129968e-09
parkinsonian_lfp_ses-66,parkinsonian,True,6.000000000003325,3.6605582286732133e-09
parkinsonian_lfp_ses-66,parkinsonian,True,6.5000000000036025,3.589211621355025e-09
parkinsonian_lfp_ses-66,parkinsonian,True,7.00000000000388,3.1967612963141262e-09
parkinsonian_lfp_ses-66,parkinsonian,True,7.500000000004157,2.7166974620881176e-09
parkinsonian_lfp_ses-66,parkinsonian,True,8.000000000004434,3.922542217419695e-09
parkinsonian_lfp_ses-66,parkinsonian,True,8.500000000004711,4.165212735224074e-09
parkinsonian_lfp_ses-66,parkinsonian,True,9.000000000004988,3.7216769376776784e-09
parkinsonian_lfp_ses-66,parkinsonian,True,9.500000000005265,3.041252380344629e-09
parkinsonian_lfp_ses-66,parkinsonian,True,10.000000000005542,2.4588439239801688e-09
parkinsonian_lfp_ses-66,parkinsonian,True,10.50000000000582,2.2885713379145084e-09
parkinsonian_lfp_ses-66,parkinsonian,True,11.000000000006096,3.5805796020230426e-09
parkinsonian_lfp_ses-66,parkinsonian,True,11.500000000006374,2.576676596400365e-09
parkinsonian_lfp_ses-66,parkinsonian,True,12.00000000000665,3.622058514707997e-09
parkinsonian_lfp_ses-66,parkinsonian,True,12.500000000006928,4.496785299378379e-09
parkinsonian_lfp_ses-66,parkinsonian,True,13.000000000007205,3.4076274902514335e-09
parkinsonian_lfp_ses-66,parkinsonian,True,13.500000000007482,3.941261082312037e-09
parkinsonian_lfp_ses-66,parkinsonian,True,14.00000000000776,4.3120474571775e-09
parkinsonian_lfp_ses-66,parkinsonian,True,14.500000000008036,3.279995913053266e-09
parkinsonian_lfp_ses-66,parkinsonian,True,15.000000000008313,2.50173639390451e-09
parkinsonian_lfp_ses-66,parkinsonian,True,15.50000000000859,3.306670417198637e-09
parkinsonian_lfp_ses-66,parkinsonian,True,16.000000000008868,4.33579742681849e-09
parkinsonian_lfp_ses-66,parkinsonian,True,16.500000000009145,3.597485396839067e-09
parkinsonian_lfp_ses-66,parkinsonian,True,17.000000000009422,5.739628649981336e-09
parkinsonian_lfp_ses-66,parkinsonian,True,17.5000000000097,6.300121742213464e-09
parkinsonian_lfp_ses-66,parkinsonian,True,18.000000000009976,5.487547233813191e-09
parkinsonian_lfp_ses-66,parkinsonian,True,18.500000000010253,3.744079524274918e-09
parkinsonian_lfp_ses-66,parkinsonian,True,19.00000000001053,2.8676540523434773e-09
parkinsonian_lfp_ses-66,parkinsonian,True,19.500000000010807,3.971373269551604e-09
parkinsonian_lfp_ses-66,parkinsonian,True,20.000000000011084,3.802115398786867e-09
parkinsonian_lfp_ses-66,parkinsonian,True,20.50000000001136,3.6333976633215924e-09
parkinsonian_lfp_ses-66,parkinsonian,True,21.00000000001164,3.5234642024723616e-09
parkinsonian_lfp_ses-66,parkinsonian,True,21.500000000011916,3.241129451356343e-09
parkinsonian_lfp_ses-66,parkinsonian,True,22.000000000012193,4.624208150146442e-09
parkinsonian_lfp_ses-66,parkinsonian,True,22.50000000001247,4.901543584340687e-09
parkinsonian_lfp_ses-66,parkinsonian,True,23.000000000012747,2.7918322154831313e-09
parkinsonian_lfp_ses-66,parkinsonian,True,23.500000000013024,2.8463868333871783e-09
parkinsonian_lfp_ses-66,parkinsonian,True,24.0000000000133,6.24945134821883e-09
parkinsonian_lfp_ses-66,parkinsonian,True,24.50000000001358,2.319885376969114e-08
parkinsonian_lfp_ses-66,parkinsonian,True,25.000000000013856,4.725045771593778e-08
parkinsonian_lfp_ses-66,parkinsonian,True,25.500000000014133,4.811873286739634e-08
parkinsonian_lfp_ses-66,parkinsonian,True,26.00000000001441,2.146592956550191e-08
parkinsonian_lfp_ses-66,parkinsonian,True,26.500000000014687,6.90792715310681e-09
parkinsonian_lfp_ses-66,parkinsonian,True,27.000000000014964,6.586732685495598e-09
parkinsonian_lfp_ses-66,parkinsonian,True,27.50000000001524,7.306931612348144e-09
parkinsonian_lfp_ses-66,parkinsonian,True,28.00000000001552,5.164393326362449e-09
parkinsonian_lfp_ses-66,parkinsonian,True,28.500000000015795,4.059953043745782e-09
parkinsonian_lfp_ses-66,parkinsonian,True,29.000000000016072,5.205911364799881e-09
parkinsonian_lfp_ses-66,parkinsonian,True,29.50000000001635,5.172037932043304e-09
parkinsonian_lfp_ses-66,parkinsonian,True,30.000000000016627,5.485375091321672e-09
parkinsonian_lfp_ses-66,parkinsonian,True,30.500000000016904,4.840523953028312e-09
parkinsonian_lfp_ses-66,parkinsonian,True,31.00000000001718,3.561946892474007e-09
parkinsonian_lfp_ses-66,parkinsonian,True,31.500000000017458,2.4653308833135987e-09
parkinsonian_lfp_ses-66,parkinsonian,True,32.000000000017735,2.542452685448087e-09
parkinsonian_lfp_ses-66,parkinsonian,True,32.50000000001801,1.787472247741277e-09
parkinsonian_lfp_ses-66,parkinsonian,True,33.00000000001829,2.0732887946704385e-09
parkinsonian_lfp_ses-66,parkinsonian,True,33.50000000001857,1.780330194429747e-09
parkinsonian_lfp_ses-66,parkinsonian,True,34.000000000018844,1.5269718285803346e-09
parkinsonian_lfp_ses-66,parkinsonian,True,34.50000000001912,2.5188220816777055e-09
parkinsonian_lfp_ses-66,parkinsonian,True,35.0000000000194,3.159859504847298e-09
parkinsonian_lfp_ses-66,parkinsonian,True,35.500000000019675,2.235766806792869e-09
parkinsonian_lfp_ses-66,parkinsonian,True,36.00000000001995,1.6686563670707804e-09
parkinsonian_lfp_ses-66,parkinsonian,True,36.50000000002023,1.644270867256799e-09
parkinsonian_lfp_ses-66,parkinsonian,True,37.000000000020506,2.4873426924521227e-09
parkinsonian_lfp_ses-66,parkinsonian,True,37.50000000002078,2.172764813120966e-09
parkinsonian_lfp_ses-66,parkinsonian,True,38.00000000002106,2.165607410325475e-09
parkinsonian_lfp_ses-66,parkinsonian,True,38.50000000002134,1.9199593452299015e-09
parkinsonian_lfp_ses-66,parkinsonian,True,39.000000000021615,2.554790169635135e-09
parkinsonian_lfp_ses-66,parkinsonian,True,39.50000000002189,3.264213466110362e-09
parkinsonian_lfp_ses-66,parkinsonian,True,40.00000000002217,2.059740317867726e-09
parkinsonian_lfp_ses-66,parkinsonian,True,40.500000000022446,2.0174801284783325e-09
parkinsonian_lfp_ses-66,parkinsonian,True,41.00000000002272,1.5047685499892573e-09
parkinsonian_lfp_ses-66,parkinsonian,True,41.500000000023,2.0372433450886897e-09
parkinsonian_lfp_ses-66,parkinsonian,True,42.00000000002328,1.3876444748343517e-09
parkinsonian_lfp_ses-66,parkinsonian,True,42.500000000023554,1.4033222858441926e-09
parkinsonian_lfp_ses-66,parkinsonian,True,43.00000000002383,1.6409492176884585e-09
parkinsonian_lfp_ses-66,parkinsonian,True,43.50000000002411,1.6879201121093366e-09
parkinsonian_lfp_ses-66,parkinsonian,True,44.000000000024386,1.54634416928438e-09
parkinsonian_lfp_ses-66,parkinsonian,True,44.50000000002466,1.7453326260700485e-09
parkinsonian_lfp_ses-66,parkinsonian,True,45.00000000002494,1.8321207256766082e-09
parkinsonian_lfp_ses-66,parkinsonian,True,45.50000000002522,1.6310377384317822e-09
parkinsonian_lfp_ses-66,parkinsonian,True,46.000000000025494,1.2992418744876461e-09
parkinsonian_lfp_ses-66,parkinsonian,True,46.50000000002577,1.5665653504275919e-09
parkinsonian_lfp_ses-66,parkinsonian,True,47.00000000002605,1.6961959622497005e-09
parkinsonian_lfp_ses-66,parkinsonian,True,47.500000000026326,1.6707098851533882e-09
parkinsonian_lfp_ses-66,parkinsonian,True,48.0000000000266,1.6732525397576683e-09
parkinsonian_lfp_ses-66,parkinsonian,True,48.50000000002688,1.717597990625527e-09
parkinsonian_lfp_ses-66,parkinsonian,True,49.00000000002716,1.5598262407870669e-09
parkinsonian_lfp_ses-66,parkinsonian,True,49.500000000027434,2.5357771501829612e-09
parkinsonian_lfp_ses-66,parkinsonian,True,50.00000000002771,4.322079681259526e-09
parkinsonian_lfp_ses-66,parkinsonian,True,50.50000000002799,4.445263885424384e-09
parkinsonian_lfp_ses-66,parkinsonian,True,51.000000000028265,4.122072819135743e-09
parkinsonian_lfp_ses-66,parkinsonian,True,51.50000000002854,3.0701506416546323e-09
parkinsonian_lfp_ses-66,parkinsonian,True,52.00000000002882,1.7853136686263385e-09
parkinsonian_lfp_ses-66,parkinsonian,True,52.5000000000291,1.5624208047507656e-09
parkinsonian_lfp_ses-66,parkinsonian,True,53.000000000029374,1.7146191854982289e-09
parkinsonian_lfp_ses-66,parkinsonian,True,53.50000000002965,2.338272615242294e-09
parkinsonian_lfp_ses-66,parkinsonian,True,54.00000000002993,2.4576223956080796e-09
parkinsonian_lfp_ses-66,parkinsonian,True,54.500000000030205,2.3119239683031404e-09
parkinsonian_lfp_ses-66,parkinsonian,True,55.00000000003048,1.6862387776777726e-09
parkinsonian_lfp_ses-66,parkinsonian,True,55.50000000003076,2.0917129085522564e-09
parkinsonian_lfp_ses-66,parkinsonian,True,56.00000000003104,2.3675278879532267e-09
parkinsonian_lfp_ses-66,parkinsonian,True,56.500000000031314,1.9666168616206317e-09
parkinsonian_lfp_ses-66,parkinsonian,True,57.00000000003159,1.720425461837593e-09
parkinsonian_lfp_ses-66,parkinsonian,True,57.50000000003187,1.4380993038959723e-09
parkinsonian_lfp_ses-66,parkinsonian,True,58.000000000032145,1.7116857301900232e-09
parkinsonian_lfp_ses-66,parkinsonian,True,58.50000000003242,1.702511430629807e-09
parkinsonian_lfp_ses-66,parkinsonian,True,59.0000000000327,1.7680613056565927e-09
parkinsonian_lfp_ses-66,parkinsonian,True,59.500000000032976,1.3978483296642516e-09
parkinsonian_lfp_ses-66,parkinsonian,True,60.00000000003325,1.5731521781012215e-09
parkinsonian_lfp_ses-66,parkinsonian,True,60.50000000003353,1.6960958959806668e-09
parkinsonian_lfp_ses-66,parkinsonian,True,61.00000000003381,1.2188659796149849e-09
parkinsonian_lfp_ses-66,parkinsonian,True,61.500000000034085,1.349256196780846e-09
parkinsonian_lfp_ses-66,parkinsonian,True,62.00000000003436,2.1412725106997644e-09
parkinsonian_lfp_ses-66,parkinsonian,True,62.50000000003464,1.9147517287330996e-09
parkinsonian_lfp_ses-66,parkinsonian,True,63.000000000034916,1.3689056342769754e-09
parkinsonian_lfp_ses-66,parkinsonian,True,63.50000000003519,1.905426436227519e-09
parkinsonian_lfp_ses-66,parkinsonian,True,64.00000000003547,2.2080451640876205e-09
parkinsonian_lfp_ses-66,parkinsonian,True,64.50000000003575,2.286506926888538e-09
parkinsonian_lfp_ses-66,parkinsonian,True,65.00000000003602,1.6691251260079672e-09
parkinsonian_lfp_ses-66,parkinsonian,True,65.5000000000363,1.2490768101150826e-09
parkinsonian_lfp_ses-66,parkinsonian,True,66.00000000003658,1.108781465662227e-09
parkinsonian_lfp_ses-66,parkinsonian,True,66.50000000003686,1.551386660840554e-09
parkinsonian_lfp_ses-66,parkinsonian,True,67.00000000003713,1.8574515575606865e-09
parkinsonian_lfp_ses-66,parkinsonian,True,67.5000000000374,1.7763865439045832e-09
parkinsonian_lfp_ses-66,parkinsonian,True,68.00000000003769,1.60081511284511e-09
parkinsonian_lfp_ses-66,parkinsonian,True,68.50000000003797,1.1565851780875053e-09
parkinsonian_lfp_ses-66,parkinsonian,True,69.00000000003824,1.2650814922598704e-09
parkinsonian_lfp_ses-66,parkinsonian,True,69.50000000003851,1.1272560310521286e-09
parkinsonian_lfp_ses-66,parkinsonian,True,70.0000000000388,1.2045017953526029e-09
parkinsonian_lfp_ses-66,parkinsonian,True,70.50000000003908,1.243738327415527e-09
parkinsonian_lfp_ses-66,parkinsonian,True,71.00000000003935,1.3374833639128396e-09
parkinsonian_lfp_ses-66,parkinsonian,True,71.50000000003962,1.234494739507178e-09
parkinsonian_lfp_ses-66,parkinsonian,True,72.0000000000399,1.0494793814748536e-09
parkinsonian_lfp_ses-66,parkinsonian,True,72.50000000004019,1.3849425654370406e-09
parkinsonian_lfp_ses-66,parkinsonian,True,73.00000000004046,1.2063940833122464e-09
parkinsonian_lfp_ses-66,parkinsonian,True,73.50000000004073,1.358332869374692e-09
parkinsonian_lfp_ses-66,parkinsonian,True,74.00000000004101,1.560851258630026e-09
parkinsonian_lfp_ses-66,parkinsonian,True,74.5000000000413,1.6662054391714969e-09
parkinsonian_lfp_ses-66,parkinsonian,True,75.00000000004157,1.5899246534803323e-09
parkinsonian_lfp_ses-66,parkinsonian,True,75.50000000004184,1.1866649765864615e-09
parkinsonian_lfp_ses-66,parkinsonian,True,76.00000000004212,1.5596590212346824e-09
parkinsonian_lfp_ses-66,parkinsonian,True,76.5000000000424,2.03317801397191e-09
parkinsonian_lfp_ses-66,parkinsonian,True,77.00000000004268,1.5210371464554977e-09
parkinsonian_lfp_ses-66,parkinsonian,True,77.50000000004295,1.7278930393138872e-09
parkinsonian_lfp_ses-66,parkinsonian,True,78.00000000004323,1.6870753501204262e-09
parkinsonian_lfp_ses-66,parkinsonian,True,78.50000000004351,1.3210155755521107e-09
parkinsonian_lfp_ses-66,parkinsonian,True,79.00000000004378,1.0242859372108647e-09
parkinsonian_lfp_ses-66,parkinsonian,True,79.50000000004405,1.0957599626151811e-09
parkinsonian_lfp_ses-66,parkinsonian,True,80.00000000004434,1.4158767412379705e-09
parkinsonian_lfp_ses-66,parkinsonian,True,80.50000000004462,1.4521397740001825e-09
parkinsonian_lfp_ses-66,parkinsonian,True,81.00000000004489,1.2917789938410348e-09
parkinsonian_lfp_ses-66,parkinsonian,True,81.50000000004516,1.2316349058595925e-09
parkinsonian_lfp_ses-66,parkinsonian,True,82.00000000004545,1.5901336426878205e-09
parkinsonian_lfp_ses-66,parkinsonian,True,82.50000000004573,1.7093701591511052e-09
parkinsonian_lfp_ses-66,parkinsonian,True,83.000000000046,1.6209733565222404e-09
parkinsonian_lfp_ses-66,parkinsonian,True,83.50000000004627,1.7861966974851713e-09
parkinsonian_lfp_ses-66,parkinsonian,True,84.00000000004655,1.243591368644201e-09
parkinsonian_lfp_ses-66,parkinsonian,True,84.50000000004684,1.4562612263171076e-09
parkinsonian_lfp_ses-66,parkinsonian,True,85.00000000004711,1.4437553894551993e-09
parkinsonian_lfp_ses-66,parkinsonian,True,85.50000000004738,1.726582298584732e-09
parkinsonian_lfp_ses-66,parkinsonian,True,86.00000000004766,1.390939151979165e-09
parkinsonian_lfp_ses-66,parkinsonian,True,86.50000000004795,1.4430022094864416e-09
parkinsonian_lfp_ses-66,parkinsonian,True,87.00000000004822,1.271497222519099e-09
parkinsonian_lfp_ses-66,parkinsonian,True,87.50000000004849,1.081394374720216e-09
parkinsonian_lfp_ses-66,parkinsonian,True,88.00000000004877,1.1417467804157894e-09
parkinsonian_lfp_ses-66,parkinsonian,True,88.50000000004906,1.4823085429263182e-09
parkinsonian_lfp_ses-66,parkinsonian,True,89.00000000004933,1.6100350742215036e-09
parkinsonian_lfp_ses-66,parkinsonian,True,89.5000000000496,1.518305361417792e-09
parkinsonian_lfp_ses-66,parkinsonian,True,90.00000000004988,1.4574440555147903e-09
parkinsonian_lfp_ses-66,parkinsonian,True,90.50000000005016,1.2345478856927336e-09
parkinsonian_lfp_ses-66,parkinsonian,True,91.00000000005043,1.201494817180935e-09
parkinsonian_lfp_ses-66,parkinsonian,True,91.5000000000507,1.2296312747496809e-09
parkinsonian_lfp_ses-66,parkinsonian,True,92.00000000005099,1.2719344226930848e-09
parkinsonian_lfp_ses-66,parkinsonian,True,92.50000000005127,1.5031215754443879e-09
parkinsonian_lfp_ses-66,parkinsonian,True,93.00000000005154,1.2289211680736866e-09
parkinsonian_lfp_ses-66,parkinsonian,True,93.50000000005181,1.2680218093234665e-09
parkinsonian_lfp_ses-66,parkinsonian,True,94.0000000000521,1.9079631158216807e-09
parkinsonian_lfp_ses-66,parkinsonian,True,94.50000000005238,1.570731227245115e-09
parkinsonian_lfp_ses-66,parkinsonian,True,95.00000000005265,1.5140190133746939e-09
parkinsonian_lfp_ses-66,parkinsonian,True,95.50000000005292,1.8763479072891257e-09
parkinsonian_lfp_ses-66,parkinsonian,True,96.0000000000532,1.3004591731842174e-09
parkinsonian_lfp_ses-66,parkinsonian,True,96.50000000005349,1.3885717798095493e-09
parkinsonian_lfp_ses-66,parkinsonian,True,97.00000000005376,1.561124271762515e-09
parkinsonian_lfp_ses-66,parkinsonian,True,97.50000000005403,1.4436013119204157e-09
parkinsonian_lfp_ses-66,parkinsonian,True,98.00000000005431,1.4361849177820344e-09
parkinsonian_lfp_ses-66,parkinsonian,True,98.5000000000546,1.2959114804722263e-09
parkinsonian_lfp_ses-66,parkinsonian,True,99.00000000005487,1.1474337228515098e-09
parkinsonian_lfp_ses-66,parkinsonian,True,99.50000000005514,1.5203819779341778e-09
parkinsonian_lfp_ses-69,parkinsonian,True,0.0,1.2430932447769005e-09
parkinsonian_lfp_ses-69,parkinsonian,True,0.5000000000002771,4.847459251864391e-09
parkinsonian_lfp_ses-69,parkinsonian,True,1.0000000000005542,5.375026735101056e-09
parkinsonian_lfp_ses-69,parkinsonian,True,1.5000000000008313,4.645675990777069e-09
parkinsonian_lfp_ses-69,parkinsonian,True,2.0000000000011084,4.993793683115983e-09
parkinsonian_lfp_ses-69,parkinsonian,True,2.5000000000013856,5.6513361564815284e-09
parkinsonian_lfp_ses-69,parkinsonian,True,3.0000000000016627,4.099461950434662e-09
parkinsonian_lfp_ses-69,parkinsonian,True,3.50000000000194,2.892457658409736e-09
parkinsonian_lfp_ses-69,parkinsonian,True,4.000000000002217,4.012784635032894e-09
parkinsonian_lfp_ses-69,parkinsonian,True,4.500000000002494,5.85392009177718e-09
parkinsonian_lfp_ses-69,parkinsonian,True,5.000000000002771,4.882063652632491e-09
parkinsonian_lfp_ses-69,parkinsonian,True,5.500000000003048,4.030501217652567e-09
parkinsonian_lfp_ses-69,parkinsonian,True,6.000000000003325,3.090425022685753e-09
parkinsonian_lfp_ses-69,parkinsonian,True,6.5000000000036025,3.0907640398239317e-09
parkinsonian_lfp_ses-69,parkinsonian,True,7.00000000000388,3.10396492065302e-09
parkinsonian_lfp_ses-69,parkinsonian,True,7.500000000004157,3.2720510395645223e-09
parkinsonian_lfp_ses-69,parkinsonian,True,8.000000000004434,3.2313367549052608e-09
parkinsonian_lfp_ses-69,parkinsonian,True,8.500000000004711,3.3161051191668238e-09
parkinsonian_lfp_ses-69,parkinsonian,True,9.000000000004988,2.8303972117789853e-09
parkinsonian_lfp_ses-69,parkinsonian,True,9.500000000005265,2.743874283866731e-09
parkinsonian_lfp_ses-69,parkinsonian,True,10.000000000005542,3.3103134571984307e-09
parkinsonian_lfp_ses-69,parkinsonian,True,10.50000000000582,2.9771746320204537e-09
parkinsonian_lfp_ses-69,parkinsonian,True,11.000000000006096,3.6179836450719217e-09
parkinsonian_lfp_ses-69,parkinsonian,True,11.500000000006374,3.407515612281047e-09
parkinsonian_lfp_ses-69,parkinsonian,True,12.00000000000665,2.83533306456232e-09
parkinsonian_lfp_ses-69,parkinsonian,True,12.500000000006928,2.5915276089067873e-09
parkinsonian_lfp_ses-69,parkinsonian,True,13.000000000007205,2.3492383733409685e-09
parkinsonian_lfp_ses-69,parkinsonian,True,13.500000000007482,2.481451534804226e-09
parkinsonian_lfp_ses-69,parkinsonian,True,14.00000000000776,2.820364585639405e-09
parkinsonian_lfp_ses-69,parkinsonian,True,14.500000000008036,2.974349674613986e-09
parkinsonian_lfp_ses-69,parkinsonian,True,15.000000000008313,3.524860907689522e-09
parkinsonian_lfp_ses-69,parkinsonian,True,15.50000000000859,2.9875811451630346e-09
parkinsonian_lfp_ses-69,parkinsonian,True,16.000000000008868,2.5587381622732498e-09
parkinsonian_lfp_ses-69,parkinsonian,True,16.500000000009145,3.535983174085178e-09
parkinsonian_lfp_ses-69,parkinsonian,True,17.000000000009422,4.405549272790821e-09
parkinsonian_lfp_ses-69,parkinsonian,True,17.5000000000097,5.034142980925577e-09
parkinsonian_lfp_ses-69,parkinsonian,True,18.000000000009976,4.4037292044278745e-09
parkinsonian_lfp_ses-69,parkinsonian,True,18.500000000010253,3.7084651605872516e-09
parkinsonian_lfp_ses-69,parkinsonian,True,19.00000000001053,2.4988348047477144e-09
parkinsonian_lfp_ses-69,parkinsonian,True,19.500000000010807,2.7877117745736813e-09
parkinsonian_lfp_ses-69,parkinsonian,True,20.000000000011084,2.5071148582480155e-09
parkinsonian_lfp_ses-69,parkinsonian,True,20.50000000001136,2.8841886810523703e-09
parkinsonian_lfp_ses-69,parkinsonian,True,21.00000000001164,3.1827549836746947e-09
parkinsonian_lfp_ses-69,parkinsonian,True,21.500000000011916,3.1269638343641384e-09
parkinsonian_lfp_ses-69,parkinsonian,True,22.000000000012193,4.92483286945826e-09
parkinsonian_lfp_ses-69,parkinsonian,True,22.50000000001247,4.744715519882182e-09
parkinsonian_lfp_ses-69,parkinsonian,True,23.000000000012747,3.5879011706646314e-09
parkinsonian_lfp_ses-69,parkinsonian,True,23.500000000013024,4.152200706429148e-09
parkinsonian_lfp_ses-69,parkinsonian,True,24.0000000000133,6.696919270582924e-09
parkinsonian_lfp_ses-69,parkinsonian,True,24.50000000001358,1.6076804712016768e-08
parkinsonian_lfp_ses-69,parkinsonian,True,25.000000000013856,3.813101725723761e-08
parkinsonian_lfp_ses-69,parkinsonian,True,25.500000000014133,4.287801248244346e-08
parkinsonian_lfp_ses-69,parkinsonian,True,26.00000000001441,2.5845926992916887e-08
parkinsonian_lfp_ses-69,parkinsonian,True,26.500000000014687,1.0103870920503284e-08
parkinsonian_lfp_ses-69,parkinsonian,True,27.000000000014964,7.765469688252758e-09
parkinsonian_lfp_ses-69,parkinsonian,True,27.50000000001524,6.6521125715732104e-09
parkinsonian_lfp_ses-69,parkinsonian,True,28.00000000001552,4.769227874775501e-09
parkinsonian_lfp_ses-69,parkinsonian,True,28.500000000015795,5.096053682434521e-09
parkinsonian_lfp_ses-69,parkinsonian,True,29.000000000016072,5.349361634401722e-09
parkinsonian_lfp_ses-69,parkinsonian,True,29.50000000001635,4.3715983789145876e-09
parkinsonian_lfp_ses-69,parkinsonian,True,30.000000000016627,4.2310573952199715e-09
parkinsonian_lfp_ses-69,parkinsonian,True,30.500000000016904,4.025175333394882e-09
parkinsonian_lfp_ses-69,parkinsonian,True,31.00000000001718,3.1106937562161797e-09
parkinsonian_lfp_ses-69,parkinsonian,True,31.500000000017458,2.4216845993562385e-09
parkinsonian_lfp_ses-69,parkinsonian,True,32.000000000017735,3.422355941652514e-09
parkinsonian_lfp_ses-69,parkinsonian,True,32.50000000001801,2.38159604494617e-09
parkinsonian_lfp_ses-69,parkinsonian,True,33.00000000001829,2.2648118131524512e-09
parkinsonian_lfp_ses-69,parkinsonian,True,33.50000000001857,1.8819669690607234e-09
parkinsonian_lfp_ses-69,parkinsonian,True,34.000000000018844,1.452539595844909e-09
parkinsonian_lfp_ses-69,parkinsonian,True,34.50000000001912,1.6579137686555864e-09
parkinsonian_lfp_ses-69,parkinsonian,True,35.0000000000194,1.7510152936708184e-09
parkinsonian_lfp_ses-69,parkinsonian,True,35.500000000019675,1.362138185211458e-09
parkinsonian_lfp_ses-69,parkinsonian,True,36.00000000001995,1.6325214566038174e-09
parkinsonian_lfp_ses-69,parkinsonian,True,36.50000000002023,1.6887672392310943e-09
parkinsonian_lfp_ses-69,parkinsonian,True,37.000000000020506,1.3239277795640957e-09
parkinsonian_lfp_ses-69,parkinsonian,True,37.50000000002078,1.3684019172214604e-09
parkinsonian_lfp_ses-69,parkinsonian,True,38.00000000002106,1.6094197417295605e-09
parkinsonian_lfp_ses-69,parkinsonian,True,38.50000000002134,1.6494942644141559e-09
parkinsonian_lfp_ses-69,parkinsonian,True,39.000000000021615,1.8450187154101822e-09
parkinsonian_lfp_ses-69,parkinsonian,True,39.50000000002189,1.966545643947342e-09
parkinsonian_lfp_ses-69,parkinsonian,True,40.00000000002217,1.9689844285024284e-09
parkinsonian_lfp_ses-69,parkinsonian,True,40.500000000022446,2.026677782720388e-09
parkinsonian_lfp_ses-69,parkinsonian,True,41.00000000002272,2.1170140066320318e-09
parkinsonian_lfp_ses-69,parkinsonian,True,41.500000000023,1.7135919588157786e-09
parkinsonian_lfp_ses-69,parkinsonian,True,42.00000000002328,1.5658080533425128e-09
parkinsonian_lfp_ses-69,parkinsonian,True,42.500000000023554,1.5055185413272432e-09
parkinsonian_lfp_ses-69,parkinsonian,True,43.00000000002383,1.391796290727672e-09
parkinsonian_lfp_ses-69,parkinsonian,True,43.50000000002411,1.4387551833435709e-09
parkinsonian_lfp_ses-69,parkinsonian,True,44.000000000024386,1.3936776168352215e-09
parkinsonian_lfp_ses-69,parkinsonian,True,44.50000000002466,1.18028435307329e-09
parkinsonian_lfp_ses-69,parkinsonian,True,45.00000000002494,1.751792056234365e-09
parkinsonian_lfp_ses-69,parkinsonian,True,45.50000000002522,1.6468717800365674e-09
parkinsonian_lfp_ses-69,parkinsonian,True,46.000000000025494,1.7197863524998945e-09
parkinsonian_lfp_ses-69,parkinsonian,True,46.50000000002577,2.235449028984165e-09
parkinsonian_lfp_ses-69,parkinsonian,True,47.00000000002605,1.6129656470474538e-09
parkinsonian_lfp_ses-69,parkinsonian,True,47.500000000026326,1.4605303873432834e-09
parkinsonian_lfp_ses-69,parkinsonian,True,48.0000000000266,1.9742104557386314e-09
parkinsonian_lfp_ses-69,parkinsonian,True,48.50000000002688,1.7396255109639685e-09
parkinsonian_lfp_ses-69,parkinsonian,True,49.00000000002716,1.8193639527893354e-09
parkinsonian_lfp_ses-69,parkinsonian,True,49.500000000027434,3.2429612474666416e-09
parkinsonian_lfp_ses-69,parkinsonian,True,50.00000000002771,3.836916390004064e-09
parkinsonian_lfp_ses-69,parkinsonian,True,50.50000000002799,4.01776692975734e-09
parkinsonian_lfp_ses-69,parkinsonian,True,51.000000000028265,3.3284858654044248e-09
parkinsonian_lfp_ses-69,parkinsonian,True,51.50000000002854,2.0654304824393073e-09
parkinsonian_lfp_ses-69,parkinsonian,True,52.00000000002882,2.365923066772002e-09
parkinsonian_lfp_ses-69,parkinsonian,True,52.5000000000291,2.3225789281271097e-09
parkinsonian_lfp_ses-69,parkinsonian,True,53.000000000029374,1.9477102130337296e-09
parkinsonian_lfp_ses-69,parkinsonian,True,53.50000000002965,2.5474271187729017e-09
parkinsonian_lfp_ses-69,parkinsonian,True,54.00000000002993,1.942013013695314e-09
parkinsonian_lfp_ses-69,parkinsonian,True,54.500000000030205,1.3770429365019978e-09
parkinsonian_lfp_ses-69,parkinsonian,True,55.00000000003048,1.762698376935267e-09
parkinsonian_lfp_ses-69,parkinsonian,True,55.50000000003076,2.3795797939261287e-09
parkinsonian_lfp_ses-69,parkinsonian,True,56.00000000003104,1.6649824345328195e-09
parkinsonian_lfp_ses-69,parkinsonian,True,56.500000000031314,1.2703675092651792e-09
parkinsonian_lfp_ses-69,parkinsonian,True,57.00000000003159,1.4841538826351038e-09
parkinsonian_lfp_ses-69,parkinsonian,True,57.50000000003187,1.9284266311677187e-09
parkinsonian_lfp_ses-69,parkinsonian,True,58.000000000032145,1.8578875954087641e-09
parkinsonian_lfp_ses-69,parkinsonian,True,58.50000000003242,1.9090091218303964e-09
parkinsonian_lfp_ses-69,parkinsonian,True,59.0000000000327,1.8831308505645216e-09
parkinsonian_lfp_ses-69,parkinsonian,True,59.500000000032976,1.536239904897936e-09
parkinsonian_lfp_ses-69,parkinsonian,True,60.00000000003325,1.5885022243475606e-09
parkinsonian_lfp_ses-69,parkinsonian,True,60.50000000003353,1.878378938193581e-09
parkinsonian_lfp_ses-69,parkinsonian,True,61.00000000003381,1.5888199468604563e-09
parkinsonian_lfp_ses-69,parkinsonian,True,61.500000000034085,1.3500047887089203e-09
parkinsonian_lfp_ses-69,parkinsonian,True,62.00000000003436,1.178225569501565e-09
parkinsonian_lfp_ses-69,parkinsonian,True,62.50000000003464,1.3430000125679364e-09
parkinsonian_lfp_ses-69,parkinsonian,True,63.000000000034916,1.9254091528788235e-09
parkinsonian_lfp_ses-69,parkinsonian,True,63.50000000003519,1.9924568174867253e-09
parkinsonian_lfp_ses-69,parkinsonian,True,64.00000000003547,1.361518251109643e-09
parkinsonian_lfp_ses-69,parkinsonian,True,64.50000000003575,1.2400963473845363e-09
parkinsonian_lfp_ses-69,parkinsonian,True,65.00000000003602,1.426687009940424e-09
parkinsonian_lfp_ses-69,parkinsonian,True,65.5000000000363,1.3205043538251841e-09
parkinsonian_lfp_ses-69,parkinsonian,True,66.00000000003658,1.6202407401638882e-09
parkinsonian_lfp_ses-69,parkinsonian,True,66.50000000003686,1.366448892021063e-09
parkinsonian_lfp_ses-69,parkinsonian,True,67.00000000003713,1.4287801535839519e-09
parkinsonian_lfp_ses-69,parkinsonian,True,67.5000000000374,1.3995056066643964e-09
parkinsonian_lfp_ses-69,parkinsonian,True,68.00000000003769,1.6621186696452232e-09
parkinsonian_lfp_ses-69,parkinsonian,True,68.50000000003797,1.478549374747343e-09
parkinsonian_lfp_ses-69,parkinsonian,True,69.00000000003824,1.4712351980814117e-09
parkinsonian_lfp_ses-69,parkinsonian,True,69.50000000003851,1.6616433746552426e-09
parkinsonian_lfp_ses-69,parkinsonian,True,70.0000000000388,1.6364250198537791e-09
parkinsonian_lfp_ses-69,parkinsonian,True,70.50000000003908,1.5937782045087257e-09
parkinsonian_lfp_ses-69,parkinsonian,True,71.00000000003935,1.7420847956567361e-09
parkinsonian_lfp_ses-69,parkinsonian,True,71.50000000003962,1.1655188743341285e-09
parkinsonian_lfp_ses-69,parkinsonian,True,72.0000000000399,1.3301978884194189e-09
parkinsonian_lfp_ses-69,parkinsonian,True,72.50000000004019,1.295587278745244e-09
parkinsonian_lfp_ses-69,parkinsonian,True,73.00000000004046,1.2297315372998276e-09
parkinsonian_lfp_ses-69,parkinsonian,True,73.50000000004073,1.3335995092322152e-09
parkinsonian_lfp_ses-69,parkinsonian,True,74.00000000004101,1.4191332761272597e-09
parkinsonian_lfp_ses-69,parkinsonian,True,74.5000000000413,9.81875648201728e-10
parkinsonian_lfp_ses-69,parkinsonian,True,75.00000000004157,1.5717126616971957e-09
parkinsonian_lfp_ses-69,parkinsonian,True,75.50000000004184,1.8877687954697258e-09
parkinsonian_lfp_ses-69,parkinsonian,True,76.00000000004212,1.9585596953197507e-09
parkinsonian_lfp_ses-69,parkinsonian,True,76.5000000000424,1.8581874994801987e-09
parkinsonian_lfp_ses-69,parkinsonian,True,77.00000000004268,1.4152872866214897e-09
parkinsonian_lfp_ses-69,parkinsonian,True,77.50000000004295,1.4005218233642952e-09
parkinsonian_lfp_ses-69,parkinsonian,True,78.00000000004323,1.9244817053149585e-09
parkinsonian_lfp_ses-69,parkinsonian,True,78.50000000004351,1.5781235601474082e-09
parkinsonian_lfp_ses-69,parkinsonian,True,79.00000000004378,1.1717940001777057e-09
parkinsonian_lfp_ses-69,parkinsonian,True,79.50000000004405,1.192478857971797e-09
parkinsonian_lfp_ses-69,parkinsonian,True,80.00000000004434,2.0087189347035963e-09
parkinsonian_lfp_ses-69,parkinsonian,True,80.50000000004462,1.7226547719847219e-09
parkinsonian_lfp_ses-69,parkinsonian,True,81.00000000004489,1.2736103534070608e-09
parkinsonian_lfp_ses-69,parkinsonian,True,81.50000000004516,1.3530949144401706e-09
parkinsonian_lfp_ses-69,parkinsonian,True,82.00000000004545,1.7581060036569686e-09
parkinsonian_lfp_ses-69,parkinsonian,True,82.50000000004573,1.457461574117584e-09
parkinsonian_lfp_ses-69,parkinsonian,True,83.000000000046,1.2867257982414497e-09
parkinsonian_lfp_ses-69,parkinsonian,True,83.50000000004627,1.4891841341212618e-09
parkinsonian_lfp_ses-69,parkinsonian,True,84.00000000004655,1.821467053920312e-09
parkinsonian_lfp_ses-69,parkinsonian,True,84.50000000004684,1.6043744080282135e-09
parkinsonian_lfp_ses-69,parkinsonian,True,85.00000000004711,1.286607708022134e-09
parkinsonian_lfp_ses-69,parkinsonian,True,85.50000000004738,1.5903136330695278e-09
parkinsonian_lfp_ses-69,parkinsonian,True,86.00000000004766,1.4850278936564182e-09
parkinsonian_lfp_ses-69,parkinsonian,True,86.50000000004795,1.2396056709344597e-09
parkinsonian_lfp_ses-69,parkinsonian,True,87.00000000004822,1.2838355040485003e-09
parkinsonian_lfp_ses-69,parkinsonian,True,87.50000000004849,1.3068407165712337e-09
parkinsonian_lfp_ses-69,parkinsonian,True,88.00000000004877,1.3843828268889075e-09
parkinsonian_lfp_ses-69,parkinsonian,True,88.50000000004906,1.1086477307110307e-09
parkinsonian_lfp_ses-69,parkinsonian,True,89.00000000004933,1.2805650068379426e-09
parkinsonian_lfp_ses-69,parkinsonian,True,89.5000000000496,1.3899585147898326e-09
parkinsonian_lfp_ses-69,parkinsonian,True,90.00000000004988,1.2837657412688535e-09
parkinsonian_lfp_ses-69,parkinsonian,True,90.50000000005016,1.3316998676347863e-09
parkinsonian_lfp_ses-69,parkinsonian,True,91.00000000005043,1.2966638298251777e-09
parkinsonian_lfp_ses-69,parkinsonian,True,91.5000000000507,1.6490861857469147e-09
parkinsonian_lfp_ses-69,parkinsonian,True,92.00000000005099,2.1442560261845216e-09
parkinsonian_lfp_ses-69,parkinsonian,True,92.50000000005127,1.572135993766725e-09
parkinsonian_lfp_ses-69,parkinsonian,True,93.00000000005154,1.5375539259971993e-09
parkinsonian_lfp_ses-69,parkinsonian,True,93.50000000005181,1.450791297022041e-09
parkinsonian_lfp_ses-69,parkinsonian,True,94.0000000000521,1.707101390062376e-09
parkinsonian_lfp_ses-69,parkinsonian,True,94.50000000005238,1.4451639294925188e-09
parkinsonian_lfp_ses-69,parkinsonian,True,95.00000000005265,1.458387767139472e-09
parkinsonian_lfp_ses-69,parkinsonian,True,95.50000000005292,1.4320245006110499e-09
parkinsonian_lfp_ses-69,parkinsonian,True,96.0000000000532,1.3292736857680886e-09
parkinsonian_lfp_ses-69,parkinsonian,True,96.50000000005349,1.1582750188459703e-09
parkinsonian_lfp_ses-69,parkinsonian,True,97.00000000005376,1.8084413415491895e-09
parkinsonian_lfp_ses-69,parkinsonian,True,97.50000000005403,1.530729880196802e-09
parkinsonian_lfp_ses-69,parkinsonian,True,98.00000000005431,1.0946241182533248e-09
parkinsonian_lfp_ses-69,parkinsonian,True,98.5000000000546,9.440465355492043e-10
parkinsonian_lfp_ses-69,parkinsonian,True,99.00000000005487,1.4571702449102803e-09
parkinsonian_lfp_ses-69,parkinsonian,True,99.50000000005514,1.1177928223226635e-09
parkinsonian_lfp_ses-93,parkinsonian,True,0.0,6.421752882101429e-10
parkinsonian_lfp_ses-93,parkinsonian,True,0.5000000000000551,2.8967106880350395e-09
parkinsonian_lfp_ses-93,parkinsonian,True,1.0000000000001101,3.9728320461776626e-09
parkinsonian_lfp_ses-93,parkinsonian,True,1.5000000000001652,5.361380126184493e-09
parkinsonian_lfp_ses-93,parkinsonian,True,2.0000000000002203,4.990366877289541e-09
parkinsonian_lfp_ses-93,parkinsonian,True,2.5000000000002753,5.186149765590842e-09
parkinsonian_lfp_ses-93,parkinsonian,True,3.0000000000003304,4.793413790112227e-09
parkinsonian_lfp_ses-93,parkinsonian,True,3.5000000000003855,5.439053892562406e-09
parkinsonian_lfp_ses-93,parkinsonian,True,4.0000000000004405,4.44083053376111e-09
parkinsonian_lfp_ses-93,parkinsonian,True,4.500000000000496,3.16875468695235e-09
parkinsonian_lfp_ses-93,parkinsonian,True,5.000000000000551,3.23675724425644e-09
parkinsonian_lfp_ses-93,parkinsonian,True,5.500000000000606,3.8737149515246616e-09
parkinsonian_lfp_ses-93,parkinsonian,True,6.000000000000661,3.4931466545566777e-09
parkinsonian_lfp_ses-93,parkinsonian,True,6.500000000000716,2.8176066595992676e-09
parkinsonian_lfp_ses-93,parkinsonian,True,7.000000000000771,4.002169405168051e-09
parkinsonian_lfp_ses-93,parkinsonian,True,7.500000000000826,4.3555826741510455e-09
parkinsonian_lfp_ses-93,parkinsonian,True,8.000000000000881,2.804861620486854e-09
parkinsonian_lfp_ses-93,parkinsonian,True,8.500000000000936,2.646422762799183e-09
parkinsonian_lfp_ses-93,parkinsonian,True,9.000000000000991,2.9414249708976055e-09
parkinsonian_lfp_ses-93,parkinsonian,True,9.500000000001046,3.456158127928982e-09
parkinsonian_lfp_ses-93,parkinsonian,True,10.000000000001101,2.6286230789004793e-09
parkinsonian_lfp_ses-93,parkinsonian,True,10.500000000001156,2.5376891628472133e-09
parkinsonian_lfp_ses-93,parkinsonian,True,11.000000000001211,3.1167543318027467e-09
parkinsonian_lfp_ses-93,parkinsonian,True,11.500000000001267,3.6345924743716533e-09
parkinsonian_lfp_ses-93,parkinsonian,True,12.000000000001322,3.5689158752228756e-09
parkinsonian_lfp_ses-93,parkinsonian,True,12.500000000001377,4.122795718424766e-09
parkinsonian_lfp_ses-93,parkinsonian,True,13.000000000001432,3.4324284311848925e-09
parkinsonian_lfp_ses-93,parkinsonian,True,13.500000000001487,3.2247453401520387e-09
parkinsonian_lfp_ses-93,parkinsonian,True,14.000000000001542,3.883120249903554e-09
parkinsonian_lfp_ses-93,parkinsonian,True,14.500000000001597,3.5645990648965153e-09
parkinsonian_lfp_ses-93,parkinsonian,True,15.000000000001652,3.3685365039753363e-09
parkinsonian_lfp_ses-93,parkinsonian,True,15.500000000001707,3.265797601782695e-09
parkinsonian_lfp_ses-93,parkinsonian,True,16.000000000001762,3.302000635190854e-09
parkinsonian_lfp_ses-93,parkinsonian,True,16.50000000000182,4.15278801974082e-09
parkinsonian_lfp_ses-93,parkinsonian,True,17.000000000001872,3.779899289102095e-09
parkinsonian_lfp_ses-93,parkinsonian,True,17.500000000001926,6.417905940355874e-09
parkinsonian_lfp_ses-93,parkinsonian,True,18.000000000001982,4.5890415879792374e-09
parkinsonian_lfp_ses-93,parkinsonian,True,18.50000000000204,3.5527408060607926e-09
parkinsonian_lfp_ses-93,parkinsonian,True,19.000000000002093,4.541997322998006e-09
parkinsonian_lfp_ses-93,parkinsonian,True,19.500000000002146,5.9017119025366996e-09
parkinsonian_lfp_ses-93,parkinsonian,True,20.000000000002203,6.633865303377287e-09
parkinsonian_lfp_ses-93,parkinsonian,True,20.50000000000226,4.403227570538682e-09
parkinsonian_lfp_ses-93,parkinsonian,True,21.000000000002313,3.0639633457618587e-09
parkinsonian_lfp_ses-93,parkinsonian,True,21.500000000002366,3.4794808495169343e-09
parkinsonian_lfp_ses-93,parkinsonian,True,22.000000000002423,3.644773395917311e-09
parkinsonian_lfp_ses-93,parkinsonian,True,22.50000000000248,5.20113879286306e-09
parkinsonian_lfp_ses-93,parkinsonian,True,23.000000000002533,4.7759612750404265e-09
parkinsonian_lfp_ses-93,parkinsonian,True,23.500000000002586,4.176267848615618e-09
parkinsonian_lfp_ses-93,parkinsonian,True,24.000000000002643,5.037294892950322e-09
parkinsonian_lfp_ses-93,parkinsonian,True,24.5000000000027,1.5204603844003946e-08
parkinsonian_lfp_ses-93,parkinsonian,True,25.000000000002753,3.333038755549704e-08
parkinsonian_lfp_ses-93,parkinsonian,True,25.500000000002807,4.51257199072493e-08
parkinsonian_lfp_ses-93,parkinsonian,True,26.000000000002863,2.789846419530842e-08
parkinsonian_lfp_ses-93,parkinsonian,True,26.50000000000292,1.750301770255719e-08
parkinsonian_lfp_ses-93,parkinsonian,True,27.000000000002974,1.0661644901534513e-08
parkinsonian_lfp_ses-93,parkinsonian,True,27.500000000003027,6.151233210565742e-09
parkinsonian_lfp_ses-93,parkinsonian,True,28.000000000003084,7.643421773530894e-09
parkinsonian_lfp_ses-93,parkinsonian,True,28.50000000000314,5.956639004256667e-09
parkinsonian_lfp_ses-93,parkinsonian,True,29.000000000003194,5.03161153608947e-09
parkinsonian_lfp_ses-93,parkinsonian,True,29.500000000003247,4.2111806919870875e-09
parkinsonian_lfp_ses-93,parkinsonian,True,30.000000000003304,3.902231740984161e-09
parkinsonian_lfp_ses-93,parkinsonian,True,30.50000000000336,2.9856831774606842e-09
parkinsonian_lfp_ses-93,parkinsonian,True,31.000000000003414,2.6477030041110426e-09
parkinsonian_lfp_ses-93,parkinsonian,True,31.500000000003467,2.227363058848007e-09
parkinsonian_lfp_ses-93,parkinsonian,True,32.000000000003524,2.0400494036373e-09
parkinsonian_lfp_ses-93,parkinsonian,True,32.50000000000358,2.343554149272076e-09
parkinsonian_lfp_ses-93,parkinsonian,True,33.00000000000364,2.685652331897609e-09
parkinsonian_lfp_ses-93,parkinsonian,True,33.50000000000369,2.2407636734048094e-09
parkinsonian_lfp_ses-93,parkinsonian,True,34.000000000003745,1.7251371121194643e-09
parkinsonian_lfp_ses-93,parkinsonian,True,34.5000000000038,2.103565584645369e-09
parkinsonian_lfp_ses-93,parkinsonian,True,35.00000000000385,2.2336890440031826e-09
parkinsonian_lfp_ses-93,parkinsonian,True,35.50000000000391,2.322334613424781e-09
parkinsonian_lfp_ses-93,parkinsonian,True,36.000000000003965,2.0968916545422616e-09
parkinsonian_lfp_ses-93,parkinsonian,True,36.50000000000402,1.891529235024269e-09
parkinsonian_lfp_ses-93,parkinsonian,True,37.00000000000408,1.8521122229515468e-09
parkinsonian_lfp_ses-93,parkinsonian,True,37.50000000000413,2.4403805979345796e-09
parkinsonian_lfp_ses-93,parkinsonian,True,38.000000000004185,2.4128682849562838e-09
parkinsonian_lfp_ses-93,parkinsonian,True,38.50000000000424,1.4250204474329954e-09
parkinsonian_lfp_ses-93,parkinsonian,True,39.00000000000429,1.72303249848794e-09
parkinsonian_lfp_ses-93,parkinsonian,True,39.50000000000435,1.6406228667853907e-09
parkinsonian_lfp_ses-93,parkinsonian,True,40.000000000004405,1.7059567600072887e-09
parkinsonian_lfp_ses-93,parkinsonian,True,40.50000000000446,1.16435937557507e-09
parkinsonian_lfp_ses-93,parkinsonian,True,41.00000000000452,1.5608674415510205e-09
parkinsonian_lfp_ses-93,parkinsonian,True,41.50000000000457,1.4097556813473464e-09
parkinsonian_lfp_ses-93,parkinsonian,True,42.000000000004626,1.760366968404241e-09
parkinsonian_lfp_ses-93,parkinsonian,True,42.50000000000468,1.4040533964205787e-09
parkinsonian_lfp_ses-93,parkinsonian,True,43.00000000000473,1.7236874729010564e-09
parkinsonian_lfp_ses-93,parkinsonian,True,43.50000000000479,1.8502750996653145e-09
parkinsonian_lfp_ses-93,parkinsonian,True,44.000000000004846,1.3753625357608752e-09
parkinsonian_lfp_ses-93,parkinsonian,True,44.5000000000049,1.0571352813630092e-09
parkinsonian_lfp_ses-93,parkinsonian,True,45.00000000000496,1.1757810498605735e-09
parkinsonian_lfp_ses-93,parkinsonian,True,45.50000000000501,1.2357107530219537e-09
parkinsonian_lfp_ses-93,parkinsonian,True,46.000000000005066,1.6643061709878537e-09
parkinsonian_lfp_ses-93,parkinsonian,True,46.50000000000512,1.712485461964961e-09
parkinsonian_lfp_ses-93,parkinsonian,True,47.00000000000517,2.033636275984427e-09
parkinsonian_lfp_ses-93,parkinsonian,True,47.50000000000523,1.7124086513626958e-09
parkinsonian_lfp_ses-93,parkinsonian,True,48.000000000005286,1.6153884076461429e-09
parkinsonian_lfp_ses-93,parkinsonian,True,48.50000000000534,1.4573938833608489e-09
parkinsonian_lfp_ses-93,parkinsonian,True,49.0000000000054,1.7970060400121934e-09
parkinsonian_lfp_ses-93,parkinsonian,True,49.50000000000545,2.4405753850654836e-09
parkinsonian_lfp_ses-93,parkinsonian,True,50.00000000000551,2.8893602359880875e-09
parkinsonian_lfp_ses-93,parkinsonian,True,50.50000000000556,4.077978703929195e-09
parkinsonian_lfp_ses-93,parkinsonian,True,51.00000000000561,3.6653536146536413e-09
parkinsonian_lfp_ses-93,parkinsonian,True,51.50000000000567,3.733684925218337e-09
parkinsonian_lfp_ses-93,parkinsonian,True,52.00000000000573,3.2521071360564763e-09
parkinsonian_lfp_ses-93,parkinsonian,True,52.500000000005784,2.448758004796239e-09
parkinsonian_lfp_ses-93,parkinsonian,True,53.00000000000584,2.7404126051115502e-09
parkinsonian_lfp_ses-93,parkinsonian,True,53.50000000000589,2.8446234309206175e-09
parkinsonian_lfp_ses-93,parkinsonian,True,54.00000000000595,3.931380970835151e-09
parkinsonian_lfp_ses-93,parkinsonian,True,54.500000000006004,2.5748544134828825e-09
parkinsonian_lfp_ses-93,parkinsonian,True,55.000000000006054,1.6976422230848184e-09
parkinsonian_lfp_ses-93,parkinsonian,True,55.50000000000611,1.2825679746580663e-09
parkinsonian_lfp_ses-93,parkinsonian,True,56.00000000000617,1.2975168629769405e-09
parkinsonian_lfp_ses-93,parkinsonian,True,56.500000000006224,1.583629597327778e-09
parkinsonian_lfp_ses-93,parkinsonian,True,57.00000000000628,1.5505493911856114e-09
parkinsonian_lfp_ses-93,parkinsonian,True,57.50000000000633,1.8832598824846428e-09
parkinsonian_lfp_ses-93,parkinsonian,True,58.00000000000639,2.4625171539237794e-09
parkinsonian_lfp_ses-93,parkinsonian,True,58.500000000006445,2.18846800622956e-09
parkinsonian_lfp_ses-93,parkinsonian,True,59.000000000006494,1.843306274483194e-09
parkinsonian_lfp_ses-93,parkinsonian,True,59.50000000000655,1.8729661210345665e-09
parkinsonian_lfp_ses-93,parkinsonian,True,60.00000000000661,1.4394400409109162e-09
parkinsonian_lfp_ses-93,parkinsonian,True,60.500000000006665,1.1541655625009361e-09
parkinsonian_lfp_ses-93,parkinsonian,True,61.00000000000672,1.4864461119055495e-09
parkinsonian_lfp_ses-93,parkinsonian,True,61.50000000000677,1.6919116064634517e-09
parkinsonian_lfp_ses-93,parkinsonian,True,62.00000000000683,1.8704997803634127e-09
parkinsonian_lfp_ses-93,parkinsonian,True,62.500000000006885,1.6570005101822574e-09
parkinsonian_lfp_ses-93,parkinsonian,True,63.000000000006935,1.6955695768859024e-09
parkinsonian_lfp_ses-93,parkinsonian,True,63.50000000000699,1.52256687260768e-09
parkinsonian_lfp_ses-93,parkinsonian,True,64.00000000000705,1.474325799740083e-09
parkinsonian_lfp_ses-93,parkinsonian,True,64.5000000000071,1.4181815999503684e-09
parkinsonian_lfp_ses-93,parkinsonian,True,65.00000000000716,1.7900197382645938e-09
parkinsonian_lfp_ses-93,parkinsonian,True,65.50000000000722,1.55178788460247e-09
parkinsonian_lfp_ses-93,parkinsonian,True,66.00000000000728,1.4299156626439675e-09
parkinsonian_lfp_ses-93,parkinsonian,True,66.50000000000732,1.5816026926415266e-09
parkinsonian_lfp_ses-93,parkinsonian,True,67.00000000000738,1.5870028916111289e-09
parkinsonian_lfp_ses-93,parkinsonian,True,67.50000000000743,1.3478518323653014e-09
parkinsonian_lfp_ses-93,parkinsonian,True,68.00000000000749,1.6102804475982123e-09
parkinsonian_lfp_ses-93,parkinsonian,True,68.50000000000755,1.6830725624265812e-09
parkinsonian_lfp_ses-93,parkinsonian,True,69.0000000000076,1.5264697889083378e-09
parkinsonian_lfp_ses-93,parkinsonian,True,69.50000000000766,1.647928238942511e-09
parkinsonian_lfp_ses-93,parkinsonian,True,70.0000000000077,1.2079851716794255e-09
parkinsonian_lfp_ses-93,parkinsonian,True,70.50000000000776,1.225355516373251e-09
parkinsonian_lfp_ses-93,parkinsonian,True,71.00000000000782,1.482053784829763e-09
parkinsonian_lfp_ses-93,parkinsonian,True,71.50000000000787,1.3315063247518123e-09
parkinsonian_lfp_ses-93,parkinsonian,True,72.00000000000793,8.631035358008028e-10
parkinsonian_lfp_ses-93,parkinsonian,True,72.50000000000799,1.260246934560941e-09
parkinsonian_lfp_ses-93,parkinsonian,True,73.00000000000804,1.7472629441478933e-09
parkinsonian_lfp_ses-93,parkinsonian,True,73.5000000000081,1.745870701092469e-09
parkinsonian_lfp_ses-93,parkinsonian,True,74.00000000000816,1.499346209647706e-09
parkinsonian_lfp_ses-93,parkinsonian,True,74.5000000000082,1.5815770189470328e-09
parkinsonian_lfp_ses-93,parkinsonian,True,75.00000000000826,1.7023572074784235e-09
parkinsonian_lfp_ses-93,parkinsonian,True,75.50000000000831,1.8364632571284766e-09
parkinsonian_lfp_ses-93,parkinsonian,True,76.00000000000837,2.2393573698324013e-09
parkinsonian_lfp_ses-93,parkinsonian,True,76.50000000000843,1.7651755977718934e-09
parkinsonian_lfp_ses-93,parkinsonian,True,77.00000000000848,1.7968073730418121e-09
parkinsonian_lfp_ses-93,parkinsonian,True,77.50000000000854,1.3864271610132736e-09
parkinsonian_lfp_ses-93,parkinsonian,True,78.00000000000858,1.0781876429527972e-09
parkinsonian_lfp_ses-93,parkinsonian,True,78.50000000000864,1.0840543684586923e-09
parkinsonian_lfp_ses-93,parkinsonian,True,79.0000000000087,1.7257795166754436e-09
parkinsonian_lfp_ses-93,parkinsonian,True,79.50000000000875,1.7794002988315197e-09
parkinsonian_lfp_ses-93,parkinsonian,True,80.00000000000881,1.72361892839931e-09
parkinsonian_lfp_ses-93,parkinsonian,True,80.50000000000887,1.6731529304577981e-09
parkinsonian_lfp_ses-93,parkinsonian,True,81.00000000000892,1.3176816869172706e-09
parkinsonian_lfp_ses-93,parkinsonian,True,81.50000000000898,1.2856334937545222e-09
parkinsonian_lfp_ses-93,parkinsonian,True,82.00000000000904,1.1803516346627664e-09
parkinsonian_lfp_ses-93,parkinsonian,True,82.50000000000908,1.1860348696691758e-09
parkinsonian_lfp_ses-93,parkinsonian,True,83.00000000000914,1.4349121646491881e-09
parkinsonian_lfp_ses-93,parkinsonian,True,83.5000000000092,1.3874922101544942e-09
parkinsonian_lfp_ses-93,parkinsonian,True,84.00000000000925,1.5899347879497168e-09
parkinsonian_lfp_ses-93,parkinsonian,True,84.50000000000931,1.376701834969325e-09
parkinsonian_lfp_ses-93,parkinsonian,True,85.00000000000936,1.6857635050191962e-09
parkinsonian_lfp_ses-93,parkinsonian,True,85.50000000000942,1.545119569866235e-09
parkinsonian_lfp_ses-93,parkinsonian,True,86.00000000000946,1.4711414871392769e-09
parkinsonian_lfp_ses-93,parkinsonian,True,86.50000000000952,1.5122758859562018e-09
parkinsonian_lfp_ses-93,parkinsonian,True,87.00000000000958,1.4069589473385095e-09
parkinsonian_lfp_ses-93,parkinsonian,True,87.50000000000963,1.8433374499173065e-09
parkinsonian_lfp_ses-93,parkinsonian,True,88.00000000000969,2.1538151903182133e-09
parkinsonian_lfp_ses-93,parkinsonian,True,88.50000000000975,1.615902081049964e-09
parkinsonian_lfp_ses-93,parkinsonian,True,89.0000000000098,1.2979518615309846e-09
parkinsonian_lfp_ses-93,parkinsonian,True,89.50000000000986,1.3592643575894568e-09
parkinsonian_lfp_ses-93,parkinsonian,True,90.00000000000992,1.2737498723171142e-09
parkinsonian_lfp_ses-93,parkinsonian,True,90.50000000000996,1.3542663885982363e-09
parkinsonian_lfp_ses-93,parkinsonian,True,91.00000000001002,1.705939318754356e-09
parkinsonian_lfp_ses-93,parkinsonian,True,91.50000000001008,1.6317696113714753e-09
parkinsonian_lfp_ses-93,parkinsonian,True,92.00000000001013,1.2335946747283768e-09
parkinsonian_lfp_ses-93,parkinsonian,True,92.50000000001019,1.0189637389413355e-09
parkinsonian_lfp_ses-93,parkinsonian,True,93.00000000001025,9.466902168680313e-10
parkinsonian_lfp_ses-93,parkinsonian,True,93.5000000000103,1.177396475138489e-09
parkinsonian_lfp_ses-93,parkinsonian,True,94.00000000001035,1.2130435115970822e-09
parkinsonian_lfp_ses-93,parkinsonian,True,94.5000000000104,1.2327655051600628e-09
parkinsonian_lfp_ses-93,parkinsonian,True,95.00000000001046,1.1052466711370025e-09
parkinsonian_lfp_ses-93,parkinsonian,True,95.50000000001052,1.0427846952047207e-09
parkinsonian_lfp_ses-93,parkinsonian,True,96.00000000001057,1.2014298674451407e-09
parkinsonian_lfp_ses-93,parkinsonian,True,96.50000000001063,1.1738066270423628e-09
parkinsonian_lfp_ses-93,parkinsonian,True,97.00000000001069,8.861542072949159e-10
parkinsonian_lfp_ses-93,parkinsonian,True,97.50000000001074,1.0915741051986087e-09
parkinsonian_lfp_ses-93,parkinsonian,True,98.0000000000108,1.2656495661126467e-09
parkinsonian_lfp_ses-93,parkinsonian,True,98.50000000001084,1.3388083721902515e-09
parkinsonian_lfp_ses-93,parkinsonian,True,99.0000000000109,1.222886108257415e-09
parkinsonian_lfp_ses-93,parkinsonian,True,99.50000000001096,1.0841235674005801e-09
