session_id,session_uuid,asset_path,subject_id,lab,institution,sex,age_days,weight_kg,session_start_time,protocol,n_probes,n_trials,n_units,n_good_units,task_duration_s,regions
CSH-ZAD-001_3e7ae7c0,3e7ae7c0-fe8b-487c-9354-036236fa1010,sub-CSH-ZAD-001/sub-CSH-ZAD-001_ses-3e7ae7c0-fe8b-487c-9354-036236fa1010_desc-processed_behavior+ecephys.nwb,CSH_ZAD_001,zadorlab,Cold Spring Harbor Laboratory,F,275,0.02237 kg,2020-01-16T15:53:21.500926-05:00,_iblrig_tasks_ephysChoiceWorld6.2.5,1,854,519,50,4374.211972438055,FF;MB;MRN;PRC;SNc;SNr;SPFp;TH;V3;VTA;chpl;cpd;hbc;pc;root
CSH-ZAD-011_03cf52f6,03cf52f6-fba6-4743-a42e-dd1ac3072343,sub-CSH-ZAD-011/sub-CSH-ZAD-011_ses-03cf52f6-fba6-4743-a42e-dd1ac3072343_desc-processed_behavior+ecephys.nwb,CSH_ZAD_011,zadorlab,Cold Spring Harbor Laboratory,F,187,0.02027 kg,2020-03-22T12:56:40-04:00,_iblrig_tasks_ephysChoiceWorld6.4.0,2,415,1341,119,3112.984305468959,DG-mo;DT;HPF;MB;MRN;POL;POST;SCig;SCiw;SUB;TH;VISp1;VISp2/3;VISp4;VISp5;VISp6a;VISp6b;alv;bsc;cpd;dhc;fiber tracts;fp;or;root;scwm
CSH-ZAD-011_5b44c40f,5b44c40f-80f4-44fb-abfb-c7f19e27a6ca,sub-CSH-ZAD-011/sub-CSH-ZAD-011_ses-5b44c40f-80f4-44fb-abfb-c7f19e27a6ca_desc-processed_behavior+ecephys.nwb,CSH_ZAD_011,zadorlab,Cold Spring Harbor Laboratory,F,186,0.02027 kg,2020-03-21T14:17:23-04:00,_iblrig_tasks_ephysChoiceWorld6.4.0,2,591,1927,134,3971.166456095388,ENTm1;HPF;ICe;MB;P;PAR;POST;PPN;PRE;SAG;SUT;VISp4;VISp5;VISp6a;VISp6b;bic;dhc;fp;ll;or;root
CSH-ZAD-011_da188f2c,da188f2c-553c-4e04-879b-c9ea2d1b9a93,sub-CSH-ZAD-011/sub-CSH-ZAD-011_ses-da188f2c-553c-4e04-879b-c9ea2d1b9a93_desc-processed_behavior+ecephys.nwb,CSH_ZAD_011,zadorlab,Cold Spring Harbor Laboratory,F,188,0.02027 kg,2020-03-23T12:58:00-04:00,_iblrig_tasks_ephysChoiceWorld6.4.0,2,927,2019,205,4502.228739932813,CA1;CA3;DG-mo;DG-po;DG-sg;ENTm6;HATA;MB;MRN;ProS;RSPagl6a;RSPv1;RSPv2/3;RSPv5;RSPv6a;SCdg;SCig;SCiw;SCop;SCsg;VISpm1;VISpm2/3
CSH-ZAD-019_49e0ab27,49e0ab27-827a-4c91-bcaa-97eea27a1b8d,sub-CSH-ZAD-019/sub-CSH-ZAD-019_ses-49e0ab27-827a-4c91-bcaa-97eea27a1b8d_desc-processed_behavior+ecephys.nwb,CSH_ZAD_019,zadorlab,Cold Spring Harbor Laboratory,F,280,0.023 kg,2020-08-18T07:41:02-04:00,_iblrig_tasks_ephysChoiceWorld6.4.1,2,884,1689,141,3993.6865785150103,APN;CA1;DG-mo;DG-sg;FC;MB;MRN;POL;PRC;RSPagl6a;RSPagl6b;RSPd2/3;RSPd5;RSPd6a;RSPv5;RSPv6a;SCO;TH;V3;alv;ccb;ccs;chpl;cing;dhc;hbc;root
CSH-ZAD-019_5adab0b7,5adab0b7-dfd0-467d-b09d-43cb7ca5d59c,sub-CSH-ZAD-019/sub-CSH-ZAD-019_ses-5adab0b7-dfd0-467d-b09d-43cb7ca5d59c_desc-processed_behavior+ecephys.nwb,CSH_ZAD_019,zadorlab,Cold Spring Harbor Laboratory,F,278,0.023 kg,2020-08-16T07:39:40-04:00,_iblrig_tasks_ephysChoiceWorld6.4.1,2,672,2013,318,3438.3013942223997,CA3;DG-mo;DG-sg;LD;LH;MD;MOp2/3;MOp5;MOp6a;MOp6b;PO;SEZ;VAL;VL;VPL;VPM;ZI;alv;ccb;chpl;cing;fi;nst;root;sm
CSH-ZAD-019_7f6b86f9,7f6b86f9-879a-4ea2-8531-294a221af5d0,sub-CSH-ZAD-019/sub-CSH-ZAD-019_ses-7f6b86f9-879a-4ea2-8531-294a221af5d0_desc-processed_behavior+ecephys.nwb,CSH_ZAD_019,zadorlab,Cold Spring Harbor Laboratory,F,276,0.023 kg,2020-08-14T11:36:42-04:00,_iblrig_tasks_ephysChoiceWorld6.4.1,2,1013,2136,197,5057.506552611476,APN;CA1;DG-mo;DG-sg;MB;NOT;PPT;ProS;VISa1;VISa2/3;VISa4;VISa5;VISa6a;VISa6b;VISam6a;VISam6b;alv;bsc;ccs;fp;or;root
CSH-ZAD-019_edd22318,edd22318-216c-44ff-bc24-49ce8be78374,sub-CSH-ZAD-019/sub-CSH-ZAD-019_ses-edd22318-216c-44ff-bc24-49ce8be78374_desc-processed_behavior+ecephys.nwb,CSH_ZAD_019,zadorlab,Cold Spring Harbor Laboratory,F,281,0.023 kg,2020-08-19T11:31:40-04:00,_iblrig_tasks_ephysChoiceWorld6.4.1,2,891,1513,142,3907.9828119718672,APN;CA1;DG-mo;DG-sg;FC;HPF;MB;MRN;NPC;RSPd2/3;RSPd5;RSPd6a;RSPd6b;SNr;V3;ccs;chpl;cing;dhc;ml;pc;root
CSH-ZAD-022_1eac875c,1eac875c-feaa-4a30-b148-059b954b11d8,sub-CSH-ZAD-022/sub-CSH-ZAD-022_ses-1eac875c-feaa-4a30-b148-059b954b11d8_desc-processed_behavior+ecephys.nwb,CSH_ZAD_022,zadorlab,Cold Spring Harbor Laboratory,M,190,0.03209000000000001 kg,2020-05-20T13:26:28-04:00,_iblrig_tasks_ephysChoiceWorld6.4.0,1,1253,986,140,5377.169254727045,DCO;DN;IP;SIM;arb
CSH-ZAD-022_41431f53,41431f53-69fd-4e3b-80ce-ea62e03bf9c7,sub-CSH-ZAD-022/sub-CSH-ZAD-022_ses-41431f53-69fd-4e3b-80ce-ea62e03bf9c7_desc-processed_behavior+ecephys.nwb,CSH_ZAD_022,zadorlab,Cold Spring Harbor Laboratory,M,191,0.03209000000000001 kg,2020-05-21T13:18:46-04:00,_iblrig_tasks_ephysChoiceWorld6.4.0,2,570,2564,289,3706.7313295368226,"CB;CENT3;CUL4, 5;ENTm2;ENTm3;ENTm5;ENTm6;HPF;IP;IRN;MV;MY;NTS;PAR;VISp1;VISp2/3;VISp4;VISp5;VISp6a;VISp6b;VeCB;arb;dhc;fp;or"
CSH-ZAD-022_6a601cc5,6a601cc5-7b79-4c75-b0e8-552246532f82,sub-CSH-ZAD-022/sub-CSH-ZAD-022_ses-6a601cc5-7b79-4c75-b0e8-552246532f82_desc-processed_behavior+ecephys.nwb,CSH_ZAD_022,zadorlab,Cold Spring Harbor Laboratory,M,195,0.03209000000000001 kg,2020-05-25T14:00:55-04:00,_iblrig_tasks_ephysChoiceWorld6.4.0,2,827,2055,268,3431.874065554187,APN;CA1;CS;HPF;MB;MRN;NOT;P;PAG;PRNc;ProS;RN;Su3;TRN;VISam1;VISam2/3;VISam4;VISam5;VISam6a;VISam6b;alv;cing;dhc;dscp;fp;mlf;root
CSH-ZAD-022_8db36de1,8db36de1-8f17-4446-b527-b5d91909b45a,sub-CSH-ZAD-022/sub-CSH-ZAD-022_ses-8db36de1-8f17-4446-b527-b5d91909b45a_desc-processed_behavior+ecephys.nwb,CSH_ZAD_022,zadorlab,Cold Spring Harbor Laboratory,M,189,0.03209000000000001 kg,2020-05-19T14:45:35-04:00,_iblrig_tasks_ephysChoiceWorld6.4.0,1,1440,1611,136,6657.973760001432,"CB;CENT3;CUL4, 5;IP;IRN;MV;MY;NTS;VeCB;arb"
CSH-ZAD-022_90e74228,90e74228-fd1a-482f-bd56-05dbad132861,sub-CSH-ZAD-022/sub-CSH-ZAD-022_ses-90e74228-fd1a-482f-bd56-05dbad132861_desc-processed_behavior+ecephys.nwb,CSH_ZAD_022,zadorlab,Cold Spring Harbor Laboratory,M,196,0.03209000000000001 kg,2020-05-26T13:52:57.538585-04:00,_iblrig_tasks_ephysChoiceWorld6.4.0,1,971,685,85,4915.630917977512,HY;LH;LHA;LM;MB;PF;TH;VPMpc;fr;root
CSH-ZAD-022_a66f1593,a66f1593-dafd-4982-9b66-f9554b6c86b5,sub-CSH-ZAD-022/sub-CSH-ZAD-022_ses-a66f1593-dafd-4982-9b66-f9554b6c86b5_desc-processed_behavior+ecephys.nwb,CSH_ZAD_022,zadorlab,Cold Spring Harbor Laboratory,M,193,0.03209000000000001 kg,2020-05-23T12:31:58.311253-04:00,_iblrig_tasks_ephysChoiceWorld6.4.0,2,657,1846,214,5337.808348479049,APN;CA1;CLI;CS;DG-mo;DG-sg;EW;MB;MRN;NOT;P;PAG;PRNr;TRN;VISam2/3;VISam4;VISam5;VISam6a;VISam6b;alv;cst;dscp;fp;or;root
CSH-ZAD-022_a82800ce,a82800ce-f4e3-4464-9b80-4c3d6fade333,sub-CSH-ZAD-022/sub-CSH-ZAD-022_ses-a82800ce-f4e3-4464-9b80-4c3d6fade333_desc-processed_behavior+ecephys.nwb,CSH_ZAD_022,zadorlab,Cold Spring Harbor Laboratory,M,194,0.03209000000000001 kg,2020-05-24T07:44:56-04:00,_iblrig_tasks_ephysChoiceWorld6.4.0,2,672,1576,219,3803.983126309854,APN;CA1;CA3;COApm;DG-mo;DG-sg;HPF;LGd-co;LGd-ip;LGd-sh;MB;PA;TH;VISa1;VISa2/3;VISa4;VISa5;VISa6a;VISam5;VISam6a;ZI;alv;ar;bsc;cing;cpd;fp;root;scwm
CSH-ZAD-022_b81e3e11,b81e3e11-9a60-4114-b894-09f85074d9c3,sub-CSH-ZAD-022/sub-CSH-ZAD-022_ses-b81e3e11-9a60-4114-b894-09f85074d9c3_desc-processed_behavior+ecephys.nwb,CSH_ZAD_022,zadorlab,Cold Spring Harbor Laboratory,M,197,0.03209000000000001 kg,2020-05-27T12:58:18-04:00,_iblrig_tasks_ephysChoiceWorld6.4.0,1,1074,609,36,4802.270986341906,MB;MMl;PAG;PRC;SCO;SUM;V3;fr;hbc;mfb
CSH-ZAD-024_8207abc6,8207abc6-6b23-4762-92b4-82e05bed5143,sub-CSH-ZAD-024/sub-CSH-ZAD-024_ses-8207abc6-6b23-4762-92b4-82e05bed5143_desc-processed_behavior+ecephys.nwb,CSH_ZAD_024,zadorlab,Cold Spring Harbor Laboratory,M,209,0.03198 kg,2020-06-08T12:12:38-04:00,_iblrig_tasks_ephysChoiceWorld6.4.0,2,751,2522,380,5947.518728246029,ACB;AON;CP;FRP6a;MOs2/3;MOs5;MOs6a;OLF;ORBvl1;ORBvl2/3;ORBvl5;ORBvl6a;OT;SI;STR;fa
CSH-ZAD-025_20c112a1,20c112a1-8a42-44e0-a4cd-e5b932f7bda9,sub-CSH-ZAD-025/sub-CSH-ZAD-025_ses-20c112a1-8a42-44e0-a4cd-e5b932f7bda9_desc-processed_behavior+ecephys.nwb,CSH_ZAD_025,zadorlab,Cold Spring Harbor Laboratory,M,117,0.02289 kg,2020-07-26T08:42:16-04:00,_iblrig_tasks_ephysChoiceWorld6.4.0,2,636,2793,276,3034.5197785374,AMBv;CB;COPY;DCO;IP;IRN;LIN;LRNm;MY;PARN;PGRNl;SIM;SPIV;SPVI;arb;x
CSH-ZAD-025_280ee768,280ee768-f7b8-4c6c-9ea0-48ca75d6b6f3,sub-CSH-ZAD-025/sub-CSH-ZAD-025_ses-280ee768-f7b8-4c6c-9ea0-48ca75d6b6f3_desc-processed_behavior+ecephys.nwb,CSH_ZAD_025,zadorlab,Cold Spring Harbor Laboratory,M,126,0.02289 kg,2020-08-04T08:06:38-04:00,_iblrig_tasks_ephysChoiceWorld6.4.1,2,888,1393,112,4751.431574513991,CA1;CA2;CA3;CP;SSp-bfd2/3;SSp-bfd4;SSp-bfd5;SSp-bfd6a;SSs6a;SSs6b;VL;alv;chpl;fi;fiber tracts;fp;or;root;scwm
CSH-ZAD-025_549caacc,549caacc-3bd7-40f1-913d-e94141816547,sub-CSH-ZAD-025/sub-CSH-ZAD-025_ses-549caacc-3bd7-40f1-913d-e94141816547_desc-processed_behavior+ecephys.nwb,CSH_ZAD_025,zadorlab,Cold Spring Harbor Laboratory,M,118,0.02289 kg,2020-07-27T07:57:45-04:00,_iblrig_tasks_ephysChoiceWorld6.4.0,2,407,2736,210,3489.777736054699,AMBv;INC;IP;IRN;LRNm;MB;MRN;MY;NOT;NTS;PARN;PGRNl;RSPagl2/3;RSPagl5;RSPagl6a;RSPagl6b;RSPv1;RSPv2/3;RSPv5;RSPv6a;SCig;SCiw;SPIV;SPVI;SUV;cing;fp;x
CSH-ZAD-025_6274dda8,6274dda8-3a59-4aa1-95f8-a8a549c46a26,sub-CSH-ZAD-025/sub-CSH-ZAD-025_ses-6274dda8-3a59-4aa1-95f8-a8a549c46a26_desc-processed_behavior+ecephys.nwb,CSH_ZAD_025,zadorlab,Cold Spring Harbor Laboratory,M,121,0.02289 kg,2020-07-30T07:59:56-04:00,_iblrig_tasks_ephysChoiceWorld6.4.0,2,781,3011,376,3904.6859946361965,HPF;PAG;PAR;POST;PRE;RSPagl2/3;RSPagl5;RSPd2/3;RSPd5;RSPv1;RSPv2/3;SCdg;SCdw;SCig;SCiw;SCop;SCsg;SCzo;VISp4;VISp5;VISp6a;VISp6b;VISpm2/3;dhc;fp;or
CSH-ZAD-025_90c61c38,90c61c38-b9fd-4cc3-9795-29160d2f8e55,sub-CSH-ZAD-025/sub-CSH-ZAD-025_ses-90c61c38-b9fd-4cc3-9795-29160d2f8e55_desc-processed_behavior+ecephys.nwb,CSH_ZAD_025,zadorlab,Cold Spring Harbor Laboratory,M,122,0.02289 kg,2020-07-31T07:40:38-04:00,_iblrig_tasks_ephysChoiceWorld6.4.1,1,804,1532,116,3636.990023908997,MB;MRN;PAG;RSPagl6a;RSPd1;RSPd2/3;RSPd5;RSPd6a;RSPv1;SCdg;SCig;SCiw;SCop;SCsg;SCzo;VISp1;VISp2/3;VISp4;VISp5;VISp6a;scp
CSH-ZAD-025_c557324b,c557324b-b95d-414c-888f-6ee1329a2329,sub-CSH-ZAD-025/sub-CSH-ZAD-025_ses-c557324b-b95d-414c-888f-6ee1329a2329_desc-processed_behavior+ecephys.nwb,CSH_ZAD_025,zadorlab,Cold Spring Harbor Laboratory,M,134,0.02289 kg,2020-08-12T13:20:22.874103-04:00,_iblrig_tasks_ephysChoiceWorld6.4.1,2,1053,2091,325,4412.733770177047,CA1;CA3;DG-mo;DG-sg;HATA;HPF;HY;LH;LP;MB;PA;PF;PO;RSPagl1;RSPagl2/3;RSPagl5;RSPagl6a;RSPagl6b;SPA;VPL;VPM;ZI;alv;ccb;cing;cpd;fr
CSH-ZAD-025_ff48aa1d,ff48aa1d-ef30-4903-ac34-8c41b738c1b9,sub-CSH-ZAD-025/sub-CSH-ZAD-025_ses-ff48aa1d-ef30-4903-ac34-8c41b738c1b9_desc-processed_behavior+ecephys.nwb,CSH_ZAD_025,zadorlab,Cold Spring Harbor Laboratory,M,125,0.02289 kg,2020-08-03T13:31:08-04:00,_iblrig_tasks_ephysChoiceWorld6.4.1,1,945,1400,261,4365.328199384916,AUDd5;AUDd6a;AUDv6a;ECT5;ENTl3;PERI5;SSp-bfd1;SSp-bfd2/3;SSp-bfd4;SSs4;SSs5;TEa6a
CSH-ZAD-026_15763234,15763234-d21e-491f-a01b-1238eb96d389,sub-CSH-ZAD-026/sub-CSH-ZAD-026_ses-15763234-d21e-491f-a01b-1238eb96d389_desc-processed_behavior+ecephys.nwb,CSH_ZAD_026,zadorlab,Cold Spring Harbor Laboratory,M,157,0.02947 kg,2020-09-04T08:15:40-04:00,_iblrig_tasks_ephysChoiceWorld6.4.1,1,894,910,172,4809.090001546018,CA1;CA2;CA3;LD;PO;SSp-tr2/3;SSp-tr4;SSp-tr5;SSp-tr6a;SSp-tr6b;alv;ccb;scwm
CSH-ZAD-026_5d01d14e,5d01d14e-aced-4465-8f8e-9a1c674f62ec,sub-CSH-ZAD-026/sub-CSH-ZAD-026_ses-5d01d14e-aced-4465-8f8e-9a1c674f62ec_desc-processed_behavior+ecephys.nwb,CSH_ZAD_026,zadorlab,Cold Spring Harbor Laboratory,M,136,0.02947 kg,2020-08-14T08:16:11-04:00,_iblrig_tasks_ephysChoiceWorld6.4.1,2,555,2227,320,4120.095505302186,CP;DG-mo;DG-sg;DT;MB;MRN;OLF;PIR;ProS;SCig;SSp-m6a;SSp-m6b;STR;SUB;VISp1;VISp2/3;VISp4;VISp5;VISp6a;VISp6b;alv;bsc;ccb;fp;or;root
CSH-ZAD-026_626126d5,626126d5-eecf-4e9b-900e-ec29a17ece07,sub-CSH-ZAD-026/sub-CSH-ZAD-026_ses-626126d5-eecf-4e9b-900e-ec29a17ece07_desc-processed_behavior+ecephys.nwb,CSH_ZAD_026,zadorlab,Cold Spring Harbor Laboratory,M,140,0.02947 kg,2020-08-18T13:33:19-04:00,_iblrig_tasks_ephysChoiceWorld6.4.1,2,972,1969,249,4504.02677534594,CP;CTXsp;EPv;LSr;LSv;MOp1;MOp2/3;MOp5;MOp6a;MOp6b;PIR;SSp-m6b;STR;VL;ccb;ccg;cing;scwm
CSH-ZAD-026_81a78eac,81a78eac-9d36-4f90-a73a-7eb3ad7f770b,sub-CSH-ZAD-026/sub-CSH-ZAD-026_ses-81a78eac-9d36-4f90-a73a-7eb3ad7f770b_desc-processed_behavior+ecephys.nwb,CSH_ZAD_026,zadorlab,Cold Spring Harbor Laboratory,M,139,0.02947 kg,2020-08-17T08:20:00-04:00,_iblrig_tasks_ephysChoiceWorld6.4.1,2,1103,2148,309,4436.953630745613,ACB;AId6a;AIv6a;CLA;CP;EPd;MOp1;MOp2/3;MOp5;MOp6a;MOs6a;MOs6b;OLF;PIR;aco;fa;scwm
CSH-ZAD-026_b69b86be,b69b86be-af7d-4ecf-8cbf-0cd356afa1bd,sub-CSH-ZAD-026/sub-CSH-ZAD-026_ses-b69b86be-af7d-4ecf-8cbf-0cd356afa1bd_desc-processed_behavior+ecephys.nwb,CSH_ZAD_026,zadorlab,Cold Spring Harbor Laboratory,M,141,0.02947 kg,2020-08-19T14:53:39-04:00,_iblrig_tasks_ephysChoiceWorld6.4.1,2,462,1934,367,4017.592904811142,CLI;CP;CS;III;MB;MOp1;MOp2/3;MOp5;MOp6a;MRN;MY;PAG;Su3;TRN;ccb;dscp;ml;mlf;mtg;py;scwm;tb
CSH-ZAD-026_e56541a5,e56541a5-a6d5-4750-b1fe-f6b5257bfe7c,sub-CSH-ZAD-026/sub-CSH-ZAD-026_ses-e56541a5-a6d5-4750-b1fe-f6b5257bfe7c_desc-processed_behavior+ecephys.nwb,CSH_ZAD_026,zadorlab,Cold Spring Harbor Laboratory,M,137,0.02947 kg,2020-08-15T07:52:05-04:00,_iblrig_tasks_ephysChoiceWorld6.4.1,2,583,2199,309,3749.3922590230486,CP;EPd;MOp2/3;MOp5;MOp6a;MOp6b;OLF;PIR;SSp-m4;SSp-m5;SSp-m6a;SSp-m6b;SSp-ul2/3;SSp-ul4;ccb;ccg;ec;scwm
CSH-ZAD-029_1ec23a70,1ec23a70-b94b-4e9c-a0df-8c2151da3761,sub-CSH-ZAD-029/sub-CSH-ZAD-029_ses-1ec23a70-b94b-4e9c-a0df-8c2151da3761_desc-processed_behavior+ecephys.nwb,CSH_ZAD_029,zadorlab,Cold Spring Harbor Laboratory,M,166,0.024730000000000002 kg,2020-09-13T07:52:15-04:00,_iblrig_tasks_ephysChoiceWorld6.4.2,2,1194,2828,259,5037.785977425724,CA1;CA3;DG-mo;DG-po;DG-sg;ENTl2;ENTl3;ENTl5;ENTl6a;TEa5;TEa6a;TEa6b;VISl1;VISl2/3;VISl4;VISl5;VISl6a;VISl6b;VISli5;VISli6a;alv;ar;ec;fp;or
CSH-ZAD-029_5522ac4b,5522ac4b-0e41-4c53-836a-aaa17e82b9eb,sub-CSH-ZAD-029/sub-CSH-ZAD-029_ses-5522ac4b-0e41-4c53-836a-aaa17e82b9eb_desc-processed_behavior+ecephys.nwb,CSH_ZAD_029,zadorlab,Cold Spring Harbor Laboratory,M,168,0.024730000000000002 kg,2020-09-15T10:17:26-04:00,_iblrig_tasks_ephysChoiceWorld6.4.2,2,1139,1715,265,4452.069507036347,APN;MB;MPT;MRN;MT;NOT;NPC;OP;PAG;PPT;RN;RSPd2/3;RSPd5;RSPd6a;RSPv1;RSPv2/3;RSPv5;RSPv6a;SCig;SCiw;SCop;SCsg;SCzo;SNr;SUB;pc;root
CSH-ZAD-029_993c7024,993c7024-0abc-4028-ad30-d397ad55b084,sub-CSH-ZAD-029/sub-CSH-ZAD-029_ses-993c7024-0abc-4028-ad30-d397ad55b084_desc-processed_behavior+ecephys.nwb,CSH_ZAD_029,zadorlab,Cold Spring Harbor Laboratory,M,169,0.024730000000000002 kg,2020-09-16T08:11:47-04:00,_iblrig_tasks_ephysChoiceWorld6.4.2,2,1091,2146,347,4161.338673835547,CLI;CS;III;MB;MRN;ND;PAG;PG;RSPd5;RSPv1;RSPv2/3;RSPv5;SCdg;SCdw;SCig;SCiw;SCop;SCsg;SCzo;Su3;TRN;dscp;ml;mlf;mtg;tspc
CSH-ZAD-029_c7bd79c9,c7bd79c9-c47e-4ea5-aea3-74dda991b48e,sub-CSH-ZAD-029/sub-CSH-ZAD-029_ses-c7bd79c9-c47e-4ea5-aea3-74dda991b48e_desc-processed_behavior+ecephys.nwb,CSH_ZAD_029,zadorlab,Cold Spring Harbor Laboratory,M,172,0.024730000000000002 kg,2020-09-19T08:16:08-04:00,_iblrig_tasks_ephysChoiceWorld6.4.2,2,1213,1956,237,4700.717220104356,AV;BMAa;CEAc;CP;LD;OLF;PAA;SSp-ll1;SSp-ll2/3;SSp-ll4;SSp-ll5;SSp-ll6a;SSp-ll6b;STR;VAL;VL;ccb;chpl;fi;root;scwm
CSH-ZAD-029_e349a2e7,e349a2e7-50a3-47ca-bc45-20d1899854ec,sub-CSH-ZAD-029/sub-CSH-ZAD-029_ses-e349a2e7-50a3-47ca-bc45-20d1899854ec_desc-processed_behavior+ecephys.nwb,CSH_ZAD_029,zadorlab,Cold Spring Harbor Laboratory,M,164,0.024730000000000002 kg,2020-09-11T08:30:36-04:00,_iblrig_tasks_ephysChoiceWorld6.4.2,2,1022,2377,198,4235.490433128108,"APr;CB;CUL4, 5;ENTm1;ENTm2;ENTm3;ENTm5;HPF;MB;PB;RSPagl5;RSPd1;RSPd2/3;RSPd5;SUT;V;VISp1;VISp2/3;VISp4;VISp5;VISp6a;VISpl5;VISpl6a;arb;bic;ec;ll;root;sctv"
CSH-ZAD-029_fcd49e34,fcd49e34-f07b-441c-b2ac-cb8c462ec5ac,sub-CSH-ZAD-029/sub-CSH-ZAD-029_ses-fcd49e34-f07b-441c-b2ac-cb8c462ec5ac_desc-processed_behavior+ecephys.nwb,CSH_ZAD_029,zadorlab,Cold Spring Harbor Laboratory,M,167,0.024730000000000002 kg,2020-09-14T08:08:05-04:00,_iblrig_tasks_ephysChoiceWorld6.4.2,2,1279,3140,304,4895.832609883648,AUDpo6a;AUDpo6b;CA1;DG-mo;DG-po;DG-sg;ENTl3;ENTl5;ENTl6a;ProS;TEa6a;VISl6a;VISl6b;VISp2/3;VISp4;VISp5;VISp6a;alv;ar;ec;fp;or
CSH-ZAD-029_fece187f,fece187f-b47f-4870-a1d6-619afe942a7d,sub-CSH-ZAD-029/sub-CSH-ZAD-029_ses-fece187f-b47f-4870-a1d6-619afe942a7d_desc-processed_behavior+ecephys.nwb,CSH_ZAD_029,zadorlab,Cold Spring Harbor Laboratory,M,170,0.024730000000000002 kg,2020-09-17T11:15:31-04:00,_iblrig_tasks_ephysChoiceWorld6.4.2,2,1525,2129,306,6010.960797495447,ACVII;CP;IRN;MB;P;PAG;PRNc;RT;SSp-bfd1;SSp-bfd2/3;SSp-bfd4;SSp-bfd5;SSp-bfd6a;SSp-bfd6b;VII;ccb;em;fi;fiber tracts;or;root;scp;scwm;st
CSHL045_034e726f,034e726f-b35f-41e0-8d6c-a22cc32391fb,sub-CSHL045/sub-CSHL045_ses-034e726f-b35f-41e0-8d6c-a22cc32391fb_desc-processed_behavior+ecephys.nwb,CSHL045,churchlandlab,Cold Spring Harbor Laboratory,M,202,0.02485 kg,2020-02-24T14:41:02-05:00,_iblrig_tasks_ephysChoiceWorld6.2.5,2,589,1346,140,2770.290493228195,AV;CA1;CA3;DG-mo;LD;LGd-co;LGd-sh;LHA;MEA;PAL;RT;TH;VAL;VISrl1;VISrl2/3;VISrl4;VISrl5;VISrl6a;VISrl6b;VL;ZI;ar;bsc;fi;fiber tracts;fp;int;nst;opt;or;root
CSHL045_46794e05,46794e05-3f6a-4d35-afb3-9165091a5a74,sub-CSHL045/sub-CSHL045_ses-46794e05-3f6a-4d35-afb3-9165091a5a74_desc-processed_behavior+ecephys.nwb,CSHL045,churchlandlab,Cold Spring Harbor Laboratory,M,205,0.02485 kg,2020-02-27T15:12:57-05:00,_iblrig_tasks_ephysChoiceWorld6.4.0,1,807,1324,131,3937.7205487506567,"CUL4, 5;GRN;IO;LING;MV;MY;NOD;PRP;V4;arb;cbc;chpl;mlf;tspc"
CSHL045_7939711b,7939711b-8b4d-4251-b698-b97c1eaa846e,sub-CSHL045/sub-CSHL045_ses-7939711b-8b4d-4251-b698-b97c1eaa846e_desc-processed_behavior+ecephys.nwb,CSHL045,churchlandlab,Cold Spring Harbor Laboratory,M,206,0.02485 kg,2020-02-28T10:07:18-05:00,_iblrig_tasks_ephysChoiceWorld6.4.0,1,1019,1237,233,5415.464721646787,"CB;CUL4, 5;ICB;IP;IRN;LIN;MY;NTS;PARN;SPIV;V4r;arb;chpl"
CSHL045_dfd8e7df,dfd8e7df-dc51-4589-b6ca-7baccfeb94b4,sub-CSHL045/sub-CSHL045_ses-dfd8e7df-dc51-4589-b6ca-7baccfeb94b4_desc-processed_behavior+ecephys.nwb,CSHL045,churchlandlab,Cold Spring Harbor Laboratory,M,203,0.02485 kg,2020-02-25T09:53:24-05:00,_iblrig_tasks_ephysChoiceWorld6.2.5,1,528,652,91,4719.71360234308,COAa;GPi;MEA;PAL;RT;SI;STR;em;fi;fiber tracts;int
CSHL045_fa704052,fa704052-147e-46f6-b190-a65b837e605e,sub-CSHL045/sub-CSHL045_ses-fa704052-147e-46f6-b190-a65b837e605e_desc-processed_behavior+ecephys.nwb,CSHL045,churchlandlab,Cold Spring Harbor Laboratory,M,204,0.02485 kg,2020-02-26T14:48:55-05:00,_iblrig_tasks_ephysChoiceWorld6.2.5,2,1007,1487,136,4740.411540753511,ICe;MB;MRN;NLL;P;PAG;POST;PSV;RSPagl1;RSPagl2/3;RSPagl5;RSPagl6a;RSPd6a;RSPd6b;RSPv1;RSPv2/3;RSPv5;RSPv6a;SAG;SCdg;SCig;SCiw;SCop;SCsg;SCzo;ll;mcp
CSHL047_2d5f6d81,2d5f6d81-38c4-4bdc-ac3c-302ea4d5f46e,sub-CSHL047/sub-CSHL047_ses-2d5f6d81-38c4-4bdc-ac3c-302ea4d5f46e_desc-processed_behavior+ecephys.nwb,CSHL047,churchlandlab,Cold Spring Harbor Laboratory,M,169,0.0246 kg,2020-01-22T08:28:49-05:00,_iblrig_tasks_ephysChoiceWorld6.2.5,2,421,1203,145,3258.461504952831,BMAa;CA1;CA3;CEAm;CL;COAa;DG-mo;DG-sg;GPi;LD;LP;MD;MEA;PAL;RT;SI;SSp-ll6a;SSp-ll6b;SSp-tr1;SSp-tr2/3;SSp-tr4;SSp-tr5;SSp-tr6a;STR;VPL;alv;ccb;cing;em;fiber tracts;int;root
CSHL047_b52182e7,b52182e7-39f6-4914-9717-136db589706e,sub-CSHL047/sub-CSHL047_ses-b52182e7-39f6-4914-9717-136db589706e_desc-processed_behavior+ecephys.nwb,CSHL047,churchlandlab,Cold Spring Harbor Laboratory,M,168,0.0246 kg,2020-01-21T13:52:24-05:00,_iblrig_tasks_ephysChoiceWorld6.2.5,2,700,1615,159,3075.462242360869,APN;CA1;CA3;DG-mo;DG-po;DG-sg;MB;MRN;ProS;RN;TR;VISam1;VISam2/3;VISam4;VISam5;VISpm5;VISpm6a;VISpm6b;alv;bsc;fp;or
CSHL049_4b7fbad4,4b7fbad4-f6de-43b4-9b15-c7c7ef44db4b,sub-CSHL049/sub-CSHL049_ses-4b7fbad4-f6de-43b4-9b15-c7c7ef44db4b_desc-processed_behavior+ecephys.nwb,CSHL049,churchlandlab,Cold Spring Harbor Laboratory,M,155,0.024399999999999998 kg,2020-01-08T15:52:42-05:00,_iblrig_tasks_ephysChoiceWorld6.2.5,2,842,1499,183,4222.050357716114,APN;BMAa;CA1;CP;DG-mo;DG-po;DG-sg;FS;LP;MB;MRN;OLF;PAA;POL;STR;TH;VISa2/3;VISa4;VISa5;VISa6a;VISa6b;VISam2/3;VISam4;VISam5;VISam6a;bsc;fp;ml;or
CSHL049_c99d53e6,c99d53e6-c317-4c53-99ba-070b26673ac4,sub-CSHL049/sub-CSHL049_ses-c99d53e6-c317-4c53-99ba-070b26673ac4_desc-processed_behavior+ecephys.nwb,CSHL049,churchlandlab,Cold Spring Harbor Laboratory,M,156,0.024399999999999998 kg,2020-01-09T15:43:57-05:00,_iblrig_tasks_ephysChoiceWorld6.2.5,1,642,818,67,3123.642015078382,CA1;DG-mo;DG-po;DG-sg;Eth;LP;MB;PoT;SPFp;TH;VISa1;VISa2/3;VISa4;VISa5;VISa6a;VISa6b;alv;ccs;ml;or;root
CSHL049_d2918f52,d2918f52-8280-43c0-924b-029b2317e62c,sub-CSHL049/sub-CSHL049_ses-d2918f52-8280-43c0-924b-029b2317e62c_desc-processed_behavior+ecephys.nwb,CSHL049,churchlandlab,Cold Spring Harbor Laboratory,M,157,0.024399999999999998 kg,2020-01-10T14:11:34-05:00,_iblrig_tasks_ephysChoiceWorld6.2.5,1,837,1088,218,3869.860639294832,ACAd6a;ACAv6a;LSc;LSr;MEPO;MOp5;MOs1;MOs2/3;MOs5;MOs6a;SF;act;ccb;fiber tracts;fx
CSHL049_d839491f,d839491f-55d8-4cbe-a298-7839208ba12b,sub-CSHL049/sub-CSHL049_ses-d839491f-55d8-4cbe-a298-7839208ba12b_desc-processed_behavior+ecephys.nwb,CSHL049,churchlandlab,Cold Spring Harbor Laboratory,M,158,0.024399999999999998 kg,2020-01-11T13:42:47-05:00,_iblrig_tasks_ephysChoiceWorld6.2.5,2,559,931,113,4198.269944423627,BLAp;BMAp;CA1;CA2;CA3;CTXsp;LSc;LSr;LSv;MOs1;MOs2/3;MOs5;MOs6a;MOs6b;PAA;STR;TR;VL;alv;ccb;chpl;cing;fiber tracts;root
CSHL051_ecb5520d,ecb5520d-1358-434c-95ec-93687ecd1396,sub-CSHL051/sub-CSHL051_ses-ecb5520d-1358-434c-95ec-93687ecd1396_desc-processed_behavior+ecephys.nwb,CSHL051,churchlandlab,Cold Spring Harbor Laboratory,F,176,0.02038 kg,2020-02-05T14:12:27-05:00,_iblrig_tasks_ephysChoiceWorld6.2.5,2,510,1805,133,2843.9214970283338,APN;CA1;DG-mo;DG-po;DG-sg;LP;MB;MRN;SCig;VISa1;VISa2/3;VISa4;VISa5;VISa6a;VISa6b;VISam6a;VISam6b;alv;bsc;ccs;cing;fp;or;scwm
CSHL052_3663d82b,3663d82b-f197-4e8b-b299-7b803a155b84,sub-CSHL052/sub-CSHL052_ses-3663d82b-f197-4e8b-b299-7b803a155b84_desc-processed_behavior+ecephys.nwb,CSHL052,churchlandlab,Cold Spring Harbor Laboratory,F,188,0.02213 kg,2020-02-17T17:20:40-05:00,_iblrig_tasks_ephysChoiceWorld6.2.5,2,893,1802,179,3884.2654922041615,COApm;LD;MEA;PA;RT;SSp-un1;SSp-un2/3;SSp-un4;SSp-un5;SSp-un6a;SSp-un6b;VL;VPL;VPM;ZI;ccb;chpl;fi;fiber tracts;int;opt;root;scwm
CSHL052_4b00df29,4b00df29-3769-43be-bb40-128b1cba6d35,sub-CSHL052/sub-CSHL052_ses-4b00df29-3769-43be-bb40-128b1cba6d35_desc-processed_behavior+ecephys.nwb,CSHL052,churchlandlab,Cold Spring Harbor Laboratory,F,192,0.02213 kg,2020-02-21T13:24:45-05:00,_iblrig_tasks_ephysChoiceWorld6.2.5,2,812,1025,109,3419.8856319873985,CA1;CA3;DG-mo;DG-sg;HATA;LGd-co;LP;MB;MGm;MGv;PA;PIL;PO;PP;SGN;SUB;VISa2/3;VISa4;VISa5;VISa6a;VPM;alv;cpd;root
CSHL052_5386aba9,5386aba9-9b97-4557-abcd-abc2da66b863,sub-CSHL052/sub-CSHL052_ses-5386aba9-9b97-4557-abcd-abc2da66b863_desc-processed_behavior+ecephys.nwb,CSHL052,churchlandlab,Cold Spring Harbor Laboratory,F,190,0.02213 kg,2020-02-19T15:33:58-05:00,_iblrig_tasks_ephysChoiceWorld6.2.5,1,1011,1102,59,4508.252165979866,CA1;CA2;CA3;LD;PO;SSp-ll6a;SSp-ll6b;VAL;VM;alv;ccb;root;scwm
CSHL052_83e77b4b,83e77b4b-dfa0-4af9-968b-7ea0c7a0c7e4,sub-CSHL052/sub-CSHL052_ses-83e77b4b-dfa0-4af9-968b-7ea0c7a0c7e4_desc-processed_behavior+ecephys.nwb,CSHL052,churchlandlab,Cold Spring Harbor Laboratory,F,191,0.02213 kg,2020-02-20T13:15:02-05:00,_iblrig_tasks_ephysChoiceWorld6.2.5,2,907,1051,100,4108.382180259644,CA1;CA3;DG-mo;DG-po;DG-sg;LGd-co;LGd-ip;LGd-sh;ProS;TH;TR;VISp1;VISp2/3;VISp4;VISp5;VISrl5;VISrl6a;ZI;alv;ar;bsc;fiber tracts;fp
CSHL052_85dc2ebd,85dc2ebd-8aaf-46b0-9284-a197aee8b16f,sub-CSHL052/sub-CSHL052_ses-85dc2ebd-8aaf-46b0-9284-a197aee8b16f_desc-processed_behavior+ecephys.nwb,CSHL052,churchlandlab,Cold Spring Harbor Laboratory,F,189,0.02213 kg,2020-02-18T14:24:19-05:00,_iblrig_tasks_ephysChoiceWorld6.2.5,1,770,1215,146,4225.07859062823,APN;MB;MRN;RN;SCig;SCiw;SUB;VISp4;VISp5;VISp6a;VISp6b;VISpm1;VISpm2/3;dhc;fp;root;scwm
CSHL053_0deb75fb,0deb75fb-9088-42d9-b744-012fb8fc4afb,sub-CSHL053/sub-CSHL053_ses-0deb75fb-9088-42d9-b744-012fb8fc4afb_desc-processed_behavior+ecephys.nwb,CSHL053,churchlandlab,Cold Spring Harbor Laboratory,F,170,0.02069 kg,2020-01-30T13:24:09-05:00,_iblrig_tasks_ephysChoiceWorld6.2.5,1,675,626,75,5287.617267635706,CA1;CL;DG-mo;DG-po;DG-sg;LH;LP;MD;SSp-tr2/3;SSp-tr4;SSp-tr5;SSp-tr6a;SSp-tr6b;alv;ccb;cing;fr
CSHL053_12dc8b34,12dc8b34-b18e-4cdd-90a9-da134a9be79c,sub-CSHL053/sub-CSHL053_ses-12dc8b34-b18e-4cdd-90a9-da134a9be79c_desc-processed_behavior+ecephys.nwb,CSHL053,churchlandlab,Cold Spring Harbor Laboratory,F,169,0.02069 kg,2020-01-29T16:19:33-05:00,_iblrig_tasks_ephysChoiceWorld6.2.5,1,907,489,32,5040.191021551651,CA1;HPF;MH;PVT;RSPd5;RSPd6a;RSPv6a;RSPv6b;SPA;V3;alv;ccb;cing;dhc;root
CSHL053_810b1e07,810b1e07-009e-4ebe-930a-915e4cd8ece4,sub-CSHL053/sub-CSHL053_ses-810b1e07-009e-4ebe-930a-915e4cd8ece4_desc-processed_behavior+ecephys.nwb,CSHL053,churchlandlab,Cold Spring Harbor Laboratory,F,173,0.02069 kg,2020-02-02T16:58:14-05:00,_iblrig_tasks_ephysChoiceWorld6.2.5,2,469,2076,411,2768.0883764953555,CB;CENT3;DCO;ICc;ICe;IP;LAV;MB;MY;NTS;SIM;SPIV;SPVI;SUV;V4r;arb;das;scp;x
CSHL053_eef82e27,eef82e27-c20e-48da-b4b7-c443031649e3,sub-CSHL053/sub-CSHL053_ses-eef82e27-c20e-48da-b4b7-c443031649e3_desc-processed_behavior+ecephys.nwb,CSHL053,churchlandlab,Cold Spring Harbor Laboratory,F,172,0.02069 kg,2020-02-01T09:52:08-05:00,_iblrig_tasks_ephysChoiceWorld6.2.5,1,509,1083,146,3153.583044722478,"CB;CENT3;CUL4, 5;MB;arb;cbc"
CSHL054_a71175be,a71175be-d1fd-47a3-aa93-b830ea3634a1,sub-CSHL054/sub-CSHL054_ses-a71175be-d1fd-47a3-aa93-b830ea3634a1_desc-processed_behavior+ecephys.nwb,CSHL054,churchlandlab,Cold Spring Harbor Laboratory,F,182,0.01993 kg,2020-02-11T14:25:12-05:00,_iblrig_tasks_ephysChoiceWorld6.2.5,2,855,1307,119,5137.117122916191,APr;MB;MRN;PRNr;RSPagl1;RSPagl6a;RSPd1;RSPd2/3;RSPd5;RSPd6a;SCdg;SCig;SCiw;SCop;SCsg;SCzo;VISp4;VISp5;tspc
CSHL055_0cbeae00,0cbeae00-e229-4b7d-bdcc-1b0569d7e0c3,sub-CSHL055/sub-CSHL055_ses-0cbeae00-e229-4b7d-bdcc-1b0569d7e0c3_desc-processed_behavior+ecephys.nwb,CSHL055,churchlandlab,Cold Spring Harbor Laboratory,F,188,0.020550000000000002 kg,2020-02-17T14:07:14-05:00,_iblrig_tasks_ephysChoiceWorld6.2.5,2,771,2846,171,4562.356191300007,CA1;CA2;CA3;CP;EPv;LA;LGd-co;LGd-sh;PIR;SSp-bfd5;SSp-bfd6a;SSp-bfd6b;STR;TH;VISrl1;VISrl2/3;VISrl4;VISrl5;VPL;VPM;ZI;alv;ccs;fiber tracts;or
CSHL058_28741f91,28741f91-c837-4147-939e-918d38d849f2,sub-CSHL058/sub-CSHL058_ses-28741f91-c837-4147-939e-918d38d849f2_desc-processed_behavior+ecephys.nwb,CSHL058,churchlandlab,Cold Spring Harbor Laboratory,M,270,0.02881 kg,2020-07-11T14:00:43-04:00,_iblrig_tasks_ephysChoiceWorld6.4.0,2,401,1401,119,3224.03739249835,ACAd2/3;ACAd5;CP;DP;GPe;ILA1;ILA2/3;MOs1;MOs2/3;OLF;PAL;PL1;PL2/3;SSp-ul2/3;SSp-ul4;SSp-ul5;SSp-ul6a;SSp-ul6b;STR;TTd;ccb;int;scwm
CSHL058_f312aaec,f312aaec-3b6f-44b3-86b4-3a0c119c0438,sub-CSHL058/sub-CSHL058_ses-f312aaec-3b6f-44b3-86b4-3a0c119c0438_desc-processed_behavior+ecephys.nwb,CSHL058,churchlandlab,Cold Spring Harbor Laboratory,M,266,0.02881 kg,2020-07-07T18:16:57-04:00,_iblrig_tasks_ephysChoiceWorld6.4.0,2,626,1504,183,3548.5702857014217,APN;CA1;CA3;DG-mo;DG-po;DG-sg;HPF;LP;MB;MRN;PO;POL;VISa1;VISa2/3;VISa4;VISa5;VISa6a;VISa6b;VISam5;alv;bsc;ccs;cing;or;root
CSHL058_fb70ebf7,fb70ebf7-8175-42b0-9b7a-7c6e8612226e,sub-CSHL058/sub-CSHL058_ses-fb70ebf7-8175-42b0-9b7a-7c6e8612226e_desc-processed_behavior+ecephys.nwb,CSHL058,churchlandlab,Cold Spring Harbor Laboratory,M,267,0.02881 kg,2020-07-08T17:10:43-04:00,_iblrig_tasks_ephysChoiceWorld6.4.0,2,649,1619,267,3940.979691413996,ACAd6a;DP;ILA2/3;ILA5;ILA6a;MOs1;MOs2/3;MOs5;MOs6a;OLF;PL6a;STR;TTd
CSHL059_37e96d0b,37e96d0b-5b4b-4c6e-9b29-7edbdc94bbd0,sub-CSHL059/sub-CSHL059_ses-37e96d0b-5b4b-4c6e-9b29-7edbdc94bbd0_desc-processed_behavior+ecephys.nwb,CSHL059,churchlandlab,Cold Spring Harbor Laboratory,M,145,0.0262 kg,2020-03-08T18:38:55-04:00,_iblrig_tasks_ephysChoiceWorld6.4.0,2,630,1776,193,2785.673376045845,AAA;APN;CA1;COAa;CP;DG-mo;DG-sg;FS;LP;MB;MRN;MT;OLF;POL;ProS;STR;VISp6a;VISp6b;alv;bsc;fiber tracts;root
CSHL059_57b5ae8f,57b5ae8f-d446-4161-b439-b191c5e3e77b,sub-CSHL059/sub-CSHL059_ses-57b5ae8f-d446-4161-b439-b191c5e3e77b_desc-processed_behavior+ecephys.nwb,CSHL059,churchlandlab,Cold Spring Harbor Laboratory,M,142,0.0262 kg,2020-03-05T16:18:21-05:00,_iblrig_tasks_ephysChoiceWorld6.4.0,2,639,967,100,4766.92534044868,AAA;CP;GPe;MA;MOp1;MOp2/3;MOp5;MOp6a;MOp6b;SI;STR;V3;VL;ccb;chpl;cing;fi;int;sm
CSHL059_d16a9a8d,d16a9a8d-5f42-4b49-ba58-1746f807fcc1,sub-CSHL059/sub-CSHL059_ses-d16a9a8d-5f42-4b49-ba58-1746f807fcc1_desc-processed_behavior+ecephys.nwb,CSHL059,churchlandlab,Cold Spring Harbor Laboratory,M,144,0.0262 kg,2020-03-07T16:56:51-05:00,_iblrig_tasks_ephysChoiceWorld6.4.0,1,449,379,3,2270.29515293794,BMAp;COApl;CTXsp;IGL;LGd-co;LGv;PA;STR;fiber tracts;opt
CSHL059_d2f5a130,d2f5a130-b981-4546-8858-c94ae1da75ff,sub-CSHL059/sub-CSHL059_ses-d2f5a130-b981-4546-8858-c94ae1da75ff_desc-processed_behavior+ecephys.nwb,CSHL059,churchlandlab,Cold Spring Harbor Laboratory,M,140,0.0262 kg,2020-03-03T14:27:51-05:00,_iblrig_tasks_ephysChoiceWorld6.4.0,2,525,1669,163,4099.93755896214,CP;MOp2/3;MOp5;MOp6a;MOp6b;OLF;PIR;STR;ccb;scwm
CSHL059_dda5fc59,dda5fc59-f09a-4256-9fb5-66c67667a466,sub-CSHL059/sub-CSHL059_ses-dda5fc59-f09a-4256-9fb5-66c67667a466_desc-processed_behavior+ecephys.nwb,CSHL059,churchlandlab,Cold Spring Harbor Laboratory,M,143,0.0262 kg,2020-03-06T15:52:04-05:00,_iblrig_tasks_ephysChoiceWorld6.4.0,2,751,2250,187,3768.266680883058,APN;CA1;DG-mo;DG-po;DG-sg;Eth;LP;MB;MRN;PoT;SPFp;TH;VISam1;VISam2/3;VISam4;VISam6b;VISpm2/3;VISpm4;VISpm5;VISpm6a;VISpm6b;alv;bsc;fiber tracts;fp;ml;or;root;scwm
CSHL060_1191f865,1191f865-b10a-45c8-9c48-24a980fd9402,sub-CSHL060/sub-CSHL060_ses-1191f865-b10a-45c8-9c48-24a980fd9402_desc-processed_behavior+ecephys.nwb,CSHL060,churchlandlab,Cold Spring Harbor Laboratory,M,148,0.02752 kg,2020-03-11T16:19:46-04:00,_iblrig_tasks_ephysChoiceWorld6.4.0,2,966,2068,252,4755.635102110719,DEC;DMX;DP;FN;FRP5;FRP6a;MOs5;MY;NOD;NTS;OLF;ORBm2/3;ORBm5;ORBvl5;ORBvl6a;RO;STR;TTd;UVU;XII;arb;root;tspc
CSHL060_2e6e179c,2e6e179c-fccc-4e8f-9448-ce5b6858a183,sub-CSHL060/sub-CSHL060_ses-2e6e179c-fccc-4e8f-9448-ce5b6858a183_desc-processed_behavior+ecephys.nwb,CSHL060,churchlandlab,Cold Spring Harbor Laboratory,M,146,0.02752 kg,2020-03-09T14:31:01-04:00,_iblrig_tasks_ephysChoiceWorld6.4.0,2,553,1734,164,3543.5997626034828,AON;CB;DMX;FN;FRP5;GRN;IO;IRN;MARN;MOs1;MOs2/3;MOs5;MV;MY;NOD;NTS;OLF;ORBl2/3;ORBl5;ORBvl2/3;ORBvl5;V4;arb;py
CSHL060_6364ff7f,6364ff7f-6471-415a-ab9e-632a12052690,sub-CSHL060/sub-CSHL060_ses-6364ff7f-6471-415a-ab9e-632a12052690_desc-processed_behavior+ecephys.nwb,CSHL060,churchlandlab,Cold Spring Harbor Laboratory,M,151,0.02752 kg,2020-03-14T13:07:02-04:00,_iblrig_tasks_ephysChoiceWorld6.4.0,1,629,745,123,4083.566786329202,ADP;AVP;LSr;MPO;MS;STR;ccb;ccg
CSHL060_7be8fec4,7be8fec4-406b-4e74-8548-d2885dcc3d5e,sub-CSHL060/sub-CSHL060_ses-7be8fec4-406b-4e74-8548-d2885dcc3d5e_desc-processed_behavior+ecephys.nwb,CSHL060,churchlandlab,Cold Spring Harbor Laboratory,M,152,0.02752 kg,2020-03-15T11:51:27-04:00,_iblrig_tasks_ephysChoiceWorld6.4.0,2,594,2120,189,2789.6735831320584,ACAv6a;ACAv6b;AVP;HY;LSr;MB;MPO;MS;NLL;P;PB;POST;PRE;STR;SUT;V;VISp5;VISp6a;VISp6b;ccg;cing;ll;root;scwm
CSHL060_f10efe41,f10efe41-0dc0-44d0-8f26-5ff68dca23e9,sub-CSHL060/sub-CSHL060_ses-f10efe41-0dc0-44d0-8f26-5ff68dca23e9_desc-processed_behavior+ecephys.nwb,CSHL060,churchlandlab,Cold Spring Harbor Laboratory,M,149,0.02752 kg,2020-03-12T10:36:31-04:00,_iblrig_tasks_ephysChoiceWorld6.4.0,2,663,2562,426,3921.1362823244885,"CUL4, 5;FN;GRN;IO;IP;IRN;MDRNv;MV;MY;NOD;NTS;V4;arb"
DY-008_0f25376f,0f25376f-2b78-4ddc-8c39-b6cdbe7bf5b9,sub-DY-008/sub-DY-008_ses-0f25376f-2b78-4ddc-8c39-b6cdbe7bf5b9_desc-processed_behavior+ecephys.nwb,DY_008,danlab,University of California Berkeley,M,198,0.020800000000000003 kg,2020-03-03T14:57:17.041984-08:00,_iblrig_tasks_ephysChoiceWorld6.2.5,1,471,1014,172,2541.7581482931437,CA1;CA3;DG-mo;LP;PO;SSp-tr2/3;SSp-tr4;SSp-tr5;SSp-tr6a;SSp-tr6b;VPM;alv;ccb;or;root;scwm
DY-008_ee13c19e,ee13c19e-2790-4418-97ca-48f02e8013bb,sub-DY-008/sub-DY-008_ses-ee13c19e-2790-4418-97ca-48f02e8013bb_desc-processed_behavior+ecephys.nwb,DY_008,danlab,University of California Berkeley,M,199,0.020800000000000003 kg,2020-03-04T13:14:42.728981-08:00,_iblrig_tasks_ephysChoiceWorld6.2.5,1,409,685,78,3616.789309373749,CP;RT;SSp-bfd4;SSp-bfd5;SSp-bfd6a;SSp-bfd6b;VPL;ccb;em;fiber tracts;int;or;root;scwm;st
DY-009_158d5d35,158d5d35-a2ab-4a76-87b0-51048c5d5283,sub-DY-009/sub-DY-009_ses-158d5d35-a2ab-4a76-87b0-51048c5d5283_desc-processed_behavior+ecephys.nwb,DY_009,danlab,University of California Berkeley,M,198,0.016399999999999998 kg,2020-03-03T10:33:24.268660-08:00,_iblrig_tasks_ephysChoiceWorld6.2.5,1,401,632,105,2878.023980496057,MB;MRN;NB;POST;PRE;SNr;SUB;VISp4;VISp5;VISp6a;VISp6b;bic;dhc;fp;or;root
DY-009_30e5937e,30e5937e-e86a-47e6-93ae-d2ae3877ff8e,sub-DY-009/sub-DY-009_ses-30e5937e-e86a-47e6-93ae-d2ae3877ff8e_desc-processed_behavior+ecephys.nwb,DY_009,danlab,University of California Berkeley,M,199,0.016399999999999998 kg,2020-03-04T10:54:41.009273-08:00,_iblrig_tasks_ephysChoiceWorld6.2.5,1,424,697,110,1898.5851144409542,MB;MRN;PRNr;RN;RSPv1;RSPv5;SCdg;SCig;SCiw;SCop;SCsg;SCzo;rust
DY-009_3c851386,3c851386-e92d-4533-8d55-89a46f0e7384,sub-DY-009/sub-DY-009_ses-3c851386-e92d-4533-8d55-89a46f0e7384_desc-processed_behavior+ecephys.nwb,DY_009,danlab,University of California Berkeley,M,197,0.016399999999999998 kg,2020-03-02T10:23:52.857132-08:00,_iblrig_tasks_ephysChoiceWorld6.2.5,1,403,513,67,2769.5163917894806,DG-mo;DG-po;DG-sg;ProS;VISl5;VISl6a;VISl6b;alv;fp;or
DY-009_3dd347df,3dd347df-f14e-40d5-9ff2-9c49f84d2157,sub-DY-009/sub-DY-009_ses-3dd347df-f14e-40d5-9ff2-9c49f84d2157_desc-processed_behavior+ecephys.nwb,DY_009,danlab,University of California Berkeley,M,195,0.016399999999999998 kg,2020-02-29T10:52:14.501750-08:00,_iblrig_tasks_ephysChoiceWorld6.2.5,1,401,737,131,3737.3675157679363,MB;MRN;NOT;NPC;OP;PPT;RPF;RSPagl2/3;RSPagl5;RSPagl6a;RSPd6a;RSPd6b;SUB;alv;cing;dhc;fp;root
DY-009_413a6825,413a6825-2144-4a50-b3fc-cf38ddd6fd1a,sub-DY-009/sub-DY-009_ses-413a6825-2144-4a50-b3fc-cf38ddd6fd1a_desc-processed_behavior+ecephys.nwb,DY_009,danlab,University of California Berkeley,M,200,0.016399999999999998 kg,2020-03-05T10:52:46.108285-08:00,_iblrig_tasks_ephysChoiceWorld6.2.5,1,456,717,52,2343.6468104550804,CB;ENTm2;ENTm3;ENTm5;ENTm6;P;PAR;PSV;VISp1;VISp2/3;VISp4;VISp5;VISpl5;VISpl6a;ec;mcp;sptV
DY-009_6668c4a0,6668c4a0-70a4-4012-a7da-709660971d7a,sub-DY-009/sub-DY-009_ses-6668c4a0-70a4-4012-a7da-709660971d7a_desc-processed_behavior+ecephys.nwb,DY_009,danlab,University of California Berkeley,M,204,0.016399999999999998 kg,2020-03-09T13:58:36.294779-07:00,_iblrig_tasks_ephysChoiceWorld6.4.0,1,427,888,346,2487.503930973764,"CB;CUL4, 5;IP;LAV;MV;PARN;SIM;SUV;arb;scp"
DY-009_a19c7a3a,a19c7a3a-7261-42ce-95d5-1f4ca46007ed,sub-DY-009/sub-DY-009_ses-a19c7a3a-7261-42ce-95d5-1f4ca46007ed_desc-processed_behavior+ecephys.nwb,DY_009,danlab,University of California Berkeley,M,201,0.016399999999999998 kg,2020-03-06T10:56:19.690196-08:00,_iblrig_tasks_ephysChoiceWorld6.2.5,1,479,1406,80,2051.0897365993656,APr;ICe;MB;NLL;P;PB;PPN;RSPagl6a;RSPd5;RSPd6a;VISp5;VISp6a;ll
DY-009_db4df448,db4df448-e449-4a6f-a0e7-288711e7a75a,sub-DY-009/sub-DY-009_ses-db4df448-e449-4a6f-a0e7-288711e7a75a_desc-processed_behavior+ecephys.nwb,DY_009,danlab,University of California Berkeley,M,193,0.016399999999999998 kg,2020-02-27T11:59:23.251760-08:00,_iblrig_tasks_ephysChoiceWorld6.2.5,1,402,709,120,2407.2141523254672,CA1;DG-mo;DG-po;DG-sg;FF;HY;LP;MB;PoT;SGN;SNc;SPFp;TH;VISp4;VISp5;VISp6a;VISp6b;alv;bsc;fiber tracts;fp;or;root
DY-009_e5c772cd,e5c772cd-9c92-47ab-9525-d618b66a9b5d,sub-DY-009/sub-DY-009_ses-e5c772cd-9c92-47ab-9525-d618b66a9b5d_desc-processed_behavior+ecephys.nwb,DY_009,danlab,University of California Berkeley,M,202,0.016399999999999998 kg,2020-03-07T11:23:49.243763-08:00,_iblrig_tasks_ephysChoiceWorld6.4.0,1,514,1235,176,2234.2867305738337,DCO;DN;MY;SIM;VCO;arb;sptV;vVIIIn
DY-010_02fbb6da,02fbb6da-3034-47d6-a61b-7d06c796a830,sub-DY-010/sub-DY-010_ses-02fbb6da-3034-47d6-a61b-7d06c796a830_desc-processed_behavior+ecephys.nwb,DY_010,danlab,University of California Berkeley,M,164,0.020399999999999998 kg,2020-01-29T14:24:50.260617-08:00,_iblrig_tasks_ephysChoiceWorld6.2.5,1,646,781,96,2891.311503228202,CA1;CA3;DG-mo;DG-po;DG-sg;LP;PO;VISa1;VISa2/3;VISa4;VISa5;VISa6a;VISa6b;VPM;alv;ccs;cing
DY-010_4fa70097,4fa70097-8101-4f10-b585-db39429c5ed0,sub-DY-010/sub-DY-010_ses-4fa70097-8101-4f10-b585-db39429c5ed0_desc-processed_behavior+ecephys.nwb,DY_010,danlab,University of California Berkeley,M,156,0.020399999999999998 kg,2020-01-21T14:40:18.494392-08:00,_iblrig_tasks_ephysChoiceWorld6.2.5,1,485,539,103,2382.3554254519813,CA1;CA2;CA3;LD;LGd-co;LP;PO;SSp-tr2/3;SSp-tr4;SSp-tr5;SSp-un5;SSp-un6a;SSp-un6b;VPM;alv;ccb;root
DY-010_90d1e82c,90d1e82c-c96f-496c-ad4e-ee3f02067f25,sub-DY-010/sub-DY-010_ses-90d1e82c-c96f-496c-ad4e-ee3f02067f25_desc-processed_behavior+ecephys.nwb,DY_010,danlab,University of California Berkeley,M,158,0.020399999999999998 kg,2020-01-23T14:35:49.539303-08:00,_iblrig_tasks_ephysChoiceWorld6.2.5,1,541,563,103,2756.953485426692,MB;MRN;SCig;SCiw;SUB;VISp2/3;VISp4;VISp5;VISp6a;bsc;dhc;or;root
DY-010_931a70ae,931a70ae-90ee-448e-bedb-9d41f3eda647,sub-DY-010/sub-DY-010_ses-931a70ae-90ee-448e-bedb-9d41f3eda647_desc-processed_behavior+ecephys.nwb,DY_010,danlab,University of California Berkeley,M,163,0.020399999999999998 kg,2020-01-28T11:34:01.365875-08:00,_iblrig_tasks_ephysChoiceWorld6.2.5,1,501,889,126,2136.9497009342977,CA1;CA3;DG-mo;LGd-co;LGd-sh;TH;VISrl1;VISrl2/3;VISrl4;VISrl5;VISrl6a;VISrl6b;ZI;alv;ar;bsc;ccs;or
DY-010_bb6a5aae,bb6a5aae-2431-401d-8f6a-9fdd6de655a9,sub-DY-010/sub-DY-010_ses-bb6a5aae-2431-401d-8f6a-9fdd6de655a9_desc-processed_behavior+ecephys.nwb,DY_010,danlab,University of California Berkeley,M,159,0.020399999999999998 kg,2020-01-24T14:20:24.754006-08:00,_iblrig_tasks_ephysChoiceWorld6.2.5,1,415,457,89,2209.25212793405,CA1;CL;DG-mo;DG-po;DG-sg;LH;MD;RSPagl5;RSPagl6a;RSPagl6b;VISa2/3;VISa5;alv;ccb;cing;root
DY-011_36280321,36280321-555b-446d-9b7d-c2e17991e090,sub-DY-011/sub-DY-011_ses-36280321-555b-446d-9b7d-c2e17991e090_desc-processed_behavior+ecephys.nwb,DY_011,danlab,University of California Berkeley,M,167,0.02 kg,2020-02-01T15:49:28.905174-08:00,_iblrig_tasks_ephysChoiceWorld6.2.5,1,556,430,59,3235.8696676301597,LSc;LSr;MOp1;MOp2/3;MOp5;MOs5;MOs6a;SF;TRS;VL;ccb;cing;fi
DY-011_741979ce,741979ce-3f10-443a-8526-2275620c8473,sub-DY-011/sub-DY-011_ses-741979ce-3f10-443a-8526-2275620c8473_desc-processed_behavior+ecephys.nwb,DY_011,danlab,University of California Berkeley,M,173,0.02 kg,2020-02-07T11:10:45.986525-08:00,_iblrig_tasks_ephysChoiceWorld6.2.5,1,617,566,84,2867.1049623093218,AV;LD;SSp-ll2/3;SSp-ll4;SSp-ll5;SSp-ll6a;SSp-ll6b;VAL;VL;ccb;chpl;fi;root;scwm
DY-011_7bee9f09,7bee9f09-a238-42cf-b499-f51f765c6ded,sub-DY-011/sub-DY-011_ses-7bee9f09-a238-42cf-b499-f51f765c6ded_desc-processed_behavior+ecephys.nwb,DY_011,danlab,University of California Berkeley,M,166,0.02 kg,2020-01-31T14:58:40.152095-08:00,_iblrig_tasks_ephysChoiceWorld6.2.5,1,449,615,83,2232.0440976904924,BST;CP;MOp2/3;MOp5;MOp6a;MOp6b;STR;ccb;scwm
DY-011_cf43dbb1,cf43dbb1-6992-40ec-a5f9-e8e838d0f643,sub-DY-011/sub-DY-011_ses-cf43dbb1-6992-40ec-a5f9-e8e838d0f643_desc-processed_behavior+ecephys.nwb,DY_011,danlab,University of California Berkeley,M,174,0.02 kg,2020-02-08T11:18:59.265577-08:00,_iblrig_tasks_ephysChoiceWorld6.2.5,1,402,329,41,2498.678816129303,CA3;CM;DG-mo;IMD;MOp2/3;MOp5;MOp6a;MOs6a;MOs6b;PVT;V3;alv;ccb;chpl;cing;fi;root
DY-013_2f63c555,2f63c555-eb74-4d8d-ada5-5c3ecf3b46be,sub-DY-013/sub-DY-013_ses-2f63c555-eb74-4d8d-ada5-5c3ecf3b46be_desc-processed_behavior+ecephys.nwb,DY_013,danlab,University of California Berkeley,M,135,0.021 kg,2020-03-06T13:13:20.963671-08:00,_iblrig_tasks_ephysChoiceWorld6.2.5,1,407,709,34,3745.704779327836,"CUL4, 5;IRN;MY;P;PB;SIM;SUT;V;arb;scp"
DY-013_9a629642,9a629642-3a9c-42ed-b70a-532db0e86199,sub-DY-013/sub-DY-013_ses-9a629642-3a9c-42ed-b70a-532db0e86199_desc-processed_behavior+ecephys.nwb,DY_013,danlab,University of California Berkeley,M,136,0.021 kg,2020-03-07T13:59:49.471310-08:00,_iblrig_tasks_ephysChoiceWorld6.4.0,1,401,647,134,2895.0439867484565,LD;SSp-ul4;SSp-ul5;SSp-ul6a;SSp-ul6b;VAL;VL;VM;ccb;chpl;fi;scwm
DY-013_e535fb62,e535fb62-e245-4a48-b119-88ce62a6fe67,sub-DY-013/sub-DY-013_ses-e535fb62-e245-4a48-b119-88ce62a6fe67_desc-processed_behavior+ecephys.nwb,DY_013,danlab,University of California Berkeley,M,141,0.021 kg,2020-03-12T11:27:09.707868-07:00,_iblrig_tasks_ephysChoiceWorld6.4.0,2,434,1575,107,2393.1202620052172,APN;CA1;CEAm;CP;DG-mo;DG-sg;GPi;LP;MEA;MRN;PAL;POL;SI;STR;VISp5;VISp6a;VISpm2/3;VISpm4;VISpm5;VISpm6a;VISpm6b;alv;bsc;fp;int;or
DY-014_4720c98a,4720c98a-a305-4fba-affb-bbfa00a724a4,sub-DY-014/sub-DY-014_ses-4720c98a-a305-4fba-affb-bbfa00a724a4_desc-processed_behavior+ecephys.nwb,DY_014,danlab,University of California Berkeley,M,260,0.021 kg,2020-07-14T11:21:53.671659-07:00,_iblrig_tasks_ephysChoiceWorld6.4.0,2,608,1284,171,2978.9588635375844,ACAv1;ACAv2/3;ACB;CP;IG;LPO;LSr;LSv;RT;SH;SI;SSp-bfd2/3;SSp-bfd4;SSp-bfd5;SSp-bfd6a;STR;VPL;ccb;ccg;em;fa;fiber tracts;root;scwm;st
DY-014_7622da34,7622da34-51b6-4661-98ae-a57d40806008,sub-DY-014/sub-DY-014_ses-7622da34-51b6-4661-98ae-a57d40806008_desc-processed_behavior+ecephys.nwb,DY_014,danlab,University of California Berkeley,M,261,0.021 kg,2020-07-15T11:39:29.338481-07:00,_iblrig_tasks_ephysChoiceWorld6.4.0,2,585,499,42,3208.6448288438414,ACAv5;ACB;CP;LSr;LSv;OT;RT;SI;SSp-ul1;SSp-ul2/3;SSp-ul4;SSp-ul5;SSp-ul6a;STR;VL;ccg;em;scwm;st
DY-014_b39752db,b39752db-abdb-47ab-ae78-e8608bbf50ed,sub-DY-014/sub-DY-014_ses-b39752db-abdb-47ab-ae78-e8608bbf50ed_desc-processed_behavior+ecephys.nwb,DY_014,danlab,University of California Berkeley,M,265,0.021 kg,2020-07-19T12:25:07.028702-07:00,_iblrig_tasks_ephysChoiceWorld6.4.0,2,636,1085,147,3297.609459039747,ACB;CA1;CA2;CA3;CL;CP;DG-mo;LP;MD;OT;SI;SSp-ll6a;SSp-tr1;SSp-tr2/3;SSp-tr4;SSp-tr5;alv
DY-014_b658bc7d,b658bc7d-07cd-4203-8a25-7b16b549851b,sub-DY-014/sub-DY-014_ses-b658bc7d-07cd-4203-8a25-7b16b549851b_desc-processed_behavior+ecephys.nwb,DY_014,danlab,University of California Berkeley,M,262,0.021 kg,2020-07-16T12:55:48.396658-07:00,_iblrig_tasks_ephysChoiceWorld6.4.0,2,925,1270,148,3698.339717847388,BST;CP;HY;LSr;LSv;MPO;SSp-ul1;SSp-ul2/3;SSp-ul4;SSp-ul5;SSp-ul6a;STR;VLPO;aco;act;ccb;scwm
DY-014_bd456d8f,bd456d8f-d36e-434a-8051-ff3997253802,sub-DY-014/sub-DY-014_ses-bd456d8f-d36e-434a-8051-ff3997253802_desc-processed_behavior+ecephys.nwb,DY_014,danlab,University of California Berkeley,M,263,0.021 kg,2020-07-17T10:52:56.539932-07:00,_iblrig_tasks_ephysChoiceWorld6.4.0,2,630,1308,228,3492.3763543440036,ACB;CP;MD;MH;MOp1;MOp2/3;MOp5;MOp6a;MOp6b;PCN;RSPv2/3;RSPv5;SMT;TH;V3;ccb;chpl;dhc;fa;mtt;root;scwm
DY-014_ee8b36de,ee8b36de-779f-4dea-901f-e0141c95722b,sub-DY-014/sub-DY-014_ses-ee8b36de-779f-4dea-901f-e0141c95722b_desc-processed_behavior+ecephys.nwb,DY_014,danlab,University of California Berkeley,M,264,0.021 kg,2020-07-18T11:18:06.235638-07:00,_iblrig_tasks_ephysChoiceWorld6.4.0,2,553,1414,220,3232.3306447296463,ACB;CP;LSc;MOp1;MOp2/3;MOp5;MOp6a;MOs6a;OT;SF;SI;V3;VL;ccb;cing;fi;root;vhc
DY-014_f25642c6,f25642c6-27a5-4a97-9ea0-06652db79fbd,sub-DY-014/sub-DY-014_ses-f25642c6-27a5-4a97-9ea0-06652db79fbd_desc-processed_behavior+ecephys.nwb,DY_014,danlab,University of California Berkeley,M,259,0.021 kg,2020-07-13T11:46:18-07:00,_iblrig_tasks_ephysChoiceWorld6.4.0,2,403,897,135,2703.3947097915343,AON;DP;LD;OLF;ORBm1;ORBm2/3;ORBm5;OT;PL1;PO;SSp-ul2/3;SSp-ul4;SSp-ul5;SSp-ul6a;VL;alv;fi;root
DY-016_251ece37,251ece37-7798-477c-8a06-2845d4aa270c,sub-DY-016/sub-DY-016_ses-251ece37-7798-477c-8a06-2845d4aa270c_desc-processed_behavior+ecephys.nwb,DY_016,danlab,University of California Berkeley,M,125,0.019899999999999998 kg,2020-09-15T10:59:41.388445-07:00,_iblrig_tasks_ephysChoiceWorld6.4.2,2,507,2095,264,2606.4541936238265,ANcr2;CB;CENT2;CENT3;GRN;LING;MY;PFL;PRM;PRP;V4;arb;chpl;icp;mlf;sptV
DY-016_5339812f,5339812f-8b91-40ba-9d8f-a559563cc46b,sub-DY-016/sub-DY-016_ses-5339812f-8b91-40ba-9d8f-a559563cc46b_desc-processed_behavior+ecephys.nwb,DY_016,danlab,University of California Berkeley,M,121,0.019899999999999998 kg,2020-09-11T11:12:17.338937-07:00,_iblrig_tasks_ephysChoiceWorld6.4.2,2,438,2071,469,2719.2829061024195,CA1;CA3;DCO;DG-mo;DG-po;DG-sg;DN;HY;LGd-co;LGd-ip;MY;SIM;SPVI;TH;VISa2/3;VISa4;VISa5;VISa6a;VISa6b;VPL;VPM;ZI;alv;arb;bsc;ccs;icp;ml;or;sptV
DY-016_aa20388b,aa20388b-9ea3-4506-92f1-3c2be84b85db,sub-DY-016/sub-DY-016_ses-aa20388b-9ea3-4506-92f1-3c2be84b85db_desc-processed_behavior+ecephys.nwb,DY_016,danlab,University of California Berkeley,M,124,0.019899999999999998 kg,2020-09-14T10:37:48.446682-07:00,_iblrig_tasks_ephysChoiceWorld6.4.2,2,519,1504,192,3085.5842100853915,CP;CS;CTXsp;EPv;MRN;PAG;PIR;SCdg;SCdw;SCiw;STR;VTN;ec
DY-016_c3d9b6fb,c3d9b6fb-7fa9-4413-a364-92a54df0fc5d,sub-DY-016/sub-DY-016_ses-c3d9b6fb-7fa9-4413-a364-92a54df0fc5d_desc-processed_behavior+ecephys.nwb,DY_016,danlab,University of California Berkeley,M,123,0.019899999999999998 kg,2020-09-13T11:25:28.600321-07:00,_iblrig_tasks_ephysChoiceWorld6.4.2,2,587,2617,191,3330.328309584059,"CB;CUL4, 5;CUN;I5;ICe;KF;MB;P;PAR;PB;PSV;SPVO;VISpl5;arb;ll;mcp;sctv"
DY-016_d23a44ef,d23a44ef-1402-4ed7-97f5-47e9a7a504d9,sub-DY-016/sub-DY-016_ses-d23a44ef-1402-4ed7-97f5-47e9a7a504d9_desc-processed_behavior+ecephys.nwb,DY_016,danlab,University of California Berkeley,M,122,0.019899999999999998 kg,2020-09-12T12:34:17.200191-07:00,_iblrig_tasks_ephysChoiceWorld6.4.2,2,410,1961,398,2313.177175808055,CA1;CB;DCO;DG-mo;DG-po;DG-sg;Eth;IP;LP;MY;PARN;PO;SIM;SPVI;TH;VISam5;VISam6a;VISam6b;VPLpc;alv;arb;cing;fiber tracts;fp;icp;ml;or;root;sptV;y
DY-018_54238fd6,54238fd6-d2d0-4408-b1a9-d19d24fd29ce,sub-DY-018/sub-DY-018_ses-54238fd6-d2d0-4408-b1a9-d19d24fd29ce_desc-processed_behavior+ecephys.nwb,DY_018,danlab,University of California Berkeley,M,155,0.020100000000000003 kg,2020-10-15T10:30:19.139717-07:00,_iblrig_tasks_ephysChoiceWorld6.4.2,2,623,1994,241,2719.6452922528892,CA1;CA3;DG-mo;DG-po;DG-sg;LGd-co;LGd-sh;LP;MB;MRN;P;PPN;PRNr;SCdg;SOCl;TH;VISa2/3;VISa4;VISa5;VISa6a;VPL;VPM;ZI;ccs;ll;ml;scwm
DY-018_cde63527,cde63527-7f5a-4cc3-8ac2-215d82e7da26,sub-DY-018/sub-DY-018_ses-cde63527-7f5a-4cc3-8ac2-215d82e7da26_desc-processed_behavior+ecephys.nwb,DY_018,danlab,University of California Berkeley,M,160,0.020100000000000003 kg,2020-10-20T10:30:43.402364-07:00,_iblrig_tasks_ephysChoiceWorld6.4.2,2,508,1410,80,2055.567141895815,AIp2/3;AIp5;CA1;CA2;CA3;GU5;SSp-m4;SSp-m5;SSp-m6a;SSs5;SSs6a;VISC5;or
DY-018_e8b4fda3,e8b4fda3-7fe4-4706-8ec2-91036cfee6bd,sub-DY-018/sub-DY-018_ses-e8b4fda3-7fe4-4706-8ec2-91036cfee6bd_desc-processed_behavior+ecephys.nwb,DY_018,danlab,University of California Berkeley,M,157,0.020100000000000003 kg,2020-10-17T10:46:03.288322-07:00,_iblrig_tasks_ephysChoiceWorld6.4.2,2,527,1002,175,2245.735627917348,CA1;DG-mo;DG-po;DG-sg;ENTm1;HY;LGd-co;LP;MB;MGd;MGm;MGv;PAR;POST;PRE;SNr;TH;VISp6a;VISp6b;VISpm6a;ZI;alv;bsc;fiber tracts;fp;or
DY-020_26aa51ff,26aa51ff-968c-42e4-85c8-8ff47d19254d,sub-DY-020/sub-DY-020_ses-26aa51ff-968c-42e4-85c8-8ff47d19254d_desc-processed_behavior+ecephys.nwb,DY_020,danlab,University of California Berkeley,M,143,0.022 kg,2020-10-03T11:00:29.202874-07:00,_iblrig_tasks_ephysChoiceWorld6.4.2,2,534,2093,200,2737.8340270007934,AQ;IRN;LDT;MY;ND;P;PAG;PCG;PRNc;RSPagl1;RSPagl2/3;RSPd2/3;RSPd5;RSPd6a;RSPv1;RSPv2/3;RSPv5;RSPv6a;SCdg;SCdw;SCig;SCiw;SCop;SCsg;SCzo
DY-020_2e22c1fc,2e22c1fc-eec6-4856-85a0-7dba8668f646,sub-DY-020/sub-DY-020_ses-2e22c1fc-eec6-4856-85a0-7dba8668f646_desc-processed_behavior+ecephys.nwb,DY_020,danlab,University of California Berkeley,M,146,0.022 kg,2020-10-06T11:01:15.882613-07:00,_iblrig_tasks_ephysChoiceWorld6.4.2,2,567,1525,306,3038.0387548412505,"CB;CENT3;COAa;CUL4, 5;GPi;IRN;MEA;MV;MY;OLF;PAL;PARN;PB;RT;SI;VL;arb;fi;fiber tracts;int;scp;st;uf"
DY-020_4a45c8ba,4a45c8ba-db6f-4f11-9403-56e06a33dfa4,sub-DY-020/sub-DY-020_ses-4a45c8ba-db6f-4f11-9403-56e06a33dfa4_desc-processed_behavior+ecephys.nwb,DY_020,danlab,University of California Berkeley,M,139,0.022 kg,2020-09-29T11:34:40.078512-07:00,_iblrig_tasks_ephysChoiceWorld6.4.2,2,401,1807,435,3385.2107816665803,CA1;CA2;CA3;DG-mo;LGd-co;LGd-ip;MB;MRN;RN;RSPagl6a;RSPd6a;RSPv1;RSPv2/3;RSPv5;RSPv6a;SCdg;SCig;SCiw;SCop;SCsg;TH;VISa5;VISa6a;VISa6b;VPL;VPM;ZI;alv;ccs;or;rust
DY-020_948fd27b,948fd27b-507b-41b3-bdf8-f9f5f0af8e0b,sub-DY-020/sub-DY-020_ses-948fd27b-507b-41b3-bdf8-f9f5f0af8e0b_desc-processed_behavior+ecephys.nwb,DY_020,danlab,University of California Berkeley,M,145,0.022 kg,2020-10-05T10:46:02.430001-07:00,_iblrig_tasks_ephysChoiceWorld6.4.2,2,604,1358,184,3075.768209124681,CUN;LD;LHA;MB;MRN;PAL;PPN;RSPagl5;RSPd5;RT;SCdg;SCig;SCiw;SCop;SCsg;SCzo;VAL;VISp2/3;VISp4;VL;chpl;fi;nst;scp
DY-020_9eec761e,9eec761e-9762-4897-b308-a3a08c311e69,sub-DY-020/sub-DY-020_ses-9eec761e-9762-4897-b308-a3a08c311e69_desc-processed_behavior+ecephys.nwb,DY_020,danlab,University of California Berkeley,M,141,0.022 kg,2020-10-01T11:45:04.206189-07:00,_iblrig_tasks_ephysChoiceWorld6.4.2,2,744,1468,211,3647.300957805586,APN;DG-mo;MRN;NOT;PAG;PPN;PRNr;ProS;SCdg;SCdw;SCiw;SUB;VISpm6a;VISpm6b;fp;scwm
DY-020_9fe512b8,9fe512b8-92a8-4642-83b6-01158ab66c3c,sub-DY-020/sub-DY-020_ses-9fe512b8-92a8-4642-83b6-01158ab66c3c_desc-processed_behavior+ecephys.nwb,DY_020,danlab,University of California Berkeley,M,142,0.022 kg,2020-10-02T10:43:33.527160-07:00,_iblrig_tasks_ephysChoiceWorld6.4.2,2,757,1926,173,3455.642492391263,AT;DG-mo;DG-sg;DT;MB;MRN;P;PAG;POL;POR;PRNr;SGN;SUB;TH;VISp5;VISp6a;dhc;fp;mlf;root;tspc
DY-020_e012d3e3,e012d3e3-fdbc-4661-9ffa-5fa284e4e706,sub-DY-020/sub-DY-020_ses-e012d3e3-fdbc-4661-9ffa-5fa284e4e706_desc-processed_behavior+ecephys.nwb,DY_020,danlab,University of California Berkeley,M,144,0.022 kg,2020-10-04T10:43:05.402530-07:00,_iblrig_tasks_ephysChoiceWorld6.4.2,2,705,1672,162,3316.7905125043135,ACVII;APr;AQ;DTN;IRN;MB;MRN;NI;P;PCG;POST;PPN;PRNc;PRNr;RSPd6a;SCiw;V4;VII;VISp5
DY-020_f7335a49,f7335a49-4a98-46d2-a8ce-d041d2eac1d6,sub-DY-020/sub-DY-020_ses-f7335a49-4a98-46d2-a8ce-d041d2eac1d6_desc-processed_behavior+ecephys.nwb,DY_020,danlab,University of California Berkeley,M,140,0.022 kg,2020-09-30T10:38:11.795687-07:00,_iblrig_tasks_ephysChoiceWorld6.4.2,2,402,1093,263,3411.7927526788294,CA1;CA3;CEAm;DG-mo;LD;LP;PO;SSp-bfd5;SSp-bfd6a;SSp-bfd6b;SSp-tr5;SSp-tr6a;SSp-tr6b;STR;VISa5;VPM;alv;ccs;fi;fiber tracts;or;scwm;st
KS014_16693458,16693458-0801-4d35-a3f1-9115c7e5acfd,sub-KS014/sub-KS014_ses-16693458-0801-4d35-a3f1-9115c7e5acfd_desc-processed_behavior+ecephys.nwb,KS014,cortexlab,University College London,M,217,0.028300000000000002 kg,2019-12-03T15:07:41.216000+00:00,_iblrig_tasks_ephysChoiceWorld6.1.3,2,531,1912,270,2871.4060431632956,MB;MRN;PAG;RN;RSPagl2/3;RSPagl5;RSPagl6a;RSPd6a;RSPv1;RSPv2/3;RSPv5;RSPv6a;SCdg;SCdw;SCig;SCiw;SCop;SCsg;SCzo;VISpm1;VISpm2/3;ml
KS014_b9c205c3,b9c205c3-feac-485b-a89d-afc96d9cb280,sub-KS014/sub-KS014_ses-b9c205c3-feac-485b-a89d-afc96d9cb280_desc-processed_behavior+ecephys.nwb,KS014,cortexlab,University College London,M,221,0.028300000000000002 kg,2019-12-07T16:19:38.121000+00:00,_iblrig_tasks_ephysChoiceWorld6.1.3,1,657,790,97,3548.016131134586,MB;MRN;POST;SCig;SCiw;VISp6a;VISp6b;fiber tracts;fp;root
KS014_e1931de1,e1931de1-cf7b-49af-af33-2ade15e8abe7,sub-KS014/sub-KS014_ses-e1931de1-cf7b-49af-af33-2ade15e8abe7_desc-processed_behavior+ecephys.nwb,KS014,cortexlab,University College London,M,219,0.028300000000000002 kg,2019-12-05T16:28:54.084000+00:00,_iblrig_tasks_ephysChoiceWorld6.1.3,2,688,1217,171,3634.933233685998,APN;CLI;IF;III;IPA;IPDL;IPDM;MB;MRN;ND;PAG;POST;RL;SCdg;SCdw;SCig;SCiw;SCop;SUB;VISp1;VISp2/3;VISp4;VISp5;VISp6a;VISp6b;bsc;dhc;fp;mlf;mtg;root;scwm
KS016_16c3667b,16c3667b-e0ea-43fb-9ad4-8dcd1e6c40e1,sub-KS016/sub-KS016_ses-16c3667b-e0ea-43fb-9ad4-8dcd1e6c40e1_desc-processed_behavior+ecephys.nwb,KS016,cortexlab,University College London,M,222,0.031 kg,2019-12-08T20:01:23.391000+00:00,_iblrig_tasks_ephysChoiceWorld6.1.3,2,553,1141,107,2860.563645383055,AT;CS;MB;MRN;PAG;PRNr;SCdg;SCdw;SCig;SCiw;SCop;Su3;mtg;tspc
KS016_6cf2a88a,6cf2a88a-515b-4f7f-89a2-7d53eab9b5f4,sub-KS016/sub-KS016_ses-6cf2a88a-515b-4f7f-89a2-7d53eab9b5f4_desc-processed_behavior+ecephys.nwb,KS016,cortexlab,University College London,M,219,0.031 kg,2019-12-05T18:57:55.539000+00:00,_iblrig_tasks_ephysChoiceWorld6.1.3,2,445,814,94,2166.861282854668,CA1;CA3;DG-mo;DG-po;DG-sg;LGd-co;LGd-sh;LP;MB;MGm;PIL;PP;PoT;SGN;SNr;TH;VISrl6b;ZI;alv;ar;cpd;fiber tracts;fp;int;or;root
KS016_dd87e278,dd87e278-999d-478b-8cbd-b5bf92b84763,sub-KS016/sub-KS016_ses-dd87e278-999d-478b-8cbd-b5bf92b84763_desc-processed_behavior+ecephys.nwb,KS016,cortexlab,University College London,M,223,0.031 kg,2019-12-09T17:31:23.762000+00:00,_iblrig_tasks_ephysChoiceWorld6.1.3,2,744,1517,148,3462.89260562148,MB;MRN;PRNr;RR;SCdg;SCdw;SCig;SCiw;SCop;SCsg;SCzo;TRN;rust;scp
KS022_15f742e1,15f742e1-1043-45c9-9504-f1e8a53c1744,sub-KS022/sub-KS022_ses-15f742e1-1043-45c9-9504-f1e8a53c1744_desc-processed_behavior+ecephys.nwb,KS022,cortexlab,University College London,M,167,0.0261 kg,2019-12-09T19:35:09.979000+00:00,_iblrig_tasks_ephysChoiceWorld6.1.3,2,826,925,89,3511.7868119679065,CA1;CA3;DG-mo;DG-po;DG-sg;HPF;LGd-co;LGd-ip;LGd-sh;MB;MGd;MGm;MGv;MRN;PRNr;SCdg;SCdw;SCig;SCiw;SCop;SCsg;SNr;TH;ZI;alv;cpd
KS023_a4000c2f,a4000c2f-fa75-4b3e-8f06-a7cf599b87ad,sub-KS023/sub-KS023_ses-a4000c2f-fa75-4b3e-8f06-a7cf599b87ad_desc-processed_behavior+ecephys.nwb,KS023,cortexlab,University College London,F,164,0.021500000000000002 kg,2019-12-06T12:14:53.174000+00:00,_iblrig_tasks_ephysChoiceWorld6.1.3,2,653,1254,210,3687.5793119719488,ACAd5;ACAd6a;ACAv5;ACAv6a;COApm;HY;LP;LSc;LSr;MEA;MOs2/3;MOs5;MS;PA;PO;STR;TH;VPL;VPM;ZI;ccb;cing;fiber tracts;int;root
KS023_a92c4b1d,a92c4b1d-46bd-457e-a1f4-414265f0e2d4,sub-KS023/sub-KS023_ses-a92c4b1d-46bd-457e-a1f4-414265f0e2d4_desc-processed_behavior+ecephys.nwb,KS023,cortexlab,University College London,F,166,0.021500000000000002 kg,2019-12-08T17:40:33.601000+00:00,_iblrig_tasks_ephysChoiceWorld6.1.3,2,800,1017,122,3461.1505671456175,ACAd6a;ACAv6a;ACAv6b;APN;HPF;LSc;LSr;LSv;MB;MOs5;MOs6a;MRN;MS;NOT;SNc;SNr;SPFp;STR;SUB;TH;VL;ccb;root
KS023_aad23144,aad23144-0e52-4eac-80c5-c4ee2decb198,sub-KS023/sub-KS023_ses-aad23144-0e52-4eac-80c5-c4ee2decb198_desc-processed_behavior+ecephys.nwb,KS023,cortexlab,University College London,F,168,0.021500000000000002 kg,2019-12-10T16:44:12.945000+00:00,_iblrig_tasks_ephysChoiceWorld6.1.3,2,641,1566,270,3254.0100192255372,ACAd6a;ACAv5;ACAv6a;CA1;DG-mo;DG-po;DG-sg;DP;LP;LSr;MOs1;MOs2/3;MOs5;NDB;OLF;PL5;PL6a;PO;STR;TH;TTd;VISa2/3;VISa4;VISa5;VISa6a;VISa6b;VPLpc;VPM;alv;ccs;ml;scwm
KS023_cc45c568,cc45c568-c3b9-4f74-836e-c87762e898c8,sub-KS023/sub-KS023_ses-cc45c568-c3b9-4f74-836e-c87762e898c8_desc-processed_behavior+ecephys.nwb,KS023,cortexlab,University College London,F,165,0.021500000000000002 kg,2019-12-07T14:15:46.688000+00:00,_iblrig_tasks_ephysChoiceWorld6.1.3,2,715,1624,221,3223.6066786276824,ACAd5;ACAv1;ACAv2/3;ACAv5;APN;CA3;DG-mo;Eth;FF;HPF;IG;LSr;MB;MOs2/3;MOs5;NOT;PoT;SNr;SPFp;STR;TH;ZI;ccg;cpd;ml;root
KS042_07dc4b76,07dc4b76-5b93-4a03-82a0-b3d9cc73f412,sub-KS042/sub-KS042_ses-07dc4b76-5b93-4a03-82a0-b3d9cc73f412_desc-processed_behavior+ecephys.nwb,KS042,cortexlab,University College London,M,139,0.024800000000000003 kg,2020-11-24T19:58:05.975000+00:00,_iblrig_tasks_ephysChoiceWorld6.4.2,2,692,1821,201,3995.4646731771745,MB;MRN;RN;RSPagl5;RSPagl6a;RSPd5;RSPd6a;RSPv1;RSPv2/3;RSPv5;RSPv6a;SCdg;SCig;SCiw;SCop;SCsg;SCzo;VISp2/3;VISp4;VISp5;VISp6a;VISpm5
KS042_8c552ddc,8c552ddc-813e-4035-81cc-3971b57efe65,sub-KS042/sub-KS042_ses-8c552ddc-813e-4035-81cc-3971b57efe65_desc-processed_behavior+ecephys.nwb,KS042,cortexlab,University College London,M,138,0.024800000000000003 kg,2020-11-23T18:42:36.343000+00:00,_iblrig_tasks_ephysChoiceWorld6.4.2,2,457,1775,161,2514.90327766292,AIp6a;AIp6b;AT;CLA;CP;CS;MB;MRN;PAG;PIR;Pa4;SCdg;SCdw;SCig;SCiw;SCop;SCsg;SCzo;SSp-n4;SSp-n5;SSp-n6a;SSs6a;SSs6b;VTN;ccb;ec;ee;scwm
KS043_9468fa93,9468fa93-21ae-4984-955c-e8402e280c83,sub-KS043/sub-KS043_ses-9468fa93-21ae-4984-955c-e8402e280c83_desc-processed_behavior+ecephys.nwb,KS043,cortexlab,University College London,M,151,0.0258 kg,2020-12-06T19:05:47.902000+00:00,_iblrig_tasks_ephysChoiceWorld6.4.2,2,514,1764,162,3401.3153229551885,ACAd6a;ACAv5;ACAv6a;CB;CENT2;CENT3;IRN;LC;LSc;MOs2/3;MOs5;MV;MY;P;PARN;PB;PVT;SF;SFO;TRS;V3;VII;arb;ccb;root;scp;vhc
KS043_e5c75b62,e5c75b62-6871-4135-b3d0-f6464c2d90c0,sub-KS043/sub-KS043_ses-e5c75b62-6871-4135-b3d0-f6464c2d90c0_desc-processed_behavior+ecephys.nwb,KS043,cortexlab,University College London,M,152,0.0258 kg,2020-12-07T17:03:38.861000+00:00,_iblrig_tasks_ephysChoiceWorld6.4.2,2,581,1184,95,3119.428684791632,AUDd5;AUDd6a;AUDv6a;CB;CENT2;CENT3;ECT5;ENTl3;ICd;MB;PCG;PERI2/3;PERI5;SSs4;SSs5;TEa5;TEa6a;V4;arb
KS044_781b35fd,781b35fd-e1f0-4d14-b2bb-95b7263082bb,sub-KS044/sub-KS044_ses-781b35fd-e1f0-4d14-b2bb-95b7263082bb_desc-processed_behavior+ecephys.nwb,KS044,cortexlab,University College London,M,154,0.024300000000000002 kg,2020-12-09T21:29:24.224000+00:00,_iblrig_tasks_ephysChoiceWorld6.4.2,2,471,1795,202,2190.143007932249,CA1;CA3;COApm;DG-mo;DG-po;DG-sg;LGd-sh;LP;MB;MEA;MGm;PA;PoT;SGN;SPFp;TH;VISa2/3;VISa4;VISa5;VISa6a;VISrl6a;VISrl6b;VPL;VPM;ZI;alv;bsc;ccs;em;fiber tracts;int;opt;or
KS044_a6fe44a8,a6fe44a8-07ab-49b8-81f9-e18575aa85cc,sub-KS044/sub-KS044_ses-a6fe44a8-07ab-49b8-81f9-e18575aa85cc_desc-processed_behavior+ecephys.nwb,KS044,cortexlab,University College London,M,152,0.024300000000000002 kg,2020-12-07T19:34:42.945000+00:00,_iblrig_tasks_ephysChoiceWorld6.4.2,2,786,2547,138,3967.9381007720835,CUN;ICd;ICe;IVn;MB;MRN;NLL;P;PAG;PB;PC5;PRNc;PRNr;PSV;SUT;ll;scp
KS045_571d3ffe,571d3ffe-54a5-473d-a265-5dc373eb7efc,sub-KS045/sub-KS045_ses-571d3ffe-54a5-473d-a265-5dc373eb7efc_desc-processed_behavior+ecephys.nwb,KS045,cortexlab,University College London,M,151,0.024300000000000002 kg,2020-12-06T16:43:18.257000+00:00,_iblrig_tasks_ephysChoiceWorld6.4.2,2,404,1949,171,2765.172318386049,CB;CENT2;CENT3;GRN;ICc;ICe;MB;MV;MY;P;PB;PCG;V4;arb;mlf;scp;uf
KS046_0ac8d013,0ac8d013-b91e-4732-bc7b-a1164ff3e445,sub-KS046/sub-KS046_ses-0ac8d013-b91e-4732-bc7b-a1164ff3e445_desc-processed_behavior+ecephys.nwb,KS046,cortexlab,University College London,M,147,0.0256 kg,2020-12-02T18:18:58.352000+00:00,_iblrig_tasks_ephysChoiceWorld6.4.2,2,841,908,94,3983.0355918860037,AIp1;AIp2/3;AIp5;CA1;ProS;SSp-bfd1;SSp-bfd2/3;SSs2/3;SSs4;SSs5;TEa2/3;TEa4;TEa5;TEa6a;TEa6b;VISC5;alv;ar;fp
KS046_69c9a415,69c9a415-f7fa-4208-887b-1417c1479b48,sub-KS046/sub-KS046_ses-69c9a415-f7fa-4208-887b-1417c1479b48_desc-processed_behavior+ecephys.nwb,KS046,cortexlab,University College London,M,148,0.0256 kg,2020-12-03T15:19:15.710000+00:00,_iblrig_tasks_ephysChoiceWorld6.4.2,2,637,2664,207,3637.432581958188,CP;DG-mo;DG-sg;EPd;OLF;PIR;ProS;SSp-m4;SSp-m5;SSp-m6a;SSp-m6b;SSp-ul4;VISl1;VISl2/3;VISl4;VISl5;VISli5;VISli6a;ccb;ec;or;scwm
KS046_aa3432cd,aa3432cd-62bd-40bc-bc1c-a12d53bcbdcf,sub-KS046/sub-KS046_ses-aa3432cd-62bd-40bc-bc1c-a12d53bcbdcf_desc-processed_behavior+ecephys.nwb,KS046,cortexlab,University College London,M,150,0.0256 kg,2020-12-05T20:30:57.639000+00:00,_iblrig_tasks_ephysChoiceWorld6.4.2,2,656,1521,162,3616.7214927752825,AId5;AId6a;AIv2/3;AIv5;APN;DG-mo;HPF;MB;MOp2/3;MOp5;MOp6a;MRN;PIR;SCig;SUB;VISp6a;VISp6b;VISpm2/3;VISpm4;VISpm5;VISpm6a;alv;bsc;dhc;fp;root;scwm
KS046_dfbe628d,dfbe628d-365b-461c-a07f-8b9911ba83aa,sub-KS046/sub-KS046_ses-dfbe628d-365b-461c-a07f-8b9911ba83aa_desc-processed_behavior+ecephys.nwb,KS046,cortexlab,University College London,M,149,0.0256 kg,2020-12-04T18:29:38.510000+00:00,_iblrig_tasks_ephysChoiceWorld6.4.2,2,753,1651,351,4019.756046743495,ACAd5;AON;DP;FRP6a;ILA1;ILA2/3;ILA5;MOs5;MOs6a;OLF;ORBvl2/3;ORBvl5;ORBvl6a;PL5;PL6a;TTd;TTv
KS051_0a018f12,0a018f12-ee06-4b11-97aa-bbbff5448e9f,sub-KS051/sub-KS051_ses-0a018f12-ee06-4b11-97aa-bbbff5448e9f_desc-processed_behavior+ecephys.nwb,KS051,cortexlab,University College London,M,168,0.024 kg,2021-05-11T14:24:53+01:00,_iblrig_tasks_ephysChoiceWorld6.4.2,1,478,899,126,2594.1374368962247,CA1;DG-mo;DG-po;DG-sg;LP;PoT;SGN;SPFp;TH;VISa2/3;VISa4;VISa5;VISa6a;VISa6b;ccs;fiber tracts;ml;or;root
KS051_4503697e,4503697e-af44-47d9-898d-4924be990240,sub-KS051/sub-KS051_ses-4503697e-af44-47d9-898d-4924be990240_desc-processed_behavior+ecephys.nwb,KS051,cortexlab,University College London,M,169,0.024 kg,2021-05-12T17:44:59+01:00,_iblrig_tasks_ephysChoiceWorld6.4.2,1,415,384,23,2634.2486530740157,ACB;CP;OT;SI;aco
KS051_7082d8ff,7082d8ff-255a-47d7-a839-bf093483ec30,sub-KS051/sub-KS051_ses-7082d8ff-255a-47d7-a839-bf093483ec30_desc-processed_behavior+ecephys.nwb,KS051,cortexlab,University College London,M,170,0.024 kg,2021-05-13T14:26:53+01:00,_iblrig_tasks_ephysChoiceWorld6.4.2,2,405,559,75,2842.4235598827513,AMd;AV;BST;CP;HY;LPO;MOp1;MOp2/3;MOp5;MOp6a;MOp6b;NDB;OT;PAL;SI;STR;VL;act;ccb;cing;fi;root
KS052_ac7d3064,ac7d3064-7f09-48a3-88d2-e86a4eb86461,sub-KS052/sub-KS052_ses-ac7d3064-7f09-48a3-88d2-e86a4eb86461_desc-processed_behavior+ecephys.nwb,KS052,cortexlab,University College London,M,170,0.0238 kg,2021-05-13T16:59:23+01:00,_iblrig_tasks_ephysChoiceWorld6.4.2,2,691,755,91,3198.7163819719226,AId5;AON;AUDp6a;AUDv6a;ENTl5;ENTl6a;EPd;MOs1;MOs2/3;MOs5;ORBl1;ORBl2/3;ORBl5;PIR;TEa6a;ec
KS055_872ce8ff,872ce8ff-9fb3-485c-be00-bc5479e0095b,sub-KS055/sub-KS055_ses-872ce8ff-9fb3-485c-be00-bc5479e0095b_desc-processed_behavior+ecephys.nwb,KS055,cortexlab,University College London,M,160,0.024800000000000003 kg,2021-05-03T17:15:07.722000+01:00,_iblrig_tasks_ephysChoiceWorld6.4.2,2,443,2287,326,2687.0964068033645,ENTl5;ENTl6a;ENTm5;ENTm6;SUB;VISl1;VISl4;VISl5;VISl6a;VISli2/3;VISli4;VISli5;VISli6a;VISp1;VISpor5;VISpor6a;VISpor6b;alv;ec;or
KS055_b22f694e,b22f694e-4a34-4142-ab9d-2556c3487086,sub-KS055/sub-KS055_ses-b22f694e-4a34-4142-ab9d-2556c3487086_desc-processed_behavior+ecephys.nwb,KS055,cortexlab,University College London,M,159,0.024800000000000003 kg,2021-05-02T18:59:07.448000+01:00,_iblrig_tasks_ephysChoiceWorld6.4.2,2,480,2129,272,2542.5829349120345,APN;CA1;DG-mo;DG-po;DG-sg;ENTl2;ENTl3;ENTl5;ENTl6a;LP;MB;MRN;VISa1;VISa2/3;VISa4;VISa5;VISa6a;VISa6b;VISam2/3;VISl1;VISl2/3;VISli2/3;VISli4;VISli5;VISpor5;VISpor6a;bsc;ccs;or
KS084_1b715600,1b715600-0cbc-442c-bd00-5b0ac2865de1,sub-KS084/sub-KS084_ses-1b715600-0cbc-442c-bd00-5b0ac2865de1_desc-processed_behavior+ecephys.nwb,KS084,cortexlab,University College London,M,167,0.0282 kg,2022-01-31T14:47:03.463000+00:00,_iblrig_tasks_ephysChoiceWorld,2,437,911,131,3364.339624171192,CA1;CM;DG-mo;DG-po;DG-sg;DMH;HY;IMD;LP;MD;MGm;PH;PVT;PoT;TH;V3;VISa1;VISa2/3;VISa4;VISa5;VISa6a;VISa6b;VM;VMH;VPMpc;alv;fiber tracts;or
KS086_e45481fa,e45481fa-be22-4365-972c-e7404ed8ab5a,sub-KS086/sub-KS086_ses-e45481fa-be22-4365-972c-e7404ed8ab5a_desc-processed_behavior+ecephys.nwb,KS086,cortexlab,University College London,M,210,0.031100000000000003 kg,2022-03-15T15:38:13.431000+00:00,_iblrig_tasks_ephysChoiceWorld6.5.3,2,525,1384,167,4786.772039354783,APN;CA1;CP;CTXsp;DG-mo;DG-po;DG-sg;EPd;Eth;MB;OLF;OT;PIR;POL;SPFp;SSp-m6a;SSp-m6b;TH;VISa2/3;VISa4;VISa5;VISa6a;VISa6b;alv;ccb;ccg;fp;ml;or;root;scwm
KS086_ffef0311,ffef0311-8ffa-49e3-a857-b3adf6d86e12,sub-KS086/sub-KS086_ses-ffef0311-8ffa-49e3-a857-b3adf6d86e12_desc-processed_behavior+ecephys.nwb,KS086,cortexlab,University College London,M,211,0.031100000000000003 kg,2022-03-16T14:09:03.310000+00:00,_iblrig_tasks_ephysChoiceWorld6.5.3,1,578,950,90,3624.298005030863,CP;CTXsp;OLF;PIR;SSp-m5;SSp-m6a;SSp-m6b;STR;ccb;scwm
KS091_196a2adf,196a2adf-ff83-49b2-823a-33f990049c2e,sub-KS091/sub-KS091_ses-196a2adf-ff83-49b2-823a-33f990049c2e_desc-processed_behavior+ecephys.nwb,KS091,cortexlab,University College London,M,203,0.028399999999999998 kg,2022-07-05T14:22:06.635000+01:00,_iblrig_tasks_ephysChoiceWorld6.5.3,2,600,1898,105,2599.0189713150676,ACAd5;ACAv1;ACAv2/3;ACAv5;BMAp;CA3;COApl;CTXsp;IG;LGv;LSr;MOs2/3;MOs5;PA;SF;TRS;ccb;chpl;fi;fiber tracts;opt;root
KS091_78b4fff5,78b4fff5-c5ec-44d9-b5f9-d59493063f00,sub-KS091/sub-KS091_ses-78b4fff5-c5ec-44d9-b5f9-d59493063f00_desc-processed_behavior+ecephys.nwb,KS091,cortexlab,University College London,M,202,0.028399999999999998 kg,2022-07-04T14:30:15.049000+01:00,_iblrig_tasks_ephysChoiceWorld6.5.3,2,892,2245,116,4041.4552673631238,ACAd5;BMAp;CA3;COApl;ILA1;ILA2/3;LGv;MOs1;MOs2/3;MOs5;PA;PL2/3;PL5;alv;fiber tracts;root
KS094_3f859b5c,3f859b5c-e73a-4044-b49e-34bb81e96715,sub-KS094/sub-KS094_ses-3f859b5c-e73a-4044-b49e-34bb81e96715_desc-processed_behavior+ecephys.nwb,KS094,cortexlab,University College London,M,136,0.028399999999999998 kg,2022-06-17T11:52:31.281000+01:00,_iblrig_tasks_ephysChoiceWorld6.5.3,2,490,1860,273,2698.1879820085524,AUDd5;AUDp5;AUDp6a;AUDv5;AUDv6a;CA1;CA2;CA3;ECT2/3;ECT5;LD;PERI2/3;PO;SSp-bfd1;SSp-bfd2/3;SSp-tr2/3;SSp-tr4;SSp-tr5;SSp-tr6a;SSp-tr6b;SSs2/3;SSs4;SSs5;TEa5;VISa1;VISa2/3;alv;ccb;root;scwm
KS094_6b0b5d24,6b0b5d24-bcda-4053-a59c-beaa1fe03b8f,sub-KS094/sub-KS094_ses-6b0b5d24-bcda-4053-a59c-beaa1fe03b8f_desc-processed_behavior+ecephys.nwb,KS094,cortexlab,University College London,M,134,0.028399999999999998 kg,2022-06-15T16:17:37.167000+01:00,_iblrig_tasks_ephysChoiceWorld6.5.3,2,684,2480,120,3396.8181426844035,AOBgl;AON;AUDd2/3;AUDd4;AUDd5;AUDp5;AUDv5;ECT5;FRP2/3;MOB;OLF;ORBl1;ORBl2/3;SSp-bfd1;SSp-bfd2/3;SSs2/3;TEa5;aco
KS094_752456f3,752456f3-9f47-4fbf-bd44-9d131c0f41aa,sub-KS094/sub-KS094_ses-752456f3-9f47-4fbf-bd44-9d131c0f41aa_desc-processed_behavior+ecephys.nwb,KS094,cortexlab,University College London,M,135,0.028399999999999998 kg,2022-06-16T11:49:20.330000+01:00,_iblrig_tasks_ephysChoiceWorld6.5.3,2,511,1301,99,3881.6641470138816,AOBgl;AON;AUDd2/3;AUDp4;AUDp5;AUDpo2/3;AUDpo4;AUDpo5;AUDv5;ECT5;ECT6a;ENTl2;ENTl3;FRP2/3;MOB;MOs2/3;OLF;ORBl1;ORBl2/3;TEa5;TEa6a
KS094_c8d46ee6,c8d46ee6-eb68-4535-8756-7c9aa32f10e4,sub-KS094/sub-KS094_ses-c8d46ee6-eb68-4535-8756-7c9aa32f10e4_desc-processed_behavior+ecephys.nwb,KS094,cortexlab,University College London,M,139,0.028399999999999998 kg,2022-06-20T14:36:20.811000+01:00,_iblrig_tasks_ephysChoiceWorld6.5.3,1,480,1674,131,2368.412740765013,AId5;AIv2/3;AIv5;GU5;PIR;SSp-m2/3;SSp-m4;SSp-m5
KS096_1b9e349e,1b9e349e-93f2-41cc-a4b5-b212d7ddc8df,sub-KS096/sub-KS096_ses-1b9e349e-93f2-41cc-a4b5-b212d7ddc8df_desc-processed_behavior+ecephys.nwb,KS096,cortexlab,University College London,M,134,0.028300000000000002 kg,2022-06-15T19:31:36.498000+01:00,_iblrig_tasks_ephysChoiceWorld6.5.3,2,1140,2298,224,5215.802459617433,"CENT3;CUL4, 5;IPL;MB;MRN;MV;MY;P;PAG;PARN;PB;PG;RN;SCdg;SCdw;SCiw;SIM;arb;rust;uf"
KS096_446f4724,446f4724-1690-49f9-819a-2bd8e2ea88ce,sub-KS096/sub-KS096_ses-446f4724-1690-49f9-819a-2bd8e2ea88ce_desc-processed_behavior+ecephys.nwb,KS096,cortexlab,University College London,M,139,0.028300000000000002 kg,2022-06-20T16:46:15.609000+01:00,_iblrig_tasks_ephysChoiceWorld6.5.3,1,701,793,79,2913.00323809037,CA1;COApm;DG-mo;DG-po;DG-sg;ENTm2;ENTm3;ENTm5;ENTm6;HPF;ProS
KS096_8928f98a,8928f98a-b411-497e-aa4b-aa752434686d,sub-KS096/sub-KS096_ses-8928f98a-b411-497e-aa4b-aa752434686d_desc-processed_behavior+ecephys.nwb,KS096,cortexlab,University College London,M,136,0.028300000000000002 kg,2022-06-17T15:27:55.990000+01:00,_iblrig_tasks_ephysChoiceWorld6.5.3,2,663,1669,249,3184.0179129521093,"CA1;CENT3;CUL4, 5;DG-mo;DG-po;DG-sg;LP;MV;MY;PARN;PO;SIM;SUV;VISa2/3;VISa4;VISa5;VISa6a;VISa6b;VPLpc;alv;arb;ccs;or;root;scp;uf"
KS096_a2701b93,a2701b93-d8e1-47e9-a819-f1063046f3e7,sub-KS096/sub-KS096_ses-a2701b93-d8e1-47e9-a819-f1063046f3e7_desc-processed_behavior+ecephys.nwb,KS096,cortexlab,University College London,M,140,0.028300000000000002 kg,2022-06-21T17:44:14.985000+01:00,_iblrig_tasks_ephysChoiceWorld6.5.3,1,515,514,23,2324.907699314614,CA1;CA3;COApm;DG-mo;DG-po;DG-sg;PA;ec
KS096_f819d499,f819d499-8bf7-4da0-a431-15377a8319d5,sub-KS096/sub-KS096_ses-f819d499-8bf7-4da0-a431-15377a8319d5_desc-processed_behavior+ecephys.nwb,KS096,cortexlab,University College London,M,135,0.028300000000000002 kg,2022-06-16T15:04:08.971000+01:00,_iblrig_tasks_ephysChoiceWorld6.5.3,2,441,2051,150,3037.1295623325636,ANcr1;COPY;EW;FL;MA3;MB;PAG;PFL;RSPd2/3;RSPd5;RSPv1;RSPv2/3;RSPv5;SCdg;SCdw;SCig;SCiw;SCop;SCsg;SCzo;SIM;arb
MFD-05_004d8fd5,004d8fd5-41e7-4f1b-a45b-0d4ad76fe446,sub-MFD-05/sub-MFD-05_ses-004d8fd5-41e7-4f1b-a45b-0d4ad76fe446_desc-processed_behavior+ecephys.nwb,MFD_05,churchlandlab_ucla,University of California Los Angeles,M,170,0.0267 kg,2023-08-17T17:35:49-07:00,_iblrig_tasks_ephysChoiceWorld,1,692,1239,202,3578.585679142057,CB;CENT3;ICB;IP;LAV;MY;SPIV;SPVI;SUV;arb;das;sptV;x
MFD-05_7dd27c2f,7dd27c2f-9544-448d-918d-be0f9837b0e0,sub-MFD-05/sub-MFD-05_ses-7dd27c2f-9544-448d-918d-be0f9837b0e0_desc-processed_behavior+ecephys.nwb,MFD_05,churchlandlab_ucla,University of California Los Angeles,M,168,0.0267 kg,2023-08-15T17:10:15.346939-07:00,_iblrig_tasks_ephysChoiceWorld,1,525,1333,143,3612.8365233568356,ICe;MB;P;P5;PB;POST;PPN;SUT;VISp4;VISp5;VISp6a;bic;ll;scp
MFD-05_ca4ecb4c,ca4ecb4c-4b60-4723-9b9e-2c54a6290a53,sub-MFD-05/sub-MFD-05_ses-ca4ecb4c-4b60-4723-9b9e-2c54a6290a53_desc-processed_behavior+ecephys.nwb,MFD_05,churchlandlab_ucla,University of California Los Angeles,M,169,0.0267 kg,2023-08-16T16:43:15.074954-07:00,_iblrig_tasks_ephysChoiceWorld,1,620,1117,136,3564.6965402746123,DG-mo;MB;MRN;ProS;RN;SCig;SCiw;SUB;VISp1;VISp2/3;VISp4;VISp5;VISp6a;VISp6b;alv;dhc;fp;or
MFD-06_35eeb752,35eeb752-8f4f-4040-9714-ba0f5b7ccdfe,sub-MFD-06/sub-MFD-06_ses-35eeb752-8f4f-4040-9714-ba0f5b7ccdfe_desc-processed_behavior+ecephys.nwb,MFD_06,churchlandlab_ucla,University of California Los Angeles,M,175,0.0275 kg,2023-08-22T16:40:39-07:00,_iblrig_tasks_ephysChoiceWorld,1,762,1363,147,3532.963360204675,MB;MRN;P;PPN;PSV;SCdg;SCiw;ll;moV;rust;sctv
MFD-06_3f71aa98,3f71aa98-08c6-4e79-b4c8-00eae4f03eff,sub-MFD-06/sub-MFD-06_ses-3f71aa98-08c6-4e79-b4c8-00eae4f03eff_desc-processed_behavior+ecephys.nwb,MFD_06,churchlandlab_ucla,University of California Los Angeles,M,178,0.0275 kg,2023-08-25T14:36:44-07:00,_iblrig_tasks_ephysChoiceWorld,1,672,1689,147,2984.9380356307433,ENTm1;ENTm2;ENTm3;VISpl1;VISpor1;VISpor2/3
MFD-06_97c1d08d,97c1d08d-57b4-4595-8052-91eb84ebfd74,sub-MFD-06/sub-MFD-06_ses-97c1d08d-57b4-4595-8052-91eb84ebfd74_desc-processed_behavior+ecephys.nwb,MFD_06,churchlandlab_ucla,University of California Los Angeles,M,176,0.0275 kg,2023-08-23T14:34:53-07:00,_iblrig_tasks_ephysChoiceWorld,1,779,1112,136,3566.9216105305936,MRN;PPN;PRNc;PRNr
MFD-06_a1782f4f,a1782f4f-86b0-480c-a7f2-3d8f1ab482ab,sub-MFD-06/sub-MFD-06_ses-a1782f4f-86b0-480c-a7f2-3d8f1ab482ab_desc-processed_behavior+ecephys.nwb,MFD_06,churchlandlab_ucla,University of California Los Angeles,M,177,0.0275 kg,2023-08-24T14:00:19.754812-07:00,_iblrig_tasks_ephysChoiceWorld,1,741,1504,113,3565.149729362858,APr;MB;NLL;P;P5;PB;PRNc;SUT;ll;root
MFD-07_11163613,11163613-a6c9-4975-9586-84dc00481547,sub-MFD-07/sub-MFD-07_ses-11163613-a6c9-4975-9586-84dc00481547_desc-processed_behavior+ecephys.nwb,MFD_07,churchlandlab_ucla,University of California Los Angeles,M,185,0.0265 kg,2023-09-01T13:56:04.163286-07:00,_iblrig_tasks_ephysChoiceWorld,1,816,1241,138,3688.3797119202577,CUN;ICe;MB;MRN;P;PPN;PRNc;PRNr;SUT;bic;ll
MFD-07_15b69921,15b69921-d471-4ded-8814-2adad954bcd8,sub-MFD-07/sub-MFD-07_ses-15b69921-d471-4ded-8814-2adad954bcd8_desc-processed_behavior+ecephys.nwb,MFD_07,churchlandlab_ucla,University of California Los Angeles,M,184,0.0265 kg,2023-08-31T15:17:16.846656-07:00,_iblrig_tasks_ephysChoiceWorld,1,825,1113,128,3666.0968712789895,CA1;DG-mo;DG-po;DG-sg;Eth;LP;PF;PO;VISa1;VISa2/3;VISa4;VISa5;VISa6a;VISa6b;VPMpc;alv;scwm
MFD-07_c46b8def,c46b8def-620d-4d70-9397-be5694255f73,sub-MFD-07/sub-MFD-07_ses-c46b8def-620d-4d70-9397-be5694255f73_desc-processed_behavior+ecephys.nwb,MFD_07,churchlandlab_ucla,University of California Los Angeles,M,182,0.0265 kg,2023-08-29T16:43:29-07:00,_iblrig_tasks_ephysChoiceWorld,1,720,967,294,3638.3527220967017,CENT2;CENT3;ICd;ICe;LING;MB;V4;arb
MFD-08_5ae68c54,5ae68c54-2897-4d3a-8120-426150704385,sub-MFD-08/sub-MFD-08_ses-5ae68c54-2897-4d3a-8120-426150704385_desc-processed_behavior+ecephys.nwb,MFD_08,churchlandlab_ucla,University of California Los Angeles,M,191,0.024050000000000002 kg,2023-09-07T14:48:07.791158-07:00,_iblrig_tasks_ephysChoiceWorld,1,740,982,134,4509.890661324335,APN;CA1;DG-mo;DG-sg;MB;MRN;RN;VISp4;VISp5;VISp6a;VISp6b;VISpm4;VISpm5;bsc;fiber tracts;fp;or
MFD-08_a7eba2cf,a7eba2cf-427f-4df9-879b-e53e962eae18,sub-MFD-08/sub-MFD-08_ses-a7eba2cf-427f-4df9-879b-e53e962eae18_desc-processed_behavior+ecephys.nwb,MFD_08,churchlandlab_ucla,University of California Los Angeles,M,192,0.024050000000000002 kg,2023-09-08T12:34:58.309653-07:00,_iblrig_tasks_ephysChoiceWorld,1,789,1414,302,3952.546681851905,CENT2;CENT3;IRN;MV;P;PARN;PB;VII;arb;das;scp;uf
MFD-09_ebce500b,ebce500b-c530-47de-8cb1-963c552703ea,sub-MFD-09/sub-MFD-09_ses-ebce500b-c530-47de-8cb1-963c552703ea_desc-processed_behavior+ecephys.nwb,MFD_09,churchlandlab_ucla,University of California Los Angeles,M,233,0.027600000000000003 kg,2023-10-19T12:54:25.961859-07:00,_iblrig_tasks_ephysChoiceWorld,1,569,1557,291,5790.133264785396,CA1;CA3;DG-mo;DG-sg;LP;PO;SSp-tr2/3;SSp-tr4;SSp-tr5;SSp-tr6a;SSp-tr6b;alv;ccs;or;root;scwm
NR-0017_e6043c7d,e6043c7d-8f6e-4b66-8309-2ec0abac0f79,sub-NR-0017/sub-NR-0017_ses-e6043c7d-8f6e-4b66-8309-2ec0abac0f79_desc-processed_behavior+ecephys.nwb,NR_0017,steinmetzlab,University of Washington,M,429,0.0268 kg,2022-03-22T17:26:02.439839-07:00,_iblrig_tasks_ephysChoiceWorld6.5.3,1,911,758,60,4074.0711596743986,CA3;CL;DG-mo;DMH;HPF;HY;LD;LP;MD;PCN;PR;SMT;TH
NR-0019_63c70ae8,63c70ae8-4dfb-418b-b21b-f0b1e5fba6c9,sub-NR-0019/sub-NR-0019_ses-63c70ae8-4dfb-418b-b21b-f0b1e5fba6c9_desc-processed_behavior+ecephys.nwb,NR_0019,steinmetzlab,University of Washington,M,275,0.0298 kg,2022-05-03T15:04:48.713692-07:00,_iblrig_tasks_ephysChoiceWorld6.5.3,2,900,1425,242,3900.7475374646074,CP;HY;LHA;RT;SSp-bfd6a;SSp-bfd6b;SSp-ll1;SSp-ll2/3;SSp-tr1;SSp-ul1;SSp-ul2/3;SSp-ul4;SSp-ul5;SSp-un5;SSp-un6a;TH;VAL;VL;VM;VPL;VPM;ZI;ccb;chpl;fi;or;root;scwm
NR-0019_9b528ad0,9b528ad0-4599-4a55-9148-96cc1d93fb24,sub-NR-0019/sub-NR-0019_ses-9b528ad0-4599-4a55-9148-96cc1d93fb24_desc-processed_behavior+ecephys.nwb,NR_0019,steinmetzlab,University of Washington,M,271,0.0298 kg,2022-04-29T19:31:15.276863-07:00,_iblrig_tasks_ephysChoiceWorld6.5.3,1,581,603,79,2639.312442779121,APN;CA1;DG-mo;DG-po;DG-sg;LP;MRN;VISa2/3;VISa4;VISa5;VISa6a;VISa6b;VISam2/3;VISam5;alv;bsc;fp;or;root
NR-0019_b887df2c,b887df2c-bb9c-44c9-a9c0-538da87b2cab,sub-NR-0019/sub-NR-0019_ses-b887df2c-bb9c-44c9-a9c0-538da87b2cab_desc-processed_behavior+ecephys.nwb,NR_0019,steinmetzlab,University of Washington,M,273,0.0298 kg,2022-05-01T17:59:33.227365-07:00,_iblrig_tasks_ephysChoiceWorld6.5.3,2,478,1124,138,2242.4860742298965,APN;DG-mo;MB;MRN;NOT;POST;RSPagl1;RSPagl2/3;RSPagl5;RSPagl6a;RSPv5;RSPv6a;SCig;SCiw;VISpm6b;VTA;bsc;cing;root
NR-0020_3e6a97d3,3e6a97d3-3991-49e2-b346-6948cb4580fb,sub-NR-0020/sub-NR-0020_ses-3e6a97d3-3991-49e2-b346-6948cb4580fb_desc-processed_behavior+ecephys.nwb,NR_0020,steinmetzlab,University of Washington,M,235,0.0285 kg,2022-05-08T13:39:14.170541-07:00,_iblrig_tasks_ephysChoiceWorld6.5.3,2,525,1902,154,2401.98708774448,APN;BLAp;CA1;CA2;CA3;COApl;DG-mo;DG-po;DG-sg;LP;MRN;OLF;TR;VISa2/3;VISa4;VISa5;VISa6a;VISa6b;alv;bsc;fp;or;root
NR-0020_5b49aca6,5b49aca6-a6f4-4075-931a-617ad64c219c,sub-NR-0020/sub-NR-0020_ses-5b49aca6-a6f4-4075-931a-617ad64c219c_desc-processed_behavior+ecephys.nwb,NR_0020,steinmetzlab,University of Washington,M,237,0.0285 kg,2022-05-10T18:07:06.273804-07:00,_iblrig_tasks_ephysChoiceWorld6.5.3,1,773,736,49,3157.753658080478,CA1;CA2;CA3;CTXsp;DG-mo;EPv;OLF;TR;alv;ec
NR-0020_d901aff5,d901aff5-2250-467a-b4a1-0cb9729df9e2,sub-NR-0020/sub-NR-0020_ses-d901aff5-2250-467a-b4a1-0cb9729df9e2_desc-processed_behavior+ecephys.nwb,NR_0020,steinmetzlab,University of Washington,M,238,0.0285 kg,2022-05-11T13:32:47.764358-07:00,_iblrig_tasks_ephysChoiceWorld6.5.3,2,458,1555,215,2382.700636442468,CA1;DG-mo;LP;MB;MGm;MRN;PIL;PoT;SGN;SNc;SNr;SPFp;TH;VISl6a;VISl6b;VISp1;VISp2/3;VISp4;VISp5;VISp6a;alv;bsc;cpd;fp;or
NR-0020_eacc49a9,eacc49a9-f3a1-49f1-b87f-0972f90ee837,sub-NR-0020/sub-NR-0020_ses-eacc49a9-f3a1-49f1-b87f-0972f90ee837_desc-processed_behavior+ecephys.nwb,NR_0020,steinmetzlab,University of Washington,M,236,0.0285 kg,2022-05-09T14:19:25.159439-07:00,_iblrig_tasks_ephysChoiceWorld6.5.3,2,817,2622,282,3156.0330886654237,BLAp;CA1;CA2;CA3;CTXsp;DG-mo;EPv;MRN;PAG;RN;RSPagl5;RSPagl6a;RSPd6a;RSPv1;RSPv2/3;RSPv5;RSPv6a;SCdg;SCdw;SCig;SCiw;SCop;SCsg;SCzo;TR;alv;root
NR-0021_1ca83b26,1ca83b26-30fc-4350-a616-c38b7d00d240,sub-NR-0021/sub-NR-0021_ses-1ca83b26-30fc-4350-a616-c38b7d00d240_desc-processed_behavior+ecephys.nwb,NR_0021,steinmetzlab,University of Washington,M,230,0.02886 kg,2022-06-30T13:52:49.148628-07:00,_iblrig_tasks_ephysChoiceWorld6.6.2,2,586,668,105,3096.5930032368083,APN;DG-mo;DG-sg;MB;MRN;SSp-bfd4;SSp-bfd5;SSp-n6a;SSp-un1;SSp-un2/3;SSp-un4;SSs6a;SSs6b;VISC6b;ccb
NR-0021_27ef44c0,27ef44c0-acb2-4220-b776-477d0d5abd35,sub-NR-0021/sub-NR-0021_ses-27ef44c0-acb2-4220-b776-477d0d5abd35_desc-processed_behavior+ecephys.nwb,NR_0021,steinmetzlab,University of Washington,M,228,0.02886 kg,2022-06-28T12:41:04.697544-07:00,_iblrig_tasks_ephysChoiceWorld6.5.3,2,593,1273,187,3321.6164631249408,AIp6a;AIp6b;CA1;CA2;CA3;CL;CP;LD;MD;PCN;PIR;SMT;SSp-bfd4;SSp-bfd5;SSp-bfd6a;SSp-bfd6b;TH;VISC6b;alv;ccb;cing;ec;ee;root;scwm
NR-0021_e0928e11,e0928e11-2b86-4387-a203-80c77fab5d52,sub-NR-0021/sub-NR-0021_ses-e0928e11-2b86-4387-a203-80c77fab5d52_desc-processed_behavior+ecephys.nwb,NR_0021,steinmetzlab,University of Washington,M,238,0.02886 kg,2022-07-08T12:03:47.876093-07:00,_iblrig_tasks_ephysChoiceWorld6.6.2,2,474,1048,92,2866.8527619255296,DG-mo;DG-po;DG-sg;MB;MRN;ProS;SCig;SCiw;SUB;VISp1;VISp2/3;VISp4;VISp5;VISp6a;VISp6b;alv;dhc;fp;or;scwm
NR-0024_2d9bfc10,2d9bfc10-59fb-424a-b699-7c42f86c7871,sub-NR-0024/sub-NR-0024_ses-2d9bfc10-59fb-424a-b699-7c42f86c7871_desc-processed_behavior+ecephys.nwb,NR_0024,steinmetzlab,University of Washington,F,457,0.02564 kg,2023-02-03T12:01:59-08:00,_iblrig_tasks_ephysChoiceWorld6.6.2,1,678,1208,116,3514.640813552004,AUDd6a;AUDd6b;CA1;ECT6a;ECT6b;ENTl2;ENTl3;ENTl5;ENTl6a;PERI6a;PIR;SSp-bfd1;SSp-bfd2/3;SSp-bfd4;SSp-bfd5;SSs5;SSs6a;alv;ec;fp;or
NR-0024_3bcb81b4,3bcb81b4-d9ca-4fc9-a1cd-353a966239ca,sub-NR-0024/sub-NR-0024_ses-3bcb81b4-d9ca-4fc9-a1cd-353a966239ca_desc-processed_behavior+ecephys.nwb,NR_0024,steinmetzlab,University of Washington,F,442,0.02564 kg,2023-01-19T14:08:54-08:00,_iblrig_tasks_ephysChoiceWorld6.6.2,2,664,1696,129,4371.2243156636905,APN;CA1;DG-mo;DG-po;DG-sg;MB;MRN;NOT;RN;VISa2/3;VISa4;VISa5;VISa6a;VISam1;VISam2/3;VISam4;VISam5;VISam6a;VISam6b;alv;bsc;cing;fp;root;scwm
NR-0024_7cc74598,7cc74598-9c1b-436b-84fa-0bf89f31adf6,sub-NR-0024/sub-NR-0024_ses-7cc74598-9c1b-436b-84fa-0bf89f31adf6_desc-processed_behavior+ecephys.nwb,NR_0024,steinmetzlab,University of Washington,F,455,0.02564 kg,2023-02-01T16:39:26-08:00,_iblrig_tasks_ephysChoiceWorld6.6.2,2,526,2746,177,3461.7440620653138,AUDd2/3;AUDp4;AUDp5;AUDpo2/3;AUDpo4;ICe;MB;MRN;P;POST;PPN;PRNr;RSPagl6a;RSPd6a;VISal1;VISal2/3;VISp6a;VISrl1;bic
NR-0024_f4eb56a4,f4eb56a4-8bf8-4bbc-a8f3-6e6535134bad,sub-NR-0024/sub-NR-0024_ses-f4eb56a4-8bf8-4bbc-a8f3-6e6535134bad_desc-processed_behavior+ecephys.nwb,NR_0024,steinmetzlab,University of Washington,F,461,0.02564 kg,2023-02-07T13:41:46-08:00,_iblrig_tasks_ephysChoiceWorld6.6.2,2,558,2212,154,3356.5735021349083,AIp6b;CP;EPd;LA;LGd-co;LGd-ip;LP;MB;PIR;PO;PSTN;STN;TH;VPL;VPM;ZI;amc;ccb;ee;ml;nst;or;root;scwm
NR-0027_0f77ca5d,0f77ca5d-73c2-45bd-aa4c-4c5ed275dbde,sub-NR-0027/sub-NR-0027_ses-0f77ca5d-73c2-45bd-aa4c-4c5ed275dbde_desc-processed_behavior+ecephys.nwb,NR_0027,steinmetzlab,University of Washington,M,172,0.02614 kg,2022-08-22T13:10:52-07:00,_iblrig_tasks_ephysChoiceWorld6.6.2,2,1191,1807,282,5388.772991315321,ACAd6a;ACB;AId5;AId6a;AIv2/3;AIv5;LSr;LSv;MOs5;MOs6a;PIR;PL6a;PL6b;SEZ;STR;VL;ccg;cing;fa
NR-0027_195443eb,195443eb-08e9-4a18-a7e1-d105b2ce1429,sub-NR-0027/sub-NR-0027_ses-195443eb-08e9-4a18-a7e1-d105b2ce1429_desc-processed_behavior+ecephys.nwb,NR_0027,steinmetzlab,University of Washington,M,170,0.02614 kg,2022-08-20T17:11:20-07:00,_iblrig_tasks_ephysChoiceWorld6.6.2,1,1037,358,10,5459.508639272239,APN;DG-mo;LP;MB;MMl;MRN;SUM;VTA;bsc;ml;mp
NR-0027_6c6b0d06,6c6b0d06-6039-4525-a74b-58cfaa1d3a60,sub-NR-0027/sub-NR-0027_ses-6c6b0d06-6039-4525-a74b-58cfaa1d3a60_desc-processed_behavior+ecephys.nwb,NR_0027,steinmetzlab,University of Washington,M,169,0.02614 kg,2022-08-19T15:38:11-07:00,_iblrig_tasks_ephysChoiceWorld6.6.2,2,1006,1563,137,4638.787587334919,APN;CA1;DG-mo;DG-po;DG-sg;LP;MB;MRN;RN;VISa5;VISa6a;VISa6b;VISam4;VISam5;VISam6a;VISam6b;VTA;alv;bsc;ccs;cing;fp;ml;or;root;scwm
NR-0027_ae8787b1,ae8787b1-4229-4d56-b0c2-566b61a25b77,sub-NR-0027/sub-NR-0027_ses-ae8787b1-4229-4d56-b0c2-566b61a25b77_desc-processed_behavior+ecephys.nwb,NR_0027,steinmetzlab,University of Washington,M,173,0.02614 kg,2022-08-23T09:26:09-07:00,_iblrig_tasks_ephysChoiceWorld6.6.2,2,885,1739,201,4050.201431784386,AIv6a;AVP;BST;CLA;CP;EPd;HY;LSv;MOp5;MOp6a;MOp6b;MOs1;MOs2/3;MOs5;MOs6a;MOs6b;MPO;PS;STR;VL;ccg;cing;fa;scwm
NR-0028_28338153,28338153-4113-485b-835b-91cb96d984f2,sub-NR-0028/sub-NR-0028_ses-28338153-4113-485b-835b-91cb96d984f2_desc-processed_behavior+ecephys.nwb,NR_0028,steinmetzlab,University of Washington,F,275,0.02279 kg,2023-03-10T16:00:05.396900-08:00,_iblrig_tasks_ephysChoiceWorld6.6.2,1,906,1035,112,4011.5486573144794,MB;NOT;NPC;PAG;PPT;RSPagl5;RSPagl6a;RSPd6a;RSPd6b;RSPv1;RSPv2/3;RSPv5;RSPv6a;SCig;SCiw;cing;root
NR-0028_29a6def1,29a6def1-fc5c-4eea-ac48-47e9b053dcb5,sub-NR-0028/sub-NR-0028_ses-29a6def1-fc5c-4eea-ac48-47e9b053dcb5_desc-processed_behavior+ecephys.nwb,NR_0028,steinmetzlab,University of Washington,F,279,0.02279 kg,2023-03-14T12:07:41.675724-07:00,_iblrig_tasks_ephysChoiceWorld6.6.2,1,834,1274,144,3869.6701078607625,HPF;MB;MRN;NOT;PPT;RN;RSPagl2/3;RSPagl5;RSPagl6a;RSPagl6b;SCig;SCiw;SUB;cing;dhc;fp;root;tspc
NR-0028_5c0c560e,5c0c560e-9e1f-45e9-b66e-e4ee7855be84,sub-NR-0028/sub-NR-0028_ses-5c0c560e-9e1f-45e9-b66e-e4ee7855be84_desc-processed_behavior+ecephys.nwb,NR_0028,steinmetzlab,University of Washington,F,272,0.02279 kg,2023-03-07T14:21:39.574513-08:00,_iblrig_tasks_ephysChoiceWorld6.6.2,2,1100,2962,277,5072.864795452546,DG-mo;HPF;MB;MRN;PPN;PRNr;ProS;RN;RR;SCig;SCiw;SUB;VISp1;VISp2/3;VISp4;VISp5;VISp6a;VISp6b;VISpm1;VISpm2/3;VISpm4;VISpm5;alv;bsc;dhc;fiber tracts;fp;or;root;scwm
NR-0028_c958919c,c958919c-2e75-435d-845d-5b62190b520e,sub-NR-0028/sub-NR-0028_ses-c958919c-2e75-435d-845d-5b62190b520e_desc-processed_behavior+ecephys.nwb,NR_0028,steinmetzlab,University of Washington,F,285,0.02279 kg,2023-03-20T14:56:41.277823-07:00,_iblrig_tasks_ephysChoiceWorld6.6.2,1,788,1487,144,3879.94874910673,GRN;LDT;MY;NI;P;PAG;PCG;PDTg;mlf;tspc
NR-0028_f56194bc,f56194bc-8215-4ae8-bc6a-89781ad8e050,sub-NR-0028/sub-NR-0028_ses-f56194bc-8215-4ae8-bc6a-89781ad8e050_desc-processed_behavior+ecephys.nwb,NR_0028,steinmetzlab,University of Washington,F,280,0.02279 kg,2023-03-15T12:29:09.139016-07:00,_iblrig_tasks_ephysChoiceWorld6.6.2,2,696,1899,266,3628.641726220466,CA1;CA3;DG-mo;DG-po;DG-sg;MB;ND;PAG;RSPagl2/3;RSPagl5;RSPagl6a;RSPd6a;RSPd6b;RSPv1;RSPv2/3;RSPv5;RSPv6a;SCdg;SCdw;SCig;SCiw;SCop;SCsg;SCzo;VISal6a;VISal6b;VISp1;VISp2/3;VISp4;VISp5;VISp6a;alv;cing;fp;or
NR-0029_3a3ea015,3a3ea015-b5f4-4e8b-b189-9364d1fc7435,sub-NR-0029/sub-NR-0029_ses-3a3ea015-b5f4-4e8b-b189-9364d1fc7435_desc-processed_behavior+ecephys.nwb,NR_0029,steinmetzlab,University of Washington,F,204,0.02451 kg,2023-09-07T14:30:10.978214-07:00,_iblrig_tasks_ephysChoiceWorld6.6.2,1,401,151,2,3530.369392273902,HY;PH;TH
NR-0029_4e560423,4e560423-5caf-4cda-8511-d1ab4cd2bf7d,sub-NR-0029/sub-NR-0029_ses-4e560423-5caf-4cda-8511-d1ab4cd2bf7d_desc-processed_behavior+ecephys.nwb,NR_0029,steinmetzlab,University of Washington,F,195,0.02451 kg,2023-08-29T14:22:50.279311-07:00,_iblrig_tasks_ephysChoiceWorld6.6.2,1,575,167,7,3029.75960542015,SNr
NR-0029_d85c454e,d85c454e-8737-4cba-b6ad-b2339429d99b,sub-NR-0029/sub-NR-0029_ses-d85c454e-8737-4cba-b6ad-b2339429d99b_desc-processed_behavior+ecephys.nwb,NR_0029,steinmetzlab,University of Washington,F,202,0.02451 kg,2023-09-05T11:18:28.945415-07:00,_iblrig_tasks_ephysChoiceWorld6.6.2,1,413,135,17,2285.2134062190476,HY;PH;SPFm;TH;VPMpc
NR-0029_de905562,de905562-31c6-4c31-9ece-3ee87b97eab4,sub-NR-0029/sub-NR-0029_ses-de905562-31c6-4c31-9ece-3ee87b97eab4_desc-processed_behavior+ecephys.nwb,NR_0029,steinmetzlab,University of Washington,F,197,0.02451 kg,2023-08-31T15:39:07.343405-07:00,_iblrig_tasks_ephysChoiceWorld6.6.2,1,401,326,19,2584.720162871397,MB;SNr
NR-0029_e6594a5b,e6594a5b-552c-421a-b376-1a1baa9dc4fd,sub-NR-0029/sub-NR-0029_ses-e6594a5b-552c-421a-b376-1a1baa9dc4fd_desc-processed_behavior+ecephys.nwb,NR_0029,steinmetzlab,University of Washington,F,196,0.02451 kg,2023-08-30T13:51:44-07:00,_iblrig_tasks_ephysChoiceWorld6.6.2,1,401,1213,70,3289.2532943189626,APN;HPF;MB;MRN;SCig;SNc;SUB;alv;bsc;dhc;fiber tracts;fp;root
NR-0031_642c97ea,642c97ea-fe89-4ec9-8629-5e492ea4019d,sub-NR-0031/sub-NR-0031_ses-642c97ea-fe89-4ec9-8629-5e492ea4019d_desc-processed_behavior+ecephys.nwb,NR_0031,steinmetzlab,University of Washington,F,224,0.0217 kg,2023-07-12T14:17:48.191150-07:00,_iblrig_tasks_ephysChoiceWorld6.6.2,2,489,2130,204,2720.5408392709237,CA1;CA3;DG-mo;DG-po;DG-sg;LP;VISp2/3;VISp4;VISp5;VISp6a;VISp6b;alv;bsc;fp;or
NR-0031_caa5dddc,caa5dddc-9290-4e27-9f5e-575ba3598614,sub-NR-0031/sub-NR-0031_ses-caa5dddc-9290-4e27-9f5e-575ba3598614_desc-processed_behavior+ecephys.nwb,NR_0031,steinmetzlab,University of Washington,F,226,0.0217 kg,2023-07-14T15:17:40.935162-07:00,_iblrig_tasks_ephysChoiceWorld6.6.2,2,404,1359,186,1964.0326182673002,APN;CA1;DG-mo;DG-po;DG-sg;LP;MB;MRN;NOT;POL;PPT;ProS;SUB;VISp2/3;VISp4;VISp5;VISp6a;VISp6b;VISpm1;VISpm2/3;bsc;fp;or;root
NYU-11_56956777,56956777-dca5-468c-87cb-78150432cc57,sub-NYU-11/sub-NYU-11_ses-56956777-dca5-468c-87cb-78150432cc57_desc-processed_behavior+ecephys.nwb,NYU-11,angelakilab,New York University / Center for Neural Science,F,213,0.01889 kg,2020-02-21T15:25:03-05:00,_iblrig_tasks_ephysChoiceWorld6.2.5,2,425,1728,264,2593.079815846567,BMAp;CA1;CA2;CA3;CEAc;CEAl;CEAm;COApl;CTXsp;GPe;IA;LGd-co;LGd-ip;LGd-sh;PA;PAL;SSp-bfd5;SSp-bfd6a;SSp-bfd6b;SSp-tr2/3;SSp-tr4;SSp-tr5;TH;VISa1;VISa2/3;VPM;alv;ccs;int;st
NYU-11_6713a4a7,6713a4a7-faed-4df2-acab-ee4e63326f8d,sub-NYU-11/sub-NYU-11_ses-6713a4a7-faed-4df2-acab-ee4e63326f8d_desc-processed_behavior+ecephys.nwb,NYU-11,angelakilab,New York University / Center for Neural Science,F,210,0.01889 kg,2020-02-18T14:25:54-05:00,_iblrig_tasks_ephysChoiceWorld6.2.5,1,565,898,76,3369.6546015730833,CA1;CA3;DG-mo;DG-sg;LGd-co;LGd-ip;LGd-sh;MGv;TH;VISa1;VISrl2/3;VISrl4;VISrl5;VISrl6a;VISrl6b;alv;ccs;fiber tracts;or
NYU-12_032ffcdf,032ffcdf-7692-40b3-b9ff-8def1fc18b2e,sub-NYU-12/sub-NYU-12_ses-032ffcdf-7692-40b3-b9ff-8def1fc18b2e_desc-processed_behavior+ecephys.nwb,NYU-12,angelakilab,New York University / Center for Neural Science,F,149,0.01838 kg,2020-01-23T14:56:31-05:00,_iblrig_tasks_ephysChoiceWorld6.2.5,2,581,1673,132,3797.7933811635403,CA1;CA2;CA3;COApl;COApm;CTXsp;MB;NB;PA;PBG;POST;VISp1;VISp2/3;VISp4;VISp5;VISp6a;VISp6b;alv;bic;dhc;fiber tracts;fp;or;root
NYU-12_4364a246,4364a246-f8d7-4ce7-ba23-a098104b96e4,sub-NYU-12/sub-NYU-12_ses-4364a246-f8d7-4ce7-ba23-a098104b96e4_desc-processed_behavior+ecephys.nwb,NYU-12,angelakilab,New York University / Center for Neural Science,F,146,0.01838 kg,2020-01-20T16:55:51-05:00,_iblrig_tasks_ephysChoiceWorld6.2.5,1,557,1202,163,3682.3333538459333,LD;LHA;PO;VAL;VM;ZI
NYU-12_a8a8af78,a8a8af78-16de-4841-ab07-fde4b5281a03,sub-NYU-12/sub-NYU-12_ses-a8a8af78-16de-4841-ab07-fde4b5281a03_desc-processed_behavior+ecephys.nwb,NYU-12,angelakilab,New York University / Center for Neural Science,F,148,0.01838 kg,2020-01-22T15:39:54-05:00,_iblrig_tasks_ephysChoiceWorld6.2.5,2,550,2017,126,3724.1486500641668,CA1;CA3;DG-mo;DG-po;DG-sg;ENTm1;ENTm2;ENTm3;ENTm5;FF;LGd-co;LP;MGm;PO;PRE;PoT;SUB;TH;VISa4;VISa5;VISa6a;VISa6b;VPM;ZI;alv;ccs;ml;or;root
NYU-12_b182b754,b182b754-3c3e-4942-8144-6ee790926b58,sub-NYU-12/sub-NYU-12_ses-b182b754-3c3e-4942-8144-6ee790926b58_desc-processed_behavior+ecephys.nwb,NYU-12,angelakilab,New York University / Center for Neural Science,F,147,0.01838 kg,2020-01-21T15:25:45-05:00,_iblrig_tasks_ephysChoiceWorld6.2.5,1,444,1255,234,4246.07299284806,MB;MRN;NLL;P;PC5;PPN;SCdg;SCig;SCiw;ll;sctv
NYU-21_8c33abef,8c33abef-3d3e-4d42-9f27-445e9def08f9,sub-NYU-21/sub-NYU-21_ses-8c33abef-3d3e-4d42-9f27-445e9def08f9_desc-processed_behavior+ecephys.nwb,NYU-21,angelakilab,New York University / Center for Neural Science,F,226,0.024 kg,2020-08-13T12:03:36.351962-04:00,_iblrig_tasks_ephysChoiceWorld6.4.1,2,721,2002,263,4367.80107912501,BST;CP;HY;MEA;MOp2/3;MOp5;MOp6a;MOp6b;PAL;RT;STR;VPL;ccb;cing;em;fi;fiber tracts;int;opt;root;scwm
NYU-21_ebe2efe3,ebe2efe3-e8a1-451a-8947-76ef42427cc9,sub-NYU-21/sub-NYU-21_ses-ebe2efe3-e8a1-451a-8947-76ef42427cc9_desc-processed_behavior+ecephys.nwb,NYU-21,angelakilab,New York University / Center for Neural Science,F,232,0.024 kg,2020-08-19T12:43:13.897987-04:00,_iblrig_tasks_ephysChoiceWorld6.4.1,2,672,1190,105,3032.8972421468447,AMd;AMv;BST;CP;HY;IAD;LHA;MOp5;MOp6a;MOp6b;PAL;RT;SF;STR;TH;TRS;V3;ZI;ccb;cing;fiber tracts;sm
NYU-30_5569f363,5569f363-0934-464e-9a5b-77c8e67791a1,sub-NYU-30/sub-NYU-30_ses-5569f363-0934-464e-9a5b-77c8e67791a1_desc-processed_behavior+ecephys.nwb,NYU-30,angelakilab,New York University / Center for Neural Science,M,155,0.016100000000000003 kg,2020-10-21T11:03:14.495403-04:00,_iblrig_tasks_ephysChoiceWorld6.4.2,1,717,813,105,3715.663879822984,AId6a;AON;MOs5;MOs6a;OLF;ORBl1;ORBl2/3;ORBl5;ORBl6a
NYU-30_5ec72172,5ec72172-3901-4771-8777-6e9490ca51fc,sub-NYU-30/sub-NYU-30_ses-5ec72172-3901-4771-8777-6e9490ca51fc_desc-processed_behavior+ecephys.nwb,NYU-30,angelakilab,New York University / Center for Neural Science,M,156,0.016100000000000003 kg,2020-10-22T11:36:36.922557-04:00,_iblrig_tasks_ephysChoiceWorld6.4.2,2,933,1469,198,4501.530215151068,ACAd6a;ACB;AON;DP;ILA6a;LSr;LSv;MOs2/3;MOs5;MOs6a;OLF;OT;PL6a;SI;STR;TTd;VL
NYU-30_77e6dc6a,77e6dc6a-66ed-433c-b1a2-778c914f523c,sub-NYU-30/sub-NYU-30_ses-77e6dc6a-66ed-433c-b1a2-778c914f523c_desc-processed_behavior+ecephys.nwb,NYU-30,angelakilab,New York University / Center for Neural Science,M,154,0.016100000000000003 kg,2020-10-20T10:49:34.832679-04:00,_iblrig_tasks_ephysChoiceWorld6.4.2,1,784,616,95,3591.78147625887,AId6b;AIv5;AIv6a;AIv6b;CLA;EPd;MOp5;MOp6a;MOp6b;OLF;OT;PIR;fa;scwm
NYU-37_21d21fc3,21d21fc3-4201-4edc-802a-c67b61952548,sub-NYU-37/sub-NYU-37_ses-21d21fc3-4201-4edc-802a-c67b61952548_desc-processed_behavior+ecephys.nwb,NYU-37,angelakilab,New York University / Center for Neural Science,M,154,0.024 kg,2021-02-01T16:58:59.149803-05:00,_iblrig_tasks_ephysChoiceWorld6.4.2,1,548,867,61,3023.184497329417,DR;MB;PAG;SCdg;SCdw;SCig;SCiw;SCop;SCsg;SCzo
NYU-37_7af49c00,7af49c00-63dd-4fed-b2e0-1b3bd945b20b,sub-NYU-37/sub-NYU-37_ses-7af49c00-63dd-4fed-b2e0-1b3bd945b20b_desc-processed_behavior+ecephys.nwb,NYU-37,angelakilab,New York University / Center for Neural Science,M,147,0.024 kg,2021-01-25T15:32:41.052960-05:00,_iblrig_tasks_ephysChoiceWorld6.4.2,2,414,2205,260,1708.1389860180939,CA1;CP;DG-mo;DG-po;DG-sg;Eth;FS;LP;MB;MRN;POL;PoT;SGN;SPFp;SSp-m5;SSp-m6a;SSp-m6b;SSp-ul4;SSp-ul5;STR;bsc;ccg;fiber tracts;fp;root;scwm
NYU-37_83d85891,83d85891-bd75-4557-91b4-1cbb5f8bfc9d,sub-NYU-37/sub-NYU-37_ses-83d85891-bd75-4557-91b4-1cbb5f8bfc9d_desc-processed_behavior+ecephys.nwb,NYU-37,angelakilab,New York University / Center for Neural Science,M,149,0.024 kg,2021-01-27T14:32:52.363076-05:00,_iblrig_tasks_ephysChoiceWorld6.4.2,2,443,1676,230,1688.9046108364464,ANcr1;ANcr2;CM;HY;IAM;PRM;PVHd;PVT;RE;RH;TH;V3;VMH;arb;chpl
NYU-37_aec5d3cc,aec5d3cc-4bb2-4349-80a9-0395b76f04e2,sub-NYU-37/sub-NYU-37_ses-aec5d3cc-4bb2-4349-80a9-0395b76f04e2_desc-processed_behavior+ecephys.nwb,NYU-37,angelakilab,New York University / Center for Neural Science,M,152,0.024 kg,2021-01-30T14:42:06.265211-05:00,_iblrig_tasks_ephysChoiceWorld6.4.2,2,649,2777,439,2775.324056393342,ANcr1;CENT3;DCO;DN;GRN;IP;MY;PGRNd;PRP;SPVO;arb;cbc;chpl;icp;sptV
NYU-37_f88d4dd4,f88d4dd4-ccd7-400e-9035-fa00be3bcfa8,sub-NYU-37/sub-NYU-37_ses-f88d4dd4-ccd7-400e-9035-fa00be3bcfa8_desc-processed_behavior+ecephys.nwb,NYU-37,angelakilab,New York University / Center for Neural Science,M,148,0.024 kg,2021-01-26T14:21:50.065949-05:00,_iblrig_tasks_ephysChoiceWorld6.4.2,2,401,2001,288,1866.8526295236911,ANcr1;ANcr2;CP;MOp1;MOp2/3;MOp5;MOp6a;MOp6b;MOs6a;ccb;cing
NYU-39_35ed605c,35ed605c-1a1a-47b1-86ff-2b56144f55af,sub-NYU-39/sub-NYU-39_ses-35ed605c-1a1a-47b1-86ff-2b56144f55af_desc-processed_behavior+ecephys.nwb,NYU-39,angelakilab,New York University / Center for Neural Science,M,154,0.022 kg,2021-05-11T10:32:22.626862-04:00,_iblrig_tasks_ephysChoiceWorld6.4.2,2,522,1553,195,2345.5993479707495,CEAm;CP;ENTl3;ENTl5;ENTl6a;GPe;HPF;PAL;SI;SSp-n5;SSp-n6a;SSp-n6b;SSp-un5;SUB;VISl2/3;VISl4;VISl5;VISl6a;VISli6a;VISli6b;VISp2/3;VISpor6b;alv;ccb;ec;or;scwm
NYU-39_6ed57216,6ed57216-498d-48a6-b48b-a243a34710ea,sub-NYU-39/sub-NYU-39_ses-6ed57216-498d-48a6-b48b-a243a34710ea_desc-processed_behavior+ecephys.nwb,NYU-39,angelakilab,New York University / Center for Neural Science,M,153,0.022 kg,2021-05-10T15:33:49.023776-04:00,_iblrig_tasks_ephysChoiceWorld6.4.2,2,541,1366,156,2264.0765812504224,CA1;CUN;DG-mo;DG-po;DG-sg;Eth;ICc;ICd;LP;MB;MY;P;PARN;PB;PC5;PO;SUT;V;VISa2/3;VISa4;VISa5;VISa6a;VISa6b;alv;ccs;root;rust;scp;scwm
NYU-39_91a3353a,91a3353a-2da1-420d-8c7c-fad2fedfdd18,sub-NYU-39/sub-NYU-39_ses-91a3353a-2da1-420d-8c7c-fad2fedfdd18_desc-processed_behavior+ecephys.nwb,NYU-39,angelakilab,New York University / Center for Neural Science,M,157,0.022 kg,2021-05-14T10:35:10.088690-04:00,_iblrig_tasks_ephysChoiceWorld6.4.2,2,508,961,68,2601.574471008804,AIp6a;CP;EPd;PIR;SSp-m4;SSp-m5;SSp-m6a;SSp-m6b;SSp-n6a;SSp-n6b;act;ccb;ec;ee;scwm
NYU-39_ee212778,ee212778-3903-4f5b-ac4b-a72f22debf03,sub-NYU-39/sub-NYU-39_ses-ee212778-3903-4f5b-ac4b-a72f22debf03_desc-processed_behavior+ecephys.nwb,NYU-39,angelakilab,New York University / Center for Neural Science,M,156,0.022 kg,2021-05-13T11:03:42.377844-04:00,_iblrig_tasks_ephysChoiceWorld6.4.2,2,522,1578,146,2808.576239032337,CP;MRN;PAG;PAL;POR;PRNr;SSp-ul5;SSp-ul6a;SSp-ul6b;ccb;int;scwm
NYU-39_fa1f26a1,fa1f26a1-eb49-4b24-917e-19f02a18ac61,sub-NYU-39/sub-NYU-39_ses-fa1f26a1-eb49-4b24-917e-19f02a18ac61_desc-processed_behavior+ecephys.nwb,NYU-39,angelakilab,New York University / Center for Neural Science,M,155,0.022 kg,2021-05-12T11:06:24.972443-04:00,_iblrig_tasks_ephysChoiceWorld6.4.2,2,605,1357,129,2432.812828184605,AV;BST;CP;MB;MOp6a;MOp6b;MRN;PAG;PAL;PPN;PRNr;SEZ;SOCl;SSp-ll2/3;SSp-ll4;SSp-ll5;SSp-ll6a;TH;VL;ccb;ll;root;scwm
NYU-40_5157810e,5157810e-0fff-4bcf-b19d-32d4e39c7dfc,sub-NYU-40/sub-NYU-40_ses-5157810e-0fff-4bcf-b19d-32d4e39c7dfc_desc-processed_behavior+ecephys.nwb,NYU-40,angelakilab,New York University / Center for Neural Science,M,126,0.0225 kg,2021-04-13T11:28:53.043796-04:00,_iblrig_tasks_ephysChoiceWorld6.4.2,2,434,1742,186,2312.3668107895423,"CENT3;CUL4, 5;CUN;ICc;ICe;KF;MB;MY;P;PB;PRNc;RSPagl1;SPVO;arb;scp;sptV"
NYU-40_71855308,71855308-7e54-41d7-a7a4-b042e78e3b4f,sub-NYU-40/sub-NYU-40_ses-71855308-7e54-41d7-a7a4-b042e78e3b4f_desc-processed_behavior+ecephys.nwb,NYU-40,angelakilab,New York University / Center for Neural Science,M,128,0.0225 kg,2021-04-15T10:42:00.876668-04:00,_iblrig_tasks_ephysChoiceWorld6.4.2,2,516,1607,421,2487.6200533164774,ANcr1;DCO;DN;FL;MY;PFL;SIM;V4r;VCO;arb;sptV
NYU-40_8ca740c5,8ca740c5-e7fe-430a-aa10-e74e9c3cbbe8,sub-NYU-40/sub-NYU-40_ses-8ca740c5-e7fe-430a-aa10-e74e9c3cbbe8_desc-processed_behavior+ecephys.nwb,NYU-40,angelakilab,New York University / Center for Neural Science,M,127,0.0225 kg,2021-04-14T10:20:37.778983-04:00,_iblrig_tasks_ephysChoiceWorld6.4.2,2,546,1114,136,2701.997180204208,ENTl1;ENTl2;ENTl3;ENTl5;ENTm1;ENTm2;ENTm3;ENTm5;VISpor1;VISpor2/3;VISpor4;VISpor5
NYU-40_f359281f,f359281f-6941-4bfd-90d4-940be22ed3c3,sub-NYU-40/sub-NYU-40_ses-f359281f-6941-4bfd-90d4-940be22ed3c3_desc-processed_behavior+ecephys.nwb,NYU-40,angelakilab,New York University / Center for Neural Science,M,129,0.0225 kg,2021-04-16T10:57:39.049105-04:00,_iblrig_tasks_ephysChoiceWorld6.4.2,2,463,1241,63,2188.9499240674586,ANcr2;PRM;arb
NYU-45_51e53aff,51e53aff-1d5d-4182-a684-aba783d50ae5,sub-NYU-45/sub-NYU-45_ses-51e53aff-1d5d-4182-a684-aba783d50ae5_desc-processed_behavior+ecephys.nwb,NYU-45,angelakilab,New York University / Center for Neural Science,M,167,0.0228 kg,2021-07-19T14:24:23.683992-04:00,_iblrig_tasks_ephysChoiceWorld6.4.2,2,505,1189,265,2594.4101724310794,APN;CA1;CA3;COApm;DG-mo;DG-po;DG-sg;HATA;LP;MB;NOT;PA;PIL;PO;POL;PPT;PoT;SNc;SNr;VISa2/3;VISa5;VISa6a;VISa6b;VPM;alv;ccs;cpd;scwm
NYU-45_537677fe,537677fe-1e24-4755-948c-fa4a4e8ecce5,sub-NYU-45/sub-NYU-45_ses-537677fe-1e24-4755-948c-fa4a4e8ecce5_desc-processed_behavior+ecephys.nwb,NYU-45,angelakilab,New York University / Center for Neural Science,M,168,0.0228 kg,2021-07-20T10:58:58.347567-04:00,_iblrig_tasks_ephysChoiceWorld6.4.2,2,474,1602,230,2675.548020977024,ANcr2;AQ;CB;COPY;MB;MY;ND;PAG;PFL;PRM;RSPd5;RSPv1;RSPv2/3;RSPv5;SCO;SCdg;SCdw;SCig;SCiw;SCop;SCsg;SCzo;V4r;arb;chpl;csc;icp;sctd;sptV
NYU-45_5bcafa14,5bcafa14-71cb-42fa-8265-ce5cda1b89e0,sub-NYU-45/sub-NYU-45_ses-5bcafa14-71cb-42fa-8265-ce5cda1b89e0_desc-processed_behavior+ecephys.nwb,NYU-45,angelakilab,New York University / Center for Neural Science,M,171,0.0228 kg,2021-07-23T10:36:45.119627-04:00,_iblrig_tasks_ephysChoiceWorld6.4.2,2,436,1417,206,3089.9558587838205,ANcr1;CUN;DCO;DN;FL;ICc;MB;MY;P;PB;PFL;PRNc;V4r;VCO;arb;scp
NYU-46_6434f2f5,6434f2f5-6bce-42b8-8563-d93d493613a2,sub-NYU-46/sub-NYU-46_ses-6434f2f5-6bce-42b8-8563-d93d493613a2_desc-processed_behavior+ecephys.nwb,NYU-46,angelakilab,New York University / Center for Neural Science,M,142,0.0207 kg,2021-06-24T11:30:56.625079-04:00,_iblrig_tasks_ephysChoiceWorld6.4.2,1,401,582,87,2960.1312239939343,AId6a;AId6b;CLA;CP;CTXsp;EPd;GU6a;OLF;OT;PIR;SSp-m2/3;SSp-m4;SSp-m5;SSp-m6a;ec
NYU-46_64e3fb86,64e3fb86-928c-4079-865c-b364205b502e,sub-NYU-46/sub-NYU-46_ses-64e3fb86-928c-4079-865c-b364205b502e_desc-processed_behavior+ecephys.nwb,NYU-46,angelakilab,New York University / Center for Neural Science,M,143,0.0207 kg,2021-06-25T12:27:36.344556-04:00,_iblrig_tasks_ephysChoiceWorld6.4.2,1,533,481,25,2598.6980046580347,AIp1;AIp2/3;AIp5;GU5;PIR;SSp-n1;SSp-n2/3;SSp-n4;SSp-n5;SSs5;VISC5
NYU-46_72982282,72982282-e493-45ee-87ce-aa45cb3a3ec1,sub-NYU-46/sub-NYU-46_ses-72982282-e493-45ee-87ce-aa45cb3a3ec1_desc-processed_behavior+ecephys.nwb,NYU-46,angelakilab,New York University / Center for Neural Science,M,141,0.0207 kg,2021-06-23T11:00:37.574295-04:00,_iblrig_tasks_ephysChoiceWorld6.4.2,2,491,1701,81,3166.268940817615,ANcr1;ANcr2;CP;PFL;SSp-n2/3;SSp-n4;SSp-n5;SSp-n6a;SSp-n6b;arb;ccb;scwm
NYU-46_d32876dd,d32876dd-8303-4720-8e7e-20678dc2fd71,sub-NYU-46/sub-NYU-46_ses-d32876dd-8303-4720-8e7e-20678dc2fd71_desc-processed_behavior+ecephys.nwb,NYU-46,angelakilab,New York University / Center for Neural Science,M,140,0.0207 kg,2021-06-22T10:57:41.436656-04:00,_iblrig_tasks_ephysChoiceWorld6.4.2,1,424,638,32,2930.3417681968835,AId6a;AIv6a;CLA;EPd;GU5;GU6a;OLF;PIR;SSp-m2/3;SSp-m4;SSp-m5;lot
NYU-47_15948667,15948667-747b-4702-9d53-354ac70e9119,sub-NYU-47/sub-NYU-47_ses-15948667-747b-4702-9d53-354ac70e9119_desc-processed_behavior+ecephys.nwb,NYU-47,angelakilab,New York University / Center for Neural Science,M,140,0.021500000000000002 kg,2021-06-22T14:25:20.389828-04:00,_iblrig_tasks_ephysChoiceWorld6.4.2,2,439,2023,287,2780.216053278582,CB;CENT2;CENT3;ICd;LAV;MB;MV;MY;NI;NTS;PARN;PCG;SPIV;SPVO;SUV;V4;arb;uf
NYU-47_288bfbf3,288bfbf3-3700-4abe-b6e4-130b5c541e61,sub-NYU-47/sub-NYU-47_ses-288bfbf3-3700-4abe-b6e4-130b5c541e61_desc-processed_behavior+ecephys.nwb,NYU-47,angelakilab,New York University / Center for Neural Science,M,142,0.021500000000000002 kg,2021-06-24T15:44:04.820380-04:00,_iblrig_tasks_ephysChoiceWorld6.4.2,2,503,1299,58,2786.8767690664645,ANcr2;CB;CP;MY;PRM;RT;SPVC;SPVI;SSp-ul1;SSp-ul2/3;SSp-ul5;SSp-ul6a;SSp-ul6b;arb;ccb;int;scwm;sptV
NYU-47_fc43390d,fc43390d-457e-463a-9fd4-b94a0a8b48f5,sub-NYU-47/sub-NYU-47_ses-fc43390d-457e-463a-9fd4-b94a0a8b48f5_desc-processed_behavior+ecephys.nwb,NYU-47,angelakilab,New York University / Center for Neural Science,M,143,0.021500000000000002 kg,2021-06-25T15:23:17.129893-04:00,_iblrig_tasks_ephysChoiceWorld6.4.2,2,581,1994,135,2915.097619637939,ANcr2;COPY;CP;CU;IRN;MDRNv;MY;NTS;PRM;PYR;RT;SSp-ul1;SSp-ul5;SSp-ul6a;SSp-un6a;UVU;VL;VPL;arb;ccb;chpl;em;fi;fiber tracts;root;scwm;st
NYU-48_3d59aa1a,3d59aa1a-b4ba-47fe-b9cf-741b5fdb0c7b,sub-NYU-48/sub-NYU-48_ses-3d59aa1a-b4ba-47fe-b9cf-741b5fdb0c7b_desc-processed_behavior+ecephys.nwb,NYU-48,angelakilab,New York University / Center for Neural Science,M,131,0.0183 kg,2021-07-02T15:28:23.348923-04:00,_iblrig_tasks_ephysChoiceWorld6.4.2,2,709,1571,166,3474.353279907692,CA1;DG-mo;DG-po;DG-sg;LH;MD;MRN;P;PAG;PPN;PRNr;RSPagl1;RSPagl2/3;RSPagl5;RSPd5;RSPd6a;SOCl;alv;ccb;cing;ll;root;sm
NYU-48_93ad879a,93ad879a-aa42-4150-83e1-38773c9785e4,sub-NYU-48/sub-NYU-48_ses-93ad879a-aa42-4150-83e1-38773c9785e4_desc-processed_behavior+ecephys.nwb,NYU-48,angelakilab,New York University / Center for Neural Science,M,130,0.0183 kg,2021-07-01T11:00:11.695925-04:00,_iblrig_tasks_ephysChoiceWorld6.4.2,2,551,1684,312,2636.8217573494094,"CENT2;CENT3;CUL4, 5;LING;MB;MRN;MY;P;PGRNd;PPN;PRNr;PSV;SCdg;V4;arb;rust;sV"
NYU-48_a405053a,a405053a-eb13-4aa4-850c-5a337e5dc7fd,sub-NYU-48/sub-NYU-48_ses-a405053a-eb13-4aa4-850c-5a337e5dc7fd_desc-processed_behavior+ecephys.nwb,NYU-48,angelakilab,New York University / Center for Neural Science,M,128,0.0183 kg,2021-06-29T12:17:25.703833-04:00,_iblrig_tasks_ephysChoiceWorld6.4.2,2,615,1951,79,2867.31430486157,ACB;CP;ENTl1;ENTl2;ENTm1;ENTm2;MOs5;MOs6a;MOs6b;VISl1;VISpl1;VISpor1;VISpor2/3;VL;ccg;cing
NYU-65_8c025071,8c025071-c4f3-426c-9aed-f149e8f75b7b,sub-NYU-65/sub-NYU-65_ses-8c025071-c4f3-426c-9aed-f149e8f75b7b_desc-processed_behavior+ecephys.nwb,NYU-65,angelakilab,New York University / Center for Neural Science,M,135,0.0247 kg,2022-09-15T12:27:05.370169-04:00,_iblrig_tasks_ephysChoiceWorld6.6.4,2,531,2185,242,5063.205163803862,ANcr2;CB;COPY;MY;PRM;Pa5;SPVC;SPVI;arb;root;sptV
NYU-65_a2ec6341,a2ec6341-c55f-48a0-a23b-0ef2f5b1d71e,sub-NYU-65/sub-NYU-65_ses-a2ec6341-c55f-48a0-a23b-0ef2f5b1d71e_desc-processed_behavior+ecephys.nwb,NYU-65,angelakilab,New York University / Center for Neural Science,M,132,0.0247 kg,2022-09-12T15:33:06-04:00,_iblrig_tasks_ephysChoiceWorld6.6.4,2,411,2445,183,3778.6432003053046,AP;CA1;DEC;DG-mo;DG-po;DG-sg;DMX;Eth;FOTU;LP;MY;NTS;PO;PYR;TH;UVU;VISam4;VISam5;VISam6a;VPLpc;XII;arb;bsc;fp;ml;or;pyd;root
NYU-65_bb8d9451,bb8d9451-fdbd-4f46-b52e-9290e8f84d2e,sub-NYU-65/sub-NYU-65_ses-bb8d9451-fdbd-4f46-b52e-9290e8f84d2e_desc-processed_behavior+ecephys.nwb,NYU-65,angelakilab,New York University / Center for Neural Science,M,136,0.0247 kg,2022-09-16T12:12:21-04:00,_iblrig_tasks_ephysChoiceWorld6.6.4,2,503,1529,290,4366.4622941460475,CU;FOTU;GR;IRN;MDRNd;MDRNv;MY;PAS;PYR;UVU;arb;root
PL015_09156021,09156021-9a1d-4e1d-ae59-48cbde3c5d42,sub-PL015/sub-PL015_ses-09156021-9a1d-4e1d-ae59-48cbde3c5d42_desc-processed_behavior+ecephys.nwb,PL015,hausserlab,University College London,M,283,0.030100000000000002 kg,2022-02-22T17:52:14.226827+00:00,_iblrig_tasks_ephysChoiceWorld6.5.3,1,630,759,81,2716.2199647089706,AUDp6a;AUDpo5;AUDpo6a;AUDv6a;ECT2/3;ECT5;PERI1;PERI2/3;TEa5;TEa6a;VISal2/3;VISal4;VISal5;VISrl1;VISrl2/3
PL015_1d4a7bd6,1d4a7bd6-296a-48b9-b20e-bd0ac80750a5,sub-PL015/sub-PL015_ses-1d4a7bd6-296a-48b9-b20e-bd0ac80750a5_desc-processed_behavior+ecephys.nwb,PL015,hausserlab,University College London,M,432,0.030100000000000002 kg,2022-07-21T16:08:53.428769+01:00,_iblrig_tasks_ephysChoiceWorld6.6.1,1,417,1146,11,2689.809649102051,CA3;DG-mo;DG-sg;MD;MH;MOp1;MOp2/3;MOp5;MOp6a;MOs6a;MOs6b;alv;ccb;cing;fi;root
PL015_64977c74,64977c74-9c04-437a-9ea1-50386c4996db,sub-PL015/sub-PL015_ses-64977c74-9c04-437a-9ea1-50386c4996db_desc-processed_behavior+ecephys.nwb,PL015,hausserlab,University College London,M,281,0.030100000000000002 kg,2022-02-20T16:09:07.326998+00:00,_iblrig_tasks_ephysChoiceWorld6.5.3,1,817,813,63,3237.4999308146116,CA1;CA2;ENTl5;ENTl6a;EPd;OLF;PIR;SSp-bfd6a;SSp-bfd6b;TR;alv;ec;fp;or
PL015_90e524a2,90e524a2-aa63-47ce-b5b8-1b1941a1223a,sub-PL015/sub-PL015_ses-90e524a2-aa63-47ce-b5b8-1b1941a1223a_desc-processed_behavior+ecephys.nwb,PL015,hausserlab,University College London,M,284,0.030100000000000002 kg,2022-02-23T18:08:23.719989+00:00,_iblrig_tasks_ephysChoiceWorld6.5.3,1,419,1101,134,2682.4285349392917,MB;MRN;PRNr;RR;SCdg;SCiw;TRN
PL015_9a6e127b,9a6e127b-bb07-4be2-92e2-53dd858c2762,sub-PL015/sub-PL015_ses-9a6e127b-bb07-4be2-92e2-53dd858c2762_desc-processed_behavior+ecephys.nwb,PL015,hausserlab,University College London,M,282,0.030100000000000002 kg,2022-02-21T16:49:18.494416+00:00,_iblrig_tasks_ephysChoiceWorld6.5.3,1,653,875,107,2717.6104368072583,CA1;ENTl1;ENTl2;ENTl3;ENTl5;ENTl6a;VISal5;VISal6a;VISal6b;VISp5;alv;ec;fp;or
PL016_58c4bf97,58c4bf97-ec3b-45b4-9db4-d5d9515d5b00,sub-PL016/sub-PL016_ses-58c4bf97-ec3b-45b4-9db4-d5d9515d5b00_desc-processed_behavior+ecephys.nwb,PL016,hausserlab,University College London,M,264,0.023100000000000002 kg,2022-01-17T19:01:21.384294+00:00,_iblrig_tasks_ephysChoiceWorld6.4.3,1,426,1405,155,1877.1359690298088,AT;CS;DR;MB;PAG;PRNr;SCdg;SCdw;SCiw;dscp;tspc
PL017_10fac7a1,10fac7a1-919d-4ca7-83c4-4675bd8d9416,sub-PL017/sub-PL017_ses-10fac7a1-919d-4ca7-83c4-4675bd8d9416_desc-processed_behavior+ecephys.nwb,PL017,hausserlab,University College London,M,176,0.0249 kg,2021-11-07T18:38:50.488334+00:00,_iblrig_tasks_ephysChoiceWorld6.5.0,1,546,878,140,2307.0191272514917,INC;MB;MRN;NOT;NPC;OP;PPT;SUB;VISam1;VISam2/3;VISam4;VISam5;VISam6a;VISam6b;alv;cing;dhc;fp;root
PL017_1b61b7f2,1b61b7f2-a599-4e40-abd6-3e758d2c9e25,sub-PL017/sub-PL017_ses-1b61b7f2-a599-4e40-abd6-3e758d2c9e25_desc-processed_behavior+ecephys.nwb,PL017,hausserlab,University College London,M,199,0.0249 kg,2021-11-30T22:08:42.177338+00:00,_iblrig_tasks_ephysChoiceWorld6.4.3,1,875,658,79,3572.195099605519,ICe;MB;PBG;RSPd5;RSPd6a;RSPv1;RSPv2/3;RSPv5;SCig;SCiw;SCsg;SCzo;bsc;ll;root
PL017_68775ca0,68775ca0-b056-48d5-b6ae-a4c2a76ae48f,sub-PL017/sub-PL017_ses-68775ca0-b056-48d5-b6ae-a4c2a76ae48f_desc-processed_behavior+ecephys.nwb,PL017,hausserlab,University College London,M,183,0.0249 kg,2021-11-14T19:54:34.357852+00:00,_iblrig_tasks_ephysChoiceWorld6.5.0,1,817,1559,138,3436.437350095887,HPF;MB;MRN;NOT;POST;RSPv5;RSPv6a;SCig;SNr;SUB;cing;root
PL017_8b1f4024,8b1f4024-3d96-4ee7-95f9-8a1dfd4ce4ef,sub-PL017/sub-PL017_ses-8b1f4024-3d96-4ee7-95f9-8a1dfd4ce4ef_desc-processed_behavior+ecephys.nwb,PL017,hausserlab,University College London,M,178,0.0249 kg,2021-11-09T19:32:47.033823+00:00,_iblrig_tasks_ephysChoiceWorld6.5.0,1,401,1295,39,2790.421824471616,APN;CA1;MB;MRN;NOT;ProS;RN;SUB;VTA;root
PL017_cea755db,cea755db-4eee-4138-bdd6-fc23a572f5a1,sub-PL017/sub-PL017_ses-cea755db-4eee-4138-bdd6-fc23a572f5a1_desc-processed_behavior+ecephys.nwb,PL017,hausserlab,University College London,M,200,0.0249 kg,2021-12-01T19:20:34.408424+00:00,_iblrig_tasks_ephysChoiceWorld6.4.3,1,831,1135,134,3457.783855407143,MB;MRN;P;POR;PPN;PRNr;SOCm
PL017_d71e565d,d71e565d-4ddb-42df-849e-f99cfdeced52,sub-PL017/sub-PL017_ses-d71e565d-4ddb-42df-849e-f99cfdeced52_desc-processed_behavior+ecephys.nwb,PL017,hausserlab,University College London,M,185,0.0249 kg,2021-11-16T20:50:51.971241+00:00,_iblrig_tasks_ephysChoiceWorld6.4.3,2,600,1425,173,2769.6026519312854,"CB;CUL4, 5;FF;HY;IP;LH;MB;MH;MY;PF;PRC;SPFp;TH;V3;arb;chpl;dhc;hbc;icp;ml;root"
PL017_f27e6cd6,f27e6cd6-cdd3-4524-b8e3-8146046e2a7d,sub-PL017/sub-PL017_ses-f27e6cd6-cdd3-4524-b8e3-8146046e2a7d_desc-processed_behavior+ecephys.nwb,PL017,hausserlab,University College London,M,184,0.0249 kg,2021-11-15T19:17:58.127886+00:00,_iblrig_tasks_ephysChoiceWorld6.4.3,1,419,763,129,2465.1840199612775,CA3;DG-po;DG-sg;FF;HY;LH;MB;MH;PF;SNr;TH;VPMpc;ZI;cpd;hbc;ml
PL024_30af8629,30af8629-7b96-45b7-8778-374720ddbc5e,sub-PL024/sub-PL024_ses-30af8629-7b96-45b7-8778-374720ddbc5e_desc-processed_behavior+ecephys.nwb,PL024,hausserlab,University College London,M,199,0.025500000000000002 kg,2021-12-04T19:29:33.622853+00:00,_iblrig_tasks_ephysChoiceWorld6.4.3,1,416,1035,126,2786.5596672227607,BLAa;BLAp;BMAp;CA2;CA3;LA;STR;VL;alv;chpl;fi
PL030_2038e95d,2038e95d-64d4-4ecb-83d0-1308d3c598f8,sub-PL030/sub-PL030_ses-2038e95d-64d4-4ecb-83d0-1308d3c598f8_desc-processed_behavior+ecephys.nwb,PL030,hausserlab,University College London,M,342,0.024100000000000003 kg,2022-10-06T14:19:25.386899+01:00,_iblrig_tasks_ephysChoiceWorld,1,535,827,130,2890.7634091254235,CA3;DG-mo;DG-sg;HY;LGd-co;LHA;LP;PO;PSTN;TH;VPM;ZI;nst;root
PL030_233617ec,233617ec-c5cf-4eda-afc8-3b1d94f36d73,sub-PL030/sub-PL030_ses-233617ec-c5cf-4eda-afc8-3b1d94f36d73_desc-processed_behavior+ecephys.nwb,PL030,hausserlab,University College London,M,353,0.024100000000000003 kg,2022-10-17T13:28:01.855602+01:00,_iblrig_tasks_ephysChoiceWorld,1,444,515,79,2698.053471905731,CA1;CA2;CA3;IGL;LGd-co;LGv;MEA;RT;alv;ar;fiber tracts;int;opt
PL030_283ecb4c,283ecb4c-e529-409c-9f0a-8ea5191dcf50,sub-PL030/sub-PL030_ses-283ecb4c-e529-409c-9f0a-8ea5191dcf50_desc-processed_behavior+ecephys.nwb,PL030,hausserlab,University College London,M,318,0.024100000000000003 kg,2022-09-12T19:38:57.067705+01:00,_iblrig_tasks_ephysChoiceWorld,1,487,1514,47,2728.406908743307,"CB;CUL4, 5;IP;IRN;LAV;MV;MY;PARN;SUV;VII;arb;scp"
PL030_500a71dd,500a71dd-8768-4211-a1fe-1fafc9fcbf29,sub-PL030/sub-PL030_ses-500a71dd-8768-4211-a1fe-1fafc9fcbf29_desc-processed_behavior+ecephys.nwb,PL030,hausserlab,University College London,M,344,0.024100000000000003 kg,2022-10-08T15:54:56.048132+01:00,_iblrig_tasks_ephysChoiceWorld,1,408,717,36,2783.7584812929967,CA2;CA3;GPi;HY;LGd-co;PAL;TH;VPL;VPM;ZI;alv;fiber tracts;int;opt;or
PL030_61caa69d,61caa69d-088b-465a-b9d0-d75341dabac6,sub-PL030/sub-PL030_ses-61caa69d-088b-465a-b9d0-d75341dabac6_desc-processed_behavior+ecephys.nwb,PL030,hausserlab,University College London,M,349,0.024100000000000003 kg,2022-10-13T14:23:58.532456+01:00,_iblrig_tasks_ephysChoiceWorld,1,504,838,188,2762.449510856843,MB;MMl;MMm;MRN;NOT;OP;PPT;SUM
PL030_6bf810fd,6bf810fd-fbeb-4eea-9ea7-b6791d002b22,sub-PL030/sub-PL030_ses-6bf810fd-fbeb-4eea-9ea7-b6791d002b22_desc-processed_behavior+ecephys.nwb,PL030,hausserlab,University College London,M,320,0.024100000000000003 kg,2022-09-14T18:25:28.768162+01:00,_iblrig_tasks_ephysChoiceWorld,1,489,833,127,2654.8567037384983,CB;IP;IRN;ISN;LAV;MY;NTS;PARN;SPIV;SPVO;SUV;VII;arb;rust
PL030_bd07e3a7,bd07e3a7-09c3-4b67-996b-42b6d5cedf1c,sub-PL030/sub-PL030_ses-bd07e3a7-09c3-4b67-996b-42b6d5cedf1c_desc-processed_behavior+ecephys.nwb,PL030,hausserlab,University College London,M,321,0.024100000000000003 kg,2022-09-15T18:39:05+01:00,_iblrig_tasks_ephysChoiceWorld,1,473,667,175,2691.75631914141,DCO;DN;SIM;VCO;arb
PL030_c16d3557,c16d3557-b2c1-4545-93d0-112ac0915d93,sub-PL030/sub-PL030_ses-c16d3557-b2c1-4545-93d0-112ac0915d93_desc-processed_behavior+ecephys.nwb,PL030,hausserlab,University College London,M,322,0.024100000000000003 kg,2022-09-16T18:23:05.540907+01:00,_iblrig_tasks_ephysChoiceWorld,1,532,1303,459,2890.496957176934,"CENT3;CUL4, 5;MY;P;VCO;arb;vVIIIn"
PL031_9fcbd1a0,9fcbd1a0-77e6-4c41-9428-eeaee74becd5,sub-PL031/sub-PL031_ses-9fcbd1a0-77e6-4c41-9428-eeaee74becd5_desc-processed_behavior+ecephys.nwb,PL031,hausserlab,University College London,M,370,0.023899999999999998 kg,2022-11-17T17:17:49.334080+00:00,_iblrig_tasks_ephysChoiceWorld,1,522,243,21,3066.4295908967492,BLAa;CEAc;CP;GPe;STR;VL;alv;chpl;ec;fi;fiber tracts;int;root;st
PL031_c23b4118,c23b4118-db40-4333-af1d-933154b533c6,sub-PL031/sub-PL031_ses-c23b4118-db40-4333-af1d-933154b533c6_desc-processed_behavior+ecephys.nwb,PL031,hausserlab,University College London,M,372,0.023899999999999998 kg,2022-11-19T16:57:17.055432+00:00,_iblrig_tasks_ephysChoiceWorld,1,457,393,79,2687.6791752285685,GPe;PAL;RT;SSp-ll5;SSp-ll6a;SSp-ll6b;VL;ccb;chpl;fi;fiber tracts;int;st
PL031_c8e11fd8,c8e11fd8-d130-4f06-abba-9aa20240ce7c,sub-PL031/sub-PL031_ses-c8e11fd8-d130-4f06-abba-9aa20240ce7c_desc-processed_behavior+ecephys.nwb,PL031,hausserlab,University College London,M,390,0.023899999999999998 kg,2022-12-07T17:11:50.129107+00:00,_iblrig_tasks_ephysChoiceWorld,1,632,722,99,2992.396676230137,CA3;DG-mo;DG-sg;HATA;MB;MGd;MGm;MGv;PIL;PP;SNr;SUB;alv;cpd;root
PL031_ef38e503,ef38e503-dd79-4185-bf87-4712d4f274fe,sub-PL031/sub-PL031_ses-ef38e503-dd79-4185-bf87-4712d4f274fe_desc-processed_behavior+ecephys.nwb,PL031,hausserlab,University College London,M,368,0.023899999999999998 kg,2022-11-15T17:11:46.301888+00:00,_iblrig_tasks_ephysChoiceWorld,1,577,667,104,3329.73160965942,BLAa;CEAc;CP;EPv;GPe;PIR;STR;amc;ec;fiber tracts;int
PL031_fbd28ea6,fbd28ea6-3251-48e0-b215-2c51ec5185f7,sub-PL031/sub-PL031_ses-fbd28ea6-3251-48e0-b215-2c51ec5185f7_desc-processed_behavior+ecephys.nwb,PL031,hausserlab,University College London,M,369,0.023899999999999998 kg,2022-11-16T16:48:59.454308+00:00,_iblrig_tasks_ephysChoiceWorld,1,629,431,48,3007.809513299993,BLAa;CEAc;CP;EPv;GPe;PIR;STR;VL;amc;ec;int
PL033_2ab7d2c2,2ab7d2c2-bcb7-4ae6-9626-f3786c22d970,sub-PL033/sub-PL033_ses-2ab7d2c2-bcb7-4ae6-9626-f3786c22d970_desc-processed_behavior+ecephys.nwb,PL033,hausserlab,University College London,M,350,0.0224 kg,2022-10-28T16:46:29+01:00,_iblrig_tasks_ephysChoiceWorld,1,591,462,38,2824.868205347005,BLAa;BLAv;BMAp;CEAc;CEAl;CEAm;LGv;RT;STR;TH;fiber tracts;int;st
PL033_37ac03f1,37ac03f1-9831-4a30-90fc-a59e635b98bd,sub-PL033/sub-PL033_ses-37ac03f1-9831-4a30-90fc-a59e635b98bd_desc-processed_behavior+ecephys.nwb,PL033,hausserlab,University College London,M,356,0.0224 kg,2022-11-03T16:53:44.674861+00:00,_iblrig_tasks_ephysChoiceWorld,1,490,398,71,2839.8437716187213,DG-mo;DG-po;Eth;HY;LP;PCN;PH;PO;TH;V3;VM;VPMpc
PL033_4546cd60,4546cd60-fa2a-4d20-a9b6-d091e01d16f2,sub-PL033/sub-PL033_ses-4546cd60-fa2a-4d20-a9b6-d091e01d16f2_desc-processed_behavior+ecephys.nwb,PL033,hausserlab,University College London,M,327,0.0224 kg,2022-10-05T16:28:57+01:00,_iblrig_tasks_ephysChoiceWorld,1,550,380,41,2679.8972589456657,BST;CP;MOs5;PAL;SEZ;STR;VL;ccb;cing
PL033_49250fba,49250fba-801c-4867-a0a7-a1e19538cb61,sub-PL033/sub-PL033_ses-49250fba-801c-4867-a0a7-a1e19538cb61_desc-processed_behavior+ecephys.nwb,PL033,hausserlab,University College London,M,348,0.0224 kg,2022-10-26T15:25:31+01:00,_iblrig_tasks_ephysChoiceWorld,1,678,646,22,2947.779319665576,CL;Eth;HY;LP;MB;PCN;PF;PH;PMd;PMv;PVp;VM;VPMpc;mtt;pm
PL033_62902992,62902992-8432-46fb-af12-6392012e58c7,sub-PL033/sub-PL033_ses-62902992-8432-46fb-af12-6392012e58c7_desc-processed_behavior+ecephys.nwb,PL033,hausserlab,University College London,M,326,0.0224 kg,2022-10-04T18:01:13+01:00,_iblrig_tasks_ephysChoiceWorld,1,659,753,99,3010.116043732474,AD;AMd;AMv;AV;IAD;MOp5;MOp6a;MOp6b;PR;TH;VL;ZI;ccb;chpl;cing;fi;mtt;root
PL033_75db708a,75db708a-9952-4452-a5b1-a851d88f8e28,sub-PL033/sub-PL033_ses-75db708a-9952-4452-a5b1-a851d88f8e28_desc-processed_behavior+ecephys.nwb,PL033,hausserlab,University College London,M,329,0.0224 kg,2022-10-07T16:14:14.729838+01:00,_iblrig_tasks_ephysChoiceWorld,1,551,556,31,2758.0242736198848,AD;AHN;AMd;AMv;AV;HY;PR;PVHd;PeF;TH;VL;VM;ZI;chpl;fi
PL033_7f150b7c,7f150b7c-c261-46e6-9edb-cc391c9d9f03,sub-PL033/sub-PL033_ses-7f150b7c-c261-46e6-9edb-cc391c9d9f03_desc-processed_behavior+ecephys.nwb,PL033,hausserlab,University College London,M,332,0.0224 kg,2022-10-10T15:19:55.875320+01:00,_iblrig_tasks_ephysChoiceWorld,1,656,603,87,2927.992045051479,AD;AHN;AMd;AMv;AV;HY;MOp6a;MOp6b;PR;PVHd;PeF;VL;VM;VMH;ZI;ccb;chpl;cing;fi
PL033_837b4e6a,837b4e6a-ccfd-49b0-a1dd-3aa53fbf2ecb,sub-PL033/sub-PL033_ses-837b4e6a-ccfd-49b0-a1dd-3aa53fbf2ecb_desc-processed_behavior+ecephys.nwb,PL033,hausserlab,University College London,M,333,0.0224 kg,2022-10-11T17:18:20.521772+01:00,_iblrig_tasks_ephysChoiceWorld,1,560,860,235,2683.121615088904,BST;HY;LHA;LPO;PAL;STR;int;root
PL033_94dabed1,94dabed1-741c-4ddd-a6b7-70561e27b750,sub-PL033/sub-PL033_ses-94dabed1-741c-4ddd-a6b7-70561e27b750_desc-processed_behavior+ecephys.nwb,PL033,hausserlab,University College London,M,351,0.0224 kg,2022-10-29T15:24:37.124600+01:00,_iblrig_tasks_ephysChoiceWorld,1,629,529,76,2853.8123190492342,CL;DG-mo;DMH;HY;LP;MD;PCN;PH;VM;VPMpc
PL033_9fc31d79,9fc31d79-b56f-46d0-92a0-e9563caf4a7a,sub-PL033/sub-PL033_ses-9fc31d79-b56f-46d0-92a0-e9563caf4a7a_desc-processed_behavior+ecephys.nwb,PL033,hausserlab,University College London,M,334,0.0224 kg,2022-10-12T17:38:55.430042+01:00,_iblrig_tasks_ephysChoiceWorld,1,420,377,67,2613.1892012565504,DG-mo;HPF;LH;MD;MH;PCN;RSPv1;RSPv2/3;RSPv5;V3;VAL;VM;ccb;chpl;dhc
PL033_a34b4013,a34b4013-414b-42ed-9318-e93fbbc71e7b,sub-PL033/sub-PL033_ses-a34b4013-414b-42ed-9318-e93fbbc71e7b_desc-processed_behavior+ecephys.nwb,PL033,hausserlab,University College London,M,347,0.0224 kg,2022-10-25T17:26:51.769151+01:00,_iblrig_tasks_ephysChoiceWorld,1,711,334,32,3399.572208526387,CL;DG-mo;DG-po;DG-sg;Eth;HY;LP;MD;PCN;PH;VM;VPMpc
PL033_be164a14,be164a14-6e73-42c3-ab60-d29c48693c0f,sub-PL033/sub-PL033_ses-be164a14-6e73-42c3-ab60-d29c48693c0f_desc-processed_behavior+ecephys.nwb,PL033,hausserlab,University College London,M,355,0.0224 kg,2022-11-02T17:30:53.287858+00:00,_iblrig_tasks_ephysChoiceWorld,1,420,882,191,2691.6496442961993,CA3;DG-mo;LD;LHA;PO;PSTN;TH;VM;VPM;ZI;alv
PL033_cef05f87,cef05f87-161b-4031-932c-6f47daf89698,sub-PL033/sub-PL033_ses-cef05f87-161b-4031-932c-6f47daf89698_desc-processed_behavior+ecephys.nwb,PL033,hausserlab,University College London,M,328,0.0224 kg,2022-10-06T16:38:14.955955+01:00,_iblrig_tasks_ephysChoiceWorld,1,586,730,114,2720.198965725284,BST;LSc;LSr;MOs6a;MOs6b;SF;TRS;V3;VL;ccb;cing;root
PL034_3bb54985,3bb54985-77b2-421d-9d1f-46185be51216,sub-PL034/sub-PL034_ses-3bb54985-77b2-421d-9d1f-46185be51216_desc-processed_behavior+ecephys.nwb,PL034,hausserlab,University College London,M,116,0.0307 kg,2022-10-19T15:44:16.417713+01:00,_iblrig_tasks_ephysChoiceWorld,1,755,344,10,3100.8203201469214,HY;LD;PO;STN;VL;VPL;VPM;ZI;chpl;fi;fiber tracts;int;root
PL034_6cbeead9,6cbeead9-bb7a-40e1-8ccd-47ae60239654,sub-PL034/sub-PL034_ses-6cbeead9-bb7a-40e1-8ccd-47ae60239654_desc-processed_behavior+ecephys.nwb,PL034,hausserlab,University College London,M,117,0.0307 kg,2022-10-20T15:34:26.780093+01:00,_iblrig_tasks_ephysChoiceWorld,1,499,528,67,2739.9117189329477,CA3;DG-mo;DG-po;DG-sg;LH;MH;SSp-ll5;SSp-ll6b;V3;alv;ccb;chpl;cing;root
PL034_87ad026d,87ad026d-5b95-4022-8d59-c260870d830f,sub-PL034/sub-PL034_ses-87ad026d-5b95-4022-8d59-c260870d830f_desc-processed_behavior+ecephys.nwb,PL034,hausserlab,University College London,M,115,0.0307 kg,2022-10-18T17:41:58+01:00,_iblrig_tasks_ephysChoiceWorld,1,926,362,47,3860.0030132389247,CA3;CL;DG-mo;DG-po;DG-sg;HY;LH;MD;MH;PO;TH;VM;VPLpc;ZI;alv;chpl;root
PL035_04749a70,04749a70-ac63-477d-8392-d4d529184fab,sub-PL035/sub-PL035_ses-04749a70-ac63-477d-8392-d4d529184fab_desc-processed_behavior+ecephys.nwb,PL035,hausserlab,University College London,M,288,0.02965 kg,2023-04-15T14:42:09.189104+01:00,_iblrig_tasks_ephysChoiceWorld,1,593,931,72,3089.845166726921,AQ;INC;MB;MRN;NPC;P;PAG;PRC;PRNr;RN;TRN;VTA;ml;pc
PL035_36573e0b,36573e0b-ddd6-4504-94ec-9a23c877486c,sub-PL035/sub-PL035_ses-36573e0b-ddd6-4504-94ec-9a23c877486c_desc-processed_behavior+ecephys.nwb,PL035,hausserlab,University College London,M,287,0.02965 kg,2023-04-14T14:41:42.178445+01:00,_iblrig_tasks_ephysChoiceWorld,1,516,805,65,2699.4971181466485,CLI;CS;INC;MB;MRN;P;PPT;SCig;SCiw;mtg;tspc
PL035_5437ec1f,5437ec1f-6535-470c-80b8-4c8806ee085d,sub-PL035/sub-PL035_ses-5437ec1f-6535-470c-80b8-4c8806ee085d_desc-processed_behavior+ecephys.nwb,PL035,hausserlab,University College London,M,286,0.02965 kg,2023-04-13T14:59:14.587197+01:00,_iblrig_tasks_ephysChoiceWorld,1,512,549,43,2698.3534559391187,FC;MB;PRC;RPF;RSPd5;RSPd6a;RSPv6a;RSPv6b;SUB;V3;alv;ccs;chpl;cing;dhc;pc
PL035_a2b9fbbe,a2b9fbbe-79fc-4166-a16e-b307813a2f06,sub-PL035/sub-PL035_ses-a2b9fbbe-79fc-4166-a16e-b307813a2f06_desc-processed_behavior+ecephys.nwb,PL035,hausserlab,University College London,M,285,0.02965 kg,2023-04-12T14:47:28.397552+01:00,_iblrig_tasks_ephysChoiceWorld,1,469,566,87,2703.1662315288777,APN;CA1;DG-mo;DG-sg;MB;MRN;RPF;VISam5;VISam6a;VISam6b;ccs;cing
PL037_14127fdb,14127fdb-2e66-4823-b124-f49c128ba94d,sub-PL037/sub-PL037_ses-14127fdb-2e66-4823-b124-f49c128ba94d_desc-processed_behavior+ecephys.nwb,PL037,hausserlab,University College London,M,286,0.028300000000000002 kg,2023-04-13T17:17:21.343967+01:00,_iblrig_tasks_ephysChoiceWorld,1,629,1306,186,3641.715882851905,APN;DG-mo;MB;MRN;PPT;PRNr;RN;RR;SCig;TRN;bsc;root;rust
PL037_62ff920c,62ff920c-2fdd-4feb-9d9f-0d66f2e595a1,sub-PL037/sub-PL037_ses-62ff920c-2fdd-4feb-9d9f-0d66f2e595a1_desc-processed_behavior+ecephys.nwb,PL037,hausserlab,University College London,M,283,0.028300000000000002 kg,2023-04-10T17:44:01.259749+01:00,_iblrig_tasks_ephysChoiceWorld,1,627,844,123,2678.7495092944073,DG-mo;MB;MRN;P;PRNr;SCig;bsc;root;rust
PL037_7235b10c,7235b10c-6621-44ea-abe9-01559633472d,sub-PL037/sub-PL037_ses-7235b10c-6621-44ea-abe9-01559633472d_desc-processed_behavior+ecephys.nwb,PL037,hausserlab,University College London,M,280,0.028300000000000002 kg,2023-04-07T17:34:11.403825+01:00,_iblrig_tasks_ephysChoiceWorld,1,610,1336,173,2663.198760550651,MB;MRN;PRNr;RN;RR;SCig;TRN;bsc;fiber tracts;root;rust
PL037_7eeb8423,7eeb8423-49e6-4d40-ab6f-703d17af231a,sub-PL037/sub-PL037_ses-7eeb8423-49e6-4d40-ab6f-703d17af231a_desc-processed_behavior+ecephys.nwb,PL037,hausserlab,University College London,M,287,0.028300000000000002 kg,2023-04-14T16:44:13.957523+01:00,_iblrig_tasks_ephysChoiceWorld,1,632,978,54,2908.557125975546,DG-mo;DG-sg;MB;MRN;PRNr;ProS;RR;SCig;bsc;root;rust
PL037_d23b005f,d23b005f-46f5-4fe1-870c-f55f6eb9533d,sub-PL037/sub-PL037_ses-d23b005f-46f5-4fe1-870c-f55f6eb9533d_desc-processed_behavior+ecephys.nwb,PL037,hausserlab,University College London,M,279,0.028300000000000002 kg,2023-04-06T16:08:54.319363+01:00,_iblrig_tasks_ephysChoiceWorld,1,586,1253,180,2659.0976216828076,CS;MB;MRN;P;SCdg;SCig;SCiw;scp;tspc
PL037_fd03d365,fd03d365-91df-41e2-ad81-9e0e4b9f5c7b,sub-PL037/sub-PL037_ses-fd03d365-91df-41e2-ad81-9e0e4b9f5c7b_desc-processed_behavior+ecephys.nwb,PL037,hausserlab,University College London,M,282,0.028300000000000002 kg,2023-04-09T15:32:43.788547+01:00,_iblrig_tasks_ephysChoiceWorld,1,601,1186,216,2666.3986818100025,CLI;CS;MB;MRN;PAG;POST;RSPv5;SCdg;SCdw;SCig;SCiw;SCop;SCsg;SCzo;dscp;mtg;tspc
PL050_0cf6d255,0cf6d255-8f2f-463e-84fb-c54bacb79f51,sub-PL050/sub-PL050_ses-0cf6d255-8f2f-463e-84fb-c54bacb79f51_desc-processed_behavior+ecephys.nwb,PL050,hausserlab,University College London,M,113,0.0205 kg,2023-06-07T16:04:02.725885+01:00,_iblrig_tasks_ephysChoiceWorld,1,702,768,110,2734.4458242894348,CA1;DG-mo;DG-po;DG-sg;MB;MGd;MGm;MGv;PIL;PP;VISp1;VISp2/3;VISp4;VISp5;VISp6a;VISp6b;cpd;fp;or;root
PL050_1dbba733,1dbba733-24a4-4400-9436-53f1bd8428e8,sub-PL050/sub-PL050_ses-1dbba733-24a4-4400-9436-53f1bd8428e8_desc-processed_behavior+ecephys.nwb,PL050,hausserlab,University College London,M,118,0.0205 kg,2023-06-12T11:06:28.471018+01:00,_iblrig_tasks_ephysChoiceWorld,2,620,2096,296,2629.6604753183897,APr;ENTl5;ENTl6a;ENTm6;HPF;P;P5;PAR;PB;POST;PRE;SOCl;SUB;SUT;V;VISp6a;VISp6b;VISpl6a;ec;ll;root;sctv;scwm
PL050_2584ce3c,2584ce3c-db10-4076-89cb-5d313138dd38,sub-PL050/sub-PL050_ses-2584ce3c-db10-4076-89cb-5d313138dd38_desc-processed_behavior+ecephys.nwb,PL050,hausserlab,University College London,M,119,0.0205 kg,2023-06-13T10:42:35.707675+01:00,_iblrig_tasks_ephysChoiceWorld,1,712,1040,247,2737.832073219346,ENTl3;ENTl5;ENTm5;ENTm6;VISp1;VISp2/3;VISp4;VISp5;VISpl5
PL050_37bbc17f,37bbc17f-8dec-4fa8-97fd-e23a5c6bad1f,sub-PL050/sub-PL050_ses-37bbc17f-8dec-4fa8-97fd-e23a5c6bad1f_desc-processed_behavior+ecephys.nwb,PL050,hausserlab,University College London,M,112,0.0205 kg,2023-06-06T15:55:41.551563+01:00,_iblrig_tasks_ephysChoiceWorld,1,759,1528,159,3264.6577124496284,MB;NB;NLL;P;SAG;bic;ll;root
PL050_6ab9d98c,6ab9d98c-b1e9-4574-b8fe-b9eec88097e0,sub-PL050/sub-PL050_ses-6ab9d98c-b1e9-4574-b8fe-b9eec88097e0_desc-processed_behavior+ecephys.nwb,PL050,hausserlab,University College London,M,111,0.0205 kg,2023-06-05T15:41:14.515153+01:00,_iblrig_tasks_ephysChoiceWorld,1,874,1318,145,3264.8887066246425,MB;MRN;POST;SCdg;SCig;SCiw;VISp5;VISp6a;bsc;fp;mtg;root;scwm;tspc
PL050_98e0074c,98e0074c-706a-40e5-bbb5-223f97585a99,sub-PL050/sub-PL050_ses-98e0074c-706a-40e5-bbb5-223f97585a99_desc-processed_behavior+ecephys.nwb,PL050,hausserlab,University College London,M,115,0.0205 kg,2023-06-09T11:22:27.780898+01:00,_iblrig_tasks_ephysChoiceWorld,2,740,2549,147,2744.1319267296512,IPC;IPDL;IPI;IPL;KF;MB;MRN;P;PAR;PB;PC5;PG;RN;SCdg;SCiw;SOCl;V;ll;root;rust;sctv
PL050_c02e5155,c02e5155-8e8f-427e-873d-d61490bbb9c3,sub-PL050/sub-PL050_ses-c02e5155-8e8f-427e-873d-d61490bbb9c3_desc-processed_behavior+ecephys.nwb,PL050,hausserlab,University College London,M,114,0.0205 kg,2023-06-08T15:13:35.561537+01:00,_iblrig_tasks_ephysChoiceWorld,1,929,863,27,3417.5031927962027,KF;P;PAR;PB;PC5;POR;SOCl;SUT;ll;root;rust;sctv
PL050_e6bdb1f4,e6bdb1f4-b0bf-4451-8f23-4384f2102f91,sub-PL050/sub-PL050_ses-e6bdb1f4-b0bf-4451-8f23-4384f2102f91_desc-processed_behavior+ecephys.nwb,PL050,hausserlab,University College London,M,121,0.0205 kg,2023-06-15T16:55:21.764845+01:00,_iblrig_tasks_ephysChoiceWorld,1,773,987,76,3076.3083235275017,MB;MRN;P;PG;PPN;PRNr;TRN;rust
PL050_e6de6c35,e6de6c35-1508-4471-b7c3-f12a5c7a6d39,sub-PL050/sub-PL050_ses-e6de6c35-1508-4471-b7c3-f12a5c7a6d39_desc-processed_behavior+ecephys.nwb,PL050,hausserlab,University College London,M,117,0.0205 kg,2023-06-11T12:30:17.894092+01:00,_iblrig_tasks_ephysChoiceWorld,1,540,995,75,2637.264902050685,CUN;ICe;MB;P;PB;PRNc;RM;scp;tspc
SWC-038_03063955,03063955-2523-47bd-ae57-f7489dd40f15,sub-SWC-038/sub-SWC-038_ses-03063955-2523-47bd-ae57-f7489dd40f15_desc-processed_behavior+ecephys.nwb,SWC_038,mrsicflogellab,Sainsbury Wellcome Centre,F,234,0.0256 kg,2020-08-01T15:51:23.913929+01:00,_iblrig_tasks_ephysChoiceWorld6.4.1,2,867,1343,151,4661.177259867787,ACB;BMAp;CA3;COApl;CP;MOp2/3;MOp5;MOp6a;MOp6b;VL;alv;fa;fi;root;scwm
SWC-038_1e45d992,1e45d992-c356-40e1-9be1-a506d944896f,sub-SWC-038/sub-SWC-038_ses-1e45d992-c356-40e1-9be1-a506d944896f_desc-processed_behavior+ecephys.nwb,SWC_038,mrsicflogellab,Sainsbury Wellcome Centre,F,233,0.0256 kg,2020-07-31T15:03:32.002743+01:00,_iblrig_tasks_ephysChoiceWorld6.4.1,2,623,2769,184,4750.735284387971,ACB;APN;CA1;CP;DG-mo;DG-sg;MB;MOs2/3;MOs5;MOs6a;MOs6b;MRN;POL;PoT;SNc;SNr;SPFp;TH;bsc;cpd;fa;fiber tracts;scwm
SWC-038_4d8c7767,4d8c7767-981c-4347-8e5e-5d5fffe38534,sub-SWC-038/sub-SWC-038_ses-4d8c7767-981c-4347-8e5e-5d5fffe38534_desc-processed_behavior+ecephys.nwb,SWC_038,mrsicflogellab,Sainsbury Wellcome Centre,F,232,0.0256 kg,2020-07-30T17:47:20.137580+01:00,_iblrig_tasks_ephysChoiceWorld6.4.1,2,767,3119,389,3958.588419925799,ACAd6a;AON;DP;FRP6a;ILA6a;MOs1;MOs2/3;MOs5;MOs6a;OLF;ORBm6a;ORBvl6a;PL6a;TTd
SWC-039_768a371d,768a371d-7e88-47f8-bf21-4a6a6570dd6e,sub-SWC-039/sub-SWC-039_ses-768a371d-7e88-47f8-bf21-4a6a6570dd6e_desc-processed_behavior+ecephys.nwb,SWC_039,mrsicflogellab,Sainsbury Wellcome Centre,F,274,0.0232 kg,2020-09-10T14:19:38.570886+01:00,_iblrig_tasks_ephysChoiceWorld6.4.2,2,403,2612,207,2703.84279129999,BLAa;CA1;CA2;CA3;CEAc;DCO;GPe;IP;MY;SIM;STR;V4r;alv;ar;arb;ec;fi;fiber tracts;int;or;st
SWC-042_66d98e6e,66d98e6e-bcd9-4e78-8fbb-636f7e808b29,sub-SWC-042/sub-SWC-042_ses-66d98e6e-bcd9-4e78-8fbb-636f7e808b29_desc-processed_behavior+ecephys.nwb,SWC_042,hoferlab,Sainsbury Wellcome Centre,M,215,0.0345 kg,2020-07-13T18:56:18+01:00,_iblrig_tasks_ephysChoiceWorld6.4.0,1,564,1370,70,3842.7949960178776,CA1;CA2;CA3;LGv;SSp-bfd1;SSp-bfd2/3;SSp-bfd4;SSp-bfd5;SSp-bfd6a;SSp-bfd6b;SubG;TH;alv;ccs;fiber tracts;int;or;root
SWC-042_f9860a11,f9860a11-24d3-452e-ab95-39e199f20a93,sub-SWC-042/sub-SWC-042_ses-f9860a11-24d3-452e-ab95-39e199f20a93_desc-processed_behavior+ecephys.nwb,SWC_042,hoferlab,Sainsbury Wellcome Centre,M,219,0.0345 kg,2020-07-17T15:32:05.552182+01:00,_iblrig_tasks_ephysChoiceWorld6.4.0,2,463,1952,164,4356.785505347708,CA1;CA2;CA3;DG-mo;DG-po;DG-sg;ENTm1;ENTm2;HATA;LGv;MGd;MGv;ProS;SSp-bfd1;SSp-bfd2/3;SSp-bfd4;SSp-bfd5;SSp-bfd6a;SSp-bfd6b;alv;fiber tracts;fp;or;root
SWC-043_4ecb5d24,4ecb5d24-f5cc-402c-be28-9d0f7cb14b3a,sub-SWC-043/sub-SWC-043_ses-4ecb5d24-f5cc-402c-be28-9d0f7cb14b3a_desc-processed_behavior+ecephys.nwb,SWC_043,hoferlab,Sainsbury Wellcome Centre,M,285,0.0314 kg,2020-09-21T19:02:16.707541+01:00,_iblrig_tasks_ephysChoiceWorld6.4.2,2,529,2316,448,2719.0380087615067,BST;FRP1;FRP2/3;HY;LPO;LSr;LSv;MOB;MOs1;NDB;OLF;ORBvl1;PS;STR;aco;ccb
SWC-043_695a6073,695a6073-eae0-49e0-bb0f-e9e57a9275b9,sub-SWC-043/sub-SWC-043_ses-695a6073-eae0-49e0-bb0f-e9e57a9275b9_desc-processed_behavior+ecephys.nwb,SWC_043,hoferlab,Sainsbury Wellcome Centre,M,281,0.0314 kg,2020-09-17T18:30:54.821845+01:00,_iblrig_tasks_ephysChoiceWorld6.4.2,2,651,1892,98,3579.7556652864296,AUDp5;AUDp6a;AUDpo5;AUDv6a;AUDv6b;BLAp;BMAp;CA1;CA2;CA3;COApl;ECT6a;ECT6b;ENTl2;ENTl3;ENTl5;ENTl6a;PERI6a;VL;alv;ec;or;root
SWC-043_6f09ba7e,6f09ba7e-e3ce-44b0-932b-c003fb44fb89,sub-SWC-043/sub-SWC-043_ses-6f09ba7e-e3ce-44b0-932b-c003fb44fb89_desc-processed_behavior+ecephys.nwb,SWC_043,hoferlab,Sainsbury Wellcome Centre,M,280,0.0314 kg,2020-09-16T16:20:54.130243+01:00,_iblrig_tasks_ephysChoiceWorld6.4.2,2,551,2361,288,2808.5711637800496,CA1;CP;CTXsp;DG-mo;DG-po;DG-sg;EPd;LP;MOp6a;MOp6b;OLF;OT;PIR;PO;PoT;SI;alv;ccs;fa;root;scwm
SWC-043_6fb1e12c,6fb1e12c-883b-46d1-a745-473cde3232c8,sub-SWC-043/sub-SWC-043_ses-6fb1e12c-883b-46d1-a745-473cde3232c8_desc-processed_behavior+ecephys.nwb,SWC_043,hoferlab,Sainsbury Wellcome Centre,M,282,0.0314 kg,2020-09-18T15:03:48.369697+01:00,_iblrig_tasks_ephysChoiceWorld6.4.2,1,508,1232,158,2954.7075790436666,AUDd6a;AUDd6b;AUDv6b;LA;SSp-bfd2/3;SSp-bfd4;SSp-bfd5;SSs5;SSs6a;SSs6b;ar;ec;scwm
SWC-043_88d24c31,88d24c31-52e4-49cc-9f32-6adbeb9eba87,sub-SWC-043/sub-SWC-043_ses-88d24c31-52e4-49cc-9f32-6adbeb9eba87_desc-processed_behavior+ecephys.nwb,SWC_043,hoferlab,Sainsbury Wellcome Centre,M,283,0.0314 kg,2020-09-19T17:36:43.035695+01:00,_iblrig_tasks_ephysChoiceWorld6.4.2,1,547,910,165,3008.655325089938,ACB;CP;MOp6a;MOp6b;MOs6a;fa;scwm
SWC-043_c6db3304,c6db3304-c906-400c-aa0f-45dd3945b2ea,sub-SWC-043/sub-SWC-043_ses-c6db3304-c906-400c-aa0f-45dd3945b2ea_desc-processed_behavior+ecephys.nwb,SWC_043,hoferlab,Sainsbury Wellcome Centre,M,284,0.0314 kg,2020-09-20T19:12:54.571582+01:00,_iblrig_tasks_ephysChoiceWorld6.4.2,1,742,1637,102,3901.22957281566,BMAp;CA1;CA2;CA3;COApl;CTXsp;PA;alv;root
SWC-043_f3ce3197,f3ce3197-d534-4618-bf81-b687555d1883,sub-SWC-043/sub-SWC-043_ses-f3ce3197-d534-4618-bf81-b687555d1883_desc-processed_behavior+ecephys.nwb,SWC_043,hoferlab,Sainsbury Wellcome Centre,M,279,0.0314 kg,2020-09-15T17:24:33.748240+01:00,_iblrig_tasks_ephysChoiceWorld6.4.2,1,990,902,93,5050.357852005543,CP;LSr;MOs1;MOs2/3;MOs5;MOs6a;MOs6b;SEZ;STR;cing;fa
SWC-052_1928bf72,1928bf72-2002-46a6-8930-728420402e01,sub-SWC-052/sub-SWC-052_ses-1928bf72-2002-46a6-8930-728420402e01_desc-processed_behavior+ecephys.nwb,SWC_052,mrsicflogellab,Sainsbury Wellcome Centre,F,161,0.020399999999999998 kg,2020-10-20T20:09:51.398323+01:00,_iblrig_tasks_ephysChoiceWorld6.4.2,2,669,2375,160,4153.690955544433,COPY;DEC;DG-mo;ECU;ENTm3;FOTU;HATA;MDRNd;MY;POST;PRE;PYR;SPVC;SPVI;SUB;UVU;arb;root
SWC-052_22e04698,22e04698-b974-4805-b241-3b547dbf37bf,sub-SWC-052/sub-SWC-052_ses-22e04698-b974-4805-b241-3b547dbf37bf_desc-processed_behavior+ecephys.nwb,SWC_052,mrsicflogellab,Sainsbury Wellcome Centre,F,162,0.020399999999999998 kg,2020-10-21T19:40:54.444434+01:00,_iblrig_tasks_ephysChoiceWorld6.4.2,2,518,2251,150,2529.6318535694663,ANcr1;ANcr2;MB;MRN;POST;PRM;RSPv2/3;RSPv5;SCig;SCzo;SNr;arb;bsc;cpd;root
SWC-052_45ef6691,45ef6691-7b80-4a43-bd1a-85fc00851ae8,sub-SWC-052/sub-SWC-052_ses-45ef6691-7b80-4a43-bd1a-85fc00851ae8_desc-processed_behavior+ecephys.nwb,SWC_052,mrsicflogellab,Sainsbury Wellcome Centre,F,158,0.020399999999999998 kg,2020-10-17T16:32:40.937387+01:00,_iblrig_tasks_ephysChoiceWorld6.4.2,2,645,2634,164,3340.8226418571285,APr;COPY;CUN;ECU;ICe;IRN;LRNm;MB;MDRNd;MDRNv;MY;PPN;PRM;RSPagl5;RSPagl6a;RSPd2/3;RSPd5;RSPd6a;SPVI;VISp5;arb;bic;ll;root;sptV
SWC-052_7416f387,7416f387-b302-4ca3-8daf-03b585a1b7ec,sub-SWC-052/sub-SWC-052_ses-7416f387-b302-4ca3-8daf-03b585a1b7ec_desc-processed_behavior+ecephys.nwb,SWC_052,mrsicflogellab,Sainsbury Wellcome Centre,F,160,0.020399999999999998 kg,2020-10-19T20:35:31.641686+01:00,_iblrig_tasks_ephysChoiceWorld6.4.2,2,476,1213,37,3298.915101208462,"ANcr2;APr;COPY;CUL4, 5;I5;KF;MY;P;PB;PFL;PRM;RSPagl5;RSPd5;SPVI;V4r;VISp5;VISpl5;arb;chpl;root;sctv;sptV"
SWC-052_7cb81727,7cb81727-2097-4b52-b480-c89867b5b34c,sub-SWC-052/sub-SWC-052_ses-7cb81727-2097-4b52-b480-c89867b5b34c_desc-processed_behavior+ecephys.nwb,SWC_052,mrsicflogellab,Sainsbury Wellcome Centre,F,163,0.020399999999999998 kg,2020-10-22T22:28:49.023280+01:00,_iblrig_tasks_ephysChoiceWorld6.4.2,2,658,1203,74,3750.601300234325,APN;CA1;DG-mo;DG-po;DG-sg;LP;MB;MRN;POL;PoT;SGN;TH;VISp2/3;VISp4;VISp5;VISp6a;VISp6b;alv;bsc;fiber tracts;fp;or;root
SWC-052_f84045b0,f84045b0-ce09-4ace-9d11-5ea491620707,sub-SWC-052/sub-SWC-052_ses-f84045b0-ce09-4ace-9d11-5ea491620707_desc-processed_behavior+ecephys.nwb,SWC_052,mrsicflogellab,Sainsbury Wellcome Centre,F,164,0.020399999999999998 kg,2020-10-23T22:23:32.570956+01:00,_iblrig_tasks_ephysChoiceWorld6.4.2,2,583,1843,64,3363.505397732388,ANcr2;AQ;HY;MB;MRN;ND;NPC;PAG;PRM;V3;VTA;pc;root
SWC-052_fc14c0d6,fc14c0d6-51cf-48ba-b326-56ed5a9420c3,sub-SWC-052/sub-SWC-052_ses-fc14c0d6-51cf-48ba-b326-56ed5a9420c3_desc-processed_behavior+ecephys.nwb,SWC_052,mrsicflogellab,Sainsbury Wellcome Centre,F,159,0.020399999999999998 kg,2020-10-18T20:16:11.714003+01:00,_iblrig_tasks_ephysChoiceWorld6.4.2,1,519,1399,153,2468.3652596025468,COPY;ECU;IRN;LRNm;MDRNd;MDRNv;MY;SPVI;UVU;arb;root
SWC-053_032452e9,032452e9-1886-449d-9c13-0f192572e19f,sub-SWC-053/sub-SWC-053_ses-032452e9-1886-449d-9c13-0f192572e19f_desc-processed_behavior+ecephys.nwb,SWC_053,mrsicflogellab,Sainsbury Wellcome Centre,M,184,0.0234 kg,2020-11-12T18:53:10.045189+00:00,_iblrig_tasks_ephysChoiceWorld6.4.2,1,426,406,33,3695.8294625931444,ENTm5;HPF;POST;PRE;SUB;dhc
SWC-053_239cdbb1,239cdbb1-68e2-4eb0-91d8-ae5ae4001c7a,sub-SWC-053/sub-SWC-053_ses-239cdbb1-68e2-4eb0-91d8-ae5ae4001c7a_desc-processed_behavior+ecephys.nwb,SWC_053,mrsicflogellab,Sainsbury Wellcome Centre,M,182,0.0234 kg,2020-11-10T17:44:55.604031+00:00,_iblrig_tasks_ephysChoiceWorld6.4.2,2,636,2584,147,3143.733736455646,"ACVII;CB;CENT3;CUL4, 5;FN;ICe;IRN;MB;MV;MY;NOD;P;P5;PB;PRP;SUT;V;V4;arb;ll;scp;sctv"
SWC-053_75b6b132,75b6b132-d998-4fba-8482-961418ac957d,sub-SWC-053/sub-SWC-053_ses-75b6b132-d998-4fba-8482-961418ac957d_desc-processed_behavior+ecephys.nwb,SWC_053,mrsicflogellab,Sainsbury Wellcome Centre,M,183,0.0234 kg,2020-11-11T17:04:55.260045+00:00,_iblrig_tasks_ephysChoiceWorld6.4.2,2,471,1711,76,3191.2235454047495,"CB;CENT2;CENT3;CUL4, 5;GRN;ICe;MB;MV;P;P5;PB;PGRNd;PRP;RSPagl1;RSPagl2/3;RSPd1;SUT;V;V4;VISp1;VISp2/3;VISpl1;arb;ll;root;scp;sctv;uf"
SWC-054_56b57c38,56b57c38-2699-4091-90a8-aba35103155e,sub-SWC-054/sub-SWC-054_ses-56b57c38-2699-4091-90a8-aba35103155e_desc-processed_behavior+ecephys.nwb,SWC_054,mrsicflogellab,Sainsbury Wellcome Centre,M,146,0.024100000000000003 kg,2020-10-05T19:15:05.974514+01:00,_iblrig_tasks_ephysChoiceWorld6.4.2,2,571,2220,424,2698.0831047261104,CA1;CENT2;DG-mo;DG-po;DG-sg;Eth;GRN;LING;LP;MARN;MB;MY;P;PGRNd;PO;PRP;PoT;SPFp;TH;V4;VISa4;VISa5;VISa6a;VISa6b;alv;arb;ccs;ml;mlf;scwm
SWC-054_671c7ea7,671c7ea7-6726-4fbe-adeb-f89c2c8e489b,sub-SWC-054/sub-SWC-054_ses-671c7ea7-6726-4fbe-adeb-f89c2c8e489b_desc-processed_behavior+ecephys.nwb,SWC_054,mrsicflogellab,Sainsbury Wellcome Centre,M,151,0.024100000000000003 kg,2020-10-10T18:40:20.013723+01:00,_iblrig_tasks_ephysChoiceWorld6.4.2,2,802,2027,136,3452.2739119113894,CENT2;GRN;LING;MARN;MY;PGRNd;PRP;RT;SSp-bfd1;SSp-bfd4;SSp-bfd5;SSp-bfd6a;SSp-bfd6b;TH;V4;VL;ZI;ar;arb;ccb;ccs;chpl;fi;fiber tracts;or
SWC-054_6bb5da8f,6bb5da8f-6858-4fdd-96d9-c34b3b841593,sub-SWC-054/sub-SWC-054_ses-6bb5da8f-6858-4fdd-96d9-c34b3b841593_desc-processed_behavior+ecephys.nwb,SWC_054,mrsicflogellab,Sainsbury Wellcome Centre,M,152,0.024100000000000003 kg,2020-10-11T20:00:42.054571+01:00,_iblrig_tasks_ephysChoiceWorld6.4.2,1,651,313,29,2886.9409208805273,CB;MB;NB;P;ll;mcp;root;sV
SWC-054_6c6983ef,6c6983ef-7383-4989-9183-32b1a300d17a,sub-SWC-054/sub-SWC-054_ses-6c6983ef-7383-4989-9183-32b1a300d17a_desc-processed_behavior+ecephys.nwb,SWC_054,mrsicflogellab,Sainsbury Wellcome Centre,M,148,0.024100000000000003 kg,2020-10-07T18:20:13.449770+01:00,_iblrig_tasks_ephysChoiceWorld6.4.2,2,635,1931,92,2895.946459571908,"CA1;CUL4, 5;DEC;ECU;ENTl5;ENTl6a;HPF;MY;NOD;ProS;SPVI;SUB;UVU;VISl5;VISl6a;VISli6a;VISli6b;alv;arb;fp;or;root"
SWC-054_91796ceb,91796ceb-e314-4859-9a1f-092f85cc846a,sub-SWC-054/sub-SWC-054_ses-91796ceb-e314-4859-9a1f-092f85cc846a_desc-processed_behavior+ecephys.nwb,SWC_054,mrsicflogellab,Sainsbury Wellcome Centre,M,147,0.024100000000000003 kg,2020-10-06T18:28:26.308562+01:00,_iblrig_tasks_ephysChoiceWorld6.4.2,1,626,1333,200,3433.804598089786,COPY;DEC;ECU;FOTU;MY;PYR;SPVC;UVU;arb;root;sptV
SWC-054_eebacd5a,eebacd5a-7dcd-4ba6-9dff-ec2a4d2f19e0,sub-SWC-054/sub-SWC-054_ses-eebacd5a-7dcd-4ba6-9dff-ec2a4d2f19e0_desc-processed_behavior+ecephys.nwb,SWC_054,mrsicflogellab,Sainsbury Wellcome Centre,M,150,0.024100000000000003 kg,2020-10-09T18:10:43.904513+01:00,_iblrig_tasks_ephysChoiceWorld6.4.2,2,630,1791,158,2673.6174797536223,CA1;CA2;CA3;CENT2;GRN;IGL;IRN;IntG;LGd-co;LGv;LING;MV;MY;PGRNd;PRP;SSp-bfd4;SSp-bfd5;SSp-bfd6a;SSp-bfd6b;V4;ZI;alv;arb;bsc;ccs;fiber tracts;or
SWC-058_3638d102,3638d102-e8b6-4230-8742-e548cd87a949,sub-SWC-058/sub-SWC-058_ses-3638d102-e8b6-4230-8742-e548cd87a949_desc-processed_behavior+ecephys.nwb,SWC_058,mrsicflogellab,Sainsbury Wellcome Centre,M,132,0.0254 kg,2020-12-07T16:43:05.826338+00:00,_iblrig_tasks_ephysChoiceWorld6.4.2,1,695,860,83,4762.0871902777535,CA1;DG-mo;DG-po;DG-sg;LP;PoT;SGN;VISa1;VISa2/3;VISa4;VISa5;VISa6a;VISa6b;bsc;ccs;fiber tracts;fp;or;root
SWC-058_9545aa05,9545aa05-3945-4054-a5c3-a259f7209d61,sub-SWC-058/sub-SWC-058_ses-9545aa05-3945-4054-a5c3-a259f7209d61_desc-processed_behavior+ecephys.nwb,SWC_058,mrsicflogellab,Sainsbury Wellcome Centre,M,135,0.0254 kg,2020-12-10T17:19:07.611737+00:00,_iblrig_tasks_ephysChoiceWorld6.4.2,2,487,2602,148,3002.1496669524527,ANcr1;ANcr2;CB;COPY;CU;DEC;IRN;MDRNd;MDRNv;MY;PRM;UVU;arb;root
SWC-058_d3a2b25e,d3a2b25e-46d3-4f0b-ade6-4e32255f4c35,sub-SWC-058/sub-SWC-058_ses-d3a2b25e-46d3-4f0b-ade6-4e32255f4c35_desc-processed_behavior+ecephys.nwb,SWC_058,mrsicflogellab,Sainsbury Wellcome Centre,M,134,0.0254 kg,2020-12-09T16:37:24.379056+00:00,_iblrig_tasks_ephysChoiceWorld6.4.2,2,949,2177,161,4470.164225878307,COPY;DEC;FOTU;IRN;MDRNv;MY;NOD;NTS;PAS;PRM;PYR;SPIV;UVU;arb;root
SWC-058_f1db6257,f1db6257-85ef-4385-b415-2d078ec75df2,sub-SWC-058/sub-SWC-058_ses-f1db6257-85ef-4385-b415-2d078ec75df2_desc-processed_behavior+ecephys.nwb,SWC_058,mrsicflogellab,Sainsbury Wellcome Centre,M,133,0.0254 kg,2020-12-08T16:37:47.025234+00:00,_iblrig_tasks_ephysChoiceWorld6.4.2,2,741,2465,386,4034.962975967041,ANcr2;CB;COPY;DEC;FOTU;IP;IRN;LAV;MY;NTS;PARN;PRM;SIM;SPIV;SUV;arb;root;scp
SWC-060_81a1dca0,81a1dca0-cc90-47c5-afe3-c277319c47c8,sub-SWC-060/sub-SWC-060_ses-81a1dca0-cc90-47c5-afe3-c277319c47c8_desc-processed_behavior+ecephys.nwb,SWC_060,hoferlab,Sainsbury Wellcome Centre,F,121,0.020399999999999998 kg,2020-11-26T17:22:03.545441+00:00,_iblrig_tasks_ephysChoiceWorld6.4.2,2,444,1466,184,3298.1751869278614,BST;CA1;HY;LSr;LSv;MA;MB;OT;PRC;RSPagl5;RSPagl6a;RSPagl6b;SI;SPA;STR;aco;alv;ccs;cing;dhc;fp;root
SWC-060_875c1e5c,875c1e5c-f7ec-45ac-ab82-ecfe7276a707,sub-SWC-060/sub-SWC-060_ses-875c1e5c-f7ec-45ac-ab82-ecfe7276a707_desc-processed_behavior+ecephys.nwb,SWC_060,hoferlab,Sainsbury Wellcome Centre,F,120,0.020399999999999998 kg,2020-11-25T13:17:54.132432+00:00,_iblrig_tasks_ephysChoiceWorld6.4.2,2,787,1091,79,4061.188065368312,AHN;CA1;CL;DG-mo;DG-po;DG-sg;HY;LP;LSc;MD;MPN;PT;PVH;PVT;RE;SF;TH;V3;VISa5;VISa6a;VISa6b;alv;ccs;cing;root;vhc
SWC-060_dac3a4c1,dac3a4c1-b666-4de0-87e8-8c514483cacf,sub-SWC-060/sub-SWC-060_ses-dac3a4c1-b666-4de0-87e8-8c514483cacf_desc-processed_behavior+ecephys.nwb,SWC_060,hoferlab,Sainsbury Wellcome Centre,F,119,0.020399999999999998 kg,2020-11-24T16:39:18.082333+00:00,_iblrig_tasks_ephysChoiceWorld6.4.2,2,501,1221,141,3059.1782642226763,CA1;CA3;CL;DG-mo;DG-po;DG-sg;Eth;HY;LHA;LP;PCN;PO;SF;TH;TRS;V3;VISa2/3;VISa4;VISa5;VISa6a;VISa6b;alv;ccs;root;scwm;sm;vhc
SWC-061_360eac0c,360eac0c-7d2d-4cc1-9dcf-79fc7afc56e7,sub-SWC-061/sub-SWC-061_ses-360eac0c-7d2d-4cc1-9dcf-79fc7afc56e7_desc-processed_behavior+ecephys.nwb,SWC_061,hoferlab,Sainsbury Wellcome Centre,F,121,0.0214 kg,2020-11-26T21:17:19.337338+00:00,_iblrig_tasks_ephysChoiceWorld6.4.2,2,609,1708,164,4380.599558802441,ACB;AON;CP;FRP5;MOs2/3;MOs5;OLF;ORBl1;ORBl2/3;ORBl5;OT;SI;ccg
SWC-061_493170a6,493170a6-fd94-4ee4-884f-cc018c17eeb9,sub-SWC-061/sub-SWC-061_ses-493170a6-fd94-4ee4-884f-cc018c17eeb9_desc-processed_behavior+ecephys.nwb,SWC_061,hoferlab,Sainsbury Wellcome Centre,F,118,0.0214 kg,2020-11-23T21:44:49.072666+00:00,_iblrig_tasks_ephysChoiceWorld6.4.2,2,686,1363,198,3533.925394455918,ACB;AId6a;AIv6a;CP;MOs5;MOs6a;OLF;ORBl2/3;ORBl5;OT;PIR;SI;ccg
SWC-061_d7e60cc3,d7e60cc3-6020-429e-a654-636c6cc677ea,sub-SWC-061/sub-SWC-061_ses-d7e60cc3-6020-429e-a654-636c6cc677ea_desc-processed_behavior+ecephys.nwb,SWC_061,hoferlab,Sainsbury Wellcome Centre,F,125,0.0214 kg,2020-11-30T19:34:05.062484+00:00,_iblrig_tasks_ephysChoiceWorld6.4.2,2,490,1323,121,3936.472558805337,ACAd5;ACAv2/3;ACAv5;DG-mo;DG-po;DG-sg;HY;IG;LP;LSr;LSv;MB;MOs5;PA;PO;SH;STN;STR;TH;VPM;ZI;ccg;int;ml;root
SWC-065_1425bd6f,1425bd6f-c625-4f6a-b237-dc5bcfc42c87,sub-SWC-065/sub-SWC-065_ses-1425bd6f-c625-4f6a-b237-dc5bcfc42c87_desc-processed_behavior+ecephys.nwb,SWC_065,mrsicflogellab,Sainsbury Wellcome Centre,F,102,0.0207 kg,2022-05-07T15:58:28.902138+01:00,_iblrig_tasks_ephysChoiceWorld6.5.3,1,839,1093,59,4096.35019322035,"CENT3;CUL4, 5;MV;V4;arb;cbc;chpl"
SWC-066_a4747ac8,a4747ac8-6a75-444f-b99b-696fff0243fd,sub-SWC-066/sub-SWC-066_ses-a4747ac8-6a75-444f-b99b-696fff0243fd_desc-processed_behavior+ecephys.nwb,SWC_066,hoferlab,Sainsbury Wellcome Centre,F,93,0.0194 kg,2022-04-28T18:08:24.122809+01:00,_iblrig_tasks_ephysChoiceWorld6.5.3,1,504,244,9,3072.9736077416583,CA1;CA2;ENTl5;ENTl6a;EPd;PIR;TR;alv;ec;fp
SWC-066_f4ffb731,f4ffb731-8349-4fe4-806e-0232a84e52dd,sub-SWC-066/sub-SWC-066_ses-f4ffb731-8349-4fe4-806e-0232a84e52dd_desc-processed_behavior+ecephys.nwb,SWC_066,hoferlab,Sainsbury Wellcome Centre,F,92,0.0194 kg,2022-04-27T17:00:27.945173+01:00,_iblrig_tasks_ephysChoiceWorld6.5.3,1,844,603,13,3638.458410520456,DCO;DN;FL;SIM;V4r;arb
UCLA005_d57df551,d57df551-6dcb-4242-9c72-b806cff5613a,sub-UCLA005/sub-UCLA005_ses-d57df551-6dcb-4242-9c72-b806cff5613a_desc-processed_behavior+ecephys.nwb,UCLA005,churchlandlab_ucla,University of California Los Angeles,F,181,0.018000000000000002 kg,2021-08-02T16:45:22-07:00,_iblrig_tasks_ephysChoiceWorld6.4.2,1,772,1108,53,3409.0676929344636,APN;CA1;DG-mo;DG-sg;MB;MRN;ProS;SCig;alv;bsc;dhc;fiber tracts;fp;or;root
UCLA006_19e66dc9,19e66dc9-bf9f-430b-9d6a-acfa85de6fb7,sub-UCLA006/sub-UCLA006_ses-19e66dc9-bf9f-430b-9d6a-acfa85de6fb7_desc-processed_behavior+ecephys.nwb,UCLA006,churchlandlab_ucla,University of California Los Angeles,F,309,0.01713 kg,2021-12-08T17:51:36.745281-08:00,_iblrig_tasks_ephysChoiceWorld6.4.2,1,748,1242,314,3666.1804882789484,CA3;LD;PO;SSp-ul2/3;SSp-ul4;SSp-ul5;SSp-ul6a;SSp-ul6b;VPM;alv;ccb;fi;scwm
UCLA011_824cf03d,824cf03d-4012-4ab1-b499-c83a92c5589e,sub-UCLA011/sub-UCLA011_ses-824cf03d-4012-4ab1-b499-c83a92c5589e_desc-processed_behavior+ecephys.nwb,UCLA011,churchlandlab_ucla,University of California Los Angeles,M,168,0.023 kg,2021-07-20T18:15:30-07:00,_iblrig_tasks_ephysChoiceWorld6.4.2,1,764,684,62,3262.2913983649582,CA1;DG-mo;DG-po;DG-sg;FF;LP;PO;VISa2/3;VISa4;VISa5;VISa6a;VISam2/3;VPLpc;ZI;alv;fp;ml;or;root
UCLA012_1f095590,1f095590-6669-46c9-986b-ccaf0620c5e9,sub-UCLA012/sub-UCLA012_ses-1f095590-6669-46c9-986b-ccaf0620c5e9_desc-processed_behavior+ecephys.nwb,UCLA012,churchlandlab_ucla,University of California Los Angeles,M,155,0.0232 kg,2021-07-07T17:41:16-07:00,_iblrig_tasks_ephysChoiceWorld6.4.2,1,719,1187,98,3699.2404208317876,CA1;DG-mo;DG-po;DG-sg;Eth;LP;PF;PO;VM;VPMpc;mtt
UCLA014_03d9a098,03d9a098-07bf-4765-88b7-85f8d8f620cc,sub-UCLA014/sub-UCLA014_ses-03d9a098-07bf-4765-88b7-85f8d8f620cc_desc-processed_behavior+ecephys.nwb,UCLA014,churchlandlab_ucla,University of California Los Angeles,F,155,0.020010000000000003 kg,2021-08-18T18:05:45.193351-07:00,_iblrig_tasks_ephysChoiceWorld6.4.2,1,581,983,99,3667.990631435233,APN;DG-mo;MB;MRN;ProS;SNc;SUB;bsc;fiber tracts;root
UCLA015_0c828385,0c828385-6dd6-4842-a702-c5075f5f5e81,sub-UCLA015/sub-UCLA015_ses-0c828385-6dd6-4842-a702-c5075f5f5e81_desc-processed_behavior+ecephys.nwb,UCLA015,churchlandlab_ucla,University of California Los Angeles,F,380,0.01958 kg,2022-03-31T17:24:05.233956-07:00,_iblrig_tasks_ephysChoiceWorld6.4.2,1,610,1186,133,3178.563844476011,APN;CA1;DG-mo;DG-po;DG-sg;LP;MB;MRN;POL;VISp4;VISp5;VISp6a;VISp6b;bsc;fiber tracts;fp;or;root
UCLA017_bb099402,bb099402-fb31-4cfd-824e-1c97530a0875,sub-UCLA017/sub-UCLA017_ses-bb099402-fb31-4cfd-824e-1c97530a0875_desc-processed_behavior+ecephys.nwb,UCLA017,churchlandlab_ucla,University of California Los Angeles,F,245,0.01886 kg,2021-11-16T16:51:06.739634-08:00,_iblrig_tasks_ephysChoiceWorld6.4.2,1,665,1248,257,5193.067368666668,HPF;MB;MRN;POST;SCig;SCiw;SUB;VISp6a;VISp6b;VISpm5;VISpm6a;dhc;fp;or;root;scwm
UCLA030_7f5df7eb,7f5df7eb-cf36-4589-a20a-14b535441142,sub-UCLA030/sub-UCLA030_ses-7f5df7eb-cf36-4589-a20a-14b535441142_desc-processed_behavior+ecephys.nwb,UCLA030,churchlandlab_ucla,University of California Los Angeles,F,301,0.02013 kg,2022-05-03T14:36:16.161480-07:00,_iblrig_tasks_ephysChoiceWorld6.4.2,1,505,1316,343,3073.952246875876,AUDd5;AUDv5;SSp-bfd1;SSp-bfd2/3;SSp-bfd4;SSs4;SSs5;TEa5
UCLA033_111c1762,111c1762-7908-47e0-9f40-2f2ee55b6505,sub-UCLA033/sub-UCLA033_ses-111c1762-7908-47e0-9f40-2f2ee55b6505_desc-processed_behavior+ecephys.nwb,UCLA033,churchlandlab_ucla,University of California Los Angeles,F,224,0.02152 kg,2022-02-15T16:57:00.789395-08:00,_iblrig_tasks_ephysChoiceWorld6.4.2,2,724,2506,358,3182.77470005971,CA1;DG-mo;DG-sg;MB;MRN;NOT;PPT;ProS;RN;SCig;SCiw;SUB;VISam5;VISam6a;VISam6b;VISp5;VISp6a;VISp6b;alv;bsc;cing;dhc;fp;or;root
UCLA033_32d27583,32d27583-56aa-4510-bc03-669036edad20,sub-UCLA033/sub-UCLA033_ses-32d27583-56aa-4510-bc03-669036edad20_desc-processed_behavior+ecephys.nwb,UCLA033,churchlandlab_ucla,University of California Los Angeles,F,233,0.02152 kg,2022-02-24T12:00:35.256877-08:00,_iblrig_tasks_ephysChoiceWorld6.4.2,1,785,1353,159,3404.669564439914,CB;CENT3;CUN;GRN;IRN;MV;MY;PB;arb;scp;uf
UCLA033_5455a21c,5455a21c-1be7-4cae-ae8e-8853a8d5f55e,sub-UCLA033/sub-UCLA033_ses-5455a21c-1be7-4cae-ae8e-8853a8d5f55e_desc-processed_behavior+ecephys.nwb,UCLA033,churchlandlab_ucla,University of California Los Angeles,F,226,0.02152 kg,2022-02-17T15:47:20.440735-08:00,_iblrig_tasks_ephysChoiceWorld6.4.2,1,634,798,67,2922.002947253492,ACAd6a;ACAv6a;CA3;DG-mo;DG-sg;LH;MD;MH;MOp1;MOp2/3;MOp5;MOs5;MOs6a;RSPv6a;RSPv6b;V3;alv;ccb;chpl;cing;root
UCLA034_19b44992,19b44992-d527-4a12-8bda-aa11379cb08c,sub-UCLA034/sub-UCLA034_ses-19b44992-d527-4a12-8bda-aa11379cb08c_desc-processed_behavior+ecephys.nwb,UCLA034,churchlandlab_ucla,University of California Los Angeles,M,183,0.02436 kg,2022-01-27T16:14:16.179363-08:00,_iblrig_tasks_ephysChoiceWorld6.4.2,2,436,2175,293,4733.2446084538715,ACB;CP;ICe;LSr;MB;MOs6a;MOs6b;MRN;NDB;NLL;OLF;P;SAG;SCig;SCiw;SCop;SCsg;SCzo;SEZ;STR;VL;cing;fa;ll;sctv
UCLA034_3537d970,3537d970-f515-4786-853f-23de525e110f,sub-UCLA034/sub-UCLA034_ses-3537d970-f515-4786-853f-23de525e110f_desc-processed_behavior+ecephys.nwb,UCLA034,churchlandlab_ucla,University of California Los Angeles,M,184,0.02436 kg,2022-01-28T14:59:27.112640-08:00,_iblrig_tasks_ephysChoiceWorld6.4.2,1,503,1180,246,2644.0765626750726,CA2;CA3;IGL;LGd-co;LGd-sh;LGv;SSp-bfd2/3;SSp-bfd4;SSp-bfd5;SSp-bfd6a;SSp-bfd6b;TH;VPL;VPM;ZI;alv;ccs;or;root
UCLA034_8a3a0197,8a3a0197-b40a-449f-be55-c00b23253bbf,sub-UCLA034/sub-UCLA034_ses-8a3a0197-b40a-449f-be55-c00b23253bbf_desc-processed_behavior+ecephys.nwb,UCLA034,churchlandlab_ucla,University of California Los Angeles,M,181,0.02436 kg,2022-01-25T15:07:55-08:00,_iblrig_tasks_ephysChoiceWorld6.4.2,2,417,2416,373,4058.825370172427,APN;CA1;DG-mo;DG-po;DG-sg;LP;MB;MRN;POL;RN;SCig;SCiw;SNr;SUB;TH;VISp4;VISp5;VISp6a;VISp6b;VISpm6a;alv;bsc;dhc;fiber tracts;fp;or;root;scwm
UCLA034_ebc9392c,ebc9392c-1ecb-4b4b-a545-4e3d70d23611,sub-UCLA034/sub-UCLA034_ses-ebc9392c-1ecb-4b4b-a545-4e3d70d23611_desc-processed_behavior+ecephys.nwb,UCLA034,churchlandlab_ucla,University of California Los Angeles,M,182,0.02436 kg,2022-01-26T17:55:01.487908-08:00,_iblrig_tasks_ephysChoiceWorld6.4.2,1,496,1230,281,4430.345300869378,ACAd6a;ACAv6a;ACAv6b;LSr;MOs2/3;MOs5;MOs6a;MS;PL6a;SEZ;STR;ccg;cing
UCLA035_6f36868f,6f36868f-5cc1-450c-82fa-6b9829ce0cfe,sub-UCLA035/sub-UCLA035_ses-6f36868f-5cc1-450c-82fa-6b9829ce0cfe_desc-processed_behavior+ecephys.nwb,UCLA035,churchlandlab_ucla,University of California Los Angeles,M,205,0.02547 kg,2022-02-18T16:13:34.602399-08:00,_iblrig_tasks_ephysChoiceWorld6.4.2,2,1002,2856,140,4595.589463183803,CP;FC;MH;MOp1;MOp2/3;MOp5;MOp6a;MOp6b;RSPd1;RSPd2/3;RSPd5;RSPd6a;RSPv5;RSPv6a;SSp-m6b;V3;ccb;ccs;cing;dhc;root;scwm
UCLA035_f99ac31f,f99ac31f-171b-4208-a55d-5644c0ad51c3,sub-UCLA035/sub-UCLA035_ses-f99ac31f-171b-4208-a55d-5644c0ad51c3_desc-processed_behavior+ecephys.nwb,UCLA035,churchlandlab_ucla,University of California Los Angeles,M,211,0.02547 kg,2022-02-24T16:24:03.301416-08:00,_iblrig_tasks_ephysChoiceWorld6.4.2,2,748,1578,312,3968.3378049889425,DG-mo;DG-sg;DP;HY;ILA5;ILA6a;LH;MMme;MOs5;MOs6a;OLF;ORBm6a;PF;PH;PL6a;SPA;SPFm;STR;SUM;TH;TTd;fr
UCLA036_e2b845a1,e2b845a1-e313-4a08-bc61-a5f662ed295e,sub-UCLA036/sub-UCLA036_ses-e2b845a1-e313-4a08-bc61-a5f662ed295e_desc-processed_behavior+ecephys.nwb,UCLA036,churchlandlab_ucla,University of California Los Angeles,M,224,0.02543 kg,2022-03-09T16:49:56.407522-08:00,_iblrig_tasks_ephysChoiceWorld6.4.2,2,476,2681,304,4138.849251060692,APN;CA1;DG-mo;DG-po;DG-sg;LP;MB;MRN;POL;TH;VISa4;VISa5;VISa6a;VISa6b;VISam1;VISam2/3;VISam4;VISam5;VISam6a;VISam6b;alv;bsc;cing;fiber tracts;fp;or;root;scwm
UCLA037_2bdf206a,2bdf206a-820f-402f-920a-9e86cd5388a4,sub-UCLA037/sub-UCLA037_ses-2bdf206a-820f-402f-920a-9e86cd5388a4_desc-processed_behavior+ecephys.nwb,UCLA037,churchlandlab_ucla,University of California Los Angeles,M,189,0.025 kg,2022-02-02T17:13:16.755421-08:00,_iblrig_tasks_ephysChoiceWorld6.4.2,2,580,2047,376,3705.321641629584,APN;CA1;DG-mo;DG-po;DG-sg;Eth;LP;MB;MRN;PoT;SPFp;TH;VISa5;VISa6a;VISa6b;alv;bsc;ccs;cing;fiber tracts;fp;ml;or
UCLA037_8d316998,8d316998-28c3-4265-b029-e2ca82375b2f,sub-UCLA037/sub-UCLA037_ses-8d316998-28c3-4265-b029-e2ca82375b2f_desc-processed_behavior+ecephys.nwb,UCLA037,churchlandlab_ucla,University of California Los Angeles,M,196,0.025 kg,2022-02-09T16:17:13.568726-08:00,_iblrig_tasks_ephysChoiceWorld6.4.2,1,610,1012,229,2636.141744384478,MOp2/3;MOp5;MOs1;MOs2/3
UCLA037_bda2faf5,bda2faf5-9563-4940-a80f-ce444259e47b,sub-UCLA037/sub-UCLA037_ses-bda2faf5-9563-4940-a80f-ce444259e47b_desc-processed_behavior+ecephys.nwb,UCLA037,churchlandlab_ucla,University of California Los Angeles,M,197,0.025 kg,2022-02-10T15:25:25.061359-08:00,_iblrig_tasks_ephysChoiceWorld6.4.2,1,545,1057,192,2515.043369837323,ENTm3;VISp1;VISp2/3;VISp4;VISpl4;VISpl5
UCLA037_fa8ad50d,fa8ad50d-76f2-45fa-a52f-08fe3d942345,sub-UCLA037/sub-UCLA037_ses-fa8ad50d-76f2-45fa-a52f-08fe3d942345_desc-processed_behavior+ecephys.nwb,UCLA037,churchlandlab_ucla,University of California Los Angeles,M,195,0.025 kg,2022-02-08T15:55:36.495015-08:00,_iblrig_tasks_ephysChoiceWorld6.4.2,1,459,259,8,2645.2664841573387,AHN;CM;HY;IAM;LSc;PVH;PVHd;PVT;RE;RH;SF;STR;TH;V3;Xi
UCLA044_23c75e0b,23c75e0b-05d8-452e-8efb-a3687ab94079,sub-UCLA044/sub-UCLA044_ses-23c75e0b-05d8-452e-8efb-a3687ab94079_desc-processed_behavior+ecephys.nwb,UCLA044,churchlandlab_ucla,University of California Los Angeles,F,185,0.02131 kg,2022-04-22T15:23:53.246530-07:00,_iblrig_tasks_ephysChoiceWorld6.4.2,1,562,657,123,2857.6087190120315,"CENT3;CUL4, 5;arb;cbc"
UCLA044_91bac580,91bac580-76ed-41ab-ac07-89051f8d7f6e,sub-UCLA044/sub-UCLA044_ses-91bac580-76ed-41ab-ac07-89051f8d7f6e_desc-processed_behavior+ecephys.nwb,UCLA044,churchlandlab_ucla,University of California Los Angeles,F,177,0.02131 kg,2022-04-14T16:36:16.565033-07:00,_iblrig_tasks_ephysChoiceWorld6.4.2,1,699,981,78,3670.7448030130577,CA1;DG-mo;DG-sg;MB;MRN;ProS;RR;SCig;VISp1;VISp2/3;VISp4;VISp5;VISp6a;VISp6b;alv;bsc;fp;or;root
UCLA048_dc962048,dc962048-89bb-4e6a-96a9-b062a2be1426,sub-UCLA048/sub-UCLA048_ses-dc962048-89bb-4e6a-96a9-b062a2be1426_desc-processed_behavior+ecephys.nwb,UCLA048,churchlandlab_ucla,University of California Los Angeles,F,245,0.020579999999999998 kg,2022-08-16T16:11:36.075354-07:00,_iblrig_tasks_ephysChoiceWorld6.6.2,2,458,1242,162,2582.3018440580054,APN;CA1;DG-mo;DG-po;DG-sg;LP;MRN;POL;VISa1;VISa2/3;VISa4;VISa5;VISa6a;VISa6b;alv;bsc;ccs;fiber tracts;or;root
UCLA049_0841d188,0841d188-8ef2-4f20-9828-76a94d5343a4,sub-UCLA049/sub-UCLA049_ses-0841d188-8ef2-4f20-9828-76a94d5343a4_desc-processed_behavior+ecephys.nwb,UCLA049,churchlandlab_ucla,University of California Los Angeles,F,231,0.021840000000000002 kg,2022-08-02T16:36:06.329463-07:00,_iblrig_tasks_ephysChoiceWorld6.6.1,2,505,1460,128,2773.9536931682414,APN;CA1;DG-mo;DG-po;DG-sg;LP;MB;MRN;POL;VISa2/3;VISa4;VISa5;VISa6a;VISa6b;alv;bsc;ccs;fiber tracts;fp;or;root
UCLA049_8a1cf4ef,8a1cf4ef-06e3-4c72-9bc7-e1baa189841b,sub-UCLA049/sub-UCLA049_ses-8a1cf4ef-06e3-4c72-9bc7-e1baa189841b_desc-processed_behavior+ecephys.nwb,UCLA049,churchlandlab_ucla,University of California Los Angeles,F,241,0.021840000000000002 kg,2022-08-12T16:56:27.875789-07:00,_iblrig_tasks_ephysChoiceWorld6.6.2,2,405,1543,247,2838.9459591538366,ACB;AUDpo6a;AUDpo6b;CA1;CP;ECT6a;ENTl3;ENTl5;MA;PERI5;PERI6a;SI;VISal4;VISal5;VISal6a;VISp1;VISp2/3;VISrl2/3;VISrl4;alv;ccg;ec;fp;or
UCLA052_687017d4,687017d4-c9fc-458f-a7d5-0979fe1a7470,sub-UCLA052/sub-UCLA052_ses-687017d4-c9fc-458f-a7d5-0979fe1a7470_desc-processed_behavior+ecephys.nwb,UCLA052,churchlandlab_ucla,University of California Los Angeles,F,210,0.01952 kg,2022-07-12T17:48:32-07:00,_iblrig_tasks_ephysChoiceWorld6.6.1,1,436,914,93,3869.5481158128678,APN;CA1;DG-mo;DG-sg;MB;MRN;VISam2/3;VISam4;VISam5;VISam6a;VISam6b;alv;bsc;fp;or;root
ZFM-01576_9e9c6fc0,9e9c6fc0-4769-4d83-9ea4-b59a1230510e,sub-ZFM-01576/sub-ZFM-01576_ses-9e9c6fc0-4769-4d83-9ea4-b59a1230510e_desc-processed_behavior+ecephys.nwb,ZFM-01576,mainenlab,Champalimaud Centre for the Unknown,F,191,0.02009 kg,2020-12-03T15:35:53+00:00,_iblrig_tasks_ephysChoiceWorld6.4.2,1,1007,644,116,4861.578757796202,ACAd6a;ACAd6b;ACAv6b;MOp1;MOp2/3;MOp5;MOs5;MOs6a;PT;PVT;V3;alv;ccb;chpl;cing;fi;root;vhc
ZFM-01576_c4432264,c4432264-e1ae-446f-8a07-6280abade813,sub-ZFM-01576/sub-ZFM-01576_ses-c4432264-e1ae-446f-8a07-6280abade813_desc-processed_behavior+ecephys.nwb,ZFM-01576,mainenlab,Champalimaud Centre for the Unknown,F,189,0.02009 kg,2020-12-01T10:59:12.153826+00:00,_iblrig_tasks_ephysChoiceWorld6.4.2,2,848,1528,421,4017.4895533055183,APN;CA1;CB;DG-mo;DG-sg;ICB;IP;IRN;LAV;MB;MV;PARN;ProS;SIM;SPIV;SUV;VISpm5;VISpm6a;VISpm6b;arb;bsc;das;dhc;fp;root;scwm
ZFM-01577_09b2c4d1,09b2c4d1-058d-4c84-9fd4-97530f85baf6,sub-ZFM-01577/sub-ZFM-01577_ses-09b2c4d1-058d-4c84-9fd4-97530f85baf6_desc-processed_behavior+ecephys.nwb,ZFM-01577,mainenlab,Champalimaud Centre for the Unknown,F,155,0.02121 kg,2020-10-28T15:04:48+00:00,_iblrig_tasks_ephysChoiceWorld6.4.2,2,598,1955,315,3913.507076751672,CA1;CENT3;CUN;DG-mo;DG-po;DG-sg;I5;MB;MGd;MGv;P;PARN;PB;PSV;ProS;VISp2/3;VISp4;VISp5;VISp6a;VISp6b;alv;arb;fp;or;root;scp;sctv
ZFM-01577_5d6aa933,5d6aa933-4b00-4e99-ae2d-5003657592e9,sub-ZFM-01577/sub-ZFM-01577_ses-5d6aa933-4b00-4e99-ae2d-5003657592e9_desc-processed_behavior+ecephys.nwb,ZFM-01577,mainenlab,Champalimaud Centre for the Unknown,F,156,0.02121 kg,2020-10-29T15:38:41+00:00,_iblrig_tasks_ephysChoiceWorld6.4.2,2,845,1895,236,5134.542467970951,CA1;CB;CENT2;CENT3;ENTl3;ENTl5;ENTl6a;ICc;ICe;MB;NI;PCG;PDTg;V4;VISl5;VISl6a;VISli6a;VISli6b;alv;ec;fp;or
ZFM-01577_63f3dbc1,63f3dbc1-1a5f-44e5-98dd-ce25cd2b7871,sub-ZFM-01577/sub-ZFM-01577_ses-63f3dbc1-1a5f-44e5-98dd-ce25cd2b7871_desc-processed_behavior+ecephys.nwb,ZFM-01577,mainenlab,Champalimaud Centre for the Unknown,F,157,0.02121 kg,2020-10-30T16:41:20.275756+00:00,_iblrig_tasks_ephysChoiceWorld6.4.2,1,456,1021,90,3075.841325112283,CENT2;DTN;ICc;ICd;MB;NI;PAG;PCG;V4
ZFM-01592_56bc129c,56bc129c-6265-407a-a208-cc16d20a6c01,sub-ZFM-01592/sub-ZFM-01592_ses-56bc129c-6265-407a-a208-cc16d20a6c01_desc-processed_behavior+ecephys.nwb,ZFM-01592,mainenlab,Champalimaud Centre for the Unknown,M,131,0.02481 kg,2020-10-23T15:11:03+01:00,_iblrig_tasks_ephysChoiceWorld6.4.2,1,1065,731,298,5221.171811741956,"CUL4, 5;FN;MY;NOD;SPIV;V4r;arb"
ZFM-01592_5b609f9b,5b609f9b-75cb-43d3-9c39-b5b4b7a0db67,sub-ZFM-01592/sub-ZFM-01592_ses-5b609f9b-75cb-43d3-9c39-b5b4b7a0db67_desc-processed_behavior+ecephys.nwb,ZFM-01592,mainenlab,Champalimaud Centre for the Unknown,M,129,0.02481 kg,2020-10-21T14:49:08+01:00,_iblrig_tasks_ephysChoiceWorld6.4.2,2,1001,1962,181,4674.009442578988,CA1;CA2;CA3;CTXsp;DCO;DG-mo;EPv;IP;SIM;TR;V4r;alv;arb;chpl;ec
ZFM-01592_746d1902,746d1902-fa59-4cab-b0aa-013be36060d5,sub-ZFM-01592/sub-ZFM-01592_ses-746d1902-fa59-4cab-b0aa-013be36060d5_desc-processed_behavior+ecephys.nwb,ZFM-01592,mainenlab,Champalimaud Centre for the Unknown,M,128,0.02481 kg,2020-10-20T13:44:19+01:00,_iblrig_tasks_ephysChoiceWorld6.4.2,2,660,2521,456,4044.484820050527,"CA1;CA3;CB;CUL4, 5;DG-mo;DG-po;DG-sg;FF;GRN;HY;ICB;IP;IRN;LP;MARN;MV;NTS;PO;SPIV;TH;V4;V4r;VPLpc;VPM;ZI;arb;chpl;ml"
ZFM-01935_1a507308,1a507308-c63a-4e02-8f32-3239a07dc578,sub-ZFM-01935/sub-ZFM-01935_ses-1a507308-c63a-4e02-8f32-3239a07dc578_desc-processed_behavior+ecephys.nwb,ZFM-01935,mainenlab,Champalimaud Centre for the Unknown,M,164,0.02621 kg,2021-02-03T16:29:23.315284+00:00,_iblrig_tasks_ephysChoiceWorld6.4.2,2,743,1822,383,3997.717815242941,CA1;CA2;CA3;DG-mo;DG-po;DG-sg;Eth;FF;HY;LD;LGd-co;LP;MB;MGm;PO;SNr;SSp-bfd4;SSp-bfd5;SSp-bfd6a;SSp-bfd6b;SSp-tr1;SSp-tr2/3;SSp-tr4;VPM;ZI;alv;bsc;ccb;ml;or;root
ZFM-01935_71e03be6,71e03be6-b497-4991-a121-9416dcc1a6e7,sub-ZFM-01935/sub-ZFM-01935_ses-71e03be6-b497-4991-a121-9416dcc1a6e7_desc-processed_behavior+ecephys.nwb,ZFM-01935,mainenlab,Champalimaud Centre for the Unknown,M,167,0.02621 kg,2021-02-06T13:08:33.215355+00:00,_iblrig_tasks_ephysChoiceWorld6.4.2,1,817,595,135,4155.874580281488,AMd;AMv;DG-mo;HY;IAD;MD;MH;PR;PVHd;PeF;RSPv1;TH;V3;VM;ZI;ccb;chpl;df;mtt;root
ZFM-01935_ab8a0899,ab8a0899-a59f-42e4-8807-95b14056104b,sub-ZFM-01935/sub-ZFM-01935_ses-ab8a0899-a59f-42e4-8807-95b14056104b_desc-processed_behavior+ecephys.nwb,ZFM-01935,mainenlab,Champalimaud Centre for the Unknown,M,166,0.02621 kg,2021-02-05T15:00:28.238458+00:00,_iblrig_tasks_ephysChoiceWorld6.4.2,1,805,855,141,4045.035656543978,CM;DMH;HY;MD;PCN;PVT;SMT;TH;VMH;mtt
ZFM-01935_f5591ac5,f5591ac5-311d-4fa8-9bad-029d7be9c491,sub-ZFM-01935/sub-ZFM-01935_ses-f5591ac5-311d-4fa8-9bad-029d7be9c491_desc-processed_behavior+ecephys.nwb,ZFM-01935,mainenlab,Champalimaud Centre for the Unknown,M,165,0.02621 kg,2021-02-04T16:11:12+00:00,_iblrig_tasks_ephysChoiceWorld6.4.2,1,785,448,33,3996.7044464202395,BLAp;CP;LA;SSp-bfd2/3;SSp-bfd4;SSp-bfd5;SSp-bfd6a;SSp-bfd6b;STR;or
ZFM-01936_2c44a360,2c44a360-5a56-4971-8009-f469fb59de98,sub-ZFM-01936/sub-ZFM-01936_ses-2c44a360-5a56-4971-8009-f469fb59de98_desc-processed_behavior+ecephys.nwb,ZFM-01936,mainenlab,Champalimaud Centre for the Unknown,F,153,0.019760000000000003 kg,2021-01-23T12:13:55+00:00,_iblrig_tasks_ephysChoiceWorld6.4.2,2,602,1441,286,2779.9994252884285,ACAd6a;ACAv6a;ACAv6b;ACB;AMd;CA3;CM;DG-mo;DG-sg;DP;IAD;ILA1;ILA2/3;LSr;MD;MOp5;MOs5;MOs6a;OLF;OT;PL2/3;PVT;SI;STR;TH;TTd;V3;alv;ccb;chpl;cing
ZFM-01936_3f6e25ae,3f6e25ae-c007-4dc3-aa77-450fd5705046,sub-ZFM-01936/sub-ZFM-01936_ses-3f6e25ae-c007-4dc3-aa77-450fd5705046_desc-processed_behavior+ecephys.nwb,ZFM-01936,mainenlab,Champalimaud Centre for the Unknown,F,154,0.019760000000000003 kg,2021-01-24T13:04:17+00:00,_iblrig_tasks_ephysChoiceWorld6.4.2,1,401,841,136,1835.3393592690018,AON;DP;OLF;ORBm1;ORBm2/3;ORBm5;ORBvl2/3;OT
ZFM-01936_4aa1d525,4aa1d525-5c7d-4c50-a147-ec53a9014812,sub-ZFM-01936/sub-ZFM-01936_ses-4aa1d525-5c7d-4c50-a147-ec53a9014812_desc-processed_behavior+ecephys.nwb,ZFM-01936,mainenlab,Champalimaud Centre for the Unknown,F,150,0.019760000000000003 kg,2021-01-20T14:35:58+00:00,_iblrig_tasks_ephysChoiceWorld6.4.2,1,564,1044,148,2824.434774758049,BST;CP;LSv;MOp2/3;MOp5;MOp6a;MOp6b;VL;ccb;cing;scwm
ZFM-01936_9b5a1754,9b5a1754-ac99-4d53-97d3-35c2f6638507,sub-ZFM-01936/sub-ZFM-01936_ses-9b5a1754-ac99-4d53-97d3-35c2f6638507_desc-processed_behavior+ecephys.nwb,ZFM-01936,mainenlab,Champalimaud Centre for the Unknown,F,152,0.019760000000000003 kg,2021-01-22T11:50:56+00:00,_iblrig_tasks_ephysChoiceWorld6.4.2,1,443,876,105,2759.9324013748205,AAA;CP;FS;MA;PAL;SI;STR;act
ZFM-01936_d0ea3148,d0ea3148-948d-4817-94f8-dcaf2342bbbe,sub-ZFM-01936/sub-ZFM-01936_ses-d0ea3148-948d-4817-94f8-dcaf2342bbbe_desc-processed_behavior+ecephys.nwb,ZFM-01936,mainenlab,Champalimaud Centre for the Unknown,F,149,0.019760000000000003 kg,2021-01-19T17:15:10+00:00,_iblrig_tasks_ephysChoiceWorld6.4.2,1,560,735,152,3854.9345043962385,CA1;DG-mo;DG-po;DG-sg;Eth;FF;LP;MB;PO;TH;VISa6a;VPLpc;alv;ccs;ml;root
ZFM-01937_0b7ee1b6,0b7ee1b6-42db-46cd-a465-08f531366187,sub-ZFM-01937/sub-ZFM-01937_ses-0b7ee1b6-42db-46cd-a465-08f531366187_desc-processed_behavior+ecephys.nwb,ZFM-01937,mainenlab,Champalimaud Centre for the Unknown,F,229,0.0219 kg,2021-04-09T11:53:10.979739+01:00,_iblrig_tasks_ephysChoiceWorld6.4.2,1,797,514,87,3718.4477861767446,CP;GPe;MA;PAL;SEZ;SI;STR;int
ZFM-01937_113c5b6c,113c5b6c-940e-4b21-b462-789b4c2be0e5,sub-ZFM-01937/sub-ZFM-01937_ses-113c5b6c-940e-4b21-b462-789b4c2be0e5_desc-processed_behavior+ecephys.nwb,ZFM-01937,mainenlab,Champalimaud Centre for the Unknown,F,228,0.0219 kg,2021-04-08T11:47:05+01:00,_iblrig_tasks_ephysChoiceWorld6.4.2,1,436,879,130,2703.560777015085,ACAd6a;ACAd6b;ACAv6b;LSc;LSr;MOp1;MOp2/3;MOp5;MOs5;MOs6a;SF;TRS;ccb;cing;fi
ZFM-02368_a4a74102,a4a74102-2af5-45dc-9e41-ef7f5aed88be,sub-ZFM-02368/sub-ZFM-02368_ses-a4a74102-2af5-45dc-9e41-ef7f5aed88be_desc-processed_behavior+ecephys.nwb,ZFM-02368,mainenlab,Champalimaud Centre for the Unknown,M,163,0.025670000000000002 kg,2021-06-01T16:24:33.849360+01:00,_iblrig_tasks_ephysChoiceWorld6.4.2,2,408,1719,372,1806.6791662904552,BST;CA1;CA3;DG-mo;DG-po;DG-sg;FF;HY;LP;LSr;LSv;MA;OT;PO;SI;STR;TH;VISa4;VISa5;VISa6a;VISa6b;VPM;ZI;alv;ccs;ml;scwm
ZFM-02369_72cb5550,72cb5550-43b4-4ef0-add5-e4adfdfb5e02,sub-ZFM-02369/sub-ZFM-02369_ses-72cb5550-43b4-4ef0-add5-e4adfdfb5e02_desc-processed_behavior+ecephys.nwb,ZFM-02369,mainenlab,Champalimaud Centre for the Unknown,M,150,0.023289999999999998 kg,2021-05-19T16:02:31+01:00,_iblrig_tasks_ephysChoiceWorld6.4.2,2,733,1864,474,4783.066244308189,"CA1;CA3;CB;CENT3;CUL4, 5;DG-mo;DG-po;DG-sg;LP;MV;PO;TH;V4;VISa5;VISa6a;VISa6b;VPLpc;VeCB;alv;arb;ccs;ml;root;scwm;uf"
ZFM-02370_6f6d2c8e,6f6d2c8e-28be-49f4-ae4d-06be2d3148c1,sub-ZFM-02370/sub-ZFM-02370_ses-6f6d2c8e-28be-49f4-ae4d-06be2d3148c1_desc-processed_behavior+ecephys.nwb,ZFM-02370,mainenlab,Champalimaud Centre for the Unknown,M,129,0.0253 kg,2021-04-28T11:32:40+01:00,_iblrig_tasks_ephysChoiceWorld6.4.2,1,552,1049,295,2830.4438127967096,ACAd6a;DP;LSr;MOs5;MOs6a;OLF;PL6a;PL6b;STR;TTd;cing;fa
ZFM-02370_d0c91c3c,d0c91c3c-8cbb-4929-8657-31f18bffc294,sub-ZFM-02370/sub-ZFM-02370_ses-d0c91c3c-8cbb-4929-8657-31f18bffc294_desc-processed_behavior+ecephys.nwb,ZFM-02370,mainenlab,Champalimaud Centre for the Unknown,M,128,0.0253 kg,2021-04-27T16:24:46+01:00,_iblrig_tasks_ephysChoiceWorld6.4.2,1,815,518,61,3755.1982878369104,CP;CTXsp;EPv;PIR;ec
ZFM-02372_7cec9792,7cec9792-b8f9-4878-be7e-f08103dc0323,sub-ZFM-02372/sub-ZFM-02372_ses-7cec9792-b8f9-4878-be7e-f08103dc0323_desc-processed_behavior+ecephys.nwb,ZFM-02372,mainenlab,Champalimaud Centre for the Unknown,F,164,0.02173 kg,2021-06-02T12:08:28+01:00,_iblrig_tasks_ephysChoiceWorld6.4.2,1,616,695,36,2715.3750680886783,CENT2;DTN;GRN;ICd;MB;NI;P;PAG;PCG;V4
ZFM-02372_88224abb,88224abb-5746-431f-9c17-17d7ef806e6a,sub-ZFM-02372/sub-ZFM-02372_ses-88224abb-5746-431f-9c17-17d7ef806e6a_desc-processed_behavior+ecephys.nwb,ZFM-02372,mainenlab,Champalimaud Centre for the Unknown,F,163,0.02173 kg,2021-06-01T13:15:33+01:00,_iblrig_tasks_ephysChoiceWorld6.4.2,2,452,1197,211,2155.701712526455,CA1;CA3;DG-mo;DG-po;DG-sg;HY;LHA;LM;LP;MB;MH;MRN;PF;PO;PRC;PoT;SPFp;TH;V3;VISa6a;VISa6b;alv;ccs;fiber tracts;hbc;ml;or;root
ZFM-02373_0802ced5,0802ced5-33a3-405e-8336-b65ebc5cb07c,sub-ZFM-02373/sub-ZFM-02373_ses-0802ced5-33a3-405e-8336-b65ebc5cb07c_desc-processed_behavior+ecephys.nwb,ZFM-02373,mainenlab,Champalimaud Centre for the Unknown,M,185,0.021079999999999998 kg,2021-06-23T10:46:45+01:00,_iblrig_tasks_ephysChoiceWorld6.4.2,2,424,1547,367,2533.430375770054,CA1;CA3;DG-mo;DG-po;DG-sg;LP;PO;VISa1;VISa2/3;VISa4;VISa5;VISa6a;VISa6b;VPM;alv;ccs;or;root;scwm
ZFM-04308_239dd3c9,239dd3c9-35f3-4462-95ee-91b822a22e6b,sub-ZFM-04308/sub-ZFM-04308_ses-239dd3c9-35f3-4462-95ee-91b822a22e6b_desc-processed_behavior+ecephys.nwb,ZFM-04308,mainenlab,Champalimaud Centre for the Unknown,F,236,0.019 kg,2022-07-26T12:05:47+01:00,_iblrig_tasks_ephysChoiceWorld,2,414,1939,163,2999.0415823924936,APN;CA1;DG-mo;DG-po;DG-sg;HPF;MB;MRN;NOT;ProS;SUB;VISam5;VISam6a;VISam6b;VISpm1;VISpm2/3;VISpm4;VISpm5;VISpm6a;VISpm6b;alv;bsc;cing;dhc;fp;or;root
ZFM-04308_9dd72e52,9dd72e52-5393-4c08-9eca-f7dace2e59f6,sub-ZFM-04308/sub-ZFM-04308_ses-9dd72e52-5393-4c08-9eca-f7dace2e59f6_desc-processed_behavior+ecephys.nwb,ZFM-04308,mainenlab,Champalimaud Centre for the Unknown,F,237,0.019 kg,2022-07-27T12:12:29+01:00,_iblrig_tasks_ephysChoiceWorld,1,403,1038,90,3329.8991447246676,"CUL4, 5;arb"
ZM-1897_dd4da095,dd4da095-4a99-4bf3-9727-f735077dba66,sub-ZM-1897/sub-ZM-1897_ses-dd4da095-4a99-4bf3-9727-f735077dba66_desc-processed_behavior+ecephys.nwb,ZM_1897,mainenlab,Champalimaud Centre for the Unknown,F,175,0.024350000000000004 kg,2019-12-02T17:18:32+00:00,_iblrig_tasks_ephysChoiceWorld6.1.3,2,413,2725,536,2508.607639076019,AON;CA1;DG-mo;DG-po;DG-sg;DP;LP;MGd;MGv;MOs2/3;MOs5;OLF;ORBm2/3;ORBm5;ORBm6a;ORBvl2/3;ORBvl5;PL5;PL6a;SGN;TTd;VISam1;VISam2/3;VISam4;VISam5;VISam6a;VISam6b;alv;cing;fiber tracts;fp
ZM-1897_e5fae088,e5fae088-ed96-4d9b-82f9-dfd13c259d52,sub-ZM-1897/sub-ZM-1897_ses-e5fae088-ed96-4d9b-82f9-dfd13c259d52_desc-processed_behavior+ecephys.nwb,ZM_1897,mainenlab,Champalimaud Centre for the Unknown,F,179,0.024350000000000004 kg,2019-12-06T10:07:39+00:00,_iblrig_tasks_ephysChoiceWorld6.2.3,1,548,1045,132,2397.4970487751216,CA1;CA3;DG-mo;DG-po;DG-sg;LP;PO;SSp-tr5;SSp-tr6a;SSp-tr6b;VISa1;VISa2/3;VISa4;VISa5;VPLpc;VPM;alv;ccb;ccs
ZM-1898_21e16736,21e16736-fd59-44c7-b938-9b1333d25da8,sub-ZM-1898/sub-ZM-1898_ses-21e16736-fd59-44c7-b938-9b1333d25da8_desc-processed_behavior+ecephys.nwb,ZM_1898,mainenlab,Champalimaud Centre for the Unknown,F,183,0.023719999999999998 kg,2019-12-10T12:15:15+00:00,_iblrig_tasks_ephysChoiceWorld6.2.3,1,802,860,132,3961.4271559933763,BMAa;BMAp;COApl;COApm;CTXsp;MEA;RT;STR;VPL;VPM;em;fiber tracts;int;opt
ZM-1898_53738f95,53738f95-bd08-4d9d-9133-483fdb19e8da,sub-ZM-1898/sub-ZM-1898_ses-53738f95-bd08-4d9d-9133-483fdb19e8da_desc-processed_behavior+ecephys.nwb,ZM_1898,mainenlab,Champalimaud Centre for the Unknown,F,184,0.023719999999999998 kg,2019-12-11T11:02:46+00:00,_iblrig_tasks_ephysChoiceWorld6.2.5,1,596,889,71,2734.601083080063,BLAa;BLAv;BMAp;CEAm;COApl;LGd-co;LGd-ip;LP;PAA;RT;STR;VPL;VPM;em;fiber tracts;int;opt;or;st
ZM-2240_193fe7a8,193fe7a8-4eb5-4f3e-815a-0c45864ddd77,sub-ZM-2240/sub-ZM-2240_ses-193fe7a8-4eb5-4f3e-815a-0c45864ddd77_desc-processed_behavior+ecephys.nwb,ZM_2240,mainenlab,Champalimaud Centre for the Unknown,M,165,0.02248 kg,2020-01-24T09:57:45+00:00,_iblrig_tasks_ephysChoiceWorld6.2.5,1,629,822,69,4241.967009845781,CA1;FC;MH;PRC;RSPd6a;RSPv6a;RSPv6b;SPA;SPFm;TH;V3;alv;ccs;chpl;cing;dhc;root
ZM-2240_259927fd,259927fd-7563-4b03-bc5d-17b4d0fa7a55,sub-ZM-2240/sub-ZM-2240_ses-259927fd-7563-4b03-bc5d-17b4d0fa7a55_desc-processed_behavior+ecephys.nwb,ZM_2240,mainenlab,Champalimaud Centre for the Unknown,M,163,0.02248 kg,2020-01-22T10:50:59+00:00,_iblrig_tasks_ephysChoiceWorld6.2.5,2,646,1816,328,3604.258517139749,ACAd5;ACAd6a;ACAv6a;DP;HY;ILA6a;LD;LSr;MEA;MOs5;MS;NDB;PL5;PL6a;PO;STN;STR;TTd;VPL;VPM;ZI;alv;fiber tracts;int;opt
ZM-2240_510b1a50,510b1a50-825d-44ce-86f6-9678f5396e02,sub-ZM-2240/sub-ZM-2240_ses-510b1a50-825d-44ce-86f6-9678f5396e02_desc-processed_behavior+ecephys.nwb,ZM_2240,mainenlab,Champalimaud Centre for the Unknown,M,164,0.02248 kg,2020-01-23T15:12:02+00:00,_iblrig_tasks_ephysChoiceWorld6.2.5,1,1075,1068,232,4827.710331706973,CA1;CA3;CM;DG-mo;DG-po;DG-sg;LH;MD;RH;RSPagl6a;RSPagl6b;SSp-tr5;SSp-tr6a;SSp-tr6b;alv;ccb;cing;sm
ZM-2240_d33baf74,d33baf74-263c-4b37-a0d0-b79dcb80a764,sub-ZM-2240/sub-ZM-2240_ses-d33baf74-263c-4b37-a0d0-b79dcb80a764_desc-processed_behavior+ecephys.nwb,ZM_2240,mainenlab,Champalimaud Centre for the Unknown,M,162,0.02248 kg,2020-01-21T10:44:49+00:00,_iblrig_tasks_ephysChoiceWorld6.2.5,2,427,2744,524,3120.8677532397255,ACB;AON;DG-mo;DG-sg;DP;HY;LD;LHA;MOs1;MOs2/3;MOs5;MOs6a;OLF;ORBm6a;ORBvl6a;PAL;PL6a;PO;VAL;VM;VPM;ZI;nst;opt;root;sup
ZM-2241_465c44bd,465c44bd-2e67-4112-977b-36e1ac7e3f8c,sub-ZM-2241/sub-ZM-2241_ses-465c44bd-2e67-4112-977b-36e1ac7e3f8c_desc-processed_behavior+ecephys.nwb,ZM_2241,mainenlab,Champalimaud Centre for the Unknown,F,169,0.02238 kg,2020-01-28T12:54:56+00:00,_iblrig_tasks_ephysChoiceWorld6.2.5,2,484,1877,254,2528.2156687036477,ACB;AMd;AMv;AV;CP;LD;OT;SI;SSp-ll2/3;SSp-ll4;SSp-ll5;SSp-ll6a;SSp-ll6b;VL;ccb;chpl;cing;fi;root;scwm
ZM-2241_e49d8ee7,e49d8ee7-24b9-416a-9d04-9be33b655f40,sub-ZM-2241/sub-ZM-2241_ses-e49d8ee7-24b9-416a-9d04-9be33b655f40_desc-processed_behavior+ecephys.nwb,ZM_2241,mainenlab,Champalimaud Centre for the Unknown,F,170,0.02238 kg,2020-01-29T14:49:34+00:00,_iblrig_tasks_ephysChoiceWorld6.2.5,1,510,623,59,2826.2634748201644,CP;CTXsp;FS;OLF;PIR;STR
ZM-2241_ee40aece,ee40aece-cffd-4edb-a4b6-155f158c666a,sub-ZM-2241/sub-ZM-2241_ses-ee40aece-cffd-4edb-a4b6-155f158c666a_desc-processed_behavior+ecephys.nwb,ZM_2241,mainenlab,Champalimaud Centre for the Unknown,F,171,0.02238 kg,2020-01-30T15:43:49+00:00,_iblrig_tasks_ephysChoiceWorld6.2.5,2,994,1934,466,4889.347155996448,CA1;DG-mo;DG-po;DG-sg;Eth;HY;LHA;LP;MD;PCN;PO;PVT;PeF;PoT;SMT;SPFp;TH;V3;VISa2/3;VISa4;VISa5;VISa6a;VISa6b;VM;ZI;alv;ccs;chpl;ml;or
ZM-2241_f8d5c8b0,f8d5c8b0-b931-4151-b86c-c471e2e80e5d,sub-ZM-2241/sub-ZM-2241_ses-f8d5c8b0-b931-4151-b86c-c471e2e80e5d_desc-processed_behavior+ecephys.nwb,ZM_2241,mainenlab,Champalimaud Centre for the Unknown,F,172,0.02238 kg,2020-01-31T14:36:39+00:00,_iblrig_tasks_ephysChoiceWorld6.2.5,2,787,1570,253,3861.5391625409875,APN;CA1;DG-mo;HY;LH;LHA;MB;MD;MH;MRN;PCN;PVT;PeF;RN;SMT;TH;TU;VM;ZI;bsc;ml;root
ZM-2241_ff4187b5,ff4187b5-4176-4e39-8894-53a24b7cf36b,sub-ZM-2241/sub-ZM-2241_ses-ff4187b5-4176-4e39-8894-53a24b7cf36b_desc-processed_behavior+ecephys.nwb,ZM_2241,mainenlab,Champalimaud Centre for the Unknown,F,168,0.02238 kg,2020-01-27T16:52:30+00:00,_iblrig_tasks_ephysChoiceWorld6.2.5,2,872,2079,518,3936.8926325694024,ACAd6a;BLAa;CEAc;CEAl;CP;CTXsp;EPv;GPe;IA;LSr;MOs2/3;MOs5;MOs6a;OLF;PAA;PL6a;PL6b;SEZ;STR;cing;ec;fa;int
ZM-2245_cb2ad999,cb2ad999-a6cb-42ff-bf71-1774c57e5308,sub-ZM-2245/sub-ZM-2245_ses-cb2ad999-a6cb-42ff-bf71-1774c57e5308_desc-processed_behavior+ecephys.nwb,ZM_2245,mainenlab,Champalimaud Centre for the Unknown,F,162,0.01948 kg,2020-01-21T14:03:44+00:00,_iblrig_tasks_ephysChoiceWorld6.2.5,2,872,1368,201,4417.433660140472,APN;CA1;DG-mo;DG-sg;Eth;FF;LSc;LSr;LSv;MOs2/3;MOs5;MOs6a;MOs6b;PO;POL;PoT;STR;TH;VL;VPLpc;ZI;alv;ccb;ccs;cing;dhc;ml
ZM-3003_934dd7a4,934dd7a4-fbdc-459c-8830-04fe9033bc28,sub-ZM-3003/sub-ZM-3003_ses-934dd7a4-fbdc-459c-8830-04fe9033bc28_desc-processed_behavior+ecephys.nwb,ZM_3003,mainenlab,Champalimaud Centre for the Unknown,M,260,0.029320000000000002 kg,2020-07-27T16:29:41+01:00,_iblrig_tasks_ephysChoiceWorld6.4.0,2,688,1193,128,3167.507460188898,BST;CA1;FC;HY;LHA;MB;PAG;PRC;RSPd2/3;RSPd5;RSPd6a;RSPv6a;RSPv6b;SF;SPA;TH;TRS;V3;ccs;chpl;cing;dhc;hbc;sm;vhc
ZM-3003_fe1fd79f,fe1fd79f-b051-411f-a0a9-2530a02cc78d,sub-ZM-3003/sub-ZM-3003_ses-fe1fd79f-b051-411f-a0a9-2530a02cc78d_desc-processed_behavior+ecephys.nwb,ZM_3003,mainenlab,Champalimaud Centre for the Unknown,M,261,0.029320000000000002 kg,2020-07-28T14:13:35+01:00,_iblrig_tasks_ephysChoiceWorld6.4.0,2,548,891,143,2843.755619363674,HPF;LHA;MB;MEA;ND;NOT;NPC;OP;PAG;PAL;PPT;RSPagl5;RSPagl6a;RSPagl6b;SI;STR;SUB;VL;chpl;cing;fp;int;pc;root;st
ibl-witten-13_49368f16,49368f16-de69-4647-9a7a-761e94517821,sub-ibl-witten-13/sub-ibl-witten-13_ses-49368f16-de69-4647-9a7a-761e94517821_desc-processed_behavior+ecephys.nwb,ibl_witten_13,wittenlab,Princeton,M,218,0.027 kg,2019-11-27T17:51:48-05:00,_iblrig_tasks_ephysChoiceWorld6.1.3,1,544,765,108,3778.343760413815,BST;HY;LSr;LSv;MA;OT;SI;STR;aco
ibl-witten-13_5139ce2c,5139ce2c-7d52-44bf-8129-692d61dd6403,sub-ibl-witten-13/sub-ibl-witten-13_ses-5139ce2c-7d52-44bf-8129-692d61dd6403_desc-processed_behavior+ecephys.nwb,ibl_witten_13,wittenlab,Princeton,M,217,0.027 kg,2019-11-26T18:34:55-05:00,_iblrig_tasks_ephysChoiceWorld6.1.3,2,1026,1900,220,4944.23402678929,ACAv1;ACB;AQ;BST;HY;IG;INC;LSr;LSv;MB;MRN;ND;NPC;PAG;RSPv1;RSPv2/3;RSPv5;RSPv6b;SCO;SI;STR;aco;ccg;ccs;cing;fp;pc;root
ibl-witten-13_ebe090af,ebe090af-5922-4fcd-8fc6-17b8ba7bad6d,sub-ibl-witten-13/sub-ibl-witten-13_ses-ebe090af-5922-4fcd-8fc6-17b8ba7bad6d_desc-processed_behavior+ecephys.nwb,ibl_witten_13,wittenlab,Princeton,M,224,0.027 kg,2019-12-03T15:37:36-05:00,_iblrig_tasks_ephysChoiceWorld6.1.3,1,850,1497,239,3660.956312289556,CA1;CA3;DG-mo;DG-po;DG-sg;LGd-co;LGd-ip;LGd-sh;LP;PO;TH;VISa2/3;VISa4;VISa5;VISa6a;VISa6b;VPM;ccs;ml;scwm
ibl-witten-17_b10ed1ba,b10ed1ba-2099-42c4-bee3-d053eb594f09,sub-ibl-witten-17/sub-ibl-witten-17_ses-b10ed1ba-2099-42c4-bee3-d053eb594f09_desc-processed_behavior+ecephys.nwb,ibl_witten_17,wittenlab,Princeton,M,260,0.0314 kg,2020-07-30T16:35:19-04:00,_iblrig_tasks_ephysChoiceWorld6.4.1,1,896,1389,128,5330.961235333333,"CUL4, 5;DCO;IP;MY;SIM;SPVI;V4r;arb;icp;sptV"
ibl-witten-17_d832d9f7,d832d9f7-c96a-4f63-8921-516ba4a7b61f,sub-ibl-witten-17/sub-ibl-witten-17_ses-d832d9f7-c96a-4f63-8921-516ba4a7b61f_desc-processed_behavior+ecephys.nwb,ibl_witten_17,wittenlab,Princeton,M,252,0.0314 kg,2020-07-22T16:22:29-04:00,_iblrig_tasks_ephysChoiceWorld6.4.0,1,660,506,12,6678.218845697032,AMv;AV;CP;RT;SEZ;SSp-ll4;SSp-ll5;SSp-ll6a;SSp-ul6a;TH;VL;ccb;fi;root;scwm
ibl-witten-17_dcceebe5,dcceebe5-4589-44df-a1c1-9fa33e779727,sub-ibl-witten-17/sub-ibl-witten-17_ses-dcceebe5-4589-44df-a1c1-9fa33e779727_desc-processed_behavior+ecephys.nwb,ibl_witten_17,wittenlab,Princeton,M,253,0.0314 kg,2020-07-23T14:59:03-04:00,_iblrig_tasks_ephysChoiceWorld6.4.0,1,681,214,13,4612.892458719911,AMd;AV;SSp-ll4;SSp-ll5;SSp-ll6a;SSp-ul6a;SSp-ul6b;VL;ccb;fi;root;scwm
ibl-witten-18_25f77e81,25f77e81-c1af-46ab-8686-73ac3d67c4a7,sub-ibl-witten-18/sub-ibl-witten-18_ses-25f77e81-c1af-46ab-8686-73ac3d67c4a7_desc-processed_behavior+ecephys.nwb,ibl_witten_18,wittenlab,Princeton,M,295,0.0337 kg,2020-09-03T15:25:19-04:00,_iblrig_tasks_ephysChoiceWorld6.4.2,1,1014,1213,152,5650.877652126745,CP;CTXsp;EPd;LA;PIR;SSp-bfd4;SSp-bfd5;SSp-bfd6a;SSp-bfd6b;SSs6b;STR;amc;ccb;scwm
ibl-witten-18_4ef13091,4ef13091-1bc8-4f32-9619-107bdf48540c,sub-ibl-witten-18/sub-ibl-witten-18_ses-4ef13091-1bc8-4f32-9619-107bdf48540c_desc-processed_behavior+ecephys.nwb,ibl_witten_18,wittenlab,Princeton,M,294,0.0337 kg,2020-09-02T12:29:50-04:00,_iblrig_tasks_ephysChoiceWorld6.4.2,1,861,883,93,4683.690990921725,CP;GPi;RT;SSp-bfd1;SSp-bfd2/3;SSp-bfd4;SSp-bfd5;SSp-bfd6a;SSp-bfd6b;STR;ccb;fiber tracts;int;scwm;st
ibl-witten-18_cae5cd75,cae5cd75-55e5-4277-8db3-cf4d6c5ff918,sub-ibl-witten-18/sub-ibl-witten-18_ses-cae5cd75-55e5-4277-8db3-cf4d6c5ff918_desc-processed_behavior+ecephys.nwb,ibl_witten_18,wittenlab,Princeton,M,293,0.0337 kg,2020-09-01T14:09:23-04:00,_iblrig_tasks_ephysChoiceWorld6.4.2,1,498,1044,82,3604.1208621707638,BLAa;BLAp;CP;EPv;LA;SSp-bfd6a;SSp-bfd6b;STR;amc;or
ibl-witten-19_4ddb8a95,4ddb8a95-788b-48d0-8a0a-66c7c796da96,sub-ibl-witten-19/sub-ibl-witten-19_ses-4ddb8a95-788b-48d0-8a0a-66c7c796da96_desc-processed_behavior+ecephys.nwb,ibl_witten_19,wittenlab,Princeton,M,251,0.0318 kg,2020-07-21T17:04:39-04:00,_iblrig_tasks_ephysChoiceWorld6.4.0,2,722,1453,137,3846.4785294869225,DP;ILA1;ILA2/3;ILA5;MB;MRN;NPC;OLF;ORBm5;PL5;RPF;SNc;SNr;STR;TTd;V3;VTA;chpl;ml;root
ibl-witten-19_65f5c9b4,65f5c9b4-4440-48b9-b914-c593a5184a18,sub-ibl-witten-19/sub-ibl-witten-19_ses-65f5c9b4-4440-48b9-b914-c593a5184a18_desc-processed_behavior+ecephys.nwb,ibl_witten_19,wittenlab,Princeton,M,253,0.0318 kg,2020-07-23T18:59:30-04:00,_iblrig_tasks_ephysChoiceWorld6.4.0,1,458,1186,142,3149.4985696666668,ACB;FRP6a;MOs5;MOs6a;OLF;ORBl5;ORBl6a;aco
ibl-witten-19_f8041c1e,f8041c1e-5ef4-4ae6-afec-ed82d7a74dc1,sub-ibl-witten-19/sub-ibl-witten-19_ses-f8041c1e-5ef4-4ae6-afec-ed82d7a74dc1_desc-processed_behavior+ecephys.nwb,ibl_witten_19,wittenlab,Princeton,M,252,0.0318 kg,2020-07-22T20:51:44-04:00,_iblrig_tasks_ephysChoiceWorld6.4.0,1,508,309,16,4107.849171269574,DP;ILA2/3;ILA5;MOs1;MOs2/3;MOs5;ORBm5;PL5
ibl-witten-20_037d75ca,037d75ca-c90a-43f2-aca6-e86611916779,sub-ibl-witten-20/sub-ibl-witten-20_ses-037d75ca-c90a-43f2-aca6-e86611916779_desc-processed_behavior+ecephys.nwb,ibl_witten_20,wittenlab,Princeton,M,293,0.0362 kg,2020-09-01T18:40:00-04:00,_iblrig_tasks_ephysChoiceWorld6.4.2,1,842,1321,134,4584.609829354132,CB;IP;IRN;LAV;MY;NTS;PARN;PGRNl;SPIV;SUV;arb;das;scp
ibl-witten-20_a7763417,a7763417-e0d6-4f2a-aa55-e382fd9b5fb8,sub-ibl-witten-20/sub-ibl-witten-20_ses-a7763417-e0d6-4f2a-aa55-e382fd9b5fb8_desc-processed_behavior+ecephys.nwb,ibl_witten_20,wittenlab,Princeton,M,295,0.0362 kg,2020-09-03T12:08:47-04:00,_iblrig_tasks_ephysChoiceWorld6.4.2,2,972,2520,273,5297.422102000008,CB;GRN;ICB;IP;IRN;MB;MRN;MV;NTS;PGRNl;POST;SCig;SPIV;V4;VISp2/3;VISp4;VISp5;VISp6a;VISp6b;VeCB;arb;bsc;chpl;fp;scwm
ibl-witten-20_e12fbe11,e12fbe11-8a6b-4bf6-a955-e5f6cec31ef1,sub-ibl-witten-20/sub-ibl-witten-20_ses-e12fbe11-8a6b-4bf6-a955-e5f6cec31ef1_desc-processed_behavior+ecephys.nwb,ibl_witten_20,wittenlab,Princeton,M,294,0.0362 kg,2020-09-02T15:40:22-04:00,_iblrig_tasks_ephysChoiceWorld6.4.2,1,1065,1405,228,5517.137164495063,CB;GRN;ICB;IP;IRN;MV;MY;NTS;PGRNl;SPIV;V4r;VeCB;arb
ibl-witten-25_5285c561,5285c561-80da-4563-8694-739da92e5dd0,sub-ibl-witten-25/sub-ibl-witten-25_ses-5285c561-80da-4563-8694-739da92e5dd0_desc-processed_behavior+ecephys.nwb,ibl_witten_25,wittenlab,Princeton,M,182,0.0277 kg,2020-12-08T19:37:09.959206-05:00,_iblrig_tasks_ephysChoiceWorld6.4.2,2,563,2055,308,3242.326468666669,ANcr1;CB;DCO;DN;ENTm5;HATA;IP;MY;PRE;ProS;SPVO;SUB;V4r;VISl2/3;VISl4;VISl5;VISli5;VISli6a;alv;arb;fp;icp;or;sptV
ibl-witten-26_09394481,09394481-8dd2-4d5c-9327-f2753ede92d7,sub-ibl-witten-26/sub-ibl-witten-26_ses-09394481-8dd2-4d5c-9327-f2753ede92d7_desc-processed_behavior+ecephys.nwb,ibl_witten_26,wittenlab,Princeton,M,235,0.028300000000000002 kg,2021-01-30T15:53:29.408265-05:00,_iblrig_tasks_ephysChoiceWorld6.4.2,2,912,2461,367,4040.67096885698,"CB;CUL4, 5;ICB;IP;IRN;LAV;MB;NTS;P5;PARN;PB;PGRNl;RSPagl2/3;RSPd1;SPIV;SUT;SUV;V;VISpl2/3;arb;das;ll;root;scp;sctv"
ibl-witten-26_8c2f7f4d,8c2f7f4d-7346-42a4-a715-4d37a5208535,sub-ibl-witten-26/sub-ibl-witten-26_ses-8c2f7f4d-7346-42a4-a715-4d37a5208535_desc-processed_behavior+ecephys.nwb,ibl_witten_26,wittenlab,Princeton,M,234,0.028300000000000002 kg,2021-01-29T21:04:24.698876-05:00,_iblrig_tasks_ephysChoiceWorld6.4.2,1,471,658,121,1811.5534353333323,"CUL4, 5;I5;KF;P;PARN;SIM;V;VISpl1;arb"
ibl-witten-26_a9138924,a9138924-4395-4981-83d1-530f6ff7c8fc,sub-ibl-witten-26/sub-ibl-witten-26_ses-a9138924-4395-4981-83d1-530f6ff7c8fc_desc-processed_behavior+ecephys.nwb,ibl_witten_26,wittenlab,Princeton,M,233,0.028300000000000002 kg,2021-01-28T15:48:40.399464-05:00,_iblrig_tasks_ephysChoiceWorld6.4.2,2,884,2414,144,4401.8774745032915,ANcr1;ANcr2;BMAp;CA1;CA2;CA3;COApm;CTXsp;LGd-co;LGd-sh;LGv;PA;PRM;RT;STR;VL;alv;ar;arb;fiber tracts;int;opt;st
ibl-witten-26_dc21e80d,dc21e80d-97d7-44ca-a729-a8e3f9b14305,sub-ibl-witten-26/sub-ibl-witten-26_ses-dc21e80d-97d7-44ca-a729-a8e3f9b14305_desc-processed_behavior+ecephys.nwb,ibl_witten_26,wittenlab,Princeton,M,236,0.028300000000000002 kg,2021-01-31T16:58:26.073544-05:00,_iblrig_tasks_ephysChoiceWorld6.4.2,1,1111,728,35,5065.2961753619675,APr;FL;PAR;RSPagl5;VISp4;VISp5;VISpl5
ibl-witten-26_ff96bfe1,ff96bfe1-d925-4553-94b5-bf8297adf259,sub-ibl-witten-26/sub-ibl-witten-26_ses-ff96bfe1-d925-4553-94b5-bf8297adf259_desc-processed_behavior+ecephys.nwb,ibl_witten_26,wittenlab,Princeton,M,232,0.028300000000000002 kg,2021-01-27T16:23:21-05:00,_iblrig_tasks_ephysChoiceWorld6.4.2,2,426,2277,233,3139.2583151904005,ANcr2;CA1;CA2;CA3;COPY;LP;MY;PO;PRM;Pa5;SPVC;SPVI;SSp-tr1;SSp-tr2/3;SSp-tr5;SSp-tr6a;SSp-ul6a;SSp-ul6b;VPM;alv;arb;root;sptV
ibl-witten-27_25d1920e,25d1920e-a2af-4b6c-9f2e-fc6c65576544,sub-ibl-witten-27/sub-ibl-witten-27_ses-25d1920e-a2af-4b6c-9f2e-fc6c65576544_desc-processed_behavior+ecephys.nwb,ibl_witten_27,wittenlab,Princeton,F,183,0.0227 kg,2021-01-13T13:17:39-05:00,_iblrig_tasks_ephysChoiceWorld6.4.2,2,401,1583,298,2231.214724331556,"CB;CENT3;CUL4, 5;GRN;ICB;IP;LAV;LING;MARN;MY;NOD;NTS;PRP;SPIV;SPVO;SUV;V4;VeCB;arb;cbc;chpl;mlf"
ibl-witten-27_73918ae1,73918ae1-e4fd-4c18-b132-00cb555b1ad2,sub-ibl-witten-27/sub-ibl-witten-27_ses-73918ae1-e4fd-4c18-b132-00cb555b1ad2_desc-processed_behavior+ecephys.nwb,ibl_witten_27,wittenlab,Princeton,F,191,0.0227 kg,2021-01-21T17:05:26-05:00,_iblrig_tasks_ephysChoiceWorld6.4.2,2,625,1388,162,2751.630963961961,CA1;CA2;CA3;COApm;DG-mo;DG-po;DG-sg;Eth;HY;IntG;LGd-co;LGd-sh;LP;MB;MGv;PA;POL;TH;VISam1;VISam2/3;VISam4;VISam5;VISam6a;VISam6b;ZI;alv;bsc;ccs;cpd;fiber tracts
ibl-witten-27_91e04f86,91e04f86-89df-4dec-a8f8-fa915c9a5f1a,sub-ibl-witten-27/sub-ibl-witten-27_ses-91e04f86-89df-4dec-a8f8-fa915c9a5f1a_desc-processed_behavior+ecephys.nwb,ibl_witten_27,wittenlab,Princeton,F,185,0.0227 kg,2021-01-15T12:05:09-05:00,_iblrig_tasks_ephysChoiceWorld6.4.2,1,548,984,109,2194.917210545255,ANcr1;ANcr2;COPY;PFL;SIM;arb
ibl-witten-27_952870e5,952870e5-f2a7-4518-9e6d-71585460f6fe,sub-ibl-witten-27/sub-ibl-witten-27_ses-952870e5-f2a7-4518-9e6d-71585460f6fe_desc-processed_behavior+ecephys.nwb,ibl_witten_27,wittenlab,Princeton,F,189,0.0227 kg,2021-01-19T12:13:10-05:00,_iblrig_tasks_ephysChoiceWorld6.4.2,2,906,1744,141,3742.2804029999993,APN;INC;MB;MRN;ND;NOT;NPC;PAG;RSPv1;RSPv2/3;RSPv5;SUB;V3;VISpm1;VISpm2/3;VISpm4;VISpm5;VISpm6a;alv;dhc;fp;pc;root
ibl-witten-27_c728f6fd,c728f6fd-58e2-448d-aefb-a72c637b604c,sub-ibl-witten-27/sub-ibl-witten-27_ses-c728f6fd-58e2-448d-aefb-a72c637b604c_desc-processed_behavior+ecephys.nwb,ibl_witten_27,wittenlab,Princeton,F,186,0.0227 kg,2021-01-16T19:51:02-05:00,_iblrig_tasks_ephysChoiceWorld6.4.2,2,622,2013,183,2632.270009615001,CB;DCO;DN;IO;IP;IRN;LRNm;MY;NOD;NTS;PARN;PGRNl;SIM;SPIV;SPVI;V4r;VCO;arb;chpl
ibl-witten-27_f304211a,f304211a-81b1-446f-a435-25e589fe3a5a,sub-ibl-witten-27/sub-ibl-witten-27_ses-f304211a-81b1-446f-a435-25e589fe3a5a_desc-processed_behavior+ecephys.nwb,ibl_witten_27,wittenlab,Princeton,F,190,0.0227 kg,2021-01-20T20:03:41-05:00,_iblrig_tasks_ephysChoiceWorld6.4.2,2,1016,1257,69,4140.23508883074,APN;CA1;DG-mo;DG-sg;MB;MPT;MRN;NPC;PAG;RSPd1;RSPd2/3;RSPd5;RSPd6a;RSPv1;RSPv2/3;RSPv5;RSPv6a;VISam1;VISam2/3;VISam4;VISam5;VISam6a;VISam6b;bsc;pc;root
ibl-witten-29_0cc486c3,0cc486c3-8c7b-494d-aa04-b70e2690bcba,sub-ibl-witten-29/sub-ibl-witten-29_ses-0cc486c3-8c7b-494d-aa04-b70e2690bcba_desc-processed_behavior+ecephys.nwb,ibl_witten_29,wittenlab,Princeton,M,253,0.026600000000000002 kg,2021-06-09T11:37:42.691314-04:00,_iblrig_tasks_ephysChoiceWorld6.4.2,2,563,1495,135,2816.4637786870735,CA1;CP;GPe;HPF;LH;MB;PF;PH;PRC;SPA;SPFm;SSp-bfd4;SSp-bfd5;SSp-bfd6a;SSp-n6a;SSp-n6b;SSp-un2/3;SSp-un4;SSp-un6a;SUM;TH;ccb;fr;root;scwm
ibl-witten-29_58b1e920,58b1e920-cfc8-467e-b28b-7654a55d0977,sub-ibl-witten-29/sub-ibl-witten-29_ses-58b1e920-cfc8-467e-b28b-7654a55d0977_desc-processed_behavior+ecephys.nwb,ibl_witten_29,wittenlab,Princeton,M,263,0.026600000000000002 kg,2021-06-19T14:40:09.528187-04:00,_iblrig_tasks_ephysChoiceWorld6.4.2,1,728,549,44,3656.885673465513,MB;PBG;POST;PRE;VISp1;VISp2/3;VISp4;VISp5;VISp6a;VISp6b;bic;fp;root;scwm
ibl-witten-29_69a0e953,69a0e953-a643-4f0e-bb26-dc65af3ea7d7,sub-ibl-witten-29/sub-ibl-witten-29_ses-69a0e953-a643-4f0e-bb26-dc65af3ea7d7_desc-processed_behavior+ecephys.nwb,ibl_witten_29,wittenlab,Princeton,M,261,0.026600000000000002 kg,2021-06-17T18:13:49.818418-04:00,_iblrig_tasks_ephysChoiceWorld6.4.2,1,596,310,37,3242.012573669104,LD;RT;SSp-ll1;SSp-ll2/3;SSp-ll4;SSp-ll5;SSp-ll6a;SSp-ll6b;VL;VPL;ccb;chpl;fi;scwm
ibl-witten-29_72028382,72028382-a869-4745-bacf-cb8789e16953,sub-ibl-witten-29/sub-ibl-witten-29_ses-72028382-a869-4745-bacf-cb8789e16953_desc-processed_behavior+ecephys.nwb,ibl_witten_29,wittenlab,Princeton,M,255,0.026600000000000002 kg,2021-06-11T12:14:07.502110-04:00,_iblrig_tasks_ephysChoiceWorld6.4.2,1,986,876,142,4266.2145013845775,BLAa;CP;EPv;LA;PIR;SSp-bfd6a;SSp-n6a;SSp-n6b;STR;amc;ccb;scwm
ibl-witten-29_821f1883,821f1883-27f3-411d-afd3-fb8241bbc39a,sub-ibl-witten-29/sub-ibl-witten-29_ses-821f1883-27f3-411d-afd3-fb8241bbc39a_desc-processed_behavior+ecephys.nwb,ibl_witten_29,wittenlab,Princeton,M,260,0.026600000000000002 kg,2021-06-16T18:09:59.499946-04:00,_iblrig_tasks_ephysChoiceWorld6.4.2,1,592,1040,160,2724.5433443038396,AIp5;AIp6a;SSp-bfd1;SSp-bfd2/3;SSp-bfd4;SSp-bfd5;SSs5;SSs6a;VISC6a
ibl-witten-29_86b6ba67,86b6ba67-c1db-4333-add0-f8105ea6e363,sub-ibl-witten-29/sub-ibl-witten-29_ses-86b6ba67-c1db-4333-add0-f8105ea6e363_desc-processed_behavior+ecephys.nwb,ibl_witten_29,wittenlab,Princeton,M,262,0.026600000000000002 kg,2021-06-18T15:08:52.379358-04:00,_iblrig_tasks_ephysChoiceWorld6.4.2,2,565,1301,40,2679.4469536225033,"CB;CUL4, 5;IP;LAV;MB;MRN;MY;RSPagl1;RSPagl2/3;RSPagl5;RSPd1;RSPd2/3;RSPd5;SCdg;SCig;SCiw;SCop;SCsg;SIM;SPVO;VISpm1;arb;vVIIIn"
ibl-witten-29_af55d16f,af55d16f-0e31-4073-bdb5-26da54914aa2,sub-ibl-witten-29/sub-ibl-witten-29_ses-af55d16f-0e31-4073-bdb5-26da54914aa2_desc-processed_behavior+ecephys.nwb,ibl_witten_29,wittenlab,Princeton,M,258,0.026600000000000002 kg,2021-06-14T13:29:00.626588-04:00,_iblrig_tasks_ephysChoiceWorld6.4.2,1,1118,930,90,5365.668328364564,CEAc;CEAl;CP;SSp-bfd5;SSp-bfd6a;STR;ccb;scwm
ibl-witten-29_d2832a38,d2832a38-27f6-452d-91d6-af72d794136c,sub-ibl-witten-29/sub-ibl-witten-29_ses-d2832a38-27f6-452d-91d6-af72d794136c_desc-processed_behavior+ecephys.nwb,ibl_witten_29,wittenlab,Princeton,M,252,0.026600000000000002 kg,2021-06-08T13:02:35-04:00,_iblrig_tasks_ephysChoiceWorld6.4.2,1,663,700,148,3298.2269630963874,CA1;CA3;DG-mo;DG-po;DG-sg;LP;PO;VISa2/3;VISa4;VISa5;VISa6a;VISa6b;VPLpc;VPM;ccs;cing
ibl-witten-29_e9fc0a2d,e9fc0a2d-c69d-44d1-9fa3-314782387cae,sub-ibl-witten-29/sub-ibl-witten-29_ses-e9fc0a2d-c69d-44d1-9fa3-314782387cae_desc-processed_behavior+ecephys.nwb,ibl_witten_29,wittenlab,Princeton,M,254,0.026600000000000002 kg,2021-06-10T12:55:23.288341-04:00,_iblrig_tasks_ephysChoiceWorld6.4.2,1,430,633,85,3465.951894287073,CEAl;CEAm;CP;GPe;PAL;SSp-n6b;SSp-un6a;STR;ccb;scwm
ibl-witten-32_08102cfc,08102cfc-a040-4bcf-b63c-faa0f4914a6f,sub-ibl-witten-32/sub-ibl-witten-32_ses-08102cfc-a040-4bcf-b63c-faa0f4914a6f_desc-processed_behavior+ecephys.nwb,ibl_witten_32,wittenlab,Princeton,M,295,0.029 kg,2021-07-21T19:09:11.629233-04:00,_iblrig_tasks_ephysChoiceWorld6.4.2,1,406,672,33,3970.73009625666,ACB;AON;FRP6a;MOs5;MOs6a;OLF;ORBvl5;ORBvl6a
