path,size_bytes,asset_id,created,modified,download_url
sub-604914/sub-604914_ses-20220427T041046.nwb,2008698308,c8015581-fc08-4a4f-a39a-ea3910b0d425,2024-06-08T00:32:46.539545Z,2026-08-25T22:32:58.129622Z,https://api.dandiarchive.org/api/assets/c8015581-fc08-4a4f-a39a-ea3910b0d425/download/
sub-604914/sub-604914_ses-20220429T060155.nwb,2211105784,262fe134-e942-4d0f-9f13-6943be381f00,2024-06-08T00:32:54.120172Z,2026-08-25T22:32:58.146961Z,https://api.dandiarchive.org/api/assets/262fe134-e942-4d0f-9f13-6943be381f00/download/
sub-607660/sub-607660_ses-20220607T212534.nwb,2367069162,ed5cf8e4-7683-4162-9bba-ae6b1e9fbd15,2024-06-08T00:33:00.770423Z,2026-08-25T22:32:58.160221Z,https://api.dandiarchive.org/api/assets/ed5cf8e4-7683-4162-9bba-ae6b1e9fbd15/download/
sub-607660/sub-607660_ses-20220608T211810.nwb,2539290676,f17c9c1e-e8a6-4b90-8d8c-c859ec5c802a,2024-06-08T00:33:02.889155Z,2026-08-25T22:32:58.171554Z,https://api.dandiarchive.org/api/assets/f17c9c1e-e8a6-4b90-8d8c-c859ec5c802a/download/
sub-607660/sub-607660_ses-20220606T223505.nwb,2486657270,bbc9b4f4-c1b1-4a53-9ba8-8a9db6c1b104,2024-06-08T00:33:03.725692Z,2026-08-25T22:32:58.184052Z,https://api.dandiarchive.org/api/assets/bbc9b4f4-c1b1-4a53-9ba8-8a9db6c1b104/download/
sub-607660/sub-607660_ses-None_probe-10_ecephys.nwb,2635980456,bf72baca-3362-4c8c-b566-388405770f42,2024-06-08T00:39:03.607192Z,2026-08-25T22:32:58.197759Z,https://api.dandiarchive.org/api/assets/bf72baca-3362-4c8c-b566-388405770f42/download/
sub-607660/sub-607660_ses-None_probe-11_ecephys.nwb,3003387536,5b0a8456-c648-4eaa-a748-82903d6b86e2,2024-06-08T00:39:25.268259Z,2026-08-25T22:32:58.208775Z,https://api.dandiarchive.org/api/assets/5b0a8456-c648-4eaa-a748-82903d6b86e2/download/
sub-607660/sub-607660_ses-None_probe-12_ecephys.nwb,3008247552,2a810c6a-cab4-4700-ad27-850d4601427e,2024-06-08T00:39:25.954676Z,2026-08-25T22:32:58.218226Z,https://api.dandiarchive.org/api/assets/2a810c6a-cab4-4700-ad27-850d4601427e/download/
sub-607660/sub-607660_ses-None_probe-0_ecephys.nwb,2999622768,63616ae5-a398-40ff-b4cf-16303acd07f2,2024-06-08T00:39:32.195715Z,2026-08-25T22:32:58.228370Z,https://api.dandiarchive.org/api/assets/63616ae5-a398-40ff-b4cf-16303acd07f2/download/
sub-607660/sub-607660_ses-20220609T211116.nwb,2416354740,434f6554-eaa7-416a-a5da-1b53ab742e40,2024-06-08T00:40:16.658671Z,2026-08-25T22:32:58.237841Z,https://api.dandiarchive.org/api/assets/434f6554-eaa7-416a-a5da-1b53ab742e40/download/
sub-607660/sub-607660_ses-None_probe-15_ecephys.nwb,2885581536,34644ddb-469c-4149-aa3c-88fc769afe36,2024-06-08T00:47:22.429609Z,2026-08-25T22:32:58.257787Z,https://api.dandiarchive.org/api/assets/34644ddb-469c-4149-aa3c-88fc769afe36/download/
sub-607660/sub-607660_ses-None_probe-13_ecephys.nwb,2762900688,d0dc0fd2-f567-4545-b265-12c4eb83ec7e,2024-06-08T00:47:28.432415Z,2026-08-25T22:32:58.268521Z,https://api.dandiarchive.org/api/assets/d0dc0fd2-f567-4545-b265-12c4eb83ec7e/download/
sub-607660/sub-607660_ses-None_probe-16_ecephys.nwb,3008240888,e27e4e8c-b4c4-45b2-8200-7a0dd309c709,2024-06-08T00:47:38.091895Z,2026-08-25T22:32:58.279144Z,https://api.dandiarchive.org/api/assets/e27e4e8c-b4c4-45b2-8200-7a0dd309c709/download/
sub-607660/sub-607660_ses-None_probe-14_ecephys.nwb,3008256960,0e289f34-7a05-48c0-8c96-22da1bc122a3,2024-06-08T00:47:41.601951Z,2026-08-25T22:32:58.290534Z,https://api.dandiarchive.org/api/assets/0e289f34-7a05-48c0-8c96-22da1bc122a3/download/
sub-607660/sub-607660_ses-None_probe-17_ecephys.nwb,3008245984,5f301d4d-3c7a-4d80-a6f0-e2ed4a1765a9,2024-06-08T00:47:42.936639Z,2026-08-25T22:32:58.301763Z,https://api.dandiarchive.org/api/assets/5f301d4d-3c7a-4d80-a6f0-e2ed4a1765a9/download/
sub-607660/sub-607660_ses-None_probe-18_ecephys.nwb,2609551020,32307cd0-9540-4d3d-8933-f0641bfa7ae5,2024-06-08T00:55:08.900444Z,2026-08-25T22:32:58.312021Z,https://api.dandiarchive.org/api/assets/32307cd0-9540-4d3d-8933-f0641bfa7ae5/download/
sub-607660/sub-607660_ses-None_probe-19_ecephys.nwb,3008213056,f428cdd8-3cf3-4a22-8079-abd438916f3e,2024-06-08T00:55:34.976342Z,2026-08-25T22:32:58.323266Z,https://api.dandiarchive.org/api/assets/f428cdd8-3cf3-4a22-8079-abd438916f3e/download/
sub-607660/sub-607660_ses-None_probe-20_ecephys.nwb,3008211488,33f44018-fb7d-4801-9b06-baa453c3ce36,2024-06-08T00:55:35.933716Z,2026-08-25T22:32:58.334797Z,https://api.dandiarchive.org/api/assets/33f44018-fb7d-4801-9b06-baa453c3ce36/download/
sub-607660/sub-607660_ses-None_probe-1_ecephys.nwb,2999602048,059f8e10-5d59-48e8-9a9a-76f29722fa03,2024-06-08T00:55:36.743325Z,2026-08-25T22:32:58.346040Z,https://api.dandiarchive.org/api/assets/059f8e10-5d59-48e8-9a9a-76f29722fa03/download/
sub-607660/sub-607660_ses-None_probe-21_ecephys.nwb,3008222856,923ff138-7aa2-4d5f-ac95-62fbae0857a2,2024-06-08T00:55:38.712607Z,2026-08-25T22:32:58.355568Z,https://api.dandiarchive.org/api/assets/923ff138-7aa2-4d5f-ac95-62fbae0857a2/download/
sub-607660/sub-607660_ses-None_probe-22_ecephys.nwb,3008214240,55482a41-4981-4402-98fb-b74cbd5f1e48,2024-06-08T00:59:43.271359Z,2026-08-25T22:32:58.364989Z,https://api.dandiarchive.org/api/assets/55482a41-4981-4402-98fb-b74cbd5f1e48/download/
sub-607660/sub-607660_ses-None_probe-23_ecephys.nwb,2640201696,7cbe4309-4635-4349-80af-2d46a1c2ebef,2024-06-08T01:03:00.853832Z,2026-08-25T22:32:58.376652Z,https://api.dandiarchive.org/api/assets/7cbe4309-4635-4349-80af-2d46a1c2ebef/download/
sub-607660/sub-607660_ses-None_probe-2_ecephys.nwb,2693849792,59218916-778d-4a91-a298-bdc8202ad4c3,2024-06-08T01:03:01.562921Z,2026-08-25T22:32:58.386845Z,https://api.dandiarchive.org/api/assets/59218916-778d-4a91-a298-bdc8202ad4c3/download/
sub-607660/sub-607660_ses-None_probe-3_ecephys.nwb,2999626088,c5bf0995-65e4-4cc7-956f-5aba74562ec0,2024-06-08T01:03:27.477423Z,2026-08-25T22:32:58.396452Z,https://api.dandiarchive.org/api/assets/c5bf0995-65e4-4cc7-956f-5aba74562ec0/download/
sub-607660/sub-607660_ses-None_probe-4_ecephys.nwb,2999616104,2b1e4564-0512-48fd-b702-b9d12066004e,2024-06-08T01:03:28.983478Z,2026-08-25T22:32:58.407541Z,https://api.dandiarchive.org/api/assets/2b1e4564-0512-48fd-b702-b9d12066004e/download/
sub-607660/sub-607660_ses-None_probe-5_ecephys.nwb,2999621200,0334ccf5-8dab-462c-afee-47f57ae23dde,2024-06-08T01:04:55.502492Z,2026-08-25T22:32:58.417528Z,https://api.dandiarchive.org/api/assets/0334ccf5-8dab-462c-afee-47f57ae23dde/download/
sub-607660/sub-607660_ses-None_probe-9_ecephys.nwb,3003385576,8f3509f6-c113-4263-a45e-54f888df4147,2024-06-08T01:10:22.297081Z,2026-08-25T22:32:58.427582Z,https://api.dandiarchive.org/api/assets/8f3509f6-c113-4263-a45e-54f888df4147/download/
sub-607660/sub-607660_ses-None_probe-7_ecephys.nwb,2819670920,b81db1ab-06ab-4f06-9a85-a7890caca8a8,2024-06-08T01:10:30.128431Z,2026-08-25T22:32:58.437072Z,https://api.dandiarchive.org/api/assets/b81db1ab-06ab-4f06-9a85-a7890caca8a8/download/
sub-608671/sub-608671_ses-20220517T214909.nwb,1839218566,db7dabbc-ba37-4c13-a72b-1ba295671c69,2024-06-08T01:10:32.006978Z,2026-08-25T22:32:58.447490Z,https://api.dandiarchive.org/api/assets/db7dabbc-ba37-4c13-a72b-1ba295671c69/download/
sub-607660/sub-607660_ses-None_probe-8_ecephys.nwb,2819699392,dcf05a98-e5d7-41b8-bac0-e311ec6e942f,2024-06-08T01:10:55.903469Z,2026-08-25T22:32:58.458786Z,https://api.dandiarchive.org/api/assets/dcf05a98-e5d7-41b8-bac0-e311ec6e942f/download/
sub-607660/sub-607660_ses-None_probe-6_ecephys.nwb,3003388712,fee5970e-c5ab-4b8c-99f6-824bd6db931c,2024-06-08T01:10:58.590530Z,2026-08-25T22:32:58.472067Z,https://api.dandiarchive.org/api/assets/fee5970e-c5ab-4b8c-99f6-824bd6db931c/download/
sub-608671/sub-608671_ses-None_probe-25_ecephys.nwb,2209413728,26735a7e-e44e-4bf9-99e5-c744ee331285,2024-06-08T01:14:10.789019Z,2026-08-25T22:32:58.483371Z,https://api.dandiarchive.org/api/assets/26735a7e-e44e-4bf9-99e5-c744ee331285/download/
sub-608671/sub-608671_ses-None_probe-24_ecephys.nwb,3006193264,5934a806-df20-4a2f-9e07-f62ec4c6067b,2024-06-08T01:14:42.078494Z,2026-08-25T22:32:58.495275Z,https://api.dandiarchive.org/api/assets/5934a806-df20-4a2f-9e07-f62ec4c6067b/download/
sub-608671/sub-608671_ses-20220520T181402.nwb,1646903852,87ff44fa-bd4f-4bc2-ae9a-14fb46cfc084,2024-06-08T01:17:24.641314Z,2026-08-25T22:32:58.506394Z,https://api.dandiarchive.org/api/assets/87ff44fa-bd4f-4bc2-ae9a-14fb46cfc084/download/
sub-608671/sub-608671_ses-None_probe-26_ecephys.nwb,1902951688,3103772a-af36-4ea8-ba36-d61e114ed937,2024-06-08T01:17:35.234954Z,2026-08-25T22:32:58.518551Z,https://api.dandiarchive.org/api/assets/3103772a-af36-4ea8-ba36-d61e114ed937/download/
sub-608671/sub-608671_ses-20220519T214322.nwb,1932736494,857ba3a7-53cb-45dd-8da5-2afa1ce5e467,2024-06-08T01:18:22.766005Z,2026-08-25T22:32:58.529382Z,https://api.dandiarchive.org/api/assets/857ba3a7-53cb-45dd-8da5-2afa1ce5e467/download/
sub-608671/sub-608671_ses-20220518T214848.nwb,1850932174,d65ae3ba-50dc-4698-8410-14c256b672b6,2024-06-08T01:18:26.185535Z,2026-08-25T22:32:58.539264Z,https://api.dandiarchive.org/api/assets/d65ae3ba-50dc-4698-8410-14c256b672b6/download/
sub-608671/sub-608671_ses-None_probe-27_ecephys.nwb,2852957048,e41410be-ab22-4169-a93a-5ce507583b19,2024-06-08T01:19:41.907198Z,2026-08-25T22:32:58.549468Z,https://api.dandiarchive.org/api/assets/e41410be-ab22-4169-a93a-5ce507583b19/download/
sub-608671/sub-608671_ses-None_probe-32_ecephys.nwb,2618000360,2989da6a-b392-48c9-955f-878bfe0f6278,2024-06-08T01:25:52.324300Z,2026-08-25T22:32:58.561317Z,https://api.dandiarchive.org/api/assets/2989da6a-b392-48c9-955f-878bfe0f6278/download/
sub-608671/sub-608671_ses-None_probe-28_ecephys.nwb,2914250605,4a89720f-2f9d-48d3-9587-27f47fe9e74d,2024-06-08T01:25:59.873185Z,2026-08-25T22:32:58.570250Z,https://api.dandiarchive.org/api/assets/4a89720f-2f9d-48d3-9587-27f47fe9e74d/download/
sub-608671/sub-608671_ses-None_probe-29_ecephys.nwb,3017959536,7227d28d-09d7-4862-8c69-e9a7eb0bc8fd,2024-06-08T01:26:09.107542Z,2026-08-25T22:32:58.579186Z,https://api.dandiarchive.org/api/assets/7227d28d-09d7-4862-8c69-e9a7eb0bc8fd/download/
sub-608671/sub-608671_ses-None_probe-31_ecephys.nwb,3017962888,4939b3c7-f20b-40fc-b3ab-58e39ba5ee0b,2024-06-08T01:26:12.271063Z,2026-08-25T22:32:58.589003Z,https://api.dandiarchive.org/api/assets/4939b3c7-f20b-40fc-b3ab-58e39ba5ee0b/download/
sub-608671/sub-608671_ses-None_probe-30_ecephys.nwb,3017931968,b91c0150-b3e1-4492-b272-4299a68a1420,2024-06-08T01:26:16.358168Z,2026-08-25T22:32:58.597747Z,https://api.dandiarchive.org/api/assets/b91c0150-b3e1-4492-b272-4299a68a1420/download/
sub-608671/sub-608671_ses-None_probe-33_ecephys.nwb,2956415870,1a194a70-83ce-4fcc-b30a-f67f113b7113,2024-06-08T01:34:11.086289Z,2026-08-25T22:32:58.607424Z,https://api.dandiarchive.org/api/assets/1a194a70-83ce-4fcc-b30a-f67f113b7113/download/
sub-608671/sub-608671_ses-None_probe-36_ecephys.nwb,3023861360,0dbf51c8-482c-465f-873e-66fe8b9f3a0e,2024-06-08T01:34:13.974061Z,2026-08-25T22:32:58.617182Z,https://api.dandiarchive.org/api/assets/0dbf51c8-482c-465f-873e-66fe8b9f3a0e/download/
sub-608671/sub-608671_ses-None_probe-34_ecephys.nwb,3017951904,12a4aa91-c5be-42fc-bf50-0c7da23502ed,2024-06-08T01:34:14.716755Z,2026-08-25T22:32:58.626738Z,https://api.dandiarchive.org/api/assets/12a4aa91-c5be-42fc-bf50-0c7da23502ed/download/
sub-608671/sub-608671_ses-None_probe-35_ecephys.nwb,3023889320,3c83138f-1768-4563-86b8-d18d907b4e8e,2024-06-08T01:34:15.686237Z,2026-08-25T22:32:58.636405Z,https://api.dandiarchive.org/api/assets/3c83138f-1768-4563-86b8-d18d907b4e8e/download/
sub-608671/sub-608671_ses-None_probe-37_ecephys.nwb,3023892272,051d1833-5011-40cc-8c31-df9f16018043,2024-06-08T01:34:18.462097Z,2026-08-25T22:32:58.646280Z,https://api.dandiarchive.org/api/assets/051d1833-5011-40cc-8c31-df9f16018043/download/
sub-608671/sub-608671_ses-None_probe-38_ecephys.nwb,1698366064,930af6b0-1bb4-4c5b-98d5-b79e3d3c4e25,2024-06-08T01:40:18.694412Z,2026-08-25T22:32:58.656826Z,https://api.dandiarchive.org/api/assets/930af6b0-1bb4-4c5b-98d5-b79e3d3c4e25/download/
sub-608671/sub-608671_ses-None_probe-39_ecephys.nwb,2838924080,a237c96b-b9e2-40a8-86e6-2057e0faef71,2024-06-08T01:41:45.978825Z,2026-08-25T22:32:58.666944Z,https://api.dandiarchive.org/api/assets/a237c96b-b9e2-40a8-86e6-2057e0faef71/download/
sub-608671/sub-608671_ses-None_probe-40_ecephys.nwb,3023882080,1e42110b-70a6-4bd3-bbbb-dafc28e607b4,2024-06-08T01:41:55.859251Z,2026-08-25T22:32:58.676948Z,https://api.dandiarchive.org/api/assets/1e42110b-70a6-4bd3-bbbb-dafc28e607b4/download/
sub-608671/sub-608671_ses-None_probe-41_ecephys.nwb,2962585888,af45c99f-b31a-436a-99a2-544668c472de,2024-06-08T01:41:57.231510Z,2026-08-25T22:32:58.688091Z,https://api.dandiarchive.org/api/assets/af45c99f-b31a-436a-99a2-544668c472de/download/
sub-608671/sub-608671_ses-None_probe-42_ecephys.nwb,3025585406,8eb9df30-6980-4226-9fe9-058f773860b7,2024-06-08T01:41:59.744925Z,2026-08-25T22:32:58.698367Z,https://api.dandiarchive.org/api/assets/8eb9df30-6980-4226-9fe9-058f773860b7/download/
sub-608671/sub-608671_ses-None_probe-43_ecephys.nwb,3088540128,2ab5987c-c68d-4e17-b02e-84bd5c9ae91e,2024-06-08T01:43:35.091032Z,2026-08-25T22:32:58.708806Z,https://api.dandiarchive.org/api/assets/2ab5987c-c68d-4e17-b02e-84bd5c9ae91e/download/
sub-608671/sub-608671_ses-None_probe-44_ecephys.nwb,3088546008,01f0a62b-8134-45f9-823e-2eb98dae1cd6,2024-06-08T01:45:36.959849Z,2026-08-25T22:32:58.720722Z,https://api.dandiarchive.org/api/assets/01f0a62b-8134-45f9-823e-2eb98dae1cd6/download/
sub-608672/sub-608672_ses-20220503T205638.nwb,2416129303,06ca37b5-6076-4e17-bc8d-f59930ca2ee1,2024-06-08T01:50:12.432809Z,2026-08-25T22:32:58.731065Z,https://api.dandiarchive.org/api/assets/06ca37b5-6076-4e17-bc8d-f59930ca2ee1/download/
sub-608672/sub-608672_ses-20220502T221921.nwb,2596580442,f5742b37-f377-4460-b7be-946b0058aab9,2024-06-08T01:50:36.946847Z,2026-08-25T22:32:58.740886Z,https://api.dandiarchive.org/api/assets/f5742b37-f377-4460-b7be-946b0058aab9/download/
sub-608672/sub-608672_ses-20220505T200416.nwb,2432294993,317d95d3-8d97-437a-8b1d-9385e9ac11b6,2024-06-08T01:50:40.720508Z,2026-08-25T22:32:58.750005Z,https://api.dandiarchive.org/api/assets/317d95d3-8d97-437a-8b1d-9385e9ac11b6/download/
sub-608672/sub-608672_ses-20220504T211150.nwb,2612895956,342dfac8-6a18-41a2-9a70-b6d95118c391,2024-06-08T01:50:49.053924Z,2026-08-25T22:32:58.760044Z,https://api.dandiarchive.org/api/assets/342dfac8-6a18-41a2-9a70-b6d95118c391/download/
sub-608672/sub-608672_ses-None_probe-47_ecephys.nwb,3334458192,acdc078a-c721-418f-9cfb-97711c82bea4,2024-06-08T01:51:31.361907Z,2026-08-25T22:32:58.769361Z,https://api.dandiarchive.org/api/assets/acdc078a-c721-418f-9cfb-97711c82bea4/download/
sub-608672/sub-608672_ses-None_probe-48_ecephys.nwb,3334435120,aa727071-9ec6-47d5-8da9-77a79bf53132,2024-06-08T01:55:35.333177Z,2026-08-25T22:32:58.782702Z,https://api.dandiarchive.org/api/assets/aa727071-9ec6-47d5-8da9-77a79bf53132/download/
sub-608672/sub-608672_ses-None_probe-50_ecephys.nwb,3028503432,ad40600c-40d7-4a40-9ac7-9bc92ecc8855,2024-06-08T01:59:16.957738Z,2026-08-25T22:32:58.792506Z,https://api.dandiarchive.org/api/assets/ad40600c-40d7-4a40-9ac7-9bc92ecc8855/download/
sub-608672/sub-608672_ses-None_probe-52_ecephys.nwb,3334458584,673d1ce5-2300-4ed1-9407-91f4ffb87a6b,2024-06-08T01:59:35.939332Z,2026-08-25T22:32:58.803549Z,https://api.dandiarchive.org/api/assets/673d1ce5-2300-4ed1-9407-91f4ffb87a6b/download/
sub-608672/sub-608672_ses-None_probe-49_ecephys.nwb,3334468776,674022b3-2abd-4bde-b9f6-b8d7a0fce0ed,2024-06-08T01:59:39.178052Z,2026-08-25T22:32:58.815024Z,https://api.dandiarchive.org/api/assets/674022b3-2abd-4bde-b9f6-b8d7a0fce0ed/download/
sub-608672/sub-608672_ses-None_probe-51_ecephys.nwb,3334452704,5dbd35ef-3430-450e-8f70-32ae6c55987a,2024-06-08T01:59:40.687487Z,2026-08-25T22:32:58.826392Z,https://api.dandiarchive.org/api/assets/5dbd35ef-3430-450e-8f70-32ae6c55987a/download/
sub-608672/sub-608672_ses-None_probe-53_ecephys.nwb,3022363080,4bda98c6-8af0-4249-a432-48ba74298d8c,2024-06-08T02:01:14.529857Z,2026-08-25T22:32:58.838753Z,https://api.dandiarchive.org/api/assets/4bda98c6-8af0-4249-a432-48ba74298d8c/download/
sub-608672/sub-608672_ses-None_probe-55_ecephys.nwb,2868322136,c565a3dc-16b6-4687-b9ed-cc4279d95a02,2024-06-08T02:07:24.253741Z,2026-08-25T22:32:58.848803Z,https://api.dandiarchive.org/api/assets/c565a3dc-16b6-4687-b9ed-cc4279d95a02/download/
sub-608672/sub-608672_ses-None_probe-57_ecephys.nwb,2837497344,d50707c9-4697-40a3-bf60-cf75ac0b2925,2024-06-08T02:07:24.494895Z,2026-08-25T22:32:58.859993Z,https://api.dandiarchive.org/api/assets/d50707c9-4697-40a3-bf60-cf75ac0b2925/download/
sub-608672/sub-608672_ses-None_probe-54_ecephys.nwb,3022341576,2487a584-d0f7-4974-a3c5-122fea313e57,2024-06-08T02:07:40.966624Z,2026-08-25T22:32:58.870416Z,https://api.dandiarchive.org/api/assets/2487a584-d0f7-4974-a3c5-122fea313e57/download/
sub-608672/sub-608672_ses-None_probe-56_ecephys.nwb,3022360336,aa1a1dfe-bae2-4c12-b15b-c4cf7ba9e0f3,2024-06-08T02:07:42.377292Z,2026-08-25T22:32:58.881905Z,https://api.dandiarchive.org/api/assets/aa1a1dfe-bae2-4c12-b15b-c4cf7ba9e0f3/download/
sub-608672/sub-608672_ses-None_probe-58_ecephys.nwb,3022361904,970886b9-dfb9-499a-86a8-cbb040038034,2024-06-08T02:07:46.332699Z,2026-08-25T22:32:58.892375Z,https://api.dandiarchive.org/api/assets/970886b9-dfb9-499a-86a8-cbb040038034/download/
sub-608672/sub-608672_ses-None_probe-59_ecephys.nwb,3010247204,2c86f41b-8d7a-4122-ada4-8da3153847c1,2024-06-08T02:15:42.704360Z,2026-08-25T22:32:58.903123Z,https://api.dandiarchive.org/api/assets/2c86f41b-8d7a-4122-ada4-8da3153847c1/download/
sub-608672/sub-608672_ses-None_probe-60_ecephys.nwb,3171905648,269e6c6c-e2fa-4ce6-ba1e-e795a711347b,2024-06-08T02:16:03.868788Z,2026-08-25T22:32:58.912736Z,https://api.dandiarchive.org/api/assets/269e6c6c-e2fa-4ce6-ba1e-e795a711347b/download/
sub-608672/sub-608672_ses-None_probe-63_ecephys.nwb,3171921664,5ff69021-8ded-41b2-986a-0328519131c4,2024-06-08T02:16:11.087447Z,2026-08-25T22:32:58.923056Z,https://api.dandiarchive.org/api/assets/5ff69021-8ded-41b2-986a-0328519131c4/download/
sub-608672/sub-608672_ses-None_probe-62_ecephys.nwb,3107252222,8cc2ec92-2d53-43ae-80c8-0c6ac8286c6f,2024-06-08T02:16:14.463333Z,2026-08-25T22:32:58.933429Z,https://api.dandiarchive.org/api/assets/8cc2ec92-2d53-43ae-80c8-0c6ac8286c6f/download/
sub-608672/sub-608672_ses-None_probe-61_ecephys.nwb,3171937736,58259c0c-11e2-46f8-979c-6ed570175db1,2024-06-08T02:16:17.137123Z,2026-08-25T22:32:58.943244Z,https://api.dandiarchive.org/api/assets/58259c0c-11e2-46f8-979c-6ed570175db1/download/
sub-608672/sub-608672_ses-None_probe-64_ecephys.nwb,3171926760,7ddfb756-3dc8-4713-980a-5b6265f8efcb,2024-06-08T02:20:23.550605Z,2026-08-25T22:32:58.954283Z,https://api.dandiarchive.org/api/assets/7ddfb756-3dc8-4713-980a-5b6265f8efcb/download/
sub-608672/sub-608672_ses-None_probe-67_ecephys.nwb,2910046352,fa082127-d337-4acf-81fb-63ba70524359,2024-06-08T02:23:59.575294Z,2026-08-25T22:32:58.964622Z,https://api.dandiarchive.org/api/assets/fa082127-d337-4acf-81fb-63ba70524359/download/
sub-608672/sub-608672_ses-None_probe-66_ecephys.nwb,3033719376,fe3fc2c0-9162-435c-a3dc-4e0efd118426,2024-06-08T02:24:00.448975Z,2026-08-25T22:32:58.975009Z,https://api.dandiarchive.org/api/assets/fe3fc2c0-9162-435c-a3dc-4e0efd118426/download/
sub-608672/sub-608672_ses-None_probe-68_ecephys.nwb,2910035072,841453ab-b43c-405c-b3b2-60af9fa25cba,2024-06-08T02:24:01.133934Z,2026-08-25T22:32:58.986594Z,https://api.dandiarchive.org/api/assets/841453ab-b43c-405c-b3b2-60af9fa25cba/download/
sub-608672/sub-608672_ses-None_probe-65_ecephys.nwb,3033740880,e64f2c70-144b-4594-88cd-c1b2b6cb4e9f,2024-06-08T02:24:15.083334Z,2026-08-25T22:32:58.996279Z,https://api.dandiarchive.org/api/assets/e64f2c70-144b-4594-88cd-c1b2b6cb4e9f/download/
sub-608672/sub-608672_ses-None_probe-69_ecephys.nwb,2755399100,527815f4-393e-4850-8b1b-55e7b4c3012b,2024-06-08T02:25:45.535389Z,2026-08-25T22:32:59.005505Z,https://api.dandiarchive.org/api/assets/527815f4-393e-4850-8b1b-55e7b4c3012b/download/
sub-608672/sub-608672_ses-None_probe-70_ecephys.nwb,2786331128,45344372-777a-4ea8-80d4-c79d88455a97,2024-06-08T02:27:44.522893Z,2026-08-25T22:32:59.015442Z,https://api.dandiarchive.org/api/assets/45344372-777a-4ea8-80d4-c79d88455a97/download/
sub-611160/sub-611160_ses-None_probe-71_ecephys.nwb,2998183136,fb573ba0-2b2a-4d7a-8f26-f03434e7a297,2024-06-08T02:29:57.739143Z,2026-08-25T22:32:59.027781Z,https://api.dandiarchive.org/api/assets/fb573ba0-2b2a-4d7a-8f26-f03434e7a297/download/
sub-611160/sub-611160_ses-None_probe-72_ecephys.nwb,2875903648,c3a76c49-e980-4329-9a38-938b06422190,2024-06-08T02:31:08.540966Z,2026-08-25T22:32:59.043623Z,https://api.dandiarchive.org/api/assets/c3a76c49-e980-4329-9a38-938b06422190/download/
sub-611160/sub-611160_ses-20220512T212648.nwb,2022548754,c05e59ef-1557-4779-91c9-c8f2a8b05aa6,2024-06-08T02:32:54.181276Z,2026-08-25T22:32:59.054622Z,https://api.dandiarchive.org/api/assets/c05e59ef-1557-4779-91c9-c8f2a8b05aa6/download/
sub-611160/sub-611160_ses-20220513T181413.nwb,1968015082,bbda689c-ac40-415f-b8b7-16185846e0c1,2024-06-08T02:33:25.715598Z,2026-08-25T22:32:59.066027Z,https://api.dandiarchive.org/api/assets/bbda689c-ac40-415f-b8b7-16185846e0c1/download/
sub-611160/sub-611160_ses-20220511T220415.nwb,2084368829,32f4964e-b8f7-4090-a26d-7aae7d612d0a,2024-06-08T02:33:27.329614Z,2026-08-25T22:32:59.076244Z,https://api.dandiarchive.org/api/assets/32f4964e-b8f7-4090-a26d-7aae7d612d0a/download/
sub-611160/sub-611160_ses-None_probe-73_ecephys.nwb,2814804448,d20c3462-1df3-4f7c-999e-ffb0e1efe846,2024-06-08T02:35:33.831895Z,2026-08-25T22:32:59.087214Z,https://api.dandiarchive.org/api/assets/d20c3462-1df3-4f7c-999e-ffb0e1efe846/download/
sub-611160/sub-611160_ses-None_probe-74_ecephys.nwb,2998181960,b8c56ae4-9e18-4539-bdb9-9d469829fe71,2024-06-08T02:36:58.086722Z,2026-08-25T22:32:59.098644Z,https://api.dandiarchive.org/api/assets/b8c56ae4-9e18-4539-bdb9-9d469829fe71/download/
sub-611160/sub-611160_ses-None_probe-78_ecephys.nwb,2765728392,882d9229-a5af-403c-b3f5-6eb069acd5f2,2024-06-08T02:41:17.725316Z,2026-08-25T22:32:59.108976Z,https://api.dandiarchive.org/api/assets/882d9229-a5af-403c-b3f5-6eb069acd5f2/download/
sub-611160/sub-611160_ses-None_probe-75_ecephys.nwb,2875919512,66daa778-4c75-4493-8c85-47d85bd7bc98,2024-06-08T02:41:23.828581Z,2026-08-25T22:32:59.119086Z,https://api.dandiarchive.org/api/assets/66daa778-4c75-4493-8c85-47d85bd7bc98/download/
sub-611160/sub-611160_ses-None_probe-77_ecephys.nwb,3011335912,11eec91c-2386-4540-a845-680b42332af0,2024-06-08T02:41:27.107653Z,2026-08-25T22:32:59.129716Z,https://api.dandiarchive.org/api/assets/11eec91c-2386-4540-a845-680b42332af0/download/
sub-611160/sub-611160_ses-None_probe-76_ecephys.nwb,2998183528,9cdb9d3d-6ff2-4ae2-bb1b-0bb282fd3800,2024-06-08T02:41:29.853855Z,2026-08-25T22:32:59.141465Z,https://api.dandiarchive.org/api/assets/9cdb9d3d-6ff2-4ae2-bb1b-0bb282fd3800/download/
sub-611160/sub-611160_ses-None_probe-79_ecephys.nwb,2857849772,42b568ed-855a-486b-9b22-1b6b005b0b0a,2024-06-08T02:42:14.160092Z,2026-08-25T22:32:59.154874Z,https://api.dandiarchive.org/api/assets/42b568ed-855a-486b-9b22-1b6b005b0b0a/download/
sub-611160/sub-611160_ses-None_probe-81_ecephys.nwb,2612253776,a4803a0d-3799-4d2a-994a-ae80accbf03e,2024-06-08T02:49:08.317799Z,2026-08-25T22:32:59.166101Z,https://api.dandiarchive.org/api/assets/a4803a0d-3799-4d2a-994a-ae80accbf03e/download/
sub-611160/sub-611160_ses-None_probe-83_ecephys.nwb,2543121340,c0dd95d6-cce1-48d6-982e-b2366b4d30b4,2024-06-08T02:49:09.222834Z,2026-08-25T22:32:59.175219Z,https://api.dandiarchive.org/api/assets/c0dd95d6-cce1-48d6-982e-b2366b4d30b4/download/
sub-611160/sub-611160_ses-None_probe-82_ecephys.nwb,2673654900,79b15148-0d3c-484a-b79b-f743cc938aab,2024-06-08T02:49:13.193683Z,2026-08-25T22:32:59.184228Z,https://api.dandiarchive.org/api/assets/79b15148-0d3c-484a-b79b-f743cc938aab/download/
sub-611160/sub-611160_ses-None_probe-84_ecephys.nwb,2818587856,51ead5e4-fe32-4b77-bc59-9ead11155e52,2024-06-08T02:49:17.256522Z,2026-08-25T22:32:59.194088Z,https://api.dandiarchive.org/api/assets/51ead5e4-fe32-4b77-bc59-9ead11155e52/download/
sub-611160/sub-611160_ses-None_probe-80_ecephys.nwb,3011334736,2fb7d34c-229d-40fa-8cea-f68a88030f79,2024-06-08T02:49:21.293244Z,2026-08-25T22:32:59.203887Z,https://api.dandiarchive.org/api/assets/2fb7d34c-229d-40fa-8cea-f68a88030f79/download/
sub-611160/sub-611160_ses-None_probe-86_ecephys.nwb,2337873920,c323f1ef-b7fb-4469-b0de-fd078cfa5685,2024-06-08T02:53:56.536740Z,2026-08-25T22:32:59.212587Z,https://api.dandiarchive.org/api/assets/c323f1ef-b7fb-4469-b0de-fd078cfa5685/download/
sub-611160/sub-611160_ses-None_probe-87_ecephys.nwb,2311642720,4a170d48-5f5a-45ca-a3e2-663994021a53,2024-06-08T02:54:00.159685Z,2026-08-25T22:32:59.223105Z,https://api.dandiarchive.org/api/assets/4a170d48-5f5a-45ca-a3e2-663994021a53/download/
sub-611160/sub-611160_ses-None_probe-85_ecephys.nwb,2573998760,12699d71-8351-4978-ad63-4c97d881a5e5,2024-06-08T02:54:05.589791Z,2026-08-25T22:32:59.232497Z,https://api.dandiarchive.org/api/assets/12699d71-8351-4978-ad63-4c97d881a5e5/download/
sub-611166/sub-611166_ses-20220706T221604.nwb,1192098691,ed61c3cc-8dc5-49e7-a990-4210c3b15421,2024-06-08T02:55:03.276508Z,2026-08-25T22:32:59.242989Z,https://api.dandiarchive.org/api/assets/ed61c3cc-8dc5-49e7-a990-4210c3b15421/download/
sub-611166/sub-611166_ses-20220705T212305.nwb,1915761964,96ab87cb-004c-4bfb-93c6-4e58393ad412,2024-06-08T02:56:55.962865Z,2026-08-25T22:32:59.252909Z,https://api.dandiarchive.org/api/assets/96ab87cb-004c-4bfb-93c6-4e58393ad412/download/
sub-611166/sub-611166_ses-None_probe-100_ecephys.nwb,3046345432,aca0f170-9b49-496e-911c-385ae806870b,2024-06-08T02:58:49.331353Z,2026-08-25T22:32:59.263062Z,https://api.dandiarchive.org/api/assets/aca0f170-9b49-496e-911c-385ae806870b/download/
sub-611166/sub-611166_ses-20220707T210213.nwb,1591973832,63875c19-c4cb-4e90-bd22-53d71fc9e8e7,2024-06-08T02:59:51.676607Z,2026-08-25T22:32:59.273234Z,https://api.dandiarchive.org/api/assets/63875c19-c4cb-4e90-bd22-53d71fc9e8e7/download/
sub-611166/sub-611166_ses-None_probe-101_ecephys.nwb,3046345880,9ec91c85-757c-47c2-8a80-1ebfca573860,2024-06-08T03:00:03.882030Z,2026-08-25T22:32:59.284230Z,https://api.dandiarchive.org/api/assets/9ec91c85-757c-47c2-8a80-1ebfca573860/download/
sub-611166/sub-611166_ses-None_probe-102_ecephys.nwb,3046356408,fbc4e16d-f41b-4df4-a41c-25e44b8b255a,2024-06-08T03:02:34.613190Z,2026-08-25T22:32:59.296351Z,https://api.dandiarchive.org/api/assets/fbc4e16d-f41b-4df4-a41c-25e44b8b255a/download/
sub-611166/sub-611166_ses-20220708T172429.nwb,1322878419,6b8f63f3-66b2-421c-bc5f-7de821c373eb,2024-06-08T03:03:52.428320Z,2026-08-25T22:32:59.307975Z,https://api.dandiarchive.org/api/assets/6b8f63f3-66b2-421c-bc5f-7de821c373eb/download/
sub-611166/sub-611166_ses-None_probe-103_ecephys.nwb,3046368168,bdc495cf-34cc-4749-bf5f-3e94af8bbab8,2024-06-08T03:03:58.993277Z,2026-08-25T22:32:59.318968Z,https://api.dandiarchive.org/api/assets/bdc495cf-34cc-4749-bf5f-3e94af8bbab8/download/
sub-611166/sub-611166_ses-None_probe-105_ecephys.nwb,2440293048,d143bd0f-b0e4-4ab8-83b1-569ce679dd9f,2024-06-08T03:07:06.859683Z,2026-08-25T22:32:59.330237Z,https://api.dandiarchive.org/api/assets/d143bd0f-b0e4-4ab8-83b1-569ce679dd9f/download/
sub-611166/sub-611166_ses-None_probe-104_ecephys.nwb,2766885960,c049281d-d8bf-4ed9-b499-96cd047f582e,2024-06-08T03:07:20.069646Z,2026-08-25T22:32:59.341033Z,https://api.dandiarchive.org/api/assets/c049281d-d8bf-4ed9-b499-96cd047f582e/download/
sub-611166/sub-611166_ses-None_probe-106_ecephys.nwb,2241287232,028ff981-b885-4ed0-8ebe-0849722f5600,2024-06-08T03:07:32.190380Z,2026-08-25T22:32:59.352252Z,https://api.dandiarchive.org/api/assets/028ff981-b885-4ed0-8ebe-0849722f5600/download/
sub-611166/sub-611166_ses-None_probe-108_ecephys.nwb,2440249536,2a937bed-82a5-40f0-8670-f7aac74c42d5,2024-06-08T03:09:37.335968Z,2026-08-25T22:32:59.361901Z,https://api.dandiarchive.org/api/assets/2a937bed-82a5-40f0-8670-f7aac74c42d5/download/
sub-611166/sub-611166_ses-None_probe-107_ecephys.nwb,2440253456,ba5befe0-0984-4d36-a0dd-cca8a10bb1c9,2024-06-08T03:09:38.542674Z,2026-08-25T22:32:59.374727Z,https://api.dandiarchive.org/api/assets/ba5befe0-0984-4d36-a0dd-cca8a10bb1c9/download/
sub-611166/sub-611166_ses-None_probe-109_ecephys.nwb,2291044400,02d2af3a-4ee4-4fec-90e8-ab63a9afee05,2024-06-08T03:13:30.508698Z,2026-08-25T22:32:59.386147Z,https://api.dandiarchive.org/api/assets/02d2af3a-4ee4-4fec-90e8-ab63a9afee05/download/
sub-611166/sub-611166_ses-None_probe-90_ecephys.nwb,2850041944,2f91c470-f5c2-4cd3-b433-c45893dfadf4,2024-06-08T03:14:01.521535Z,2026-08-25T22:32:59.395809Z,https://api.dandiarchive.org/api/assets/2f91c470-f5c2-4cd3-b433-c45893dfadf4/download/
sub-611166/sub-611166_ses-None_probe-89_ecephys.nwb,2979467520,86373a86-0916-4ce6-ae4a-47b187fc8c31,2024-06-08T03:14:08.481194Z,2026-08-25T22:32:59.405385Z,https://api.dandiarchive.org/api/assets/86373a86-0916-4ce6-ae4a-47b187fc8c31/download/
sub-611166/sub-611166_ses-None_probe-91_ecephys.nwb,2947129748,443dde5c-070b-44c6-b5df-f45988ff6a7c,2024-06-08T03:16:54.505571Z,2026-08-25T22:32:59.418405Z,https://api.dandiarchive.org/api/assets/443dde5c-070b-44c6-b5df-f45988ff6a7c/download/
sub-611166/sub-611166_ses-None_probe-92_ecephys.nwb,3173575304,3b77439f-734c-4459-9e88-3ba7b047e45f,2024-06-08T03:17:44.521913Z,2026-08-25T22:32:59.429689Z,https://api.dandiarchive.org/api/assets/3b77439f-734c-4459-9e88-3ba7b047e45f/download/
sub-611166/sub-611166_ses-None_probe-93_ecephys.nwb,3173570208,c87e0ee7-81fd-4435-8869-072169ef8df2,2024-06-08T03:20:54.442936Z,2026-08-25T22:32:59.440775Z,https://api.dandiarchive.org/api/assets/c87e0ee7-81fd-4435-8869-072169ef8df2/download/
sub-611166/sub-611166_ses-None_probe-94_ecephys.nwb,3173575696,a7ba29e1-e190-4b41-9aaa-8deac43058b7,2024-06-08T03:22:07.499210Z,2026-08-25T22:32:59.451804Z,https://api.dandiarchive.org/api/assets/a7ba29e1-e190-4b41-9aaa-8deac43058b7/download/
sub-611166/sub-611166_ses-None_probe-95_ecephys.nwb,3043874264,df6f7349-d929-4bc2-b140-5d58b122f5ad,2024-06-08T03:22:08.435667Z,2026-08-25T22:32:59.462837Z,https://api.dandiarchive.org/api/assets/df6f7349-d929-4bc2-b140-5d58b122f5ad/download/
sub-611166/sub-611166_ses-None_probe-96_ecephys.nwb,2919739984,a6ac92ff-cce1-415d-a687-d11a5b9e3719,2024-06-08T03:22:11.795465Z,2026-08-25T22:32:59.474030Z,https://api.dandiarchive.org/api/assets/a6ac92ff-cce1-415d-a687-d11a5b9e3719/download/
sub-611166/sub-611166_ses-None_probe-97_ecephys.nwb,3043884064,3526838f-93c9-4660-8871-6a051cbd1c32,2024-06-08T03:24:53.565912Z,2026-08-25T22:32:59.485193Z,https://api.dandiarchive.org/api/assets/3526838f-93c9-4660-8871-6a051cbd1c32/download/
sub-611166/sub-611166_ses-None_probe-98_ecephys.nwb,3043855056,5b4601c8-cbed-4102-8ea3-f213626eb715,2024-06-08T03:24:57.187712Z,2026-08-25T22:32:59.496790Z,https://api.dandiarchive.org/api/assets/5b4601c8-cbed-4102-8ea3-f213626eb715/download/
sub-611166/sub-611166_ses-None_probe-99_ecephys.nwb,3043857016,849cece8-f65a-4f0c-92ee-40383fd7771b,2024-06-08T03:26:47.667915Z,2026-08-25T22:32:59.508686Z,https://api.dandiarchive.org/api/assets/849cece8-f65a-4f0c-92ee-40383fd7771b/download/
sub-612090/sub-612090_ses-20220525T214650.nwb,1654829260,3ceabbd8-204a-4e4a-980f-69913d55e96e,2024-06-08T03:29:16.027573Z,2026-08-25T22:32:59.518570Z,https://api.dandiarchive.org/api/assets/3ceabbd8-204a-4e4a-980f-69913d55e96e/download/
sub-612090/sub-612090_ses-20220524T212631.nwb,3038224799,7e4fdda7-5cea-4918-aa81-d579034ae028,2024-06-08T03:30:10.217019Z,2026-08-25T22:32:59.529382Z,https://api.dandiarchive.org/api/assets/7e4fdda7-5cea-4918-aa81-d579034ae028/download/
sub-612090/sub-612090_ses-None_probe-110_ecephys.nwb,3072365424,5bd5781e-fe95-4fc9-b7d2-f16b0a1aae85,2024-06-08T03:31:28.009586Z,2026-08-25T22:32:59.540089Z,https://api.dandiarchive.org/api/assets/5bd5781e-fe95-4fc9-b7d2-f16b0a1aae85/download/
sub-612090/sub-612090_ses-20220526T205923.nwb,2597762800,33bc682c-7501-4217-91c8-80546e7a433f,2024-06-08T03:33:52.675886Z,2026-08-25T22:32:59.551138Z,https://api.dandiarchive.org/api/assets/33bc682c-7501-4217-91c8-80546e7a433f/download/
sub-612090/sub-612090_ses-20220527T182739.nwb,2049606455,0f3dad61-fba3-4429-b69a-0afae63b5d52,2024-06-08T03:33:59.017569Z,2026-08-25T22:32:59.561185Z,https://api.dandiarchive.org/api/assets/0f3dad61-fba3-4429-b69a-0afae63b5d52/download/
sub-612090/sub-612090_ses-None_probe-111_ecephys.nwb,2790463372,446a3996-0493-451c-9fd5-f1ed82c0b41e,2024-06-08T03:34:47.250853Z,2026-08-25T22:32:59.571555Z,https://api.dandiarchive.org/api/assets/446a3996-0493-451c-9fd5-f1ed82c0b41e/download/
sub-612090/sub-612090_ses-None_probe-112_ecephys.nwb,2790490376,e0def5b3-f26d-4f3b-bee2-c5741cbbb0bc,2024-06-08T03:35:21.653341Z,2026-08-25T22:32:59.582496Z,https://api.dandiarchive.org/api/assets/e0def5b3-f26d-4f3b-bee2-c5741cbbb0bc/download/
sub-612090/sub-612090_ses-None_probe-113_ecephys.nwb,2727840048,d791fc75-b763-47e9-adf5-5381430778e6,2024-06-08T03:37:43.720311Z,2026-08-25T22:32:59.593113Z,https://api.dandiarchive.org/api/assets/d791fc75-b763-47e9-adf5-5381430778e6/download/
sub-612090/sub-612090_ses-None_probe-114_ecephys.nwb,2853118812,0f059b8f-68d4-41af-9cb5-f7b1345d6583,2024-06-08T03:39:32.458827Z,2026-08-25T22:32:59.604484Z,https://api.dandiarchive.org/api/assets/0f059b8f-68d4-41af-9cb5-f7b1345d6583/download/
sub-612090/sub-612090_ses-None_probe-115_ecephys.nwb,3072364640,b9c9a98f-bce6-42f7-8a56-eeae9ee72bd2,2024-06-08T03:39:57.065288Z,2026-08-25T22:32:59.614459Z,https://api.dandiarchive.org/api/assets/b9c9a98f-bce6-42f7-8a56-eeae9ee72bd2/download/
sub-612090/sub-612090_ses-None_probe-116_ecephys.nwb,2729365272,f549c08f-ef6e-4455-87cf-8e9a264e35cf,2024-06-08T03:41:16.067975Z,2026-08-25T22:32:59.624814Z,https://api.dandiarchive.org/api/assets/f549c08f-ef6e-4455-87cf-8e9a264e35cf/download/
sub-612090/sub-612090_ses-None_probe-117_ecephys.nwb,2760375268,091e50e2-e963-4a34-a785-219ccb62574a,2024-06-08T03:41:53.538514Z,2026-08-25T22:32:59.636225Z,https://api.dandiarchive.org/api/assets/091e50e2-e963-4a34-a785-219ccb62574a/download/
sub-612090/sub-612090_ses-None_probe-118_ecephys.nwb,2729381376,373903ae-3d17-48df-9c92-bdb4665185c1,2024-06-08T03:43:31.922038Z,2026-08-25T22:32:59.647841Z,https://api.dandiarchive.org/api/assets/373903ae-3d17-48df-9c92-bdb4665185c1/download/
sub-612090/sub-612090_ses-None_probe-119_ecephys.nwb,2667411048,b6169ba2-9ebd-44c0-b823-058624455474,2024-06-08T03:45:40.931410Z,2026-08-25T22:32:59.660920Z,https://api.dandiarchive.org/api/assets/b6169ba2-9ebd-44c0-b823-058624455474/download/
sub-612090/sub-612090_ses-None_probe-120_ecephys.nwb,2884294700,6d366489-dadc-4101-b9c1-3d8be4424a33,2024-06-08T03:45:46.073726Z,2026-08-25T22:32:59.675559Z,https://api.dandiarchive.org/api/assets/6d366489-dadc-4101-b9c1-3d8be4424a33/download/
sub-612090/sub-612090_ses-None_probe-122_ecephys.nwb,3000102184,b0284601-f964-4771-9daf-24a504304367,2024-06-08T03:48:42.913307Z,2026-08-25T22:32:59.686427Z,https://api.dandiarchive.org/api/assets/b0284601-f964-4771-9daf-24a504304367/download/
sub-612090/sub-612090_ses-None_probe-123_ecephys.nwb,3000081072,192d1f19-7626-473d-98ee-ef38e36fd036,2024-06-08T03:49:41.427845Z,2026-08-25T22:32:59.696904Z,https://api.dandiarchive.org/api/assets/192d1f19-7626-473d-98ee-ef38e36fd036/download/
sub-612090/sub-612090_ses-None_probe-124_ecephys.nwb,3000111200,c1009a16-dcd7-4612-b81f-0fac1111320a,2024-06-08T03:49:42.599227Z,2026-08-25T22:32:59.707595Z,https://api.dandiarchive.org/api/assets/c1009a16-dcd7-4612-b81f-0fac1111320a/download/
sub-612090/sub-612090_ses-None_probe-126_ecephys.nwb,2633101088,16eb19c9-f14d-4aa2-96f7-a83b58279e91,2024-06-08T03:53:22.625661Z,2026-08-25T22:32:59.717907Z,https://api.dandiarchive.org/api/assets/16eb19c9-f14d-4aa2-96f7-a83b58279e91/download/
sub-612090/sub-612090_ses-None_probe-125_ecephys.nwb,2908350345,5022755b-a1b8-4079-b579-fb4096b46696,2024-06-08T03:53:56.549314Z,2026-08-25T22:32:59.730971Z,https://api.dandiarchive.org/api/assets/5022755b-a1b8-4079-b579-fb4096b46696/download/
sub-612090/sub-612090_ses-None_probe-127_ecephys.nwb,3000101400,735e0eba-6d11-46e7-992b-df3aaaa74d01,2024-06-08T03:54:07.891389Z,2026-08-25T22:32:59.741985Z,https://api.dandiarchive.org/api/assets/735e0eba-6d11-46e7-992b-df3aaaa74d01/download/
sub-612090/sub-612090_ses-None_probe-129_ecephys.nwb,2972633432,b308410b-37cf-4521-a5e4-1e8fa80d1e6d,2024-06-08T03:57:37.330107Z,2026-08-25T22:32:59.753557Z,https://api.dandiarchive.org/api/assets/b308410b-37cf-4521-a5e4-1e8fa80d1e6d/download/
sub-612090/sub-612090_ses-None_probe-128_ecephys.nwb,3098975800,c3cd3564-482a-49e9-94ec-0ac4b990ea7e,2024-06-08T03:57:59.710496Z,2026-08-25T22:32:59.763934Z,https://api.dandiarchive.org/api/assets/c3cd3564-482a-49e9-94ec-0ac4b990ea7e/download/
sub-612090/sub-612090_ses-None_probe-130_ecephys.nwb,2814659380,69a11cfa-2e34-4314-9e5f-4b46d860c742,2024-06-08T03:58:32.897244Z,2026-08-25T22:32:59.774036Z,https://api.dandiarchive.org/api/assets/69a11cfa-2e34-4314-9e5f-4b46d860c742/download/
sub-612090/sub-612090_ses-None_probe-132_ecephys.nwb,3098996520,e918d3c2-d33e-4558-a3e3-58aed977f72c,2024-06-08T04:00:37.358239Z,2026-08-25T22:32:59.784362Z,https://api.dandiarchive.org/api/assets/e918d3c2-d33e-4558-a3e3-58aed977f72c/download/
sub-612090/sub-612090_ses-None_probe-131_ecephys.nwb,3098984968,a9a851f3-9ab2-4093-8c20-2ded2d3a36d3,2024-06-08T04:00:42.731294Z,2026-08-25T22:32:59.796643Z,https://api.dandiarchive.org/api/assets/a9a851f3-9ab2-4093-8c20-2ded2d3a36d3/download/
sub-614547/sub-614547_ses-None_probe-135_ecephys.nwb,2914003565,3b28b46b-ef66-442b-a851-719296e8e106,2024-06-08T04:05:14.600509Z,2026-08-25T22:32:59.808222Z,https://api.dandiarchive.org/api/assets/3b28b46b-ef66-442b-a851-719296e8e106/download/
sub-614547/sub-614547_ses-None_probe-134_ecephys.nwb,3005952784,3fee2919-58cb-4e4b-9336-24f81d728f5e,2024-06-08T04:05:17.124968Z,2026-08-25T22:32:59.817994Z,https://api.dandiarchive.org/api/assets/3fee2919-58cb-4e4b-9336-24f81d728f5e/download/
sub-614547/sub-614547_ses-20220603T181003.nwb,2062549178,de002a4b-649b-4532-ae3f-d7864309fe9d,2024-06-08T04:08:47.723516Z,2026-08-25T22:32:59.827849Z,https://api.dandiarchive.org/api/assets/de002a4b-649b-4532-ae3f-d7864309fe9d/download/
sub-614547/sub-614547_ses-20220531T221544.nwb,2485302862,05409f9b-35a3-4899-8e11-77c914af1de7,2024-06-08T04:08:53.933065Z,2026-08-25T22:32:59.838332Z,https://api.dandiarchive.org/api/assets/05409f9b-35a3-4899-8e11-77c914af1de7/download/
sub-614547/sub-614547_ses-20220601T205407.nwb,2597826148,b29b295d-eda4-41d5-853d-a642d49104a8,2024-06-08T04:08:56.903873Z,2026-08-25T22:32:59.850284Z,https://api.dandiarchive.org/api/assets/b29b295d-eda4-41d5-853d-a642d49104a8/download/
sub-614547/sub-614547_ses-None_probe-137_ecephys.nwb,2638231248,7a537e8f-637f-46f7-bac4-ac522280c1a4,2024-06-08T04:11:14.340452Z,2026-08-25T22:32:59.861223Z,https://api.dandiarchive.org/api/assets/7a537e8f-637f-46f7-bac4-ac522280c1a4/download/
sub-614547/sub-614547_ses-None_probe-136_ecephys.nwb,2822095440,23c4257f-a8db-43ac-aaa0-c51e23d6df15,2024-06-08T04:11:21.050867Z,2026-08-25T22:32:59.871337Z,https://api.dandiarchive.org/api/assets/23c4257f-a8db-43ac-aaa0-c51e23d6df15/download/
sub-614547/sub-614547_ses-None_probe-141_ecephys.nwb,2773609608,65c67885-74f7-4c79-ac0f-599583cbacd6,2024-06-08T04:15:24.925609Z,2026-08-25T22:32:59.882768Z,https://api.dandiarchive.org/api/assets/65c67885-74f7-4c79-ac0f-599583cbacd6/download/
sub-614547/sub-614547_ses-None_probe-138_ecephys.nwb,2883383064,ac1655be-14c8-4ba5-a560-3eb3fd0548e3,2024-06-08T04:15:28.990053Z,2026-08-25T22:32:59.894512Z,https://api.dandiarchive.org/api/assets/ac1655be-14c8-4ba5-a560-3eb3fd0548e3/download/
sub-614547/sub-614547_ses-None_probe-140_ecephys.nwb,3019908376,ef5efd21-1a78-4834-8782-c9edd8475c91,2024-06-08T04:15:33.364285Z,2026-08-25T22:32:59.906252Z,https://api.dandiarchive.org/api/assets/ef5efd21-1a78-4834-8782-c9edd8475c91/download/
sub-614547/sub-614547_ses-None_probe-142_ecephys.nwb,2650491408,f8ee1499-1d3d-4a8a-ba60-29ce4962cb3d,2024-06-08T04:17:36.327062Z,2026-08-25T22:32:59.917367Z,https://api.dandiarchive.org/api/assets/f8ee1499-1d3d-4a8a-ba60-29ce4962cb3d/download/
sub-614547/sub-614547_ses-None_probe-143_ecephys.nwb,2835197712,8bdfe43b-b555-450d-ac90-5af46587decf,2024-06-08T04:17:52.937663Z,2026-08-25T22:32:59.930351Z,https://api.dandiarchive.org/api/assets/8bdfe43b-b555-450d-ac90-5af46587decf/download/
sub-614547/sub-614547_ses-None_probe-144_ecephys.nwb,2804409788,ead9ccfe-4a15-47b4-9a43-de2059593cd8,2024-06-08T04:21:57.702621Z,2026-08-25T22:32:59.941397Z,https://api.dandiarchive.org/api/assets/ead9ccfe-4a15-47b4-9a43-de2059593cd8/download/
sub-614547/sub-614547_ses-None_probe-146_ecephys.nwb,2955552254,ffc80e82-b9ab-4a30-8587-03fb80bb9a27,2024-06-08T04:22:00.132197Z,2026-08-25T22:32:59.952115Z,https://api.dandiarchive.org/api/assets/ffc80e82-b9ab-4a30-8587-03fb80bb9a27/download/
sub-614547/sub-614547_ses-None_probe-145_ecephys.nwb,3019908768,7947a3bc-7fa2-429a-8952-18077aeb7645,2024-06-08T04:22:12.244068Z,2026-08-25T22:32:59.965780Z,https://api.dandiarchive.org/api/assets/7947a3bc-7fa2-429a-8952-18077aeb7645/download/
sub-614547/sub-614547_ses-None_probe-147_ecephys.nwb,3017043696,5a16a4b2-c9bb-4e60-85c5-dfb214c02273,2024-06-08T04:23:46.422691Z,2026-08-25T22:32:59.976323Z,https://api.dandiarchive.org/api/assets/5a16a4b2-c9bb-4e60-85c5-dfb214c02273/download/
sub-614547/sub-614547_ses-None_probe-148_ecephys.nwb,2894050560,a5004414-ffbd-429d-907f-f4bf29df6e05,2024-06-08T04:23:56.836631Z,2026-08-25T22:32:59.988704Z,https://api.dandiarchive.org/api/assets/a5004414-ffbd-429d-907f-f4bf29df6e05/download/
sub-614547/sub-614547_ses-None_probe-150_ecephys.nwb,2863278932,c3dd668d-0d09-4ca9-acdb-6e61ba4f7d94,2024-06-08T04:28:34.752466Z,2026-08-25T22:33:00.001346Z,https://api.dandiarchive.org/api/assets/c3dd668d-0d09-4ca9-acdb-6e61ba4f7d94/download/
sub-614547/sub-614547_ses-None_probe-149_ecephys.nwb,3017068128,3a6df0ee-ec52-49e0-a81a-8eed39ac1bfd,2024-06-08T04:28:38.332730Z,2026-08-25T22:33:00.051884Z,https://api.dandiarchive.org/api/assets/3a6df0ee-ec52-49e0-a81a-8eed39ac1bfd/download/
sub-614547/sub-614547_ses-None_probe-151_ecephys.nwb,3017062848,45a5ca82-b578-43d9-b7ba-c5e1fe49a311,2024-06-08T04:28:40.114075Z,2026-08-25T22:33:00.074644Z,https://api.dandiarchive.org/api/assets/45a5ca82-b578-43d9-b7ba-c5e1fe49a311/download/
sub-614608/sub-614608_ses-20220628T211655.nwb,2674945194,cb11969c-666a-43e1-aecd-5b97f09c8ccd,2024-06-08T04:31:37.333731Z,2026-08-25T22:33:00.094834Z,https://api.dandiarchive.org/api/assets/cb11969c-666a-43e1-aecd-5b97f09c8ccd/download/
sub-614608/sub-614608_ses-20220627T224458.nwb,3030129755,ec85faf3-7bae-49fa-88c5-08014fcf4d2b,2024-06-08T04:31:59.528612Z,2026-08-25T22:33:00.112330Z,https://api.dandiarchive.org/api/assets/ec85faf3-7bae-49fa-88c5-08014fcf4d2b/download/
sub-614608/sub-614608_ses-None_probe-164_ecephys.nwb,2905032856,79afd265-8fdb-4244-b541-80f599a4b6dc,2024-06-08T04:33:39.996474Z,2026-08-25T22:33:00.128332Z,https://api.dandiarchive.org/api/assets/79afd265-8fdb-4244-b541-80f599a4b6dc/download/
sub-614608/sub-614608_ses-20220630T213929.nwb,2384522781,a71589dc-96f2-49ee-b545-a594066ef004,2024-06-08T04:35:22.721395Z,2026-08-25T22:33:00.144335Z,https://api.dandiarchive.org/api/assets/a71589dc-96f2-49ee-b545-a594066ef004/download/
sub-614608/sub-614608_ses-None_probe-580_ecephys.nwb,3041872784,0067dd82-c6f5-4b8e-87ba-247299e61b4e,2024-06-08T04:37:43.947725Z,2026-08-25T22:33:00.159155Z,https://api.dandiarchive.org/api/assets/0067dd82-c6f5-4b8e-87ba-247299e61b4e/download/
sub-614608/sub-614608_ses-None_probe-581_ecephys.nwb,2976494988,30412de3-f540-4bb4-a13a-e911a9af89a5,2024-06-08T04:37:54.889410Z,2026-08-25T22:33:00.174986Z,https://api.dandiarchive.org/api/assets/30412de3-f540-4bb4-a13a-e911a9af89a5/download/
sub-614608/sub-614608_ses-20220629T220553.nwb,2601944263,62eb6208-d267-48ec-ae3f-a7fa88d7d9fe,2024-06-08T04:38:19.220750Z,2026-08-25T22:33:00.191141Z,https://api.dandiarchive.org/api/assets/62eb6208-d267-48ec-ae3f-a7fa88d7d9fe/download/
sub-614608/sub-614608_ses-None_probe-582_ecephys.nwb,2617097064,3df8cfce-637c-4780-a4d8-010a13d923a4,2024-06-08T04:40:04.768913Z,2026-08-25T22:33:00.206020Z,https://api.dandiarchive.org/api/assets/3df8cfce-637c-4780-a4d8-010a13d923a4/download/
sub-614608/sub-614608_ses-None_probe-583_ecephys.nwb,2976530464,14a0d056-baa5-4634-b8c7-9fb2d51f44b3,2024-06-08T04:41:48.538289Z,2026-08-25T22:33:00.218384Z,https://api.dandiarchive.org/api/assets/14a0d056-baa5-4634-b8c7-9fb2d51f44b3/download/
sub-614608/sub-614608_ses-None_probe-585_ecephys.nwb,2780467320,ab71c500-7946-42d3-acf7-84a71130f268,2024-06-08T04:44:48.139656Z,2026-08-25T22:33:00.236080Z,https://api.dandiarchive.org/api/assets/ab71c500-7946-42d3-acf7-84a71130f268/download/
sub-614608/sub-614608_ses-None_probe-592_ecephys.nwb,2968792908,9bfa1667-6e49-420d-845b-aec9140efad1,2024-06-08T04:45:10.803229Z,2026-08-25T22:33:00.251538Z,https://api.dandiarchive.org/api/assets/9bfa1667-6e49-420d-845b-aec9140efad1/download/
sub-614608/sub-614608_ses-None_probe-584_ecephys.nwb,2976526096,4130b705-7c3c-4259-b57b-ee6db327fe6f,2024-06-08T04:46:10.686522Z,2026-08-25T22:33:00.263281Z,https://api.dandiarchive.org/api/assets/4130b705-7c3c-4259-b57b-ee6db327fe6f/download/
sub-614608/sub-614608_ses-None_probe-593_ecephys.nwb,3096393823,bc3736b1-5a65-4cd8-9679-c01070d79d77,2024-06-08T04:46:15.595469Z,2026-08-25T22:33:00.273604Z,https://api.dandiarchive.org/api/assets/bc3736b1-5a65-4cd8-9679-c01070d79d77/download/
sub-614608/sub-614608_ses-None_probe-594_ecephys.nwb,2745582984,dd81dbb0-045c-44e5-83b0-2c5184ba0182,2024-06-08T04:49:30.272361Z,2026-08-25T22:33:00.283724Z,https://api.dandiarchive.org/api/assets/dd81dbb0-045c-44e5-83b0-2c5184ba0182/download/
sub-614608/sub-614608_ses-None_probe-595_ecephys.nwb,2873136848,ffde7f0b-c673-4da2-b63f-908c566e5d4d,2024-06-08T04:50:03.519186Z,2026-08-25T22:33:00.295241Z,https://api.dandiarchive.org/api/assets/ffde7f0b-c673-4da2-b63f-908c566e5d4d/download/
sub-614608/sub-614608_ses-None_probe-596_ecephys.nwb,3128277560,d745c81d-4f8d-4124-b8ba-72716b6dc38c,2024-06-08T04:50:45.846528Z,2026-08-25T22:33:00.306989Z,https://api.dandiarchive.org/api/assets/d745c81d-4f8d-4124-b8ba-72716b6dc38c/download/
sub-614608/sub-614608_ses-None_probe-597_ecephys.nwb,2847485672,44cccde0-4720-4b58-8144-630e3ed20bab,2024-06-08T04:53:22.320448Z,2026-08-25T22:33:00.318471Z,https://api.dandiarchive.org/api/assets/44cccde0-4720-4b58-8144-630e3ed20bab/download/
sub-614608/sub-614608_ses-None_probe-598_ecephys.nwb,2847485300,99007949-1c13-4fc3-b6ce-94ca7405b2af,2024-06-08T04:53:24.632170Z,2026-08-25T22:33:00.331258Z,https://api.dandiarchive.org/api/assets/99007949-1c13-4fc3-b6ce-94ca7405b2af/download/
sub-614608/sub-614608_ses-None_probe-599_ecephys.nwb,3000434992,6518e96a-eabd-452f-9f41-edafcba3eb00,2024-06-08T04:56:36.055172Z,2026-08-25T22:33:00.341737Z,https://api.dandiarchive.org/api/assets/6518e96a-eabd-452f-9f41-edafcba3eb00/download/
sub-614608/sub-614608_ses-None_probe-600_ecephys.nwb,3000408336,83d1b417-1fc1-4650-8a1e-e20a45f74baf,2024-06-08T04:56:56.107863Z,2026-08-25T22:33:00.352280Z,https://api.dandiarchive.org/api/assets/83d1b417-1fc1-4650-8a1e-e20a45f74baf/download/
sub-614608/sub-614608_ses-None_probe-601_ecephys.nwb,3000410688,6a9c15ab-66e1-4c2b-a58f-168b55f85a31,2024-06-08T04:57:17.029308Z,2026-08-25T22:33:00.362251Z,https://api.dandiarchive.org/api/assets/6a9c15ab-66e1-4c2b-a58f-168b55f85a31/download/
sub-614608/sub-614608_ses-None_probe-603_ecephys.nwb,2828362568,befa4f30-a9ad-4010-a500-3b2cb38c12aa,2024-06-08T05:00:08.543190Z,2026-08-25T22:33:00.374742Z,https://api.dandiarchive.org/api/assets/befa4f30-a9ad-4010-a500-3b2cb38c12aa/download/
sub-614608/sub-614608_ses-None_probe-602_ecephys.nwb,2969807295,2b4cbbac-6ef1-4e01-9360-78369b2949eb,2024-06-08T05:00:48.355391Z,2026-08-25T22:33:00.387825Z,https://api.dandiarchive.org/api/assets/2b4cbbac-6ef1-4e01-9360-78369b2949eb/download/
sub-614608/sub-614608_ses-None_probe-604_ecephys.nwb,2891129160,df45a5a8-874e-48f2-8f4c-f72ce59a56be,2024-06-08T05:03:46.808799Z,2026-08-25T22:33:00.399441Z,https://api.dandiarchive.org/api/assets/df45a5a8-874e-48f2-8f4c-f72ce59a56be/download/
sub-614608/sub-614608_ses-None_probe-605_ecephys.nwb,2953946232,c5973d40-2b7f-45a8-b42d-8c7840cda282,2024-06-08T05:04:38.598155Z,2026-08-25T22:33:00.410186Z,https://api.dandiarchive.org/api/assets/c5973d40-2b7f-45a8-b42d-8c7840cda282/download/
sub-614608/sub-614608_ses-None_probe-606_ecephys.nwb,3079505104,7d73181f-f279-48e8-84d8-f70338e3fc29,2024-06-08T05:04:39.161325Z,2026-08-25T22:33:00.421315Z,https://api.dandiarchive.org/api/assets/7d73181f-f279-48e8-84d8-f70338e3fc29/download/
sub-614608/sub-614608_ses-None_probe-608_ecephys.nwb,2577213384,1c1a29d5-c6f4-4262-8268-6c5f55ccd4ea,2024-06-08T05:06:43.711197Z,2026-08-25T22:33:00.433318Z,https://api.dandiarchive.org/api/assets/1c1a29d5-c6f4-4262-8268-6c5f55ccd4ea/download/
sub-614608/sub-614608_ses-None_probe-607_ecephys.nwb,2828358608,cefdf507-c5c3-4aba-b2f8-5ca93fb756f6,2024-06-08T05:06:59.067256Z,2026-08-25T22:33:00.443118Z,https://api.dandiarchive.org/api/assets/cefdf507-c5c3-4aba-b2f8-5ca93fb756f6/download/
sub-615047/sub-615047_ses-None_probe-175_ecephys.nwb,3060786136,066b3dfd-ebf3-477e-a6c5-55937cf77832,2024-06-08T05:10:06.818743Z,2026-08-25T22:33:00.453866Z,https://api.dandiarchive.org/api/assets/066b3dfd-ebf3-477e-a6c5-55937cf77832/download/
sub-615047/sub-615047_ses-20220713T211752.nwb,1945669936,2fb309c7-c0d6-430b-b93d-070ebccbb47d,2024-06-08T05:11:10.813736Z,2026-08-25T22:33:00.463336Z,https://api.dandiarchive.org/api/assets/2fb309c7-c0d6-430b-b93d-070ebccbb47d/download/
sub-615047/sub-615047_ses-20220711T224005.nwb,2362736594,1f71b720-272a-4b4d-88a7-00968533631f,2024-06-08T05:11:18.864316Z,2026-08-25T22:33:00.473191Z,https://api.dandiarchive.org/api/assets/1f71b720-272a-4b4d-88a7-00968533631f/download/
sub-615047/sub-615047_ses-20220712T211809.nwb,2086443315,a4fc07e0-333d-44ff-b658-72c23d8bbe1f,2024-06-08T05:11:53.198480Z,2026-08-25T22:33:00.483517Z,https://api.dandiarchive.org/api/assets/a4fc07e0-333d-44ff-b658-72c23d8bbe1f/download/
sub-615047/sub-615047_ses-None_probe-176_ecephys.nwb,2779946136,b69dd832-9104-4609-a813-35f8947d2658,2024-06-08T05:15:18.326974Z,2026-08-25T22:33:00.494010Z,https://api.dandiarchive.org/api/assets/b69dd832-9104-4609-a813-35f8947d2658/download/
sub-615047/sub-615047_ses-20220714T203802.nwb,1944267485,31a5243b-8d49-4a33-ab39-0cd5696addc0,2024-06-08T05:15:25.964111Z,2026-08-25T22:33:00.503923Z,https://api.dandiarchive.org/api/assets/31a5243b-8d49-4a33-ab39-0cd5696addc0/download/
sub-615047/sub-615047_ses-None_probe-178_ecephys.nwb,2779943876,4fd7e5ca-0467-43ea-b3fe-fa9611076f4d,2024-06-08T05:18:44.419057Z,2026-08-25T22:33:00.513711Z,https://api.dandiarchive.org/api/assets/4fd7e5ca-0467-43ea-b3fe-fa9611076f4d/download/
sub-615047/sub-615047_ses-None_probe-177_ecephys.nwb,3060802392,577d7607-218e-4564-b6a7-4b1b1325677b,2024-06-08T05:18:52.575948Z,2026-08-25T22:33:00.524402Z,https://api.dandiarchive.org/api/assets/577d7607-218e-4564-b6a7-4b1b1325677b/download/
sub-615047/sub-615047_ses-None_probe-179_ecephys.nwb,3060756344,aea67fa7-42dc-4539-8a45-4896fc696278,2024-06-08T05:18:57.849991Z,2026-08-25T22:33:00.534185Z,https://api.dandiarchive.org/api/assets/aea67fa7-42dc-4539-8a45-4896fc696278/download/
sub-615047/sub-615047_ses-None_probe-180_ecephys.nwb,3060763400,d1cdebcb-7c85-4620-9634-0fda71ab670f,2024-06-08T05:22:03.577206Z,2026-08-25T22:33:00.544034Z,https://api.dandiarchive.org/api/assets/d1cdebcb-7c85-4620-9634-0fda71ab670f/download/
sub-615047/sub-615047_ses-None_probe-181_ecephys.nwb,3036404367,e0fc7dbe-1e8c-47bb-8cdc-3291816a575c,2024-06-08T05:22:55.531116Z,2026-08-25T22:33:00.555032Z,https://api.dandiarchive.org/api/assets/e0fc7dbe-1e8c-47bb-8cdc-3291816a575c/download/
sub-615047/sub-615047_ses-None_probe-182_ecephys.nwb,3067666968,d2f064ec-3bab-43ed-a2a4-2ffe961d37f3,2024-06-08T05:26:08.005328Z,2026-08-25T22:33:00.566140Z,https://api.dandiarchive.org/api/assets/d2f064ec-3bab-43ed-a2a4-2ffe961d37f3/download/
sub-615047/sub-615047_ses-None_probe-184_ecephys.nwb,2817483368,006f89c5-d7a8-48b3-a0c8-ab41709b91ba,2024-06-08T05:26:28.600129Z,2026-08-25T22:33:00.579105Z,https://api.dandiarchive.org/api/assets/006f89c5-d7a8-48b3-a0c8-ab41709b91ba/download/
sub-615047/sub-615047_ses-None_probe-183_ecephys.nwb,3067674752,5552bf6e-9ef0-46d7-a251-416e82c6014e,2024-06-08T05:26:34.450811Z,2026-08-25T22:33:00.590732Z,https://api.dandiarchive.org/api/assets/5552bf6e-9ef0-46d7-a251-416e82c6014e/download/
sub-615047/sub-615047_ses-None_probe-185_ecephys.nwb,2848741348,06df9b1a-0dc5-4d9b-a812-501e513334ba,2024-06-08T05:29:03.083326Z,2026-08-25T22:33:00.601788Z,https://api.dandiarchive.org/api/assets/06df9b1a-0dc5-4d9b-a812-501e513334ba/download/
sub-615047/sub-615047_ses-None_probe-186_ecephys.nwb,3036377595,e7dec096-03b0-4b71-8ca9-a0b972908fc5,2024-06-08T05:29:29.722323Z,2026-08-25T22:33:00.612121Z,https://api.dandiarchive.org/api/assets/e7dec096-03b0-4b71-8ca9-a0b972908fc5/download/
sub-615047/sub-615047_ses-None_probe-189_ecephys.nwb,3045746272,23bba696-bc23-4e12-9734-7d1bc05e1fca,2024-06-08T05:33:32.767098Z,2026-08-25T22:33:00.622117Z,https://api.dandiarchive.org/api/assets/23bba696-bc23-4e12-9734-7d1bc05e1fca/download/
sub-615047/sub-615047_ses-None_probe-187_ecephys.nwb,2921580904,73506823-cfe2-45d2-91df-d81cc7bc50f3,2024-06-08T05:33:33.989909Z,2026-08-25T22:33:00.634012Z,https://api.dandiarchive.org/api/assets/73506823-cfe2-45d2-91df-d81cc7bc50f3/download/
sub-615047/sub-615047_ses-None_probe-188_ecephys.nwb,3045757248,e4006e66-24d4-4e46-97a4-82ab73a94317,2024-06-08T05:33:40.281102Z,2026-08-25T22:33:00.643631Z,https://api.dandiarchive.org/api/assets/e4006e66-24d4-4e46-97a4-82ab73a94317/download/
sub-615047/sub-615047_ses-None_probe-191_ecephys.nwb,2828411780,41eec0d5-01e2-4570-86d2-82c44090529d,2024-06-08T05:35:13.769081Z,2026-08-25T22:33:00.653499Z,https://api.dandiarchive.org/api/assets/41eec0d5-01e2-4570-86d2-82c44090529d/download/
sub-615047/sub-615047_ses-None_probe-190_ecephys.nwb,3045784296,9d3cc582-a033-4c1a-b794-88abcc3b8f7d,2024-06-08T05:35:16.259243Z,2026-08-25T22:33:00.662466Z,https://api.dandiarchive.org/api/assets/9d3cc582-a033-4c1a-b794-88abcc3b8f7d/download/
sub-615047/sub-615047_ses-None_probe-192_ecephys.nwb,2766307652,257ca814-9a1c-42da-bff5-ef61bfd63dd6,2024-06-08T05:38:39.734324Z,2026-08-25T22:33:00.673324Z,https://api.dandiarchive.org/api/assets/257ca814-9a1c-42da-bff5-ef61bfd63dd6/download/
sub-615047/sub-615047_ses-None_probe-194_ecephys.nwb,3068714000,956d577e-103d-44aa-99de-3987bc512968,2024-06-08T05:41:13.050789Z,2026-08-25T22:33:00.684027Z,https://api.dandiarchive.org/api/assets/956d577e-103d-44aa-99de-3987bc512968/download/
sub-615047/sub-615047_ses-None_probe-193_ecephys.nwb,2755911264,4924a8f8-4a89-458d-ab55-fae120b65329,2024-06-08T05:41:16.424310Z,2026-08-25T22:33:00.694619Z,https://api.dandiarchive.org/api/assets/4924a8f8-4a89-458d-ab55-fae120b65329/download/
sub-615047/sub-615047_ses-None_probe-196_ecephys.nwb,2912304812,45d47da9-1986-472b-8bca-acb1c0977351,2024-06-08T05:42:05.371711Z,2026-08-25T22:33:00.704686Z,https://api.dandiarchive.org/api/assets/45d47da9-1986-472b-8bca-acb1c0977351/download/
sub-615047/sub-615047_ses-None_probe-195_ecephys.nwb,3068746872,48d25cbb-ae14-4e3f-86eb-0bf49c7f733f,2024-06-08T05:42:11.251726Z,2026-08-25T22:33:00.715307Z,https://api.dandiarchive.org/api/assets/48d25cbb-ae14-4e3f-86eb-0bf49c7f733f/download/
sub-615047/sub-615047_ses-None_probe-197_ecephys.nwb,2755882752,851b85dc-ab35-48c0-bb9d-feac678a65a6,2024-06-08T05:43:21.322983Z,2026-08-25T22:33:00.725333Z,https://api.dandiarchive.org/api/assets/851b85dc-ab35-48c0-bb9d-feac678a65a6/download/
sub-615047/sub-615047_ses-None_probe-198_ecephys.nwb,2724607128,bc1d16e2-7f2a-414a-93a0-60082af19a3b,2024-06-08T05:45:15.976607Z,2026-08-25T22:33:00.736098Z,https://api.dandiarchive.org/api/assets/bc1d16e2-7f2a-414a-93a0-60082af19a3b/download/
sub-615048/sub-615048_ses-20220809T213337.nwb,2066891822,57231aaa-dcee-4109-8377-4d491f8214cd,2024-06-08T05:49:40.986979Z,2026-08-25T22:33:00.746377Z,https://api.dandiarchive.org/api/assets/57231aaa-dcee-4109-8377-4d491f8214cd/download/
sub-615048/sub-615048_ses-None_probe-205_ecephys.nwb,2825097364,a333b3a6-a67c-4fb1-866f-1154c87f4ecd,2024-06-08T05:50:08.829721Z,2026-08-25T22:33:00.756151Z,https://api.dandiarchive.org/api/assets/a333b3a6-a67c-4fb1-866f-1154c87f4ecd/download/
sub-615048/sub-615048_ses-20220810T211453.nwb,2083585580,84f50b06-6566-4b3c-bc3a-853adf8eb581,2024-06-08T05:50:11.612576Z,2026-08-25T22:33:00.765224Z,https://api.dandiarchive.org/api/assets/84f50b06-6566-4b3c-bc3a-853adf8eb581/download/
sub-615048/sub-615048_ses-20220812T162115.nwb,2061290643,6085d974-c22d-49c3-839c-182d942f3bfc,2024-06-08T05:50:14.311206Z,2026-08-25T22:33:00.774362Z,https://api.dandiarchive.org/api/assets/6085d974-c22d-49c3-839c-182d942f3bfc/download/
sub-615048/sub-615048_ses-20220811T211342.nwb,2161269321,a328a768-2f48-4973-a519-a9c37a342288,2024-06-08T05:50:16.579959Z,2026-08-25T22:33:00.783743Z,https://api.dandiarchive.org/api/assets/a328a768-2f48-4973-a519-a9c37a342288/download/
sub-615048/sub-615048_ses-None_probe-209_ecephys.nwb,2732037920,737a7dec-72db-4224-bc80-6fb7ddc2c20c,2024-06-08T05:57:48.271141Z,2026-08-25T22:33:00.792569Z,https://api.dandiarchive.org/api/assets/737a7dec-72db-4224-bc80-6fb7ddc2c20c/download/
sub-615048/sub-615048_ses-None_probe-206_ecephys.nwb,2794061568,27537da2-eee1-4421-bfa4-f801054f1151,2024-06-08T05:57:48.526660Z,2026-08-25T22:33:00.802104Z,https://api.dandiarchive.org/api/assets/27537da2-eee1-4421-bfa4-f801054f1151/download/
sub-615048/sub-615048_ses-None_probe-208_ecephys.nwb,2794055648,c032640e-91ea-49f4-941c-84fa2d8b725c,2024-06-08T05:57:48.932663Z,2026-08-25T22:33:00.811902Z,https://api.dandiarchive.org/api/assets/c032640e-91ea-49f4-941c-84fa2d8b725c/download/
sub-615048/sub-615048_ses-None_probe-210_ecephys.nwb,3042167704,98f84f0c-0fb0-47e6-97b7-a5411d6a4dca,2024-06-08T05:57:58.981170Z,2026-08-25T22:33:00.821443Z,https://api.dandiarchive.org/api/assets/98f84f0c-0fb0-47e6-97b7-a5411d6a4dca/download/
sub-615048/sub-615048_ses-None_probe-207_ecephys.nwb,3042186912,94b0207f-efe7-48a7-8301-6a394fdebe9a,2024-06-08T05:58:01.624733Z,2026-08-25T22:33:00.832206Z,https://api.dandiarchive.org/api/assets/94b0207f-efe7-48a7-8301-6a394fdebe9a/download/
sub-615048/sub-615048_ses-None_probe-211_ecephys.nwb,2821972928,fe59ed07-6020-438d-8cb4-f29fcc647262,2024-06-08T06:05:35.553316Z,2026-08-25T22:33:00.842513Z,https://api.dandiarchive.org/api/assets/fe59ed07-6020-438d-8cb4-f29fcc647262/download/
sub-615048/sub-615048_ses-None_probe-212_ecephys.nwb,2821962648,5af08ba5-6734-4f36-9ce9-9a05acb52202,2024-06-08T06:05:39.754526Z,2026-08-25T22:33:00.853449Z,https://api.dandiarchive.org/api/assets/5af08ba5-6734-4f36-9ce9-9a05acb52202/download/
sub-615048/sub-615048_ses-None_probe-214_ecephys.nwb,2790632776,5506ef2a-d334-4446-972f-7fea6cb64d4a,2024-06-08T06:05:42.031211Z,2026-08-25T22:33:00.863724Z,https://api.dandiarchive.org/api/assets/5506ef2a-d334-4446-972f-7fea6cb64d4a/download/
sub-615048/sub-615048_ses-None_probe-213_ecephys.nwb,2947276744,427b9ee4-4843-4a45-a174-331e9d4c50fe,2024-06-08T06:05:43.737531Z,2026-08-25T22:33:00.874157Z,https://api.dandiarchive.org/api/assets/427b9ee4-4843-4a45-a174-331e9d4c50fe/download/
sub-615048/sub-615048_ses-None_probe-215_ecephys.nwb,2884596928,297a7db6-6a4f-4206-b66a-b1deeae60639,2024-06-08T06:05:44.765920Z,2026-08-25T22:33:00.883473Z,https://api.dandiarchive.org/api/assets/297a7db6-6a4f-4206-b66a-b1deeae60639/download/
sub-615048/sub-615048_ses-None_probe-216_ecephys.nwb,2665344340,68fe586b-5d2c-4e61-9e21-85fd900a37b9,2024-06-08T06:13:01.275249Z,2026-08-25T22:33:00.893461Z,https://api.dandiarchive.org/api/assets/68fe586b-5d2c-4e61-9e21-85fd900a37b9/download/
sub-615048/sub-615048_ses-None_probe-218_ecephys.nwb,2835013452,5379a455-afda-4b55-901c-3956fa198c60,2024-06-08T06:13:16.041772Z,2026-08-25T22:33:00.905069Z,https://api.dandiarchive.org/api/assets/5379a455-afda-4b55-901c-3956fa198c60/download/
sub-615048/sub-615048_ses-None_probe-220_ecephys.nwb,2897237592,8e5cac2c-b170-4062-9082-84ebc19cde74,2024-06-08T06:13:22.515236Z,2026-08-25T22:33:00.915623Z,https://api.dandiarchive.org/api/assets/8e5cac2c-b170-4062-9082-84ebc19cde74/download/
sub-615048/sub-615048_ses-None_probe-219_ecephys.nwb,2897220212,af028b9b-e7d9-4e3e-b0cb-78ada8ddaa0e,2024-06-08T06:13:23.437662Z,2026-08-25T22:33:00.927999Z,https://api.dandiarchive.org/api/assets/af028b9b-e7d9-4e3e-b0cb-78ada8ddaa0e/download/
sub-615048/sub-615048_ses-None_probe-217_ecephys.nwb,3021701107,6eff5902-4333-448b-9425-d206289a3567,2024-06-08T06:13:25.909231Z,2026-08-25T22:33:00.939763Z,https://api.dandiarchive.org/api/assets/6eff5902-4333-448b-9425-d206289a3567/download/
sub-615048/sub-615048_ses-None_probe-222_ecephys.nwb,2928343264,59b31909-cc1c-4dc2-b1b1-b2c6866eb3b3,2024-06-08T06:20:56.280797Z,2026-08-25T22:33:00.949229Z,https://api.dandiarchive.org/api/assets/59b31909-cc1c-4dc2-b1b1-b2c6866eb3b3/download/
sub-615048/sub-615048_ses-None_probe-221_ecephys.nwb,2990607614,23f7b8d7-0ba5-4798-bc4b-eff19fcf5ec8,2024-06-08T06:21:07.062042Z,2026-08-25T22:33:00.958090Z,https://api.dandiarchive.org/api/assets/23f7b8d7-0ba5-4798-bc4b-eff19fcf5ec8/download/
sub-615048/sub-615048_ses-None_probe-609_ecephys.nwb,2852547728,a16a98dd-d38f-4193-a259-643e55b2ecbb,2024-06-08T06:21:08.441498Z,2026-08-25T22:33:00.966788Z,https://api.dandiarchive.org/api/assets/a16a98dd-d38f-4193-a259-643e55b2ecbb/download/
sub-615048/sub-615048_ses-None_probe-610_ecephys.nwb,2852528808,959cd5f9-6c67-42f8-9a0b-d45292d4ce55,2024-06-08T06:21:10.018283Z,2026-08-25T22:33:00.975560Z,https://api.dandiarchive.org/api/assets/959cd5f9-6c67-42f8-9a0b-d45292d4ce55/download/
sub-615048/sub-615048_ses-None_probe-611_ecephys.nwb,3042527870,f4ba2df2-2609-422b-93e1-8c5c251bc41c,2024-06-08T06:21:15.010563Z,2026-08-25T22:33:00.986113Z,https://api.dandiarchive.org/api/assets/f4ba2df2-2609-422b-93e1-8c5c251bc41c/download/
sub-615048/sub-615048_ses-None_probe-613_ecephys.nwb,2789196032,5d51cebf-91a0-49a6-8e9f-16a0e060fede,2024-06-08T06:26:26.442055Z,2026-08-25T22:33:00.996107Z,https://api.dandiarchive.org/api/assets/5d51cebf-91a0-49a6-8e9f-16a0e060fede/download/
sub-615048/sub-615048_ses-None_probe-612_ecephys.nwb,2884196040,e896024b-f7c3-499e-99e9-ad9e609aa95c,2024-06-08T06:26:31.551453Z,2026-08-25T22:33:01.005702Z,https://api.dandiarchive.org/api/assets/e896024b-f7c3-499e-99e9-ad9e609aa95c/download/
sub-615048/sub-615048_ses-None_probe-614_ecephys.nwb,3042492926,4029befb-0357-40e9-848f-9096cbd261d8,2024-06-08T06:26:53.938261Z,2026-08-25T22:33:01.015720Z,https://api.dandiarchive.org/api/assets/4029befb-0357-40e9-848f-9096cbd261d8/download/
sub-615563/sub-615563_ses-20220728T204852.nwb,1719047985,4df8418f-eb96-404c-9b4d-b162d4fceb0a,2024-06-08T06:27:56.388909Z,2026-08-25T22:33:01.026699Z,https://api.dandiarchive.org/api/assets/4df8418f-eb96-404c-9b4d-b162d4fceb0a/download/
sub-615563/sub-615563_ses-20220726T223606.nwb,2323548849,ea0f88cb-c8eb-4b89-8810-99d3e7133c46,2024-06-08T06:30:14.864822Z,2026-08-25T22:33:01.038326Z,https://api.dandiarchive.org/api/assets/ea0f88cb-c8eb-4b89-8810-99d3e7133c46/download/
sub-615563/sub-615563_ses-None_probe-224_ecephys.nwb,2784808352,87422f65-6de4-41c0-a2e7-5d929c738dbd,2024-06-08T06:33:20.744235Z,2026-08-25T22:33:01.047869Z,https://api.dandiarchive.org/api/assets/87422f65-6de4-41c0-a2e7-5d929c738dbd/download/
sub-615563/sub-615563_ses-20220729T172702.nwb,1594436290,81c3ebd8-a14a-4bd9-9ef3-5e5c86f4d330,2024-06-08T06:33:25.360884Z,2026-08-25T22:33:01.058949Z,https://api.dandiarchive.org/api/assets/81c3ebd8-a14a-4bd9-9ef3-5e5c86f4d330/download/
sub-615563/sub-615563_ses-None_probe-223_ecephys.nwb,2974494632,e3b26be5-f414-46f8-88f1-51c3a16f96f0,2024-06-08T06:33:27.497579Z,2026-08-25T22:33:01.068061Z,https://api.dandiarchive.org/api/assets/e3b26be5-f414-46f8-88f1-51c3a16f96f0/download/
sub-615563/sub-615563_ses-None_probe-225_ecephys.nwb,3006082505,a0ebf954-ac15-4f48-8a07-f997f6b72b6c,2024-06-08T06:33:51.283564Z,2026-08-25T22:33:01.079488Z,https://api.dandiarchive.org/api/assets/a0ebf954-ac15-4f48-8a07-f997f6b72b6c/download/
sub-615563/sub-615563_ses-None_probe-226_ecephys.nwb,3069310259,24e26180-da6a-4d4d-b562-38fde4acb676,2024-06-08T06:36:28.567475Z,2026-08-25T22:33:01.094077Z,https://api.dandiarchive.org/api/assets/24e26180-da6a-4d4d-b562-38fde4acb676/download/
sub-615563/sub-615563_ses-None_probe-227_ecephys.nwb,2848056008,135b41d1-f24f-489b-a80e-088072a1f32a,2024-06-08T06:41:09.827903Z,2026-08-25T22:33:01.107127Z,https://api.dandiarchive.org/api/assets/135b41d1-f24f-489b-a80e-088072a1f32a/download/
sub-615563/sub-615563_ses-None_probe-228_ecephys.nwb,2974482600,db45b248-43d6-48f9-8354-b1be2bfc7441,2024-06-08T06:41:18.607800Z,2026-08-25T22:33:01.116776Z,https://api.dandiarchive.org/api/assets/db45b248-43d6-48f9-8354-b1be2bfc7441/download/
sub-615563/sub-615563_ses-None_probe-230_ecephys.nwb,2907648560,f5513cc9-c0e0-4662-b63e-d5ed77cc3d26,2024-06-08T06:42:03.905561Z,2026-08-25T22:33:01.127152Z,https://api.dandiarchive.org/api/assets/f5513cc9-c0e0-4662-b63e-d5ed77cc3d26/download/
sub-615563/sub-615563_ses-None_probe-229_ecephys.nwb,3131107856,9980d962-db55-4de3-9252-cea5b61144ed,2024-06-08T06:42:06.341244Z,2026-08-25T22:33:01.143289Z,https://api.dandiarchive.org/api/assets/9980d962-db55-4de3-9252-cea5b61144ed/download/
sub-615563/sub-615563_ses-None_probe-231_ecephys.nwb,3131136024,e080c84d-8d0b-447d-8c71-8c78f847b6af,2024-06-08T06:42:09.131944Z,2026-08-25T22:33:01.158176Z,https://api.dandiarchive.org/api/assets/e080c84d-8d0b-447d-8c71-8c78f847b6af/download/
sub-615563/sub-615563_ses-None_probe-232_ecephys.nwb,2875733528,1e9eedcd-8406-4cc9-a5f7-aae57279923e,2024-06-08T06:49:31.146195Z,2026-08-25T22:33:01.175428Z,https://api.dandiarchive.org/api/assets/1e9eedcd-8406-4cc9-a5f7-aae57279923e/download/
sub-615563/sub-615563_ses-None_probe-233_ecephys.nwb,2811930304,c1f98267-e1cc-46c4-9d5f-f7283dbe7ff7,2024-06-08T06:49:33.880320Z,2026-08-25T22:33:01.195346Z,https://api.dandiarchive.org/api/assets/c1f98267-e1cc-46c4-9d5f-f7283dbe7ff7/download/
sub-615563/sub-615563_ses-None_probe-235_ecephys.nwb,2716432608,ea7c278d-82fe-4d9b-8da5-942bd60d0ba5,2024-06-08T06:49:34.910578Z,2026-08-25T22:33:01.211869Z,https://api.dandiarchive.org/api/assets/ea7c278d-82fe-4d9b-8da5-942bd60d0ba5/download/
sub-615563/sub-615563_ses-None_probe-234_ecephys.nwb,2971496336,3dab87eb-17ec-4099-a1e4-a9a438e85a1c,2024-06-08T06:49:39.553292Z,2026-08-25T22:33:01.229745Z,https://api.dandiarchive.org/api/assets/3dab87eb-17ec-4099-a1e4-a9a438e85a1c/download/
sub-615563/sub-615563_ses-None_probe-236_ecephys.nwb,3059483576,d71fbae6-6985-42b5-8a8c-394a534aaeb9,2024-06-08T06:49:44.760647Z,2026-08-25T22:33:01.246904Z,https://api.dandiarchive.org/api/assets/d71fbae6-6985-42b5-8a8c-394a534aaeb9/download/
sub-615563/sub-615563_ses-None_probe-240_ecephys.nwb,2685217176,8900c69e-4337-4165-8f84-6b373033e79d,2024-06-08T06:56:08.509331Z,2026-08-25T22:33:01.257481Z,https://api.dandiarchive.org/api/assets/8900c69e-4337-4165-8f84-6b373033e79d/download/
sub-615563/sub-615563_ses-None_probe-239_ecephys.nwb,2778792572,057ee2f0-e58f-478b-9ea0-deed585a9e43,2024-06-08T06:56:12.485169Z,2026-08-25T22:33:01.272813Z,https://api.dandiarchive.org/api/assets/057ee2f0-e58f-478b-9ea0-deed585a9e43/download/
sub-615563/sub-615563_ses-None_probe-237_ecephys.nwb,3059510960,596497bc-b7f2-432a-9c1d-1f0a941a52f5,2024-06-08T06:56:36.201498Z,2026-08-25T22:33:01.286593Z,https://api.dandiarchive.org/api/assets/596497bc-b7f2-432a-9c1d-1f0a941a52f5/download/
sub-615563/sub-615563_ses-None_probe-238_ecephys.nwb,3059486264,92e129d1-c9d7-4e8d-95c0-3aaa34e9c371,2024-06-08T06:56:44.963373Z,2026-08-25T22:33:01.304507Z,https://api.dandiarchive.org/api/assets/92e129d1-c9d7-4e8d-95c0-3aaa34e9c371/download/
sub-615564/sub-615564_ses-20220815T222607.nwb,2184388459,5d920e61-b88e-426c-9ae2-3a8b7c5544ab,2024-06-08T06:57:21.908118Z,2026-08-25T22:33:01.326260Z,https://api.dandiarchive.org/api/assets/5d920e61-b88e-426c-9ae2-3a8b7c5544ab/download/
sub-615564/sub-615564_ses-None_probe-242_ecephys.nwb,2328502488,d7fe6197-373c-4b3a-a467-5aa301b90732,2024-06-08T07:01:03.716894Z,2026-08-25T22:33:01.359820Z,https://api.dandiarchive.org/api/assets/d7fe6197-373c-4b3a-a467-5aa301b90732/download/
sub-615564/sub-615564_ses-None_probe-241_ecephys.nwb,3082753608,97630589-2c46-4986-8c98-d475a80e45c9,2024-06-08T07:01:26.867835Z,2026-08-25T22:33:01.371545Z,https://api.dandiarchive.org/api/assets/97630589-2c46-4986-8c98-d475a80e45c9/download/
sub-615564/sub-615564_ses-20220817T213756.nwb,1761302493,558cdfa4-9d62-4b9d-a6dd-1366aaf603e9,2024-06-08T07:04:38.162135Z,2026-08-25T22:33:01.385586Z,https://api.dandiarchive.org/api/assets/558cdfa4-9d62-4b9d-a6dd-1366aaf603e9/download/
sub-615564/sub-615564_ses-20220818T210203.nwb,1829724230,b8a2c0f2-dfb9-4bc4-b8cd-266c31d98e73,2024-06-08T07:04:43.825422Z,2026-08-25T22:33:01.399518Z,https://api.dandiarchive.org/api/assets/b8a2c0f2-dfb9-4bc4-b8cd-266c31d98e73/download/
sub-615564/sub-615564_ses-20220816T201007.nwb,2435820122,ef791a9a-b13e-46b6-9486-8ada7431f571,2024-06-08T07:04:49.549589Z,2026-08-25T22:33:01.419811Z,https://api.dandiarchive.org/api/assets/ef791a9a-b13e-46b6-9486-8ada7431f571/download/
sub-615564/sub-615564_ses-None_probe-243_ecephys.nwb,2925615716,035348c7-3620-4aca-8f70-c74b58d38dac,2024-06-08T07:07:37.190781Z,2026-08-25T22:33:01.432607Z,https://api.dandiarchive.org/api/assets/035348c7-3620-4aca-8f70-c74b58d38dac/download/
sub-615564/sub-615564_ses-None_probe-244_ecephys.nwb,2894179144,dbacb5ad-bd28-45f6-b8d0-25a271b750df,2024-06-08T07:07:38.188057Z,2026-08-25T22:33:01.451535Z,https://api.dandiarchive.org/api/assets/dbacb5ad-bd28-45f6-b8d0-25a271b750df/download/
sub-615564/sub-615564_ses-None_probe-245_ecephys.nwb,2988487025,5d9dac3a-376e-4057-bc83-f77f75dd6270,2024-06-08T07:11:59.559090Z,2026-08-25T22:33:01.479311Z,https://api.dandiarchive.org/api/assets/5d9dac3a-376e-4057-bc83-f77f75dd6270/download/
sub-615564/sub-615564_ses-None_probe-246_ecephys.nwb,2862777552,2a340801-508e-484e-b9a5-7d50b102400c,2024-06-08T07:12:00.536192Z,2026-08-25T22:33:01.510276Z,https://api.dandiarchive.org/api/assets/2a340801-508e-484e-b9a5-7d50b102400c/download/
sub-615564/sub-615564_ses-None_probe-247_ecephys.nwb,3074005552,a38896ee-34f5-45c8-9e3e-16ae90b48b48,2024-06-08T07:12:05.300092Z,2026-08-25T22:33:01.539335Z,https://api.dandiarchive.org/api/assets/a38896ee-34f5-45c8-9e3e-16ae90b48b48/download/
sub-615564/sub-615564_ses-None_probe-249_ecephys.nwb,2760612576,18838bff-3148-40d6-9d46-2587a7ed6fa2,2024-06-08T07:14:34.279226Z,2026-08-25T22:33:01.557470Z,https://api.dandiarchive.org/api/assets/18838bff-3148-40d6-9d46-2587a7ed6fa2/download/
sub-615564/sub-615564_ses-None_probe-248_ecephys.nwb,2854621404,0f99a440-4c2d-4645-afaf-18273763ad8e,2024-06-08T07:14:40.752597Z,2026-08-25T22:33:01.576333Z,https://api.dandiarchive.org/api/assets/0f99a440-4c2d-4645-afaf-18273763ad8e/download/
sub-615564/sub-615564_ses-None_probe-250_ecephys.nwb,3073984832,aa00ded9-216f-45f4-abc9-10d7c3018acc,2024-06-08T07:19:03.038797Z,2026-08-25T22:33:01.595005Z,https://api.dandiarchive.org/api/assets/aa00ded9-216f-45f4-abc9-10d7c3018acc/download/
sub-615564/sub-615564_ses-None_probe-251_ecephys.nwb,3074023768,5a871830-af8c-4172-9abc-b729b071a0c9,2024-06-08T07:19:03.638963Z,2026-08-25T22:33:01.606960Z,https://api.dandiarchive.org/api/assets/5a871830-af8c-4172-9abc-b729b071a0c9/download/
sub-615564/sub-615564_ses-None_probe-252_ecephys.nwb,3073992616,6e76ba83-dfc8-474b-88a7-45197b74a6f2,2024-06-08T07:19:03.742469Z,2026-08-25T22:33:01.623868Z,https://api.dandiarchive.org/api/assets/6e76ba83-dfc8-474b-88a7-45197b74a6f2/download/
sub-615564/sub-615564_ses-None_probe-253_ecephys.nwb,3040751408,5933dfec-a004-4898-b067-70d9b7edbd52,2024-06-08T07:21:32.469901Z,2026-08-25T22:33:01.637304Z,https://api.dandiarchive.org/api/assets/5933dfec-a004-4898-b067-70d9b7edbd52/download/
sub-615564/sub-615564_ses-None_probe-254_ecephys.nwb,3040738320,845e6663-810d-4587-935c-59bfbdc829b1,2024-06-08T07:21:37.440941Z,2026-08-25T22:33:01.653422Z,https://api.dandiarchive.org/api/assets/845e6663-810d-4587-935c-59bfbdc829b1/download/
sub-615564/sub-615564_ses-None_probe-255_ecephys.nwb,2730779328,7eb39ca7-685f-4d4a-8d8c-3e7e2ad55748,2024-06-08T07:25:44.009324Z,2026-08-25T22:33:01.675317Z,https://api.dandiarchive.org/api/assets/7eb39ca7-685f-4d4a-8d8c-3e7e2ad55748/download/
sub-615564/sub-615564_ses-None_probe-256_ecephys.nwb,3040723968,b16b723e-0529-4d41-8e2c-e427697f2296,2024-06-08T07:25:51.826007Z,2026-08-25T22:33:01.687775Z,https://api.dandiarchive.org/api/assets/b16b723e-0529-4d41-8e2c-e427697f2296/download/
sub-615564/sub-615564_ses-None_probe-257_ecephys.nwb,3040720832,ed0b952f-3e94-47f6-bd40-9b946ba7e773,2024-06-08T07:25:54.305441Z,2026-08-25T22:33:01.699574Z,https://api.dandiarchive.org/api/assets/ed0b952f-3e94-47f6-bd40-9b946ba7e773/download/
sub-615564/sub-615564_ses-None_probe-258_ecephys.nwb,3040725144,c8f97e6d-b3e2-4240-b90c-37dafe777ab5,2024-06-08T07:26:47.201255Z,2026-08-25T22:33:01.715358Z,https://api.dandiarchive.org/api/assets/c8f97e6d-b3e2-4240-b90c-37dafe777ab5/download/
sub-615564/sub-615564_ses-None_probe-259_ecephys.nwb,3064260824,b6e53311-0e88-48fa-9952-65edc4b7846a,2024-06-08T07:28:05.431592Z,2026-08-25T22:33:01.742260Z,https://api.dandiarchive.org/api/assets/b6e53311-0e88-48fa-9952-65edc4b7846a/download/
sub-615564/sub-615564_ses-None_probe-261_ecephys.nwb,2908084472,7bd85794-2fd5-4262-97a4-9cdfc43e8609,2024-06-08T07:32:16.931393Z,2026-08-25T22:33:01.757187Z,https://api.dandiarchive.org/api/assets/7bd85794-2fd5-4262-97a4-9cdfc43e8609/download/
sub-615564/sub-615564_ses-None_probe-260_ecephys.nwb,3064229520,13b3d8cb-f2c8-481c-ae69-95b94fe88e60,2024-06-08T07:33:27.127800Z,2026-08-25T22:33:01.771942Z,https://api.dandiarchive.org/api/assets/13b3d8cb-f2c8-481c-ae69-95b94fe88e60/download/
sub-615564/sub-615564_ses-None_probe-262_ecephys.nwb,2783099460,bf52e9ed-9374-49a3-b8ef-e013c19f00d7,2024-06-08T07:34:13.017988Z,2026-08-25T22:33:01.782753Z,https://api.dandiarchive.org/api/assets/bf52e9ed-9374-49a3-b8ef-e013c19f00d7/download/
sub-615564/sub-615564_ses-None_probe-263_ecephys.nwb,3064221232,24988c99-c6ac-4ad9-b328-f9f527bd7261,2024-06-08T07:34:18.829939Z,2026-08-25T22:33:01.793733Z,https://api.dandiarchive.org/api/assets/24988c99-c6ac-4ad9-b328-f9f527bd7261/download/
sub-615564/sub-615564_ses-None_probe-264_ecephys.nwb,3064229072,5eb609ea-b522-4ca2-909d-dce510cf0365,2024-06-08T07:34:24.608185Z,2026-08-25T22:33:01.807566Z,https://api.dandiarchive.org/api/assets/5eb609ea-b522-4ca2-909d-dce510cf0365/download/
sub-623319/sub-623319_ses-20220907T210904.nwb,1653477584,280f25f8-4909-4aea-8f89-2e0275723e69,2024-06-08T07:36:45.858131Z,2026-08-25T22:33:01.819767Z,https://api.dandiarchive.org/api/assets/280f25f8-4909-4aea-8f89-2e0275723e69/download/
sub-623319/sub-623319_ses-None_probe-266_ecephys.nwb,2855294272,1d9f07cc-61c7-404a-ae2b-028a4ad22d5a,2024-06-08T07:38:47.737794Z,2026-08-25T22:33:01.830946Z,https://api.dandiarchive.org/api/assets/1d9f07cc-61c7-404a-ae2b-028a4ad22d5a/download/
sub-623319/sub-623319_ses-None_probe-265_ecephys.nwb,3074736816,16ca50e7-16f1-4563-92ad-031a66e2def3,2024-06-08T07:38:59.783634Z,2026-08-25T22:33:01.843025Z,https://api.dandiarchive.org/api/assets/16ca50e7-16f1-4563-92ad-031a66e2def3/download/
sub-623319/sub-623319_ses-20220908T212131.nwb,1761173586,69ce96b3-28b8-4c06-bd1d-90e8fd3c3e64,2024-06-08T07:40:32.877498Z,2026-08-25T22:33:01.856211Z,https://api.dandiarchive.org/api/assets/69ce96b3-28b8-4c06-bd1d-90e8fd3c3e64/download/
sub-623319/sub-623319_ses-None_probe-267_ecephys.nwb,2886625952,8d71054a-82bc-4382-8c7b-ab4f3ded0d58,2024-06-08T07:42:47.689940Z,2026-08-25T22:33:01.868168Z,https://api.dandiarchive.org/api/assets/8d71054a-82bc-4382-8c7b-ab4f3ded0d58/download/
sub-623319/sub-623319_ses-None_probe-269_ecephys.nwb,2698567040,4e3bcb42-ba65-4d69-8028-15635ea23f46,2024-06-08T07:43:19.258458Z,2026-08-25T22:33:01.887201Z,https://api.dandiarchive.org/api/assets/4e3bcb42-ba65-4d69-8028-15635ea23f46/download/
sub-623319/sub-623319_ses-20220909T175625.nwb,1827384265,08f29856-ec30-47ed-ab6c-659255260366,2024-06-08T07:43:47.205780Z,2026-08-25T22:33:01.898181Z,https://api.dandiarchive.org/api/assets/08f29856-ec30-47ed-ab6c-659255260366/download/
sub-623319/sub-623319_ses-None_probe-268_ecephys.nwb,3074709192,b46aeeec-a23f-4f85-a152-1299079d4993,2024-06-08T07:44:42.617093Z,2026-08-25T22:33:01.911644Z,https://api.dandiarchive.org/api/assets/b46aeeec-a23f-4f85-a152-1299079d4993/download/
sub-623319/sub-623319_ses-None_probe-270_ecephys.nwb,2917973180,43e9c415-5d2d-470f-b5c7-893ea1512924,2024-06-08T07:46:59.509144Z,2026-08-25T22:33:01.921490Z,https://api.dandiarchive.org/api/assets/43e9c415-5d2d-470f-b5c7-893ea1512924/download/
sub-623319/sub-623319_ses-None_probe-271_ecephys.nwb,3213697496,826c1f75-65dc-43bd-982a-4ca5e17d4fd5,2024-06-08T07:51:28.791351Z,2026-08-25T22:33:01.944013Z,https://api.dandiarchive.org/api/assets/826c1f75-65dc-43bd-982a-4ca5e17d4fd5/download/
sub-623319/sub-623319_ses-None_probe-272_ecephys.nwb,3213663448,bd8f1dcb-1714-4398-8512-c156423d6a00,2024-06-08T07:51:34.903395Z,2026-08-25T22:33:01.962124Z,https://api.dandiarchive.org/api/assets/bd8f1dcb-1714-4398-8512-c156423d6a00/download/
sub-623319/sub-623319_ses-None_probe-274_ecephys.nwb,3213665352,45c39986-cdd4-4bdc-8521-34b02765c91d,2024-06-08T07:51:43.947849Z,2026-08-25T22:33:01.987221Z,https://api.dandiarchive.org/api/assets/45c39986-cdd4-4bdc-8521-34b02765c91d/download/
sub-623319/sub-623319_ses-None_probe-273_ecephys.nwb,3213706512,dff398e2-ab54-4120-8f9f-e1bd6608d076,2024-06-08T07:51:44.910025Z,2026-08-25T22:33:02.001391Z,https://api.dandiarchive.org/api/assets/dff398e2-ab54-4120-8f9f-e1bd6608d076/download/
sub-623319/sub-623319_ses-None_probe-275_ecephys.nwb,3213670240,9826b166-9ec9-453e-88b1-c8903f19ab3e,2024-06-08T07:53:28.036543Z,2026-08-25T22:33:02.044346Z,https://api.dandiarchive.org/api/assets/9826b166-9ec9-453e-88b1-c8903f19ab3e/download/
sub-623319/sub-623319_ses-None_probe-616_ecephys.nwb,3085229872,cbb07b40-32ef-42ea-969d-dcee5376a5e8,2024-06-08T07:59:15.992879Z,2026-08-25T22:33:02.083224Z,https://api.dandiarchive.org/api/assets/cbb07b40-32ef-42ea-969d-dcee5376a5e8/download/
sub-623319/sub-623319_ses-None_probe-615_ecephys.nwb,3085243984,62d5b051-bd39-4d86-ad71-36500db11f49,2024-06-08T07:59:50.292861Z,2026-08-25T22:33:02.098182Z,https://api.dandiarchive.org/api/assets/62d5b051-bd39-4d86-ad71-36500db11f49/download/
sub-623319/sub-623319_ses-None_probe-617_ecephys.nwb,3085248504,a3780c51-0e49-4098-b57c-2ad8b5a3f9db,2024-06-08T08:00:15.069372Z,2026-08-25T22:33:02.113412Z,https://api.dandiarchive.org/api/assets/a3780c51-0e49-4098-b57c-2ad8b5a3f9db/download/
sub-623319/sub-623319_ses-None_probe-276_ecephys.nwb,3115386861,812abc8c-df17-41ad-9bb3-ecff93ace067,2024-06-08T08:00:16.682929Z,2026-08-25T22:33:02.136535Z,https://api.dandiarchive.org/api/assets/812abc8c-df17-41ad-9bb3-ecff93ace067/download/
sub-623319/sub-623319_ses-None_probe-618_ecephys.nwb,3022313718,96cc25cb-ee55-410a-b48a-7146936175c1,2024-06-08T08:00:19.199450Z,2026-08-25T22:33:02.152244Z,https://api.dandiarchive.org/api/assets/96cc25cb-ee55-410a-b48a-7146936175c1/download/
sub-623319/sub-623319_ses-None_probe-619_ecephys.nwb,2770709696,78f7f823-5d83-48a9-9ee6-186afc8d3205,2024-06-08T08:03:49.038620Z,2026-08-25T22:33:02.166360Z,https://api.dandiarchive.org/api/assets/78f7f823-5d83-48a9-9ee6-186afc8d3205/download/
sub-623319/sub-623319_ses-None_probe-620_ecephys.nwb,3085219496,383dac65-cd5f-44ba-88d5-4207209251e6,2024-06-08T08:04:09.392825Z,2026-08-25T22:33:02.185099Z,https://api.dandiarchive.org/api/assets/383dac65-cd5f-44ba-88d5-4207209251e6/download/
sub-623322/sub-623322_ses-None_probe-283_ecephys.nwb,2879889712,97c72ea1-e153-440d-96d4-54e7fcb1697a,2024-06-08T08:06:16.168246Z,2026-08-25T22:33:02.200554Z,https://api.dandiarchive.org/api/assets/97c72ea1-e153-440d-96d4-54e7fcb1697a/download/
sub-623322/sub-623322_ses-20220824T212827.nwb,1965836866,52c93c0d-f4c4-444b-9c8f-d0a68126147b,2024-06-08T08:08:00.390399Z,2026-08-25T22:33:02.234610Z,https://api.dandiarchive.org/api/assets/52c93c0d-f4c4-444b-9c8f-d0a68126147b/download/
sub-623322/sub-623322_ses-20220822T213256.nwb,1939669263,6467350a-a068-41b6-9318-ff24a3cf88a5,2024-06-08T08:08:00.393590Z,2026-08-25T22:33:02.250379Z,https://api.dandiarchive.org/api/assets/6467350a-a068-41b6-9318-ff24a3cf88a5/download/
sub-623322/sub-623322_ses-20220823T222346.nwb,1732835086,305b10c8-1cb2-4ccb-8408-bfcd6afe69e3,2024-06-08T08:08:02.255005Z,2026-08-25T22:33:02.267647Z,https://api.dandiarchive.org/api/assets/305b10c8-1cb2-4ccb-8408-bfcd6afe69e3/download/
sub-623322/sub-623322_ses-None_probe-284_ecephys.nwb,3067512128,067f92d2-5c82-4d33-ae79-d5be6fc0333e,2024-06-08T08:09:40.601524Z,2026-08-25T22:33:02.282098Z,https://api.dandiarchive.org/api/assets/067f92d2-5c82-4d33-ae79-d5be6fc0333e/download/
sub-623322/sub-623322_ses-20220825T212029.nwb,1100953508,f5a33a8a-8167-46aa-9c16-019797a7b509,2024-06-08T08:11:23.864684Z,2026-08-25T22:33:02.305254Z,https://api.dandiarchive.org/api/assets/f5a33a8a-8167-46aa-9c16-019797a7b509/download/
sub-623322/sub-623322_ses-None_probe-286_ecephys.nwb,2879875360,627b8c64-e768-4739-94a4-ddf4c32f36e0,2024-06-08T08:15:48.606229Z,2026-08-25T22:33:02.319080Z,https://api.dandiarchive.org/api/assets/627b8c64-e768-4739-94a4-ddf4c32f36e0/download/
sub-623322/sub-623322_ses-None_probe-287_ecephys.nwb,3067495608,f66a0a53-5598-4ca5-8b9c-d8846b6903ec,2024-06-08T08:16:00.094944Z,2026-08-25T22:33:02.329471Z,https://api.dandiarchive.org/api/assets/f66a0a53-5598-4ca5-8b9c-d8846b6903ec/download/
sub-623322/sub-623322_ses-None_probe-285_ecephys.nwb,3067522656,9a9635cc-ddba-4bf4-a2b3-4da1f4dc42f1,2024-06-08T08:16:01.128203Z,2026-08-25T22:33:02.339697Z,https://api.dandiarchive.org/api/assets/9a9635cc-ddba-4bf4-a2b3-4da1f4dc42f1/download/
sub-623322/sub-623322_ses-None_probe-288_ecephys.nwb,3067487376,ff4e640b-1395-47ba-8224-f68f20218142,2024-06-08T08:16:04.727263Z,2026-08-25T22:33:02.351760Z,https://api.dandiarchive.org/api/assets/ff4e640b-1395-47ba-8224-f68f20218142/download/
sub-623322/sub-623322_ses-None_probe-289_ecephys.nwb,3033205886,d333c188-bf9f-43ef-bd9c-82683acec211,2024-06-08T08:16:33.328094Z,2026-08-25T22:33:02.361254Z,https://api.dandiarchive.org/api/assets/d333c188-bf9f-43ef-bd9c-82683acec211/download/
sub-623322/sub-623322_ses-None_probe-290_ecephys.nwb,2717531176,b054ae5e-7711-4cb5-9008-a830166ed407,2024-06-08T08:23:57.504361Z,2026-08-25T22:33:02.379589Z,https://api.dandiarchive.org/api/assets/b054ae5e-7711-4cb5-9008-a830166ed407/download/
sub-623322/sub-623322_ses-None_probe-292_ecephys.nwb,2780666016,03cdacb6-f1c1-412c-aca9-45b544a1263e,2024-06-08T08:24:02.029897Z,2026-08-25T22:33:02.390771Z,https://api.dandiarchive.org/api/assets/03cdacb6-f1c1-412c-aca9-45b544a1263e/download/
sub-623322/sub-623322_ses-None_probe-294_ecephys.nwb,2970047680,1bd961e6-1cc5-4ce2-b314-fdeeff74c27c,2024-06-08T08:24:16.350101Z,2026-08-25T22:33:02.401845Z,https://api.dandiarchive.org/api/assets/1bd961e6-1cc5-4ce2-b314-fdeeff74c27c/download/
sub-623322/sub-623322_ses-None_probe-291_ecephys.nwb,2970078512,ec8fc5e4-3f3a-42eb-bb00-80a685ad004a,2024-06-08T08:24:17.207182Z,2026-08-25T22:33:02.411413Z,https://api.dandiarchive.org/api/assets/ec8fc5e4-3f3a-42eb-bb00-80a685ad004a/download/
sub-623322/sub-623322_ses-None_probe-293_ecephys.nwb,3096309960,eaa4e4cc-8611-4c80-a60b-f76eb9f9707c,2024-06-08T08:24:17.280664Z,2026-08-25T22:33:02.421584Z,https://api.dandiarchive.org/api/assets/eaa4e4cc-8611-4c80-a60b-f76eb9f9707c/download/
sub-623322/sub-623322_ses-None_probe-299_ecephys.nwb,2767426240,42740ae0-709e-445a-8835-f5685ebdc391,2024-06-08T08:31:22.053626Z,2026-08-25T22:33:02.431967Z,https://api.dandiarchive.org/api/assets/42740ae0-709e-445a-8835-f5685ebdc391/download/
sub-623322/sub-623322_ses-None_probe-296_ecephys.nwb,2830253808,24fbd4a0-e963-42be-ac17-017d1003332c,2024-06-08T08:32:00.418050Z,2026-08-25T22:33:02.441705Z,https://api.dandiarchive.org/api/assets/24fbd4a0-e963-42be-ac17-017d1003332c/download/
sub-623322/sub-623322_ses-None_probe-295_ecephys.nwb,3081588400,681d664d-5b0f-42f1-8170-9365874cfece,2024-06-08T08:32:20.710295Z,2026-08-25T22:33:02.452976Z,https://api.dandiarchive.org/api/assets/681d664d-5b0f-42f1-8170-9365874cfece/download/
sub-623322/sub-623322_ses-None_probe-297_ecephys.nwb,3081604264,e4bd03ec-ee8f-487d-9dd0-6421b30c1ab3,2024-06-08T08:32:25.298120Z,2026-08-25T22:33:02.463403Z,https://api.dandiarchive.org/api/assets/e4bd03ec-ee8f-487d-9dd0-6421b30c1ab3/download/
sub-623322/sub-623322_ses-None_probe-298_ecephys.nwb,3081573112,aec95eaf-bd1d-4f5e-8982-9d301983a606,2024-06-08T08:32:25.429591Z,2026-08-25T22:33:02.473522Z,https://api.dandiarchive.org/api/assets/aec95eaf-bd1d-4f5e-8982-9d301983a606/download/
sub-623322/sub-623322_ses-None_probe-300_ecephys.nwb,3081575072,51e05d53-cb75-4bcb-a460-38a3d32e0d34,2024-06-08T08:35:36.630430Z,2026-08-25T22:33:02.483214Z,https://api.dandiarchive.org/api/assets/51e05d53-cb75-4bcb-a460-38a3d32e0d34/download/
sub-623322/sub-623322_ses-None_probe-304_ecephys.nwb,1305181712,d51358c3-ec0c-4bf3-a711-6d0145907e11,2024-06-08T08:37:11.244131Z,2026-08-25T22:33:02.493078Z,https://api.dandiarchive.org/api/assets/d51358c3-ec0c-4bf3-a711-6d0145907e11/download/
sub-623322/sub-623322_ses-None_probe-303_ecephys.nwb,1305191016,97271989-614d-43c7-b367-2874e76f83f4,2024-06-08T08:37:15.368052Z,2026-08-25T22:33:02.502965Z,https://api.dandiarchive.org/api/assets/97271989-614d-43c7-b367-2874e76f83f4/download/
sub-623322/sub-623322_ses-None_probe-301_ecephys.nwb,1486892024,878e6e71-354e-413d-990b-0ede94759ac9,2024-06-08T08:37:33.052538Z,2026-08-25T22:33:02.512137Z,https://api.dandiarchive.org/api/assets/878e6e71-354e-413d-990b-0ede94759ac9/download/
sub-623322/sub-623322_ses-None_probe-302_ecephys.nwb,1486892024,d5dd74c5-6ce1-46ca-b613-644685b52fe1,2024-06-08T08:37:33.069454Z,2026-08-25T22:33:02.521469Z,https://api.dandiarchive.org/api/assets/d5dd74c5-6ce1-46ca-b613-644685b52fe1/download/
sub-623322/sub-623322_ses-None_probe-305_ecephys.nwb,1486920248,b758c43c-2c67-45e2-a5ca-f79d2d76cf1e,2024-06-08T08:38:36.417386Z,2026-08-25T22:33:02.531066Z,https://api.dandiarchive.org/api/assets/b758c43c-2c67-45e2-a5ca-f79d2d76cf1e/download/
sub-623322/sub-623322_ses-None_probe-306_ecephys.nwb,1486916328,cce02d7b-05a4-48d9-94c2-61db5e5f7e08,2024-06-08T08:39:46.009962Z,2026-08-25T22:33:02.540520Z,https://api.dandiarchive.org/api/assets/cce02d7b-05a4-48d9-94c2-61db5e5f7e08/download/
sub-623784/sub-623784_ses-20220829T215528.nwb,1652287993,bd27f5db-6efd-44d4-a447-6e4b452d764a,2024-06-08T08:43:58.296992Z,2026-08-25T22:33:02.550003Z,https://api.dandiarchive.org/api/assets/bd27f5db-6efd-44d4-a447-6e4b452d764a/download/
sub-623784/sub-623784_ses-20220831T212027.nwb,1281069527,df193c3a-d4e9-4a30-8468-f67b39e6d690,2024-06-08T08:44:06.957976Z,2026-08-25T22:33:02.559738Z,https://api.dandiarchive.org/api/assets/df193c3a-d4e9-4a30-8468-f67b39e6d690/download/
sub-623784/sub-623784_ses-20220830T212933.nwb,1797667364,e6ce03e5-67d0-4a6d-8d3b-e5da38e6d985,2024-06-08T08:44:36.772623Z,2026-08-25T22:33:02.569541Z,https://api.dandiarchive.org/api/assets/e6ce03e5-67d0-4a6d-8d3b-e5da38e6d985/download/
sub-623784/sub-623784_ses-20220901T200844.nwb,1680228165,db7e3afb-c7f4-498a-b1d7-448a0f6e04b1,2024-06-08T08:44:37.308301Z,2026-08-25T22:33:02.579594Z,https://api.dandiarchive.org/api/assets/db7e3afb-c7f4-498a-b1d7-448a0f6e04b1/download/
sub-623784/sub-623784_ses-None_probe-307_ecephys.nwb,3312962872,3879cf8c-f5c2-47b3-8ffc-0ff4dce853e3,2024-06-08T08:44:39.730117Z,2026-08-25T22:33:02.589605Z,https://api.dandiarchive.org/api/assets/3879cf8c-f5c2-47b3-8ffc-0ff4dce853e3/download/
sub-623784/sub-623784_ses-None_probe-310_ecephys.nwb,2975191424,265dd50d-d6ee-4cd5-8c33-e6e43ee3f017,2024-06-08T08:49:44.708078Z,2026-08-25T22:33:02.600328Z,https://api.dandiarchive.org/api/assets/265dd50d-d6ee-4cd5-8c33-e6e43ee3f017/download/
sub-623784/sub-623784_ses-None_probe-309_ecephys.nwb,3042768488,0ef50f3d-496c-4672-bcca-c7557081240e,2024-06-08T08:52:21.099924Z,2026-08-25T22:33:02.609934Z,https://api.dandiarchive.org/api/assets/0ef50f3d-496c-4672-bcca-c7557081240e/download/
sub-623784/sub-623784_ses-None_probe-311_ecephys.nwb,3042733208,559f4d18-5343-4028-a33f-31222b074600,2024-06-08T08:52:56.267922Z,2026-08-25T22:33:02.619145Z,https://api.dandiarchive.org/api/assets/559f4d18-5343-4028-a33f-31222b074600/download/
sub-623784/sub-623784_ses-None_probe-312_ecephys.nwb,3177838440,1d13899b-f283-4b51-813c-d9724070dede,2024-06-08T08:52:56.816484Z,2026-08-25T22:33:02.628144Z,https://api.dandiarchive.org/api/assets/1d13899b-f283-4b51-813c-d9724070dede/download/
sub-623784/sub-623784_ses-None_probe-308_ecephys.nwb,3312948424,1bb9ff1c-8228-4dfc-9194-c9ff3af7622f,2024-06-08T08:53:02.434512Z,2026-08-25T22:33:02.637804Z,https://api.dandiarchive.org/api/assets/1bb9ff1c-8228-4dfc-9194-c9ff3af7622f/download/
sub-623784/sub-623784_ses-None_probe-313_ecephys.nwb,2170480112,ce926f19-d18f-4a2a-a959-a5c58bac8fa9,2024-06-08T08:55:35.392856Z,2026-08-25T22:33:02.648714Z,https://api.dandiarchive.org/api/assets/ce926f19-d18f-4a2a-a959-a5c58bac8fa9/download/
sub-623784/sub-623784_ses-None_probe-314_ecephys.nwb,2641669664,8a9b9bcd-4ee9-41b1-a5d0-96d1fe34bf0f,2024-06-08T08:57:23.503299Z,2026-08-25T22:33:02.657941Z,https://api.dandiarchive.org/api/assets/8a9b9bcd-4ee9-41b1-a5d0-96d1fe34bf0f/download/
sub-623784/sub-623784_ses-None_probe-315_ecephys.nwb,2735936268,7df4078a-114d-4e6e-aa7c-41d44084e699,2024-06-08T08:59:06.453319Z,2026-08-25T22:33:02.667722Z,https://api.dandiarchive.org/api/assets/7df4078a-114d-4e6e-aa7c-41d44084e699/download/
sub-623784/sub-623784_ses-None_probe-317_ecephys.nwb,2861555240,22b7c301-5ad1-4640-bbf1-aa31f50f744e,2024-06-08T09:00:11.256137Z,2026-08-25T22:33:02.677393Z,https://api.dandiarchive.org/api/assets/22b7c301-5ad1-4640-bbf1-aa31f50f744e/download/
sub-623784/sub-623784_ses-None_probe-316_ecephys.nwb,2987213241,26bc1921-b1d4-4295-a7c3-1a473e81a283,2024-06-08T09:00:23.536270Z,2026-08-25T22:33:02.687402Z,https://api.dandiarchive.org/api/assets/26bc1921-b1d4-4295-a7c3-1a473e81a283/download/
sub-623784/sub-623784_ses-None_probe-318_ecephys.nwb,3081446888,050d26d4-f142-4eb1-93f6-4ccc142a8ca1,2024-06-08T09:01:15.746674Z,2026-08-25T22:33:02.696009Z,https://api.dandiarchive.org/api/assets/050d26d4-f142-4eb1-93f6-4ccc142a8ca1/download/
sub-623784/sub-623784_ses-None_probe-319_ecephys.nwb,3135972912,2bd438ec-b87e-4dd9-987c-32a4565969b8,2024-06-08T09:04:19.226901Z,2026-08-25T22:33:02.705425Z,https://api.dandiarchive.org/api/assets/2bd438ec-b87e-4dd9-987c-32a4565969b8/download/
sub-623784/sub-623784_ses-None_probe-320_ecephys.nwb,2752332264,8c3ac0c9-d3a9-42cd-b235-96eff8dab587,2024-06-08T09:04:57.042800Z,2026-08-25T22:33:02.715502Z,https://api.dandiarchive.org/api/assets/8c3ac0c9-d3a9-42cd-b235-96eff8dab587/download/
sub-623784/sub-623784_ses-None_probe-322_ecephys.nwb,2880248288,59b3b599-c44a-4fd8-bb52-50d4783d10d7,2024-06-08T09:06:09.909871Z,2026-08-25T22:33:02.724397Z,https://api.dandiarchive.org/api/assets/59b3b599-c44a-4fd8-bb52-50d4783d10d7/download/
sub-623784/sub-623784_ses-None_probe-321_ecephys.nwb,2944182256,ebff6c98-25ab-4ff4-9c13-6dbb68e5e2eb,2024-06-08T09:06:09.967165Z,2026-08-25T22:33:02.733469Z,https://api.dandiarchive.org/api/assets/ebff6c98-25ab-4ff4-9c13-6dbb68e5e2eb/download/
sub-623784/sub-623784_ses-None_probe-323_ecephys.nwb,2816280760,3b04922a-2304-4e13-94aa-83b8c96f4b99,2024-06-08T09:07:25.987937Z,2026-08-25T22:33:02.742284Z,https://api.dandiarchive.org/api/assets/3b04922a-2304-4e13-94aa-83b8c96f4b99/download/
sub-623784/sub-623784_ses-None_probe-324_ecephys.nwb,2880221648,e402cc45-1f91-4851-9000-00b3ac3d96de,2024-06-08T09:10:35.873572Z,2026-08-25T22:33:02.751568Z,https://api.dandiarchive.org/api/assets/e402cc45-1f91-4851-9000-00b3ac3d96de/download/
sub-623784/sub-623784_ses-None_probe-325_ecephys.nwb,2624446024,41767717-013e-4335-bf5c-410b3e5ac218,2024-06-08T09:10:42.054483Z,2026-08-25T22:33:02.761434Z,https://api.dandiarchive.org/api/assets/41767717-013e-4335-bf5c-410b3e5ac218/download/
sub-623784/sub-623784_ses-None_probe-328_ecephys.nwb,2686844640,f58f7f7e-335e-4a49-9ca5-e92fecaf379d,2024-06-08T09:13:50.720179Z,2026-08-25T22:33:02.771370Z,https://api.dandiarchive.org/api/assets/f58f7f7e-335e-4a49-9ca5-e92fecaf379d/download/
sub-623784/sub-623784_ses-None_probe-326_ecephys.nwb,2842893520,920fa6f5-05d5-4fdc-a315-201156e6e130,2024-06-08T09:13:55.397414Z,2026-08-25T22:33:02.781783Z,https://api.dandiarchive.org/api/assets/920fa6f5-05d5-4fdc-a315-201156e6e130/download/
sub-623784/sub-623784_ses-None_probe-327_ecephys.nwb,2998951166,639bee45-d130-418e-939e-ae573ed38790,2024-06-08T09:14:02.458424Z,2026-08-25T22:33:02.793512Z,https://api.dandiarchive.org/api/assets/639bee45-d130-418e-939e-ae573ed38790/download/
sub-623784/sub-623784_ses-None_probe-329_ecephys.nwb,2842879492,f158b12b-777c-4a57-9b67-dd9d8b2e4eaa,2024-06-08T09:16:40.477206Z,2026-08-25T22:33:02.804931Z,https://api.dandiarchive.org/api/assets/f158b12b-777c-4a57-9b67-dd9d8b2e4eaa/download/
sub-623784/sub-623784_ses-None_probe-330_ecephys.nwb,3061343952,921d7682-2fe7-4265-a999-b647f7d941b4,2024-06-08T09:16:44.026063Z,2026-08-25T22:33:02.817010Z,https://api.dandiarchive.org/api/assets/921d7682-2fe7-4265-a999-b647f7d941b4/download/
sub-623786/sub-623786_ses-20220914T210304.nwb,2060112365,5bdd3216-d983-4c12-b999-85c0f9ddddce,2024-06-08T09:20:17.395552Z,2026-08-25T22:33:02.828542Z,https://api.dandiarchive.org/api/assets/5bdd3216-d983-4c12-b999-85c0f9ddddce/download/
sub-623786/sub-623786_ses-20220912T220716.nwb,1959164188,d6cafc7b-e639-46d8-90d9-90d8afd5417b,2024-06-08T09:20:21.008567Z,2026-08-25T22:33:02.839914Z,https://api.dandiarchive.org/api/assets/d6cafc7b-e639-46d8-90d9-90d8afd5417b/download/
sub-623786/sub-623786_ses-None_probe-331_ecephys.nwb,2775060980,67760f1f-a5f4-43cb-9b73-327266f94f31,2024-06-08T09:20:48.776036Z,2026-08-25T22:33:02.855340Z,https://api.dandiarchive.org/api/assets/67760f1f-a5f4-43cb-9b73-327266f94f31/download/
sub-623786/sub-623786_ses-20220913T211940.nwb,1670568578,2bdc8864-5dfd-4e61-8947-200245eb1db8,2024-06-08T09:20:49.813018Z,2026-08-25T22:33:02.864301Z,https://api.dandiarchive.org/api/assets/2bdc8864-5dfd-4e61-8947-200245eb1db8/download/
sub-623786/sub-623786_ses-20220915T202517.nwb,1960462579,c3b00af5-9e3e-4bc4-a924-558cb21b0bf6,2024-06-08T09:24:13.952715Z,2026-08-25T22:33:02.872971Z,https://api.dandiarchive.org/api/assets/c3b00af5-9e3e-4bc4-a924-558cb21b0bf6/download/
sub-623786/sub-623786_ses-None_probe-335_ecephys.nwb,2619308920,20508901-8ed0-42d6-8cba-b7ff5edf71ae,2024-06-08T09:27:43.294426Z,2026-08-25T22:33:02.881589Z,https://api.dandiarchive.org/api/assets/20508901-8ed0-42d6-8cba-b7ff5edf71ae/download/
sub-623786/sub-623786_ses-None_probe-333_ecephys.nwb,2806186008,82369215-8c3c-48d1-ab58-01bf0e8cf6bf,2024-06-08T09:28:04.994721Z,2026-08-25T22:33:02.893064Z,https://api.dandiarchive.org/api/assets/82369215-8c3c-48d1-ab58-01bf0e8cf6bf/download/
sub-623786/sub-623786_ses-None_probe-334_ecephys.nwb,2837364892,48550001-0c1d-4c21-a265-3be146a79358,2024-06-08T09:28:08.903186Z,2026-08-25T22:33:02.905566Z,https://api.dandiarchive.org/api/assets/48550001-0c1d-4c21-a265-3be146a79358/download/
sub-623786/sub-623786_ses-None_probe-332_ecephys.nwb,3055363992,628a246e-71b7-4f18-a918-ac97c56270fc,2024-06-08T09:28:09.416674Z,2026-08-25T22:33:02.916437Z,https://api.dandiarchive.org/api/assets/628a246e-71b7-4f18-a918-ac97c56270fc/download/
sub-623786/sub-623786_ses-None_probe-336_ecephys.nwb,2681595544,e4458a7e-c247-44b5-8ca8-d7625f7a03c3,2024-06-08T09:29:41.137602Z,2026-08-25T22:33:02.928040Z,https://api.dandiarchive.org/api/assets/e4458a7e-c247-44b5-8ca8-d7625f7a03c3/download/
sub-623786/sub-623786_ses-None_probe-338_ecephys.nwb,1124720040,9ce1e03f-8fb7-44d3-abf3-9a1c09bef8cd,2024-06-08T09:31:46.936937Z,2026-08-25T22:33:02.938844Z,https://api.dandiarchive.org/api/assets/9ce1e03f-8fb7-44d3-abf3-9a1c09bef8cd/download/
sub-623786/sub-623786_ses-None_probe-337_ecephys.nwb,2807386248,de5120c4-8609-49a6-9d64-5c6ae02c8f73,2024-06-08T09:35:14.581790Z,2026-08-25T22:33:02.950133Z,https://api.dandiarchive.org/api/assets/de5120c4-8609-49a6-9d64-5c6ae02c8f73/download/
sub-623786/sub-623786_ses-None_probe-340_ecephys.nwb,2838568276,76158bbb-5d05-44aa-9d8e-47064a31e4d9,2024-06-08T09:35:31.942064Z,2026-08-25T22:33:02.960492Z,https://api.dandiarchive.org/api/assets/76158bbb-5d05-44aa-9d8e-47064a31e4d9/download/
sub-623786/sub-623786_ses-None_probe-341_ecephys.nwb,2713908216,c235e923-0cbd-45b3-a33b-613da26395e9,2024-06-08T09:35:42.754620Z,2026-08-25T22:33:02.970990Z,https://api.dandiarchive.org/api/assets/c235e923-0cbd-45b3-a33b-613da26395e9/download/
sub-623786/sub-623786_ses-None_probe-339_ecephys.nwb,2900885732,b720525b-1cd3-4672-8e0b-1a52258221a5,2024-06-08T09:35:45.594437Z,2026-08-25T22:33:02.982095Z,https://api.dandiarchive.org/api/assets/b720525b-1cd3-4672-8e0b-1a52258221a5/download/
sub-623786/sub-623786_ses-None_probe-342_ecephys.nwb,3056673664,eaf23b3c-30a5-4ee7-87b9-93e044c1fcfb,2024-06-08T09:37:14.042152Z,2026-08-25T22:33:02.992744Z,https://api.dandiarchive.org/api/assets/eaf23b3c-30a5-4ee7-87b9-93e044c1fcfb/download/
sub-623786/sub-623786_ses-None_probe-343_ecephys.nwb,2845117364,3ace63d1-0d1b-4cc9-bb66-429e2b254232,2024-06-08T09:40:35.474896Z,2026-08-25T22:33:03.004012Z,https://api.dandiarchive.org/api/assets/3ace63d1-0d1b-4cc9-bb66-429e2b254232/download/
sub-623786/sub-623786_ses-None_probe-346_ecephys.nwb,2938812232,1ddcdbfa-98fb-4aa1-be43-6588b0f46af6,2024-06-08T09:43:01.340942Z,2026-08-25T22:33:03.014827Z,https://api.dandiarchive.org/api/assets/1ddcdbfa-98fb-4aa1-be43-6588b0f46af6/download/
sub-623786/sub-623786_ses-None_probe-345_ecephys.nwb,2813871648,5281d2f6-b839-4e01-9072-c040232880b8,2024-06-08T09:43:53.247403Z,2026-08-25T22:33:03.026345Z,https://api.dandiarchive.org/api/assets/5281d2f6-b839-4e01-9072-c040232880b8/download/
sub-623786/sub-623786_ses-None_probe-347_ecephys.nwb,2751413760,ddbb61c5-3f50-4b85-b2b0-a2b4d0f0815d,2024-06-08T09:44:00.349198Z,2026-08-25T22:33:03.037507Z,https://api.dandiarchive.org/api/assets/ddbb61c5-3f50-4b85-b2b0-a2b4d0f0815d/download/
sub-623786/sub-623786_ses-None_probe-344_ecephys.nwb,3001262462,1674df80-4db2-4e03-b667-931485e9147b,2024-06-08T09:44:00.371969Z,2026-08-25T22:33:03.048166Z,https://api.dandiarchive.org/api/assets/1674df80-4db2-4e03-b667-931485e9147b/download/
sub-623786/sub-623786_ses-None_probe-348_ecephys.nwb,2782670480,73ae98ce-d546-4e86-8f9b-a39805fb0d18,2024-06-08T09:46:26.666773Z,2026-08-25T22:33:03.058848Z,https://api.dandiarchive.org/api/assets/73ae98ce-d546-4e86-8f9b-a39805fb0d18/download/
sub-623786/sub-623786_ses-None_probe-349_ecephys.nwb,2802298184,d795b259-f888-47e6-945c-837fc92d07c2,2024-06-08T09:48:00.469193Z,2026-08-25T22:33:03.069318Z,https://api.dandiarchive.org/api/assets/d795b259-f888-47e6-945c-837fc92d07c2/download/
sub-623786/sub-623786_ses-None_probe-350_ecephys.nwb,2770823480,39b29614-c281-4b50-949b-64c65d388fb5,2024-06-08T09:52:02.343951Z,2026-08-25T22:33:03.080146Z,https://api.dandiarchive.org/api/assets/39b29614-c281-4b50-949b-64c65d388fb5/download/
sub-623786/sub-623786_ses-None_probe-351_ecephys.nwb,2770851200,852a8a41-ca1b-4b7b-afab-87aeecbd5e85,2024-06-08T09:52:04.256196Z,2026-08-25T22:33:03.091113Z,https://api.dandiarchive.org/api/assets/852a8a41-ca1b-4b7b-afab-87aeecbd5e85/download/
sub-623786/sub-623786_ses-None_probe-353_ecephys.nwb,2896640336,8bc0490c-bc71-4884-ac75-1b78bc30ecae,2024-06-08T09:52:15.586905Z,2026-08-25T22:33:03.102165Z,https://api.dandiarchive.org/api/assets/8bc0490c-bc71-4884-ac75-1b78bc30ecae/download/
sub-623786/sub-623786_ses-None_probe-352_ecephys.nwb,2990991961,638f7f12-eec4-464c-b4f8-4e718a86504b,2024-06-08T09:52:16.789675Z,2026-08-25T22:33:03.113403Z,https://api.dandiarchive.org/api/assets/638f7f12-eec4-464c-b4f8-4e718a86504b/download/
sub-623786/sub-623786_ses-None_probe-354_ecephys.nwb,3085362576,e627941d-87da-4bbc-b3ea-a462f92beb6a,2024-06-08T09:53:48.148071Z,2026-08-25T22:33:03.123932Z,https://api.dandiarchive.org/api/assets/e627941d-87da-4bbc-b3ea-a462f92beb6a/download/
sub-626279/sub-626279_ses-20220927T215524.nwb,300687783,bb0bc3a0-2bf5-4e23-8c68-7fd06c4cec17,2024-06-08T09:55:38.478557Z,2026-08-25T22:33:03.133925Z,https://api.dandiarchive.org/api/assets/bb0bc3a0-2bf5-4e23-8c68-7fd06c4cec17/download/
sub-626279/sub-626279_ses-None_probe-355_ecephys.nwb,2768320648,0a34b78d-5945-4b03-a797-6fc021b36500,2024-06-08T09:57:22.871933Z,2026-08-25T22:33:03.143627Z,https://api.dandiarchive.org/api/assets/0a34b78d-5945-4b03-a797-6fc021b36500/download/
sub-626279/sub-626279_ses-20220929T205157.nwb,1465621497,54ff078c-1753-4b50-b743-8952ccf629a2,2024-06-08T09:59:03.839976Z,2026-08-25T22:33:03.154389Z,https://api.dandiarchive.org/api/assets/54ff078c-1753-4b50-b743-8952ccf629a2/download/
sub-626279/sub-626279_ses-20220926T212457.nwb,2176654787,2a2376f1-724e-4104-8c87-71b2756661e2,2024-06-08T10:00:05.812338Z,2026-08-25T22:33:03.163605Z,https://api.dandiarchive.org/api/assets/2a2376f1-724e-4104-8c87-71b2756661e2/download/
sub-626279/sub-626279_ses-20220928T210634.nwb,2044412595,9ce54d23-12cd-441b-ad2f-302a838caaff,2024-06-08T10:00:08.716846Z,2026-08-25T22:33:03.172115Z,https://api.dandiarchive.org/api/assets/9ce54d23-12cd-441b-ad2f-302a838caaff/download/
sub-626279/sub-626279_ses-None_probe-356_ecephys.nwb,3206710321,dc6806c0-cf12-4768-aea8-4a33164a5912,2024-06-08T10:00:49.495049Z,2026-08-25T22:33:03.180927Z,https://api.dandiarchive.org/api/assets/dc6806c0-cf12-4768-aea8-4a33164a5912/download/
sub-626279/sub-626279_ses-None_probe-357_ecephys.nwb,3038121968,d84b3401-f305-44b0-ae7e-5ca076bccde2,2024-06-08T10:04:16.940725Z,2026-08-25T22:33:03.190471Z,https://api.dandiarchive.org/api/assets/d84b3401-f305-44b0-ae7e-5ca076bccde2/download/
sub-626279/sub-626279_ses-None_probe-358_ecephys.nwb,2869467992,bc304e07-e969-479a-bb56-716d61aa4a34,2024-06-08T10:04:27.369676Z,2026-08-25T22:33:03.199952Z,https://api.dandiarchive.org/api/assets/bc304e07-e969-479a-bb56-716d61aa4a34/download/
sub-626279/sub-626279_ses-None_probe-360_ecephys.nwb,2869471392,2a107d05-030e-4887-97eb-47085e102edc,2024-06-08T10:07:31.658344Z,2026-08-25T22:33:03.209571Z,https://api.dandiarchive.org/api/assets/2a107d05-030e-4887-97eb-47085e102edc/download/
sub-626279/sub-626279_ses-None_probe-359_ecephys.nwb,3206705041,9cc2fdbd-e658-4f6a-9def-94bc1c6d2f60,2024-06-08T10:08:01.503890Z,2026-08-25T22:33:03.219646Z,https://api.dandiarchive.org/api/assets/9cc2fdbd-e658-4f6a-9def-94bc1c6d2f60/download/
sub-626279/sub-626279_ses-None_probe-361_ecephys.nwb,3151723472,714df316-7f4a-40c4-8940-e97784748bc7,2024-06-08T10:08:17.392833Z,2026-08-25T22:33:03.230222Z,https://api.dandiarchive.org/api/assets/714df316-7f4a-40c4-8940-e97784748bc7/download/
sub-626279/sub-626279_ses-None_probe-365_ecephys.nwb,2990602041,85454f56-7a8d-4766-b463-1b01ff19312d,2024-06-08T10:12:04.173836Z,2026-08-25T22:33:03.239215Z,https://api.dandiarchive.org/api/assets/85454f56-7a8d-4766-b463-1b01ff19312d/download/
sub-626279/sub-626279_ses-None_probe-364_ecephys.nwb,3084970576,8c8bf31c-d8ae-4877-8349-c151f80728e5,2024-06-08T10:12:07.091851Z,2026-08-25T22:33:03.249217Z,https://api.dandiarchive.org/api/assets/8c8bf31c-d8ae-4877-8349-c151f80728e5/download/
sub-626279/sub-626279_ses-None_probe-366_ecephys.nwb,2927735576,94e37e0f-1c82-4b7c-8a13-6b499e2d7dd3,2024-06-08T10:12:57.126417Z,2026-08-25T22:33:03.258156Z,https://api.dandiarchive.org/api/assets/94e37e0f-1c82-4b7c-8a13-6b499e2d7dd3/download/
sub-626279/sub-626279_ses-None_probe-367_ecephys.nwb,3084941568,0759664b-1b75-4bbf-ab81-a017c6cfbe0c,2024-06-08T10:16:12.347577Z,2026-08-25T22:33:03.266953Z,https://api.dandiarchive.org/api/assets/0759664b-1b75-4bbf-ab81-a017c6cfbe0c/download/
sub-626279/sub-626279_ses-None_probe-368_ecephys.nwb,3084937648,9a5aca77-0212-48a3-83ec-605e6576b3cf,2024-06-08T10:16:20.717475Z,2026-08-25T22:33:03.275804Z,https://api.dandiarchive.org/api/assets/9a5aca77-0212-48a3-83ec-605e6576b3cf/download/
sub-626279/sub-626279_ses-None_probe-370_ecephys.nwb,3063114224,7ea06512-5857-4307-a220-f20645b56684,2024-06-08T10:19:39.057141Z,2026-08-25T22:33:03.284983Z,https://api.dandiarchive.org/api/assets/7ea06512-5857-4307-a220-f20645b56684/download/
sub-626279/sub-626279_ses-None_probe-371_ecephys.nwb,3000644214,8749fd0f-ff5e-4167-a7e6-ca1e90c61055,2024-06-08T10:19:48.611684Z,2026-08-25T22:33:03.294540Z,https://api.dandiarchive.org/api/assets/8749fd0f-ff5e-4167-a7e6-ca1e90c61055/download/
sub-626279/sub-626279_ses-None_probe-369_ecephys.nwb,3084943528,704cc7c9-5aa3-4b31-9387-6d4a52013265,2024-06-08T10:19:54.624176Z,2026-08-25T22:33:03.303605Z,https://api.dandiarchive.org/api/assets/704cc7c9-5aa3-4b31-9387-6d4a52013265/download/
sub-626279/sub-626279_ses-None_probe-373_ecephys.nwb,2532261288,c0f741da-f58c-4b64-a73f-3cd804f694ab,2024-06-08T10:23:04.286336Z,2026-08-25T22:33:03.312415Z,https://api.dandiarchive.org/api/assets/c0f741da-f58c-4b64-a73f-3cd804f694ab/download/
sub-626279/sub-626279_ses-None_probe-372_ecephys.nwb,2813315648,6e9bcba8-60f5-40d2-bee5-d6c5a774d06e,2024-06-08T10:23:06.047259Z,2026-08-25T22:33:03.321180Z,https://api.dandiarchive.org/api/assets/6e9bcba8-60f5-40d2-bee5-d6c5a774d06e/download/
sub-626279/sub-626279_ses-None_probe-374_ecephys.nwb,3063100896,d834c565-5f11-4e4f-b3dd-ca62669224f8,2024-06-08T10:25:37.415253Z,2026-08-25T22:33:03.331239Z,https://api.dandiarchive.org/api/assets/d834c565-5f11-4e4f-b3dd-ca62669224f8/download/
sub-626279/sub-626279_ses-None_probe-375_ecephys.nwb,3063090704,5c87000e-a2fb-4521-9a15-e9b3a40b5ac2,2024-06-08T10:25:39.755328Z,2026-08-25T22:33:03.341880Z,https://api.dandiarchive.org/api/assets/5c87000e-a2fb-4521-9a15-e9b3a40b5ac2/download/
sub-632295/sub-632295_ses-20221017T220100.nwb,2124892144,a0f12063-a3a6-4f47-93ca-f91e35aca228,2024-06-08T10:26:18.508545Z,2026-08-25T22:33:03.352843Z,https://api.dandiarchive.org/api/assets/a0f12063-a3a6-4f47-93ca-f91e35aca228/download/
sub-632295/sub-632295_ses-None_probe-376_ecephys.nwb,2762268476,2dd0a81b-b9f5-4a26-9342-857a17819058,2024-06-08T10:29:48.793530Z,2026-08-25T22:33:03.364130Z,https://api.dandiarchive.org/api/assets/2dd0a81b-b9f5-4a26-9342-857a17819058/download/
sub-632295/sub-632295_ses-None_probe-377_ecephys.nwb,3041293544,79f130ab-4024-428f-aa8b-b0ae310275af,2024-06-08T10:30:38.150903Z,2026-08-25T22:33:03.374314Z,https://api.dandiarchive.org/api/assets/79f130ab-4024-428f-aa8b-b0ae310275af/download/
sub-632295/sub-632295_ses-20221020T215833.nwb,1847452617,0ddde69a-0f8b-494a-a2ff-731b478b1289,2024-06-08T10:33:10.407780Z,2026-08-25T22:33:03.494298Z,https://api.dandiarchive.org/api/assets/0ddde69a-0f8b-494a-a2ff-731b478b1289/download/
sub-632295/sub-632295_ses-20221019T215724.nwb,1782645215,a37a0426-1532-4df3-b0cd-3cefca2ba6f0,2024-06-08T10:33:10.910504Z,2026-08-25T22:33:03.505582Z,https://api.dandiarchive.org/api/assets/a37a0426-1532-4df3-b0cd-3cefca2ba6f0/download/
sub-632295/sub-632295_ses-20221018T215811.nwb,2037514463,91d20451-5fe1-46c9-941f-8fbd8900863b,2024-06-08T10:33:12.653214Z,2026-08-25T22:33:03.517429Z,https://api.dandiarchive.org/api/assets/91d20451-5fe1-46c9-941f-8fbd8900863b/download/
sub-632295/sub-632295_ses-None_probe-378_ecephys.nwb,3041332744,266c93da-27cb-4b47-bddb-99146e2f969b,2024-06-08T10:35:46.793703Z,2026-08-25T22:33:03.529371Z,https://api.dandiarchive.org/api/assets/266c93da-27cb-4b47-bddb-99146e2f969b/download/
sub-632295/sub-632295_ses-None_probe-379_ecephys.nwb,2948289841,ca6c9e80-642f-439b-943c-cd7594343a89,2024-06-08T10:36:12.530732Z,2026-08-25T22:33:03.542732Z,https://api.dandiarchive.org/api/assets/ca6c9e80-642f-439b-943c-cd7594343a89/download/
sub-632295/sub-632295_ses-None_probe-381_ecephys.nwb,2576238660,fb6ed61d-673b-4c8b-9675-3cf232e718aa,2024-06-08T10:40:16.668242Z,2026-08-25T22:33:03.554258Z,https://api.dandiarchive.org/api/assets/fb6ed61d-673b-4c8b-9675-3cf232e718aa/download/
sub-632295/sub-632295_ses-None_probe-380_ecephys.nwb,2669266240,e008b03e-3c51-420f-a030-6b6c3e6eb49d,2024-06-08T10:40:23.853134Z,2026-08-25T22:33:03.564814Z,https://api.dandiarchive.org/api/assets/e008b03e-3c51-420f-a030-6b6c3e6eb49d/download/
sub-632295/sub-632295_ses-None_probe-382_ecephys.nwb,2893329296,13727bd3-ac0b-4c06-b5b7-b4acabd99abb,2024-06-08T10:40:44.492686Z,2026-08-25T22:33:03.575276Z,https://api.dandiarchive.org/api/assets/13727bd3-ac0b-4c06-b5b7-b4acabd99abb/download/
sub-632295/sub-632295_ses-None_probe-383_ecephys.nwb,2706865096,a3fd8e6e-e53f-42ad-8c33-ce01adf7e545,2024-06-08T10:40:54.724547Z,2026-08-25T22:33:03.584611Z,https://api.dandiarchive.org/api/assets/a3fd8e6e-e53f-42ad-8c33-ce01adf7e545/download/
sub-632295/sub-632295_ses-None_probe-384_ecephys.nwb,2862245584,9bc4fbd7-5879-4ee3-ab75-d1e259834df4,2024-06-08T10:41:29.021611Z,2026-08-25T22:33:03.594252Z,https://api.dandiarchive.org/api/assets/9bc4fbd7-5879-4ee3-ab75-d1e259834df4/download/
sub-632295/sub-632295_ses-None_probe-387_ecephys.nwb,2427166008,9710e292-6a0f-4006-a417-1285db204eff,2024-06-08T10:47:51.568872Z,2026-08-25T22:33:03.604488Z,https://api.dandiarchive.org/api/assets/9710e292-6a0f-4006-a417-1285db204eff/download/
sub-632295/sub-632295_ses-None_probe-386_ecephys.nwb,2737931808,55675c34-7203-49db-9d99-8c3dad09d008,2024-06-08T10:48:21.021570Z,2026-08-25T22:33:03.615399Z,https://api.dandiarchive.org/api/assets/55675c34-7203-49db-9d99-8c3dad09d008/download/
sub-632295/sub-632295_ses-None_probe-385_ecephys.nwb,2893351616,aef4355a-72db-4cb8-bc8f-be0a8ffd0f6b,2024-06-08T10:48:28.148322Z,2026-08-25T22:33:03.626181Z,https://api.dandiarchive.org/api/assets/aef4355a-72db-4cb8-bc8f-be0a8ffd0f6b/download/
sub-632295/sub-632295_ses-None_probe-389_ecephys.nwb,2869112468,257c3f0b-4e1d-4f2b-928b-d734251a3fde,2024-06-08T10:48:31.859613Z,2026-08-25T22:33:03.639558Z,https://api.dandiarchive.org/api/assets/257c3f0b-4e1d-4f2b-928b-d734251a3fde/download/
sub-632295/sub-632295_ses-None_probe-388_ecephys.nwb,3023200392,7a1385f2-2b84-4cdc-966a-b5957791ab6d,2024-06-08T10:48:36.330569Z,2026-08-25T22:33:03.652194Z,https://api.dandiarchive.org/api/assets/7a1385f2-2b84-4cdc-966a-b5957791ab6d/download/
sub-632295/sub-632295_ses-None_probe-390_ecephys.nwb,2807507064,83ecdd72-0c7a-4b4d-9f14-18c3b464959f,2024-06-08T10:52:30.190257Z,2026-08-25T22:33:03.663474Z,https://api.dandiarchive.org/api/assets/83ecdd72-0c7a-4b4d-9f14-18c3b464959f/download/
sub-632295/sub-632295_ses-None_probe-394_ecephys.nwb,3004991392,8076ac45-f22d-4144-b06e-ab4b9516d082,2024-06-08T10:56:19.951064Z,2026-08-25T22:33:03.674830Z,https://api.dandiarchive.org/api/assets/8076ac45-f22d-4144-b06e-ab4b9516d082/download/
sub-632295/sub-632295_ses-None_probe-392_ecephys.nwb,2869112532,be3212e0-b1e9-4a3c-9aa6-193e2ff8627f,2024-06-08T10:56:24.440545Z,2026-08-25T22:33:03.685733Z,https://api.dandiarchive.org/api/assets/be3212e0-b1e9-4a3c-9aa6-193e2ff8627f/download/
sub-632295/sub-632295_ses-None_probe-393_ecephys.nwb,2961570302,b3e81a28-66e0-4b4b-9a19-96aa355cdd64,2024-06-08T10:56:25.635316Z,2026-08-25T22:33:03.696619Z,https://api.dandiarchive.org/api/assets/b3e81a28-66e0-4b4b-9a19-96aa355cdd64/download/
sub-632295/sub-632295_ses-None_probe-391_ecephys.nwb,3023254280,39b6a7de-881f-4dc7-91d0-1caa6a464a70,2024-06-08T10:56:28.542376Z,2026-08-25T22:33:03.708068Z,https://api.dandiarchive.org/api/assets/39b6a7de-881f-4dc7-91d0-1caa6a464a70/download/
sub-632295/sub-632295_ses-None_probe-395_ecephys.nwb,2698648256,f899dcb3-cd4e-4a22-b428-981124e37792,2024-06-08T10:57:56.663762Z,2026-08-25T22:33:03.719220Z,https://api.dandiarchive.org/api/assets/f899dcb3-cd4e-4a22-b428-981124e37792/download/
sub-633232/sub-633232_ses-20221108T000611.nwb,996249910,89a79bed-9163-4494-83bf-90a3aeb1233d,2024-06-08T11:02:17.504470Z,2026-08-25T22:33:03.730701Z,https://api.dandiarchive.org/api/assets/89a79bed-9163-4494-83bf-90a3aeb1233d/download/
sub-632295/sub-632295_ses-None_probe-398_ecephys.nwb,2729243068,7c621beb-4be4-4c5b-977e-dfaaf176142c,2024-06-08T11:02:58.855908Z,2026-08-25T22:33:03.740741Z,https://api.dandiarchive.org/api/assets/7c621beb-4be4-4c5b-977e-dfaaf176142c/download/
sub-632295/sub-632295_ses-None_probe-399_ecephys.nwb,2759880128,411eb480-1120-493c-81d8-22450f8864eb,2024-06-08T11:03:42.054901Z,2026-08-25T22:33:03.751961Z,https://api.dandiarchive.org/api/assets/411eb480-1120-493c-81d8-22450f8864eb/download/
sub-632295/sub-632295_ses-None_probe-397_ecephys.nwb,2974313915,ff023218-0e95-4ea7-b535-abaf7661bfe8,2024-06-08T11:03:52.004788Z,2026-08-25T22:33:03.762938Z,https://api.dandiarchive.org/api/assets/ff023218-0e95-4ea7-b535-abaf7661bfe8/download/
sub-632295/sub-632295_ses-None_probe-396_ecephys.nwb,2974306519,d914ad18-8ed1-4bb9-9d4a-03a8000c372a,2024-06-08T11:03:53.685835Z,2026-08-25T22:33:03.774161Z,https://api.dandiarchive.org/api/assets/d914ad18-8ed1-4bb9-9d4a-03a8000c372a/download/
sub-633232/sub-633232_ses-None_probe-407_ecephys.nwb,2628473016,bd047045-4baf-4914-8352-b1e392946110,2024-06-08T11:07:37.080908Z,2026-08-25T22:33:03.785298Z,https://api.dandiarchive.org/api/assets/bd047045-4baf-4914-8352-b1e392946110/download/
sub-633232/sub-633232_ses-None_probe-406_ecephys.nwb,2994861328,92e61ccb-8ff5-4a09-b64f-08036dadd1d2,2024-06-08T11:07:49.362646Z,2026-08-25T22:33:03.796879Z,https://api.dandiarchive.org/api/assets/92e61ccb-8ff5-4a09-b64f-08036dadd1d2/download/
sub-633232/sub-633232_ses-20221108T230110.nwb,1705826295,451409f6-610a-4f97-9bba-b8ae1af47554,2024-06-08T11:08:36.473999Z,2026-08-25T22:33:03.807738Z,https://api.dandiarchive.org/api/assets/451409f6-610a-4f97-9bba-b8ae1af47554/download/
sub-633232/sub-633232_ses-20221109T225948.nwb,1267362362,99d9e1b0-0c38-4c82-9f6e-05a307543a5a,2024-06-08T11:09:16.779694Z,2026-08-25T22:33:03.818067Z,https://api.dandiarchive.org/api/assets/99d9e1b0-0c38-4c82-9f6e-05a307543a5a/download/
sub-633232/sub-633232_ses-20221110T225606.nwb,1368489390,b44b8131-fbb4-401f-9b05-fcb50bf0fb02,2024-06-08T11:10:51.466027Z,2026-08-25T22:33:03.828954Z,https://api.dandiarchive.org/api/assets/b44b8131-fbb4-401f-9b05-fcb50bf0fb02/download/
sub-633232/sub-633232_ses-None_probe-408_ecephys.nwb,2750615528,b99ba9bd-43c3-4b24-b364-defcdf18e5ac,2024-06-08T11:14:33.612823Z,2026-08-25T22:33:03.839000Z,https://api.dandiarchive.org/api/assets/b99ba9bd-43c3-4b24-b364-defcdf18e5ac/download/
sub-633232/sub-633232_ses-None_probe-409_ecephys.nwb,2689538496,b42642c5-f4da-4589-9fd5-1729cd032a2d,2024-06-08T11:14:34.518305Z,2026-08-25T22:33:03.850038Z,https://api.dandiarchive.org/api/assets/b42642c5-f4da-4589-9fd5-1729cd032a2d/download/
sub-633232/sub-633232_ses-None_probe-410_ecephys.nwb,2781131624,a60e7f59-c973-4231-ac20-450a3802bd73,2024-06-08T11:14:45.835048Z,2026-08-25T22:33:03.862785Z,https://api.dandiarchive.org/api/assets/a60e7f59-c973-4231-ac20-450a3802bd73/download/
sub-633232/sub-633232_ses-None_probe-411_ecephys.nwb,2994839584,049ff789-2762-4d4e-91d6-5adfee7da209,2024-06-08T11:15:04.513656Z,2026-08-25T22:33:03.873981Z,https://api.dandiarchive.org/api/assets/049ff789-2762-4d4e-91d6-5adfee7da209/download/
sub-633232/sub-633232_ses-None_probe-412_ecephys.nwb,3022741544,adf2d567-fe82-4e89-ad40-5c863a538387,2024-06-08T11:16:31.462006Z,2026-08-25T22:33:03.884819Z,https://api.dandiarchive.org/api/assets/adf2d567-fe82-4e89-ad40-5c863a538387/download/
sub-633232/sub-633232_ses-None_probe-413_ecephys.nwb,2745389572,95284849-8633-41ca-a535-1951d79e1949,2024-06-08T11:22:37.129814Z,2026-08-25T22:33:03.896014Z,https://api.dandiarchive.org/api/assets/95284849-8633-41ca-a535-1951d79e1949/download/
sub-633232/sub-633232_ses-None_probe-415_ecephys.nwb,2714594912,a6a1854e-40ed-4e64-94d6-8d5bb69e866a,2024-06-08T11:22:37.530231Z,2026-08-25T22:33:03.907644Z,https://api.dandiarchive.org/api/assets/a6a1854e-40ed-4e64-94d6-8d5bb69e866a/download/
sub-633232/sub-633232_ses-None_probe-417_ecephys.nwb,2622145300,418a618f-df2e-4960-8caa-1dae890f8437,2024-06-08T11:22:39.764532Z,2026-08-25T22:33:03.919240Z,https://api.dandiarchive.org/api/assets/418a618f-df2e-4960-8caa-1dae890f8437/download/
sub-633232/sub-633232_ses-None_probe-416_ecephys.nwb,2745404756,6dac6495-f3f2-49a4-acd1-ab04ae218bf3,2024-06-08T11:22:42.682212Z,2026-08-25T22:33:03.930685Z,https://api.dandiarchive.org/api/assets/6dac6495-f3f2-49a4-acd1-ab04ae218bf3/download/
sub-633232/sub-633232_ses-None_probe-414_ecephys.nwb,3022752128,0eccf3af-c1f0-4440-a2e7-300d10cf6472,2024-06-08T11:22:52.963588Z,2026-08-25T22:33:03.942150Z,https://api.dandiarchive.org/api/assets/0eccf3af-c1f0-4440-a2e7-300d10cf6472/download/
sub-633232/sub-633232_ses-None_probe-420_ecephys.nwb,3003112144,ed2513b5-4908-4839-a41b-16997d930910,2024-06-08T11:26:59.306823Z,2026-08-25T22:33:03.954053Z,https://api.dandiarchive.org/api/assets/ed2513b5-4908-4839-a41b-16997d930910/download/
sub-633232/sub-633232_ses-None_probe-421_ecephys.nwb,2727570224,939b13c7-815e-49db-8bf3-203ed20610a1,2024-06-08T11:30:07.438751Z,2026-08-25T22:33:03.964317Z,https://api.dandiarchive.org/api/assets/939b13c7-815e-49db-8bf3-203ed20610a1/download/
sub-633232/sub-633232_ses-None_probe-419_ecephys.nwb,2727551480,113ad566-41a1-40ea-a3bc-9eb8faa94c22,2024-06-08T11:30:25.907455Z,2026-08-25T22:33:03.976388Z,https://api.dandiarchive.org/api/assets/113ad566-41a1-40ea-a3bc-9eb8faa94c22/download/
sub-633232/sub-633232_ses-None_probe-418_ecephys.nwb,3003101168,514f0cc0-a59e-4e6a-b685-62eebf9ffd15,2024-06-08T11:30:44.784571Z,2026-08-25T22:33:03.987481Z,https://api.dandiarchive.org/api/assets/514f0cc0-a59e-4e6a-b685-62eebf9ffd15/download/
sub-633232/sub-633232_ses-None_probe-422_ecephys.nwb,3003087264,9db9b3cb-af8d-4186-9058-013c9abdffc0,2024-06-08T11:30:45.737131Z,2026-08-25T22:33:03.998877Z,https://api.dandiarchive.org/api/assets/9db9b3cb-af8d-4186-9058-013c9abdffc0/download/
sub-633232/sub-633232_ses-None_probe-423_ecephys.nwb,3003091968,99076779-a3a1-4153-aa81-34e1a2ca154a,2024-06-08T11:34:34.416456Z,2026-08-25T22:33:04.009680Z,https://api.dandiarchive.org/api/assets/99076779-a3a1-4153-aa81-34e1a2ca154a/download/
sub-633232/sub-633232_ses-None_probe-621_ecephys.nwb,2664979068,c83b2dbb-27ba-4b54-a829-93d8d8349ccf,2024-06-08T11:34:54.721213Z,2026-08-25T22:33:04.020381Z,https://api.dandiarchive.org/api/assets/c83b2dbb-27ba-4b54-a829-93d8d8349ccf/download/
sub-633232/sub-633232_ses-None_probe-624_ecephys.nwb,3001551984,a8077e9e-d543-4852-a640-606eb2d39654,2024-06-08T11:38:05.161093Z,2026-08-25T22:33:04.030720Z,https://api.dandiarchive.org/api/assets/a8077e9e-d543-4852-a640-606eb2d39654/download/
sub-633232/sub-633232_ses-None_probe-622_ecephys.nwb,3001537144,abd1ce73-217b-4db9-8b4d-573a25e09711,2024-06-08T11:38:05.959793Z,2026-08-25T22:33:04.041818Z,https://api.dandiarchive.org/api/assets/abd1ce73-217b-4db9-8b4d-573a25e09711/download/
sub-633232/sub-633232_ses-None_probe-623_ecephys.nwb,3001571192,c7272031-8046-4583-8ab2-4504edec0a09,2024-06-08T11:38:18.605136Z,2026-08-25T22:33:04.053915Z,https://api.dandiarchive.org/api/assets/c7272031-8046-4583-8ab2-4504edec0a09/download/
sub-633232/sub-633232_ses-None_probe-626_ecephys.nwb,2603765920,0178e9dc-0dde-462c-9ac7-83d6a0e85e64,2024-06-08T11:40:43.133816Z,2026-08-25T22:33:04.066261Z,https://api.dandiarchive.org/api/assets/0178e9dc-0dde-462c-9ac7-83d6a0e85e64/download/
sub-633232/sub-633232_ses-None_probe-625_ecephys.nwb,3001550232,d46164da-4af9-4be9-b25c-8c97c9c7bfef,2024-06-08T11:40:50.151879Z,2026-08-25T22:33:04.079321Z,https://api.dandiarchive.org/api/assets/d46164da-4af9-4be9-b25c-8c97c9c7bfef/download/
sub-636740/sub-636740_ses-20221116T225638.nwb,1694699762,3a34f9d9-5781-429d-91dc-ded04c395191,2024-06-08T11:43:44.940160Z,2026-08-25T22:33:04.091958Z,https://api.dandiarchive.org/api/assets/3a34f9d9-5781-429d-91dc-ded04c395191/download/
sub-636740/sub-636740_ses-None_probe-424_ecephys.nwb,2883463904,95363557-93cd-4c32-aeca-bb8444aaa080,2024-06-08T11:44:21.086264Z,2026-08-25T22:33:04.106088Z,https://api.dandiarchive.org/api/assets/95363557-93cd-4c32-aeca-bb8444aaa080/download/
sub-636740/sub-636740_ses-20221115T052954.nwb,1540641753,fbf88df5-6a6d-4ec7-81d6-31c1adceed8c,2024-06-08T11:45:04.465067Z,2026-08-25T22:33:04.117848Z,https://api.dandiarchive.org/api/assets/fbf88df5-6a6d-4ec7-81d6-31c1adceed8c/download/
sub-636740/sub-636740_ses-20221115T214032.nwb,2286390506,fffe5361-5f08-440b-b47a-03d8f1ac9f28,2024-06-08T11:45:23.111727Z,2026-08-25T22:33:04.128909Z,https://api.dandiarchive.org/api/assets/fffe5361-5f08-440b-b47a-03d8f1ac9f28/download/
sub-636740/sub-636740_ses-None_probe-426_ecephys.nwb,2668937916,e878b3b2-283d-4151-847f-2730b5417acc,2024-06-08T11:48:46.007118Z,2026-08-25T22:33:04.140572Z,https://api.dandiarchive.org/api/assets/e878b3b2-283d-4151-847f-2730b5417acc/download/
sub-636740/sub-636740_ses-None_probe-425_ecephys.nwb,3006020600,d44ff77d-ddeb-49bb-8d35-9cc55b8d8a5a,2024-06-08T11:48:47.046560Z,2026-08-25T22:33:04.153603Z,https://api.dandiarchive.org/api/assets/d44ff77d-ddeb-49bb-8d35-9cc55b8d8a5a/download/
sub-636740/sub-636740_ses-20221117T230548.nwb,1430720120,b63defd8-4205-4df1-9e4e-f2cc9765ba1f,2024-06-08T11:49:10.567508Z,2026-08-25T22:33:04.165817Z,https://api.dandiarchive.org/api/assets/b63defd8-4205-4df1-9e4e-f2cc9765ba1f/download/
sub-636740/sub-636740_ses-None_probe-427_ecephys.nwb,1933497096,68bc13cb-5d20-4633-923f-569e0f106694,2024-06-08T11:50:38.475481Z,2026-08-25T22:33:04.178265Z,https://api.dandiarchive.org/api/assets/68bc13cb-5d20-4633-923f-569e0f106694/download/
sub-636740/sub-636740_ses-None_probe-428_ecephys.nwb,3006010864,cb166104-972c-4ff6-8f46-671fb066740c,2024-06-08T11:51:26.372466Z,2026-08-25T22:33:04.189628Z,https://api.dandiarchive.org/api/assets/cb166104-972c-4ff6-8f46-671fb066740c/download/
sub-636740/sub-636740_ses-None_probe-430_ecephys.nwb,2626160632,cc0cde87-d5b4-4c2a-a297-f1da005767c8,2024-06-08T11:55:41.111972Z,2026-08-25T22:33:04.200290Z,https://api.dandiarchive.org/api/assets/cc0cde87-d5b4-4c2a-a297-f1da005767c8/download/
sub-636740/sub-636740_ses-None_probe-429_ecephys.nwb,3006026872,d1f8fdbe-0cb0-4013-92a9-04e4e84f770a,2024-06-08T11:56:11.750111Z,2026-08-25T22:33:04.210293Z,https://api.dandiarchive.org/api/assets/d1f8fdbe-0cb0-4013-92a9-04e4e84f770a/download/
sub-636740/sub-636740_ses-None_probe-431_ecephys.nwb,2961666667,a107c802-15e5-46bb-9722-b107bbaee43e,2024-06-08T11:56:15.192766Z,2026-08-25T22:33:04.219838Z,https://api.dandiarchive.org/api/assets/a107c802-15e5-46bb-9722-b107bbaee43e/download/
sub-636740/sub-636740_ses-None_probe-432_ecephys.nwb,2992202992,277d2ccc-f898-4313-8eb1-3217ec5d4779,2024-06-08T11:56:47.294033Z,2026-08-25T22:33:04.230292Z,https://api.dandiarchive.org/api/assets/277d2ccc-f898-4313-8eb1-3217ec5d4779/download/
sub-636740/sub-636740_ses-None_probe-433_ecephys.nwb,2595653520,4c574bd8-823b-4475-a0e1-e1f4f4f6a591,2024-06-08T11:56:58.012011Z,2026-08-25T22:33:04.240612Z,https://api.dandiarchive.org/api/assets/4c574bd8-823b-4475-a0e1-e1f4f4f6a591/download/
sub-636740/sub-636740_ses-None_probe-434_ecephys.nwb,2839671812,1f1d12ce-d4df-4fc6-aef6-8491f70e26cf,2024-06-08T12:00:42.402997Z,2026-08-25T22:33:04.252316Z,https://api.dandiarchive.org/api/assets/1f1d12ce-d4df-4fc6-aef6-8491f70e26cf/download/
sub-636740/sub-636740_ses-None_probe-435_ecephys.nwb,2778675716,715d0a27-2c26-4173-9948-a7935fe1386d,2024-06-08T12:03:46.784667Z,2026-08-25T22:33:04.264266Z,https://api.dandiarchive.org/api/assets/715d0a27-2c26-4173-9948-a7935fe1386d/download/
sub-636740/sub-636740_ses-None_probe-436_ecephys.nwb,2783278528,bbf91585-f8e1-4cdc-97cc-e4daeea02a74,2024-06-08T12:03:48.452812Z,2026-08-25T22:33:04.275274Z,https://api.dandiarchive.org/api/assets/bbf91585-f8e1-4cdc-97cc-e4daeea02a74/download/
sub-636740/sub-636740_ses-None_probe-438_ecephys.nwb,3064455256,7b9aeefa-d420-42cf-ac91-331f4c09fdf9,2024-06-08T12:04:36.525891Z,2026-08-25T22:33:04.286280Z,https://api.dandiarchive.org/api/assets/7b9aeefa-d420-42cf-ac91-331f4c09fdf9/download/
sub-636740/sub-636740_ses-None_probe-437_ecephys.nwb,3064418072,54a47a13-a301-4417-860b-c3558e64a14e,2024-06-08T12:04:38.625307Z,2026-08-25T22:33:04.298320Z,https://api.dandiarchive.org/api/assets/54a47a13-a301-4417-860b-c3558e64a14e/download/
sub-636740/sub-636740_ses-None_probe-439_ecephys.nwb,2720797572,07fd0c8b-aff4-403e-b1bd-37f088a77504,2024-06-08T12:07:20.200847Z,2026-08-25T22:33:04.310188Z,https://api.dandiarchive.org/api/assets/07fd0c8b-aff4-403e-b1bd-37f088a77504/download/
sub-636740/sub-636740_ses-None_probe-442_ecephys.nwb,1377155232,0ff91e25-da57-445d-bdb0-debe9e4e6f05,2024-06-08T12:09:25.856973Z,2026-08-25T22:33:04.323481Z,https://api.dandiarchive.org/api/assets/0ff91e25-da57-445d-bdb0-debe9e4e6f05/download/
sub-636740/sub-636740_ses-None_probe-443_ecephys.nwb,1516103920,200a4f14-0ec8-4800-a6fc-80df8b6df722,2024-06-08T12:09:53.819792Z,2026-08-25T22:33:04.336381Z,https://api.dandiarchive.org/api/assets/200a4f14-0ec8-4800-a6fc-80df8b6df722/download/
sub-636740/sub-636740_ses-None_probe-441_ecephys.nwb,2876999200,bc225c0e-49e3-4fb3-bd6d-c453a25a2f11,2024-06-08T12:10:33.888515Z,2026-08-25T22:33:04.348505Z,https://api.dandiarchive.org/api/assets/bc225c0e-49e3-4fb3-bd6d-c453a25a2f11/download/
sub-636740/sub-636740_ses-None_probe-440_ecephys.nwb,2783273544,fadd7778-5938-4343-ab55-058c15b78e14,2024-06-08T12:10:36.492877Z,2026-08-25T22:33:04.359569Z,https://api.dandiarchive.org/api/assets/fadd7778-5938-4343-ab55-058c15b78e14/download/
sub-636740/sub-636740_ses-None_probe-444_ecephys.nwb,1423494512,ae521ea4-50ba-4092-8b9b-e1b34822cf27,2024-06-08T12:11:40.347274Z,2026-08-25T22:33:04.371350Z,https://api.dandiarchive.org/api/assets/ae521ea4-50ba-4092-8b9b-e1b34822cf27/download/
sub-636740/sub-636740_ses-None_probe-446_ecephys.nwb,1423475376,62714e21-c1b0-41fb-855a-f4f6c0ee3e94,2024-06-08T12:12:59.536433Z,2026-08-25T22:33:04.383035Z,https://api.dandiarchive.org/api/assets/62714e21-c1b0-41fb-855a-f4f6c0ee3e94/download/
sub-636740/sub-636740_ses-None_probe-447_ecephys.nwb,1330832072,ed036180-6405-4919-9228-3d33d4454bd1,2024-06-08T12:13:34.735912Z,2026-08-25T22:33:04.394083Z,https://api.dandiarchive.org/api/assets/ed036180-6405-4919-9228-3d33d4454bd1/download/
sub-636740/sub-636740_ses-None_probe-445_ecephys.nwb,1377149728,171f6b05-e6ae-46b7-a14f-a9e951553c6f,2024-06-08T12:13:40.647527Z,2026-08-25T22:33:04.404753Z,https://api.dandiarchive.org/api/assets/171f6b05-e6ae-46b7-a14f-a9e951553c6f/download/
sub-637483/sub-637483_ses-20221121T225619.nwb,1758824819,8c64cb74-b854-42fa-ac41-5d558917c2d8,2024-06-08T12:16:33.301824Z,2026-08-25T22:33:04.415111Z,https://api.dandiarchive.org/api/assets/8c64cb74-b854-42fa-ac41-5d558917c2d8/download/
sub-637483/sub-637483_ses-None_probe-448_ecephys.nwb,2694010656,be2486fe-132b-4ac6-8654-cb043176adc5,2024-06-08T12:17:51.944433Z,2026-08-25T22:33:04.425689Z,https://api.dandiarchive.org/api/assets/be2486fe-132b-4ac6-8654-cb043176adc5/download/
sub-637483/sub-637483_ses-None_probe-449_ecephys.nwb,2785741880,fdaaa3df-c112-4fcf-95e0-82ac772de1b0,2024-06-08T12:17:56.435427Z,2026-08-25T22:33:04.435989Z,https://api.dandiarchive.org/api/assets/fdaaa3df-c112-4fcf-95e0-82ac772de1b0/download/
sub-637483/sub-637483_ses-20221123T172329.nwb,1436424435,dba88aea-9e1f-45ac-9798-b45dedfb7f59,2024-06-08T12:20:49.166545Z,2026-08-25T22:33:04.446381Z,https://api.dandiarchive.org/api/assets/dba88aea-9e1f-45ac-9798-b45dedfb7f59/download/
sub-637483/sub-637483_ses-20221122T232820.nwb,2347593617,2b22ddaf-267a-46e8-b968-1d85686d0b75,2024-06-08T12:21:08.647848Z,2026-08-25T22:33:04.456720Z,https://api.dandiarchive.org/api/assets/2b22ddaf-267a-46e8-b968-1d85686d0b75/download/
sub-637483/sub-637483_ses-None_probe-450_ecephys.nwb,2694031424,558efaf7-bce7-4410-9aea-0acc54303c2d,2024-06-08T12:22:03.874449Z,2026-08-25T22:33:04.469004Z,https://api.dandiarchive.org/api/assets/558efaf7-bce7-4410-9aea-0acc54303c2d/download/
sub-637483/sub-637483_ses-None_probe-452_ecephys.nwb,2724579112,4974c0cf-c573-490b-baa1-d2c988761df5,2024-06-08T12:23:32.618371Z,2026-08-25T22:33:04.479441Z,https://api.dandiarchive.org/api/assets/4974c0cf-c573-490b-baa1-d2c988761df5/download/
sub-637483/sub-637483_ses-None_probe-451_ecephys.nwb,2602260740,89a0beef-c7ce-4b40-b251-c61464a2c10d,2024-06-08T12:23:33.136826Z,2026-08-25T22:33:04.490450Z,https://api.dandiarchive.org/api/assets/89a0beef-c7ce-4b40-b251-c61464a2c10d/download/
sub-637483/sub-637483_ses-None_probe-454_ecephys.nwb,2688032992,95a3fce5-8876-4111-bd8a-689a2bf9a404,2024-06-08T12:27:12.363684Z,2026-08-25T22:33:04.502257Z,https://api.dandiarchive.org/api/assets/95a3fce5-8876-4111-bd8a-689a2bf9a404/download/
sub-637483/sub-637483_ses-None_probe-453_ecephys.nwb,2602269920,e34ce9d1-ae5c-4c73-99e1-300724774a68,2024-06-08T12:27:33.202545Z,2026-08-25T22:33:04.513279Z,https://api.dandiarchive.org/api/assets/e34ce9d1-ae5c-4c73-99e1-300724774a68/download/
sub-637483/sub-637483_ses-None_probe-455_ecephys.nwb,2626983840,a47c6239-dd45-43e5-a23e-5c33a1c7474b,2024-06-08T12:27:36.611940Z,2026-08-25T22:33:04.524834Z,https://api.dandiarchive.org/api/assets/a47c6239-dd45-43e5-a23e-5c33a1c7474b/download/
sub-637483/sub-637483_ses-None_probe-456_ecephys.nwb,2749060688,66b72434-9ca2-4f91-85a8-cb97500ced93,2024-06-08T12:29:07.741882Z,2026-08-25T22:33:04.537504Z,https://api.dandiarchive.org/api/assets/66b72434-9ca2-4f91-85a8-cb97500ced93/download/
sub-637483/sub-637483_ses-None_probe-457_ecephys.nwb,2779564968,ccb28d91-da32-45b1-9894-25b6a14eafc6,2024-06-08T12:29:14.092290Z,2026-08-25T22:33:04.549488Z,https://api.dandiarchive.org/api/assets/ccb28d91-da32-45b1-9894-25b6a14eafc6/download/
sub-637483/sub-637483_ses-None_probe-460_ecephys.nwb,2116727712,b26493cb-ca58-47b4-a6ab-140cd99eb7b6,2024-06-08T12:32:06.331088Z,2026-08-25T22:33:04.561294Z,https://api.dandiarchive.org/api/assets/b26493cb-ca58-47b4-a6ab-140cd99eb7b6/download/
sub-637483/sub-637483_ses-None_probe-458_ecephys.nwb,2657496372,8710fef4-14a0-40e8-97e0-64649f4da9c5,2024-06-08T12:33:26.538716Z,2026-08-25T22:33:04.572213Z,https://api.dandiarchive.org/api/assets/8710fef4-14a0-40e8-97e0-64649f4da9c5/download/
sub-637483/sub-637483_ses-None_probe-459_ecephys.nwb,2688017152,6ccd862b-472f-49b2-8872-f73d14b0d1ad,2024-06-08T12:34:27.790642Z,2026-08-25T22:33:04.582102Z,https://api.dandiarchive.org/api/assets/6ccd862b-472f-49b2-8872-f73d14b0d1ad/download/
sub-637483/sub-637483_ses-None_probe-462_ecephys.nwb,2071771408,75dd4fc6-4e9b-44fb-8542-0480d3be190f,2024-06-08T12:34:34.128414Z,2026-08-25T22:33:04.591232Z,https://api.dandiarchive.org/api/assets/75dd4fc6-4e9b-44fb-8542-0480d3be190f/download/
sub-637483/sub-637483_ses-None_probe-461_ecephys.nwb,2161677558,14e64117-32c1-446c-9a21-c2d2cfd517d7,2024-06-08T12:34:37.256558Z,2026-08-25T22:33:04.601003Z,https://api.dandiarchive.org/api/assets/14e64117-32c1-446c-9a21-c2d2cfd517d7/download/
sub-637483/sub-637483_ses-None_probe-463_ecephys.nwb,2026785128,7e1354ca-e72b-4efd-a07b-e6e23d55b721,2024-06-08T12:36:32.024021Z,2026-08-25T22:33:04.611255Z,https://api.dandiarchive.org/api/assets/7e1354ca-e72b-4efd-a07b-e6e23d55b721/download/
sub-637483/sub-637483_ses-None_probe-464_ecephys.nwb,1981804128,c281a908-47e0-4bfd-9579-4d6404a528a4,2024-06-08T12:36:46.299254Z,2026-08-25T22:33:04.622439Z,https://api.dandiarchive.org/api/assets/c281a908-47e0-4bfd-9579-4d6404a528a4/download/
sub-637483/sub-637483_ses-None_probe-465_ecephys.nwb,2049268492,860698b2-fa63-4cff-90ac-a87230095c0b,2024-06-08T12:37:53.190324Z,2026-08-25T22:33:04.632750Z,https://api.dandiarchive.org/api/assets/860698b2-fa63-4cff-90ac-a87230095c0b/download/
sub-637488/sub-637488_ses-20221206T084803.nwb,1563305270,9846bf48-7bce-4e28-be9b-f10ab1bed0a4,2024-06-08T12:40:40.482940Z,2026-08-25T22:33:04.642575Z,https://api.dandiarchive.org/api/assets/9846bf48-7bce-4e28-be9b-f10ab1bed0a4/download/
sub-637488/sub-637488_ses-20221207T082121.nwb,1696927504,b79178fa-9225-4a9c-9e2d-1d24eca87c83,2024-06-08T12:40:40.555756Z,2026-08-25T22:33:04.652729Z,https://api.dandiarchive.org/api/assets/b79178fa-9225-4a9c-9e2d-1d24eca87c83/download/
sub-637488/sub-637488_ses-None_probe-466_ecephys.nwb,3026827752,1de245b1-dbcc-49d1-b38e-917fc0b59252,2024-06-08T12:41:31.336865Z,2026-08-25T22:33:04.662042Z,https://api.dandiarchive.org/api/assets/1de245b1-dbcc-49d1-b38e-917fc0b59252/download/
sub-637488/sub-637488_ses-20221208T063534.nwb,1821277277,ebf9a223-13f2-4160-af40-18231920a2bb,2024-06-08T12:45:03.052348Z,2026-08-25T22:33:04.672144Z,https://api.dandiarchive.org/api/assets/ebf9a223-13f2-4160-af40-18231920a2bb/download/
sub-637488/sub-637488_ses-20221209T060640.nwb,1961986834,eb25c0f0-5999-441c-88bf-00fce3f3a310,2024-06-08T12:45:05.972256Z,2026-08-25T22:33:04.681442Z,https://api.dandiarchive.org/api/assets/eb25c0f0-5999-441c-88bf-00fce3f3a310/download/
sub-637488/sub-637488_ses-None_probe-467_ecephys.nwb,2872522464,f467d52a-52d5-4a97-a024-02b1685e5968,2024-06-08T12:46:13.130886Z,2026-08-25T22:33:04.691149Z,https://api.dandiarchive.org/api/assets/f467d52a-52d5-4a97-a024-02b1685e5968/download/
sub-637488/sub-637488_ses-None_probe-468_ecephys.nwb,3026845784,ab431297-1e3c-42c5-950c-86db41363021,2024-06-08T12:46:15.060024Z,2026-08-25T22:33:04.700754Z,https://api.dandiarchive.org/api/assets/ab431297-1e3c-42c5-950c-86db41363021/download/
sub-637488/sub-637488_ses-None_probe-469_ecephys.nwb,2779961552,812d75a7-4906-4a4d-bd03-245ce96974c8,2024-06-08T12:47:30.112454Z,2026-08-25T22:33:04.710247Z,https://api.dandiarchive.org/api/assets/812d75a7-4906-4a4d-bd03-245ce96974c8/download/
sub-637488/sub-637488_ses-None_probe-472_ecephys.nwb,2680290216,84f62ac8-bd07-4b0c-aefc-bc77771b65a8,2024-06-08T12:52:13.047130Z,2026-08-25T22:33:04.721598Z,https://api.dandiarchive.org/api/assets/84f62ac8-bd07-4b0c-aefc-bc77771b65a8/download/
sub-637488/sub-637488_ses-None_probe-471_ecephys.nwb,2872541912,d6ca7321-9cd1-4bcd-9933-2365dafb35de,2024-06-08T12:52:26.047172Z,2026-08-25T22:33:04.735181Z,https://api.dandiarchive.org/api/assets/d6ca7321-9cd1-4bcd-9933-2365dafb35de/download/
sub-637488/sub-637488_ses-None_probe-474_ecephys.nwb,2680293000,c331655e-7193-4e93-af16-f6cf0e85ed81,2024-06-08T12:53:29.422056Z,2026-08-25T22:33:04.745986Z,https://api.dandiarchive.org/api/assets/c331655e-7193-4e93-af16-f6cf0e85ed81/download/
sub-637488/sub-637488_ses-None_probe-473_ecephys.nwb,2711038904,eed2b9fe-0c10-4190-8507-c0271129f931,2024-06-08T12:53:30.710224Z,2026-08-25T22:33:04.755952Z,https://api.dandiarchive.org/api/assets/eed2b9fe-0c10-4190-8507-c0271129f931/download/
sub-637488/sub-637488_ses-None_probe-470_ecephys.nwb,2779963712,f21db139-f4e5-4efa-a1c5-e5213929e965,2024-06-08T12:53:32.888511Z,2026-08-25T22:33:04.765323Z,https://api.dandiarchive.org/api/assets/f21db139-f4e5-4efa-a1c5-e5213929e965/download/
sub-637488/sub-637488_ses-None_probe-476_ecephys.nwb,2649507824,2bc930b4-ad32-4da9-80e2-1734d662b44d,2024-06-08T12:57:43.053172Z,2026-08-25T22:33:04.775083Z,https://api.dandiarchive.org/api/assets/2bc930b4-ad32-4da9-80e2-1734d662b44d/download/
sub-637488/sub-637488_ses-None_probe-475_ecephys.nwb,3018807824,3a63356f-9085-4276-835c-db4cfda0fe86,2024-06-08T12:57:43.223836Z,2026-08-25T22:33:04.785794Z,https://api.dandiarchive.org/api/assets/3a63356f-9085-4276-835c-db4cfda0fe86/download/
sub-637488/sub-637488_ses-None_probe-477_ecephys.nwb,2618729416,214bec24-599c-47d2-9ddc-33024354145d,2024-06-08T13:00:38.568267Z,2026-08-25T22:33:04.797063Z,https://api.dandiarchive.org/api/assets/214bec24-599c-47d2-9ddc-33024354145d/download/
sub-637488/sub-637488_ses-None_probe-478_ecephys.nwb,2526662544,bdb8eacb-28a4-4003-9c2e-325f98109dae,2024-06-08T13:00:40.127199Z,2026-08-25T22:33:04.808352Z,https://api.dandiarchive.org/api/assets/bdb8eacb-28a4-4003-9c2e-325f98109dae/download/
sub-637488/sub-637488_ses-None_probe-479_ecephys.nwb,3019080712,389ef19d-cf48-467c-af4d-cb7d35e1ec40,2024-06-08T13:01:04.018186Z,2026-08-25T22:33:04.819362Z,https://api.dandiarchive.org/api/assets/389ef19d-cf48-467c-af4d-cb7d35e1ec40/download/
sub-637488/sub-637488_ses-None_probe-481_ecephys.nwb,2711325696,aa864989-4977-4972-8dc7-fea90ea25b92,2024-06-08T13:03:38.636688Z,2026-08-25T22:33:04.829566Z,https://api.dandiarchive.org/api/assets/aa864989-4977-4972-8dc7-fea90ea25b92/download/
sub-637488/sub-637488_ses-None_probe-480_ecephys.nwb,3019112800,c2572dd6-5b2a-407f-a47f-0b9724bcdd5d,2024-06-08T13:04:47.219232Z,2026-08-25T22:33:04.838931Z,https://api.dandiarchive.org/api/assets/c2572dd6-5b2a-407f-a47f-0b9724bcdd5d/download/
sub-637488/sub-637488_ses-None_probe-485_ecephys.nwb,2758930112,515d517c-1509-4943-995c-ac854804076b,2024-06-08T13:06:32.005402Z,2026-08-25T22:33:04.847429Z,https://api.dandiarchive.org/api/assets/515d517c-1509-4943-995c-ac854804076b/download/
sub-637488/sub-637488_ses-None_probe-483_ecephys.nwb,2618987136,fa8864ee-6dba-47de-96ff-cc3a6f5e0626,2024-06-08T13:08:45.208179Z,2026-08-25T22:33:04.856647Z,https://api.dandiarchive.org/api/assets/fa8864ee-6dba-47de-96ff-cc3a6f5e0626/download/
sub-637488/sub-637488_ses-None_probe-482_ecephys.nwb,2988314764,741c3ec2-0f3a-4dfc-838f-d9ca115f632a,2024-06-08T13:09:11.211651Z,2026-08-25T22:33:04.867615Z,https://api.dandiarchive.org/api/assets/741c3ec2-0f3a-4dfc-838f-d9ca115f632a/download/
sub-637488/sub-637488_ses-None_probe-484_ecephys.nwb,3143514784,7f7a7aec-3903-491d-8a3d-845292e834f6,2024-06-08T13:09:12.769881Z,2026-08-25T22:33:04.878502Z,https://api.dandiarchive.org/api/assets/7f7a7aec-3903-491d-8a3d-845292e834f6/download/
sub-637488/sub-637488_ses-None_probe-486_ecephys.nwb,2855099912,5bc35680-519b-4de5-a3b3-32c5b2d9c954,2024-06-08T13:11:37.959018Z,2026-08-25T22:33:04.889926Z,https://api.dandiarchive.org/api/assets/5bc35680-519b-4de5-a3b3-32c5b2d9c954/download/
sub-637488/sub-637488_ses-None_probe-487_ecephys.nwb,2823037472,37610c73-187a-4280-9b1c-ba41969c68a4,2024-06-08T13:12:29.889487Z,2026-08-25T22:33:04.902091Z,https://api.dandiarchive.org/api/assets/37610c73-187a-4280-9b1c-ba41969c68a4/download/
sub-637488/sub-637488_ses-None_probe-489_ecephys.nwb,2758941104,5711e005-20d8-40e6-bb1d-747e488fa74b,2024-06-08T13:14:47.724506Z,2026-08-25T22:33:04.913990Z,https://api.dandiarchive.org/api/assets/5711e005-20d8-40e6-bb1d-747e488fa74b/download/
sub-637488/sub-637488_ses-None_probe-488_ecephys.nwb,3143504984,568dcbaf-5963-44b5-ac4e-d5c8aeba693e,2024-06-08T13:14:53.210682Z,2026-08-25T22:33:04.925834Z,https://api.dandiarchive.org/api/assets/568dcbaf-5963-44b5-ac4e-d5c8aeba693e/download/
sub-638387/sub-638387_ses-20221130T063555.nwb,2245163556,c16bfeb8-786f-4146-99c1-3c719d759e19,2024-06-08T13:16:06.699840Z,2026-08-25T22:33:04.936050Z,https://api.dandiarchive.org/api/assets/c16bfeb8-786f-4146-99c1-3c719d759e19/download/
sub-638387/sub-638387_ses-20221201T063548.nwb,1695297698,afe2d0d6-2d77-4617-bdb2-053bc4cbf433,2024-06-08T13:16:45.281719Z,2026-08-25T22:33:04.945363Z,https://api.dandiarchive.org/api/assets/afe2d0d6-2d77-4617-bdb2-053bc4cbf433/download/
sub-638387/sub-638387_ses-None_probe-490_ecephys.nwb,2999408736,18ad7efc-d8be-43fa-a557-afbc97e6332c,2024-06-08T13:19:11.862583Z,2026-08-25T22:33:04.955401Z,https://api.dandiarchive.org/api/assets/18ad7efc-d8be-43fa-a557-afbc97e6332c/download/
sub-638387/sub-638387_ses-None_probe-491_ecephys.nwb,2846519484,8920723d-428c-408a-9eef-aad209dba39a,2024-06-08T13:21:25.902504Z,2026-08-25T22:33:04.966330Z,https://api.dandiarchive.org/api/assets/8920723d-428c-408a-9eef-aad209dba39a/download/
sub-638387/sub-638387_ses-None_probe-492_ecephys.nwb,2968843091,ebf0b442-cc4b-47d7-90cb-6899770cdf61,2024-06-08T13:21:37.727839Z,2026-08-25T22:33:04.977440Z,https://api.dandiarchive.org/api/assets/ebf0b442-cc4b-47d7-90cb-6899770cdf61/download/
sub-638387/sub-638387_ses-20221203T032412.nwb,1053201428,1355461b-f0f4-4691-8bc0-8bd854c75569,2024-06-08T13:22:37.268995Z,2026-08-25T22:33:04.988431Z,https://api.dandiarchive.org/api/assets/1355461b-f0f4-4691-8bc0-8bd854c75569/download/
sub-638387/sub-638387_ses-20221202T063256.nwb,2233900660,60e0992b-db2d-47dd-9081-9dfd1808a777,2024-06-08T13:23:21.135505Z,2026-08-25T22:33:05.000169Z,https://api.dandiarchive.org/api/assets/60e0992b-db2d-47dd-9081-9dfd1808a777/download/
sub-638387/sub-638387_ses-None_probe-493_ecephys.nwb,2999410488,d90a08ef-7be1-4aab-9613-89c99eee5116,2024-06-08T13:25:49.834972Z,2026-08-25T22:33:05.012772Z,https://api.dandiarchive.org/api/assets/d90a08ef-7be1-4aab-9613-89c99eee5116/download/
sub-638387/sub-638387_ses-None_probe-494_ecephys.nwb,2968831063,1319d069-5b7d-49f9-af47-ee2bbbdf3f1f,2024-06-08T13:27:10.785449Z,2026-08-25T22:33:05.023996Z,https://api.dandiarchive.org/api/assets/1319d069-5b7d-49f9-af47-ee2bbbdf3f1f/download/
sub-638387/sub-638387_ses-None_probe-495_ecephys.nwb,2999400112,87a1361c-cb89-47f4-8f33-7fe504ed9dcb,2024-06-08T13:27:10.958589Z,2026-08-25T22:33:05.035194Z,https://api.dandiarchive.org/api/assets/87a1361c-cb89-47f4-8f33-7fe504ed9dcb/download/
sub-638387/sub-638387_ses-None_probe-496_ecephys.nwb,3036260656,615db05d-72fa-477a-8741-0d90b1915d71,2024-06-08T13:29:38.649003Z,2026-08-25T22:33:05.047131Z,https://api.dandiarchive.org/api/assets/615db05d-72fa-477a-8741-0d90b1915d71/download/
sub-638387/sub-638387_ses-None_probe-497_ecephys.nwb,3005275539,4a3d51da-d025-4f6e-ae11-286662dfe987,2024-06-08T13:30:27.032502Z,2026-08-25T22:33:05.057831Z,https://api.dandiarchive.org/api/assets/4a3d51da-d025-4f6e-ae11-286662dfe987/download/
sub-638387/sub-638387_ses-None_probe-498_ecephys.nwb,3036264368,7689fc8a-77f9-476e-945b-83a1e84c5e31,2024-06-08T13:33:30.466597Z,2026-08-25T22:33:05.068005Z,https://api.dandiarchive.org/api/assets/7689fc8a-77f9-476e-945b-83a1e84c5e31/download/
sub-638387/sub-638387_ses-None_probe-500_ecephys.nwb,3036235960,f41ce431-ab09-4a2a-b8f0-d6c8d7ef758a,2024-06-08T13:34:14.064046Z,2026-08-25T22:33:05.080326Z,https://api.dandiarchive.org/api/assets/f41ce431-ab09-4a2a-b8f0-d6c8d7ef758a/download/
sub-638387/sub-638387_ses-None_probe-499_ecephys.nwb,3036242232,33f1eb8f-0ae1-43fb-8333-19d0c7e6e827,2024-06-08T13:34:14.926825Z,2026-08-25T22:33:05.091787Z,https://api.dandiarchive.org/api/assets/33f1eb8f-0ae1-43fb-8333-19d0c7e6e827/download/
sub-638387/sub-638387_ses-None_probe-501_ecephys.nwb,2169581584,c56f0f71-732b-4125-86f3-9d26d15ba2da,2024-06-08T13:34:43.882278Z,2026-08-25T22:33:05.101065Z,https://api.dandiarchive.org/api/assets/c56f0f71-732b-4125-86f3-9d26d15ba2da/download/
sub-638387/sub-638387_ses-None_probe-502_ecephys.nwb,3179737752,9da23849-6b90-44e9-a380-e20aa9cce2b4,2024-06-08T13:37:48.766988Z,2026-08-25T22:33:05.109917Z,https://api.dandiarchive.org/api/assets/9da23849-6b90-44e9-a380-e20aa9cce2b4/download/
sub-638387/sub-638387_ses-None_probe-503_ecephys.nwb,3050041608,e3fe447f-6a3a-49c6-bc1b-062a4004bfbf,2024-06-08T13:38:49.976340Z,2026-08-25T22:33:05.119831Z,https://api.dandiarchive.org/api/assets/e3fe447f-6a3a-49c6-bc1b-062a4004bfbf/download/
sub-638387/sub-638387_ses-None_probe-506_ecephys.nwb,2693478244,93d3acbd-0920-4fb7-a415-1f7823757707,2024-06-08T13:41:45.112277Z,2026-08-25T22:33:05.130181Z,https://api.dandiarchive.org/api/assets/93d3acbd-0920-4fb7-a415-1f7823757707/download/
sub-638387/sub-638387_ses-None_probe-504_ecephys.nwb,3179741856,99dee55a-94d0-4158-8d32-94acb4688e9e,2024-06-08T13:42:12.134184Z,2026-08-25T22:33:05.140145Z,https://api.dandiarchive.org/api/assets/99dee55a-94d0-4158-8d32-94acb4688e9e/download/
sub-638387/sub-638387_ses-None_probe-505_ecephys.nwb,3082469385,3142afd2-1882-4f75-8961-efff600f9cbb,2024-06-08T13:42:17.685672Z,2026-08-25T22:33:05.151244Z,https://api.dandiarchive.org/api/assets/3142afd2-1882-4f75-8961-efff600f9cbb/download/
sub-638387/sub-638387_ses-None_probe-507_ecephys.nwb,3179715016,b2b6194d-0297-4e96-ad66-03741e904a50,2024-06-08T13:42:49.477915Z,2026-08-25T22:33:05.165097Z,https://api.dandiarchive.org/api/assets/b2b6194d-0297-4e96-ad66-03741e904a50/download/
sub-638387/sub-638387_ses-None_probe-508_ecephys.nwb,2745038432,b52f1ff2-6537-425b-aa42-646f2664e4e4,2024-06-08T13:45:40.268883Z,2026-08-25T22:33:05.177155Z,https://api.dandiarchive.org/api/assets/b52f1ff2-6537-425b-aa42-646f2664e4e4/download/
sub-638387/sub-638387_ses-None_probe-509_ecephys.nwb,2899067832,518ae2a0-1285-4ced-aeaa-5519ade8474a,2024-06-08T13:47:03.820512Z,2026-08-25T22:33:05.187506Z,https://api.dandiarchive.org/api/assets/518ae2a0-1285-4ced-aeaa-5519ade8474a/download/
sub-638387/sub-638387_ses-None_probe-511_ecephys.nwb,3022335432,e148d6d1-07b8-4a29-80e6-ccf58a916db9,2024-06-08T13:49:30.912977Z,2026-08-25T22:33:05.197436Z,https://api.dandiarchive.org/api/assets/e148d6d1-07b8-4a29-80e6-ccf58a916db9/download/
sub-638387/sub-638387_ses-None_probe-510_ecephys.nwb,3022346800,ff1eb3f7-7909-4ec4-82e7-4caf95b8d9f8,2024-06-08T13:50:03.602886Z,2026-08-25T22:33:05.208740Z,https://api.dandiarchive.org/api/assets/ff1eb3f7-7909-4ec4-82e7-4caf95b8d9f8/download/
sub-638387/sub-638387_ses-None_probe-512_ecephys.nwb,3022335040,705c874e-6018-4db3-b51d-6d8f18a8e19c,2024-06-08T13:50:07.812561Z,2026-08-25T22:33:05.219211Z,https://api.dandiarchive.org/api/assets/705c874e-6018-4db3-b51d-6d8f18a8e19c/download/
sub-638387/sub-638387_ses-None_probe-513_ecephys.nwb,2929905800,97e6f2fe-15bf-407f-a10a-ec4d33b5e184,2024-06-08T13:50:48.315210Z,2026-08-25T22:33:05.230342Z,https://api.dandiarchive.org/api/assets/97e6f2fe-15bf-407f-a10a-ec4d33b5e184/download/
sub-640887/sub-640887_ses-20221220T073312.nwb,1845400347,7dafce9b-a4c8-43c5-98d2-12b53694049f,2024-06-08T13:53:01.589449Z,2026-08-25T22:33:05.241366Z,https://api.dandiarchive.org/api/assets/7dafce9b-a4c8-43c5-98d2-12b53694049f/download/
sub-640887/sub-640887_ses-None_probe-515_ecephys.nwb,2677806748,8c96cc58-8e1f-4f39-9aec-116a3385df4a,2024-06-08T13:54:54.491150Z,2026-08-25T22:33:05.252383Z,https://api.dandiarchive.org/api/assets/8c96cc58-8e1f-4f39-9aec-116a3385df4a/download/
sub-640887/sub-640887_ses-None_probe-514_ecephys.nwb,3016035024,ed900952-0bb2-420a-88a3-c0a659de999e,2024-06-08T13:55:11.880826Z,2026-08-25T22:33:05.262755Z,https://api.dandiarchive.org/api/assets/ed900952-0bb2-420a-88a3-c0a659de999e/download/
sub-640887/sub-640887_ses-20221221T035211.nwb,1713828368,fcfa98ee-cebf-4cd4-9646-053ad8d1947f,2024-06-08T13:56:21.519615Z,2026-08-25T22:33:05.273112Z,https://api.dandiarchive.org/api/assets/fcfa98ee-cebf-4cd4-9646-053ad8d1947f/download/
sub-640887/sub-640887_ses-None_probe-516_ecephys.nwb,2862317684,8b5d64a1-34f6-4cd2-9623-aeb21775ae8f,2024-06-08T13:58:37.879302Z,2026-08-25T22:33:05.283714Z,https://api.dandiarchive.org/api/assets/8b5d64a1-34f6-4cd2-9623-aeb21775ae8f/download/
sub-640887/sub-640887_ses-20221222T040053.nwb,1921770401,f731d2de-e047-4a71-9e1b-4a84364fc2f1,2024-06-08T13:59:04.663603Z,2026-08-25T22:33:05.293009Z,https://api.dandiarchive.org/api/assets/f731d2de-e047-4a71-9e1b-4a84364fc2f1/download/
sub-640887/sub-640887_ses-None_probe-518_ecephys.nwb,2800802548,8c495a7d-883b-4d96-b41a-6075a191837f,2024-06-08T13:59:45.962093Z,2026-08-25T22:33:05.302613Z,https://api.dandiarchive.org/api/assets/8c495a7d-883b-4d96-b41a-6075a191837f/download/
sub-640887/sub-640887_ses-None_probe-517_ecephys.nwb,2770064888,1314f310-50f7-4da6-a978-ecb62f243fb6,2024-06-08T14:00:55.821573Z,2026-08-25T22:33:05.312986Z,https://api.dandiarchive.org/api/assets/1314f310-50f7-4da6-a978-ecb62f243fb6/download/
sub-640887/sub-640887_ses-None_probe-519_ecephys.nwb,2155147024,1d9a4b78-d20c-4e32-8412-81f98a991c5c,2024-06-08T14:02:07.653207Z,2026-08-25T22:33:05.322494Z,https://api.dandiarchive.org/api/assets/1d9a4b78-d20c-4e32-8412-81f98a991c5c/download/
sub-640887/sub-640887_ses-None_probe-520_ecephys.nwb,2618408184,06043567-c985-4e43-a723-fd7e16d41b31,2024-06-08T14:06:04.243789Z,2026-08-25T22:33:05.331534Z,https://api.dandiarchive.org/api/assets/06043567-c985-4e43-a723-fd7e16d41b31/download/
sub-640887/sub-640887_ses-None_probe-521_ecephys.nwb,2836339700,ca4b763c-d954-48db-985f-cdb14c2162bd,2024-06-08T14:06:14.237185Z,2026-08-25T22:33:05.340510Z,https://api.dandiarchive.org/api/assets/ca4b763c-d954-48db-985f-cdb14c2162bd/download/
sub-640887/sub-640887_ses-None_probe-522_ecephys.nwb,3054337736,342ad219-7dd5-4ce2-a605-fb853a68784c,2024-06-08T14:06:57.564433Z,2026-08-25T22:33:05.350709Z,https://api.dandiarchive.org/api/assets/342ad219-7dd5-4ce2-a605-fb853a68784c/download/
sub-640887/sub-640887_ses-None_probe-523_ecephys.nwb,3054311656,bb1f38ed-f432-41f5-bc31-40634f03a95e,2024-06-08T14:07:05.910843Z,2026-08-25T22:33:05.359884Z,https://api.dandiarchive.org/api/assets/bb1f38ed-f432-41f5-bc31-40634f03a95e/download/
sub-640887/sub-640887_ses-None_probe-524_ecephys.nwb,2898627488,cc5d4e8b-6d2e-45ec-a837-39f7d6d05789,2024-06-08T14:07:26.589174Z,2026-08-25T22:33:05.369775Z,https://api.dandiarchive.org/api/assets/cc5d4e8b-6d2e-45ec-a837-39f7d6d05789/download/
sub-640887/sub-640887_ses-None_probe-525_ecephys.nwb,2680670184,d22d5adf-86b7-41ae-a238-eaf88f881321,2024-06-08T14:14:19.262073Z,2026-08-25T22:33:05.379692Z,https://api.dandiarchive.org/api/assets/d22d5adf-86b7-41ae-a238-eaf88f881321/download/
sub-640887/sub-640887_ses-None_probe-527_ecephys.nwb,3028072224,078a4e0e-1b74-4b58-a2ac-3efc86105e19,2024-06-08T14:14:50.858162Z,2026-08-25T22:33:05.389218Z,https://api.dandiarchive.org/api/assets/078a4e0e-1b74-4b58-a2ac-3efc86105e19/download/
sub-640887/sub-640887_ses-None_probe-528_ecephys.nwb,2997236543,2c0afa7a-6a33-4d91-ab1f-ab45f4134294,2024-06-08T14:14:52.548703Z,2026-08-25T22:33:05.399022Z,https://api.dandiarchive.org/api/assets/2c0afa7a-6a33-4d91-ab1f-ab45f4134294/download/
sub-640887/sub-640887_ses-None_probe-526_ecephys.nwb,3028095688,0dc0ab11-83a7-4e89-b4d7-36159a220852,2024-06-08T14:14:52.977146Z,2026-08-25T22:33:05.408717Z,https://api.dandiarchive.org/api/assets/0dc0ab11-83a7-4e89-b4d7-36159a220852/download/
sub-640887/sub-640887_ses-None_probe-529_ecephys.nwb,3028093520,b04396c7-9ed0-4df6-b17e-36d599f43747,2024-06-08T14:14:54.375120Z,2026-08-25T22:33:05.417837Z,https://api.dandiarchive.org/api/assets/b04396c7-9ed0-4df6-b17e-36d599f43747/download/
sub-640887/sub-640887_ses-None_probe-531_ecephys.nwb,2441581040,52684dd1-891f-4367-bf6b-91181c3b758f,2024-06-08T14:18:44.068258Z,2026-08-25T22:33:05.427511Z,https://api.dandiarchive.org/api/assets/52684dd1-891f-4367-bf6b-91181c3b758f/download/
sub-640887/sub-640887_ses-None_probe-530_ecephys.nwb,3028069816,e65d190b-a4e8-4126-99ee-0f1df5a96d2c,2024-06-08T14:18:53.356105Z,2026-08-25T22:33:05.437566Z,https://api.dandiarchive.org/api/assets/e65d190b-a4e8-4126-99ee-0f1df5a96d2c/download/
sub-640890/sub-640890_ses-20221214T070918.nwb,1645959431,fe3d7ace-4cf8-458b-aede-3d433e350cd9,2024-06-08T14:20:24.693556Z,2026-08-25T22:33:05.447055Z,https://api.dandiarchive.org/api/assets/fe3d7ace-4cf8-458b-aede-3d433e350cd9/download/
sub-640890/sub-640890_ses-20221215T053357.nwb,1993417340,28ba6217-afd8-4a41-b920-fb2c2e59df49,2024-06-08T14:21:29.653747Z,2026-08-25T22:33:05.457122Z,https://api.dandiarchive.org/api/assets/28ba6217-afd8-4a41-b920-fb2c2e59df49/download/
sub-640890/sub-640890_ses-20221213T065302.nwb,2290925643,1f8fd86d-cbdf-4954-8216-f9c346282076,2024-06-08T14:21:40.779225Z,2026-08-25T22:33:05.466510Z,https://api.dandiarchive.org/api/assets/1f8fd86d-cbdf-4954-8216-f9c346282076/download/
sub-640890/sub-640890_ses-20221216T063330.nwb,1449691793,07408091-8b88-4106-a645-026acc933bc4,2024-06-08T14:24:23.710558Z,2026-08-25T22:33:05.476151Z,https://api.dandiarchive.org/api/assets/07408091-8b88-4106-a645-026acc933bc4/download/
sub-640890/sub-640890_ses-None_probe-532_ecephys.nwb,2693343616,8bc20d80-58a1-4480-9ddd-faa01caa302d,2024-06-08T14:24:25.061753Z,2026-08-25T22:33:05.488263Z,https://api.dandiarchive.org/api/assets/8bc20d80-58a1-4480-9ddd-faa01caa302d/download/
sub-640890/sub-640890_ses-None_probe-533_ecephys.nwb,2601602820,e2ab2dab-58cd-4f66-9017-36970341595e,2024-06-08T14:25:29.152707Z,2026-08-25T22:33:05.499086Z,https://api.dandiarchive.org/api/assets/e2ab2dab-58cd-4f66-9017-36970341595e/download/
sub-640890/sub-640890_ses-None_probe-534_ecephys.nwb,2723930124,eedd2e17-afc3-459b-af97-06c291054947,2024-06-08T14:28:40.591421Z,2026-08-25T22:33:05.510572Z,https://api.dandiarchive.org/api/assets/eedd2e17-afc3-459b-af97-06c291054947/download/
sub-640890/sub-640890_ses-None_probe-535_ecephys.nwb,2999054368,6c9d3a80-e6ac-4039-a79e-0bcc4c774689,2024-06-08T14:28:43.668716Z,2026-08-25T22:33:05.520978Z,https://api.dandiarchive.org/api/assets/6c9d3a80-e6ac-4039-a79e-0bcc4c774689/download/
sub-640890/sub-640890_ses-None_probe-537_ecephys.nwb,2693333056,1be7c668-71b6-46fa-8398-517eeffc2f5e,2024-06-08T14:31:59.166379Z,2026-08-25T22:33:05.530564Z,https://api.dandiarchive.org/api/assets/1be7c668-71b6-46fa-8398-517eeffc2f5e/download/
sub-640890/sub-640890_ses-None_probe-536_ecephys.nwb,2999059072,db32da3d-9496-4d9a-8505-d00c6e5fa69f,2024-06-08T14:32:04.848092Z,2026-08-25T22:33:05.540294Z,https://api.dandiarchive.org/api/assets/db32da3d-9496-4d9a-8505-d00c6e5fa69f/download/
sub-640890/sub-640890_ses-None_probe-538_ecephys.nwb,3032754792,7aa0ff0c-3ce2-4908-a6d5-b1470ca5ad1a,2024-06-08T14:32:23.001954Z,2026-08-25T22:33:05.551004Z,https://api.dandiarchive.org/api/assets/7aa0ff0c-3ce2-4908-a6d5-b1470ca5ad1a/download/
sub-640890/sub-640890_ses-None_probe-539_ecephys.nwb,3032780088,e373e2b7-30ce-4962-b859-d0dd44771497,2024-06-08T14:35:09.297838Z,2026-08-25T22:33:05.561745Z,https://api.dandiarchive.org/api/assets/e373e2b7-30ce-4962-b859-d0dd44771497/download/
sub-640890/sub-640890_ses-None_probe-540_ecephys.nwb,2970918014,2b7b0177-0ac3-4261-91fb-4a272dae492d,2024-06-08T14:35:39.580583Z,2026-08-25T22:33:05.571785Z,https://api.dandiarchive.org/api/assets/2b7b0177-0ac3-4261-91fb-4a272dae492d/download/
sub-640890/sub-640890_ses-None_probe-541_ecephys.nwb,2816354448,f7989616-3591-46e8-a82e-039312b8a400,2024-06-08T14:39:25.658547Z,2026-08-25T22:33:05.582821Z,https://api.dandiarchive.org/api/assets/f7989616-3591-46e8-a82e-039312b8a400/download/
sub-640890/sub-640890_ses-None_probe-542_ecephys.nwb,2970913790,aed8bdf1-c448-4514-b0fa-e8ea48b7e6ce,2024-06-08T14:39:32.324253Z,2026-08-25T22:33:05.593228Z,https://api.dandiarchive.org/api/assets/aed8bdf1-c448-4514-b0fa-e8ea48b7e6ce/download/
sub-640890/sub-640890_ses-None_probe-543_ecephys.nwb,3032741728,606eaa4b-3974-46bd-9286-cb9c26454a9f,2024-06-08T14:39:54.394469Z,2026-08-25T22:33:05.604313Z,https://api.dandiarchive.org/api/assets/606eaa4b-3974-46bd-9286-cb9c26454a9f/download/
sub-640890/sub-640890_ses-None_probe-544_ecephys.nwb,3004826960,a632ee50-d8f0-4f3e-8714-a1c8d6e975f2,2024-06-08T14:41:09.389514Z,2026-08-25T22:33:05.615267Z,https://api.dandiarchive.org/api/assets/a632ee50-d8f0-4f3e-8714-a1c8d6e975f2/download/
sub-640890/sub-640890_ses-None_probe-545_ecephys.nwb,3004810160,9d3888c9-8f37-4a50-9c2b-b435eb2c2341,2024-06-08T14:41:16.846484Z,2026-08-25T22:33:05.625482Z,https://api.dandiarchive.org/api/assets/9d3888c9-8f37-4a50-9c2b-b435eb2c2341/download/
sub-640890/sub-640890_ses-None_probe-547_ecephys.nwb,3004826960,6531ab56-04ca-47bf-9d55-40995872074e,2024-06-08T14:47:59.341637Z,2026-08-25T22:33:05.635213Z,https://api.dandiarchive.org/api/assets/6531ab56-04ca-47bf-9d55-40995872074e/download/
sub-640890/sub-640890_ses-None_probe-548_ecephys.nwb,3004818728,a42f3a32-00c2-48ef-b3f2-c864daa9a346,2024-06-08T14:47:59.929890Z,2026-08-25T22:33:05.645361Z,https://api.dandiarchive.org/api/assets/a42f3a32-00c2-48ef-b3f2-c864daa9a346/download/
sub-640890/sub-640890_ses-None_probe-546_ecephys.nwb,3004836368,b97f4662-6125-439e-a47f-55b54df4f4ee,2024-06-08T14:48:05.252094Z,2026-08-25T22:33:05.655556Z,https://api.dandiarchive.org/api/assets/b97f4662-6125-439e-a47f-55b54df4f4ee/download/
sub-640890/sub-640890_ses-None_probe-550_ecephys.nwb,2994338216,c540e0de-394f-4754-8a1a-5a3b1a275112,2024-06-08T14:48:08.312933Z,2026-08-25T22:33:05.665281Z,https://api.dandiarchive.org/api/assets/c540e0de-394f-4754-8a1a-5a3b1a275112/download/
sub-640890/sub-640890_ses-None_probe-549_ecephys.nwb,3004830096,82921295-81a0-4c14-9466-6b10637fb0e6,2024-06-08T14:48:09.166688Z,2026-08-25T22:33:05.674443Z,https://api.dandiarchive.org/api/assets/82921295-81a0-4c14-9466-6b10637fb0e6/download/
sub-640890/sub-640890_ses-None_probe-553_ecephys.nwb,2872240304,b4041f54-5323-4b7b-a5a4-0beb1d0cc2ac,2024-06-08T14:55:55.687193Z,2026-08-25T22:33:05.684107Z,https://api.dandiarchive.org/api/assets/b4041f54-5323-4b7b-a5a4-0beb1d0cc2ac/download/
sub-640890/sub-640890_ses-None_probe-551_ecephys.nwb,2994312792,d3642d1c-49f6-4802-a62f-e8b05634382e,2024-06-08T14:55:56.525240Z,2026-08-25T22:33:05.695255Z,https://api.dandiarchive.org/api/assets/d3642d1c-49f6-4802-a62f-e8b05634382e/download/
sub-640890/sub-640890_ses-None_probe-554_ecephys.nwb,2994333304,1a86ce57-1778-4c54-a729-3545d34c7020,2024-06-08T14:56:02.041778Z,2026-08-25T22:33:05.707126Z,https://api.dandiarchive.org/api/assets/1a86ce57-1778-4c54-a729-3545d34c7020/download/
sub-640890/sub-640890_ses-None_probe-555_ecephys.nwb,2994327632,61e083b6-a0ff-493c-8850-30c2a9834c56,2024-06-08T14:56:02.908424Z,2026-08-25T22:33:05.719201Z,https://api.dandiarchive.org/api/assets/61e083b6-a0ff-493c-8850-30c2a9834c56/download/
sub-640890/sub-640890_ses-None_probe-552_ecephys.nwb,2994346056,9ea9140b-acf4-4dd1-8e83-1e1d66205501,2024-06-08T14:56:04.873440Z,2026-08-25T22:33:05.731146Z,https://api.dandiarchive.org/api/assets/9ea9140b-acf4-4dd1-8e83-1e1d66205501/download/
sub-642504/sub-642504_ses-None_probe-556_ecephys.nwb,2497284840,c095fdde-7d2a-45b0-bd84-333a9ea1a2ea,2024-06-08T14:59:55.546468Z,2026-08-25T22:33:05.741562Z,https://api.dandiarchive.org/api/assets/c095fdde-7d2a-45b0-bd84-333a9ea1a2ea/download/
sub-642504/sub-642504_ses-None_probe-557_ecephys.nwb,2682026944,9232ca60-c827-4274-9f11-d8161b3662d6,2024-06-08T14:59:58.048932Z,2026-08-25T22:33:05.750569Z,https://api.dandiarchive.org/api/assets/9232ca60-c827-4274-9f11-d8161b3662d6/download/
sub-642504/sub-642504_ses-20230131T073942.nwb,1192878060,25f6601d-c409-4ba7-808f-3e8de4eea7f8,2024-06-08T15:02:41.592553Z,2026-08-25T22:33:05.759549Z,https://api.dandiarchive.org/api/assets/25f6601d-c409-4ba7-808f-3e8de4eea7f8/download/
sub-642504/sub-642504_ses-20230202T071036.nwb,1511249285,dc50d29a-149e-46c6-9648-b1c36b82fc6f,2024-06-08T15:02:52.207319Z,2026-08-25T22:33:05.769899Z,https://api.dandiarchive.org/api/assets/dc50d29a-149e-46c6-9648-b1c36b82fc6f/download/
sub-642504/sub-642504_ses-20230201T065423.nwb,1545297303,f2949e11-e0cb-4e91-9152-e72a7b5f5ba1,2024-06-08T15:02:54.521197Z,2026-08-25T22:33:05.780125Z,https://api.dandiarchive.org/api/assets/f2949e11-e0cb-4e91-9152-e72a7b5f5ba1/download/
sub-642504/sub-642504_ses-None_probe-558_ecephys.nwb,2743651100,df506d6f-43d1-449e-b2b1-4aebd2044c72,2024-06-08T15:05:17.794319Z,2026-08-25T22:33:05.790123Z,https://api.dandiarchive.org/api/assets/df506d6f-43d1-449e-b2b1-4aebd2044c72/download/
sub-642504/sub-642504_ses-None_probe-559_ecephys.nwb,3020765864,91e69afd-45d1-49d7-9cd3-9accdc0a2e59,2024-06-08T15:05:45.324019Z,2026-08-25T22:33:05.798875Z,https://api.dandiarchive.org/api/assets/91e69afd-45d1-49d7-9cd3-9accdc0a2e59/download/
sub-642504/sub-642504_ses-None_probe-561_ecephys.nwb,2682030024,73b307b4-8206-40e4-8fb1-515627690867,2024-06-08T15:09:38.519860Z,2026-08-25T22:33:05.808150Z,https://api.dandiarchive.org/api/assets/73b307b4-8206-40e4-8fb1-515627690867/download/
sub-642504/sub-642504_ses-None_probe-562_ecephys.nwb,2771493432,b36ce0f7-7b3f-4ed0-aead-0a14cdd83eb6,2024-06-08T15:10:06.420773Z,2026-08-25T22:33:05.817905Z,https://api.dandiarchive.org/api/assets/b36ce0f7-7b3f-4ed0-aead-0a14cdd83eb6/download/
sub-642504/sub-642504_ses-None_probe-560_ecephys.nwb,2897596240,87b5b451-655c-4344-af8f-9328d8c506dd,2024-06-08T15:10:15.252344Z,2026-08-25T22:33:05.829408Z,https://api.dandiarchive.org/api/assets/87b5b451-655c-4344-af8f-9328d8c506dd/download/
sub-642504/sub-642504_ses-None_probe-563_ecephys.nwb,2739310680,d6aea508-e5eb-4766-9df3-6af1839574bb,2024-06-08T15:11:00.566993Z,2026-08-25T22:33:05.839518Z,https://api.dandiarchive.org/api/assets/d6aea508-e5eb-4766-9df3-6af1839574bb/download/
sub-642504/sub-642504_ses-None_probe-564_ecephys.nwb,2833899976,7a0165ea-11bc-446c-8825-bfc17746244b,2024-06-08T15:11:12.940402Z,2026-08-25T22:33:05.851212Z,https://api.dandiarchive.org/api/assets/7a0165ea-11bc-446c-8825-bfc17746244b/download/
sub-642504/sub-642504_ses-None_probe-565_ecephys.nwb,3051266992,9df247a0-c087-4f88-8908-e04e7f7de939,2024-06-08T15:14:49.541911Z,2026-08-25T22:33:05.863324Z,https://api.dandiarchive.org/api/assets/9df247a0-c087-4f88-8908-e04e7f7de939/download/
sub-642504/sub-642504_ses-None_probe-566_ecephys.nwb,2647069340,df14ff58-c89d-44a5-82dd-ff49cd5a226d,2024-06-08T15:18:04.374860Z,2026-08-25T22:33:05.874369Z,https://api.dandiarchive.org/api/assets/df14ff58-c89d-44a5-82dd-ff49cd5a226d/download/
sub-642504/sub-642504_ses-None_probe-567_ecephys.nwb,2709101640,2d988b32-9dda-4559-a75d-1c66a761b643,2024-06-08T15:18:15.900025Z,2026-08-25T22:33:05.886734Z,https://api.dandiarchive.org/api/assets/2d988b32-9dda-4559-a75d-1c66a761b643/download/
sub-642504/sub-642504_ses-None_probe-569_ecephys.nwb,2694950936,ce9f2a8b-b5dd-480e-a912-2edca0a47f7d,2024-06-08T15:18:20.954536Z,2026-08-25T22:33:05.897740Z,https://api.dandiarchive.org/api/assets/ce9f2a8b-b5dd-480e-a912-2edca0a47f7d/download/
sub-642504/sub-642504_ses-None_probe-568_ecephys.nwb,2756142968,5ae4e9ef-5faa-4486-8d72-b7e42906c444,2024-06-08T15:18:27.569796Z,2026-08-25T22:33:05.907484Z,https://api.dandiarchive.org/api/assets/5ae4e9ef-5faa-4486-8d72-b7e42906c444/download/
sub-642504/sub-642504_ses-None_probe-570_ecephys.nwb,2847925004,85766bc7-b1b2-4971-8e1b-a88906333f0b,2024-06-08T15:19:41.045049Z,2026-08-25T22:33:05.918221Z,https://api.dandiarchive.org/api/assets/85766bc7-b1b2-4971-8e1b-a88906333f0b/download/
sub-642504/sub-642504_ses-None_probe-573_ecephys.nwb,2664369024,08b9ff20-bbdc-4dfc-b464-d5f9cd8e1bbe,2024-06-08T15:23:15.813071Z,2026-08-25T22:33:05.929613Z,https://api.dandiarchive.org/api/assets/08b9ff20-bbdc-4dfc-b464-d5f9cd8e1bbe/download/
sub-642504/sub-642504_ses-None_probe-572_ecephys.nwb,2694951904,85625cea-3903-4867-ac4d-e567389589ef,2024-06-08T15:23:18.999832Z,2026-08-25T22:33:05.939212Z,https://api.dandiarchive.org/api/assets/85625cea-3903-4867-ac4d-e567389589ef/download/
sub-642504/sub-642504_ses-None_probe-571_ecephys.nwb,3000875784,9079a35a-d21f-4235-8c54-4185f155997b,2024-06-08T15:23:22.742863Z,2026-08-25T22:33:05.949195Z,https://api.dandiarchive.org/api/assets/9079a35a-d21f-4235-8c54-4185f155997b/download/
